wsk1|isk1|dmoy1|mean1|cov1|w_warehouse_sk|i_item_sk|d_moy|mean|cov
1|259|1|273.25|1.0087742758731477|1|259|2|465.5|1.234968449204432
1|575|1|275.5|1.4844936280146734|1|575|2|267.75|1.4374003249147362
1|1359|1|308.75|1.0713791937611|1|1359|2|312.25|1.2660463386035499
1|1363|1|444.25|1.0892927303213988|1|1363|2|313.75|1.2713506358073023
1|2039|1|187.5|1.2250927100216327|1|2039|2|371.3333333333333|1.4068392049480005
1|2131|1|388.0|1.3459013607807333|1|2131|2|320.25|1.0293384639423344
1|2557|1|251.5|1.0759441380786303|1|2557|2|389.0|1.0564927207699955
1|2645|1|266.25|1.1470653533968531|1|2645|2|255.5|1.2071789343636725
1|3629|1|329.75|1.3068534745016365|1|3629|2|299.3333333333333|1.0808644755673944
1|4715|1|235.0|1.0241802693292308|1|4715|2|339.25|1.0487065215291778
1|5081|1|349.0|1.0259400249064121|1|5081|2|388.0|1.1519109736141087
1|5703|1|220.25|1.2526299024404826|1|5703|2|379.3333333333333|1.331829221999546
1|5937|1|390.0|1.2329041312996214|1|5937|2|327.0|1.120660550725758
1|5939|1|288.3333333333333|1.5999093662725645|1|5939|2|74.0|1.2494459448984887
1|5959|1|244.5|1.266373299589515|1|5959|2|379.5|1.062239567822433
1|6487|1|267.5|1.1128671210449963|1|6487|2|330.75|1.2919959049674148
1|6839|1|363.6666666666667|1.1663351152019097|1|6839|2|142.25|1.4834026015559727
1|7001|1|218.33333333333334|1.2424404593263836|1|7001|2|177.25|1.0433562677308053
1|7287|1|351.5|1.0378688760300994|1|7287|2|336.3333333333333|1.6470958108514338
1|8025|1|363.25|1.0079274456050613|1|8025|2|318.0|1.3671905787838214
1|8369|1|232.25|1.4713897895852077|1|8369|2|419.5|1.0095991862990117
1|8451|1|317.25|1.0785221315853417|1|8451|2|240.0|1.0655348813311243
1|9825|1|346.25|1.1435835448243827|1|9825|2|372.75|1.1294409369891767
1|10193|1|394.6666666666667|1.1288691606458185|1|10193|2|347.25|1.0027427145048755
1|10575|1|253.0|1.022585485961283|1|10575|2|226.5|1.2860470688962542
1|10953|1|310.25|1.2956126513205177|1|10953|2|313.25|1.1982525522665075
1|11833|1|342.0|1.3856533565482838|1|11833|2|434.0|1.141302179118953
1|12037|1|382.75|1.1249027294896985|1|12037|2|311.25|1.0336909399834557
1|12105|1|406.6666666666667|1.2648104064046206|1|12105|2|304.0|1.4186774537974458
1|12355|1|352.3333333333333|1.155383881271|1|12355|2|193.33333333333334|1.1607008727714123
1|12621|1|372.0|1.2016489855302774|1|12621|2|320.5|1.093268757906208
1|12681|1|268.0|1.5220557387752964|1|12681|2|420.0|1.0908556212416736
1|12883|1|431.0|1.0031254821193567|1|12883|2|389.25|1.0066221244618183
1|13291|1|317.75|1.1098714871940214|1|13291|2|411.0|1.0608849140187078
1|13785|1|457.6666666666667|1.023969428674892|1|13785|2|258.5|1.278799652796242
1|14855|1|204.75|1.2086859596595128|1|14855|2|215.75|1.173489092668727
1|14949|1|368.3333333333333|1.2485037829802392|1|14949|2|421.5|1.0948051317923242
1|15161|1|425.25|1.0057053075117497|1|15161|2|249.25|1.7094455999093092
1|15601|1|342.0|1.1004671256438543|1|15601|2|263.25|1.0112380183552458
1|16211|1|284.25|1.4349692081821517|1|16211|2|131.75|1.6241628046737508
1|16249|1|343.0|1.0844305400401002|1|16249|2|426.0|1.1652196906868433
1|17229|1|249.0|1.0733390364920734|1|17229|2|350.0|1.0116061183956482
1|17247|1|376.25|1.083778031118058|1|17247|2|406.6666666666667|1.0741380299526158
1|17635|1|318.0|1.1491577492062108|1|17635|2|221.0|1.0918393579624017
1|17655|1|350.0|1.4408755841430556|1|17655|2|313.0|1.3878948741935082
1|17929|1|287.75|1.158974813071438|1|17929|2|298.75|1.1226699567009668
1|17949|1|422.6666666666667|1.1364752826292994|1|17949|2|249.75|1.3132538012346922
1|18351|1|297.75|1.1750073005773358|1|18351|2|307.5|1.0084464928754937
1|18669|1|353.0|1.0191819365545085|1|18669|2|257.0|1.1216534025190756
1|19553|1|332.25|1.1277765895784178|1|19553|2|309.5|1.121724806909834
1|19555|1|552.0|1.0965279070573999|1|19555|2|366.25|1.0856561766544626
1|20071|1|357.0|1.1346197616933082|1|20071|2|367.25|1.0352222503818966
1|21053|1|348.25|1.1409782407682942|1|21053|2|365.0|1.0463709188577026
1|21057|1|343.75|1.1917770050441763|1|21057|2|376.5|1.0581643528476778
1|21949|1|236.5|1.1694600203044978|1|21949|2|333.25|1.001652555137692
1|21967|1|180.25|1.0307897226419784|1|21967|2|234.25|1.1036594888213127
1|22233|1|334.5|1.1773373169513115|1|22233|2|340.0|1.0481350494528747
1|22697|1|254.75|1.134902163178131|1|22697|2|360.0|1.0106722185423587
1|22779|1|358.0|1.0384702004634538|1|22779|2|391.75|1.0145856787852783
1|23233|1|412.75|1.0185075865729865|1|23233|2|403.0|1.1411235942990694
1|23337|1|324.75|1.2237912197062537|1|23337|2|351.5|1.1850814186864906
1|23747|1|299.0|1.1412623878990895|1|23747|2|344.0|1.176252022733358
1|24219|1|373.5|1.0158928646293162|1|24219|2|358.6666666666667|1.2382237809015868
1|24309|1|482.25|1.0224509872048497|1|24309|2|298.75|1.0235396359872826
1|25591|1|437.25|1.030262416474267|1|25591|2|374.5|1.157427121141131
1|25603|1|496.5|1.001044872080451|1|25603|2|372.0|1.0229286443948522
1|25801|1|519.5|1.0467085942876901|1|25801|2|359.3333333333333|1.249747927399565
1|25819|1|220.75|1.2127711203210434|1|25819|2|226.75|1.1981333541548955
1|26703|1|159.5|1.2812154217110485|1|26703|2|392.75|1.064869534960104
1|27887|1|335.75|1.062993187315743|1|27887|2|336.5|1.0365821139925813
1|28359|1|269.0|1.0830036946054187|1|28359|2|299.25|1.1937150779303074
1|28791|1|383.0|1.027449701551926|1|28791|2|235.25|1.4184181016577795
1|29113|1|414.75|1.0233017491941525|1|29113|2|347.3333333333333|1.131508451234889
1|29461|1|223.5|1.5352451205771054|1|29461|2|327.75|1.2677859552419426
1|29647|1|299.0|1.4147275788776825|1|29647|2|293.25|1.6204646995616117
1|29953|1|310.25|1.1846367721466222|1|29953|2|301.0|1.25523813900808
1|30735|1|405.3333333333333|1.033803460153867|1|30735|2|256.75|1.0442837102541047
1|30949|1|243.25|1.20162770900657|1|30949|2|507.5|1.0296589385159776
1|31627|1|233.25|1.0090332190267344|1|31627|2|415.0|1.1565160589836971
1|31773|1|367.5|1.0851526460072058|1|31773|2|351.3333333333333|1.002286937004907
1|32151|1|333.75|1.1065943065283788|1|32151|2|468.5|1.039795944975429
1|32231|1|242.33333333333334|1.0359634171773184|1|32231|2|276.25|1.0438293234222684
1|32781|1|374.5|1.108609507616289|1|32781|2|421.75|1.1684977923687347
1|33273|1|215.25|1.0012476686904392|1|33273|2|407.25|1.0044769581362054
1|33291|1|328.6666666666667|1.0119747419727319|1|33291|2|256.75|1.1801957688099287
1|33729|1|339.5|1.2634192676181162|1|33729|2|287.75|1.0610141195302591
1|33895|1|233.66666666666666|1.5112525405040054|1|33895|2|542.0|1.12197754948419
1|34393|1|370.0|1.240923217194163|1|34393|2|401.3333333333333|1.2270078915443356
1|34637|1|377.75|1.156770762012105|1|34637|2|305.25|1.0215541812810747
1|34723|1|354.5|1.1703547212176681|1|34723|2|225.75|1.0943271837796893
1|34921|1|125.0|1.4303826993733764|1|34921|2|224.5|1.461628697926708
1|35075|1|233.33333333333334|1.1166019881766285|1|35075|2|363.5|1.0956073438762848
1|35263|1|237.66666666666666|1.1684359502623964|1|35263|2|358.3333333333333|1.417999413398346
1|35429|1|301.25|1.238150170894779|1|35429|2|308.75|1.0198619771659112
1|36717|1|199.5|1.0029280649826882|1|36717|2|125.5|1.3836197003068131
1|36895|1|295.25|1.0181834636392053|1|36895|2|375.0|1.2071431839954474
1|37113|1|378.6666666666667|1.01795014941553|1|37113|2|379.25|1.061036582077999
1|37219|1|334.3333333333333|1.1742450687347932|1|37219|2|291.0|1.3511842209788467
1|37711|1|324.0|1.032098642369103|1|37711|2|220.0|1.2908504041290845
1|38619|1|356.6666666666667|1.2877443223623235|1|38619|2|421.3333333333333|1.161269254585503
1|38785|1|385.25|1.1165151927917334|1|38785|2|387.25|1.1253414116976104
1|39337|1|459.25|1.0040952988133576|1|39337|2|475.0|1.0451537901476597
1|39397|1|250.5|1.1286632424911651|1|39397|2|244.25|1.0146120219406163
1|39773|1|364.75|1.0032906019842158|1|39773|2|299.5|1.4931844763264228
1|40803|1|355.25|1.0157305001168708|1|40803|2|305.6666666666667|1.5297520085615324
1|41029|1|234.0|1.3008638730391584|1|41029|2|384.0|1.088616424865118
1|41045|1|273.25|1.0580314818472978|1|41045|2|356.0|1.038399222522429
1|41277|1|220.5|1.0769264295057823|1|41277|2|210.0|1.1918151200682428
1|41541|1|303.5|1.0336532986139895|1|41541|2|380.0|1.0787826147211315
1|42207|1|342.75|1.0180812417159957|1|42207|2|483.5|1.1831424735882459
1|42579|1|243.0|1.1625593308544149|1|42579|2|283.5|1.0555542049314155
1|43263|1|365.25|1.038461125252217|1|43263|2|211.33333333333334|1.4925728413287482
1|44371|1|398.0|1.30162394465943|1|44371|2|473.75|1.1118720569155276
1|44609|1|435.75|1.1120718389167508|1|44609|2|193.0|1.0932110424234236
1|44733|1|408.0|1.024195076278927|1|44733|2|302.5|1.1460304087144653
1|45707|1|379.5|1.009146978383209|1|45707|2|337.5|1.0558588258296202
1|45905|1|349.75|1.2551581206295297|1|45905|2|411.6666666666667|1.0268735757575482
1|45931|1|330.0|1.02559828970794|1|45931|2|331.0|1.1407704566574512
1|46067|1|432.5|1.0082930984209837|1|46067|2|350.0|1.0618633346606325
1|46095|1|245.0|1.4827098275109425|1|46095|2|429.6666666666667|1.051095697930474
1|46159|1|369.75|1.0048785176486112|1|46159|2|400.75|1.019436471139378
1|46211|1|146.5|1.3466402180958823|1|46211|2|327.3333333333333|1.2206369734941553
1|46957|1|264.75|1.0811813343838368|1|46957|2|343.25|1.0782789149127305
1|47043|1|413.5|1.0782204187935456|1|47043|2|485.0|1.0419479727859267
1|48329|1|424.25|1.0570370576613084|1|48329|2|317.5|1.1906275579939474
1|48511|1|374.75|1.134884154277695|1|48511|2|388.25|1.0164394979408704
1|49227|1|277.25|1.2035486289126076|1|49227|2|427.3333333333333|1.0688883988353028
1|49803|1|400.0|1.2039025085113828|1|49803|2|345.0|1.1014314771000338
1|50017|1|366.5|1.1545737331166739|1|50017|2|295.75|1.3114144004933699
1|50207|1|345.6666666666667|1.0273241644454523|1|50207|2|259.5|1.4347771834283718
1|50279|1|242.75|1.0931953241326724|1|50279|2|122.0|1.4842856882352264
1|51297|1|502.75|1.0053046387215965|1|51297|2|383.75|1.1594097597297426
1|51595|1|340.0|1.0045599609329319|1|51595|2|284.25|1.228366459987153
1|51799|1|423.25|1.0174165313976846|1|51799|2|322.25|1.0188688879495542
1|51815|1|385.75|1.019440515490847|1|51815|2|473.75|1.0378448784052055
1|51941|1|229.0|1.1679787420834764|1|51941|2|217.5|1.2090264002055802
1|52049|1|417.5|1.0715067617756382|1|52049|2|349.75|1.0660208254849752
1|52201|1|382.5|1.030208012417266|1|52201|2|281.0|1.2667089697669183
1|52387|1|428.0|1.0515628121885965|1|52387|2|375.3333333333333|1.43605519068505
1|52441|1|245.75|1.6626302382418905|1|52441|2|365.5|1.0395024702099918
1|52891|1|406.0|1.1174450948495847|1|52891|2|376.5|1.0438337123267956
1|53039|1|335.0|1.0005968368182794|1|53039|2|364.5|1.1461209766876477
1|53211|1|275.75|1.2271897439648316|1|53211|2|314.75|1.411660003323567
1|53479|1|433.6666666666667|1.0931423972860257|1|53479|2|292.3333333333333|1.7083511385941608
1|54219|1|351.75|1.0443557198116442|1|54219|2|219.0|1.5276048528765918
1|54309|1|424.75|1.0776272354990932|1|54309|2|489.5|1.072397158499718
1|54551|1|274.5|1.1308556537008903|1|54551|2|179.25|1.2020071391689895
1|54981|1|364.75|1.137234489616078|1|54981|2|323.3333333333333|1.480540154724025
1|55481|1|403.0|1.0269985546206248|1|55481|2|237.5|1.2166915465650767
1|55491|1|339.0|1.1063821538959389|1|55491|2|392.5|1.0551308677693014
1|55647|1|345.75|1.0801415607875355|1|55647|2|366.25|1.0186273511299273
1|56083|1|387.25|1.091625278312725|1|56083|2|303.0|1.0616261106101552
1|58233|1|291.6666666666667|1.267571806926253|1|58233|2|311.6666666666667|1.2451898929647613
1|58399|1|280.5|1.1398558760548345|1|58399|2|310.5|1.1272831816924058
1|58631|1|401.6666666666667|1.1546750905912333|1|58631|2|325.5|1.0518897952760973
1|58919|1|339.75|1.0824489715935641|1|58919|2|343.3333333333333|1.0281608404924503
1|59009|1|369.0|1.1022616725598318|1|59009|2|354.5|1.3503844594169045
1|59209|1|378.6666666666667|1.2213996478556022|1|59209|2|229.0|1.0333117932851714
1|60569|1|361.0|1.0058669778150084|1|60569|2|355.75|1.0549374444591761
1|60649|1|307.0|1.0083840413964167|1|60649|2|333.25|1.2347211923863368
1|61311|1|298.25|1.1070379555803507|1|61311|2|464.25|1.0231871812534683
1|61413|1|444.6666666666667|1.0955886878060161|1|61413|2|335.0|1.2401108035490547
1|61967|1|224.75|1.5204559515767306|1|61967|2|241.5|1.0947689926232833
1|62265|1|352.5|1.015572460155618|1|62265|2|321.5|1.3137379293054101
1|62481|1|414.6666666666667|1.0264203123390132|1|62481|2|359.5|1.082494522239893
1|62703|1|316.75|1.1040079227672872|1|62703|2|369.6666666666667|1.3995127135898164
1|63511|1|357.25|1.2342812939933305|1|63511|2|299.0|1.3826724987557157
1|64257|1|288.0|1.1182532318924279|1|64257|2|437.6666666666667|1.0929206991930611
1|64517|1|250.75|1.0250125073882868|1|64517|2|266.0|1.0311402575984794
1|64687|1|347.0|1.0708188155279301|1|64687|2|311.25|1.0660322140171676
1|64971|1|358.6666666666667|1.1867054481883033|1|64971|2|352.0|1.0341689530989215
1|64973|1|279.0|1.3010357725770496|1|64973|2|281.0|1.3066524996029258
1|66575|1|332.25|1.0413507912619289|1|66575|2|240.0|1.0463312227864452
1|66587|1|279.0|1.2040272488376713|1|66587|2|381.0|1.0755370487293852
1|66733|1|350.6666666666667|1.262571775628951|1|66733|2|237.25|1.0795812993428675
1|67631|1|316.25|1.3317781657797685|1|67631|2|270.5|1.233881283949784
1|67833|1|307.75|1.2335290286135563|1|67833|2|299.3333333333333|1.4259294809173364
1|68777|1|288.5|1.2624298766710687|1|68777|2|415.0|1.2077867071048578
1|69529|1|395.5|1.015462674460595|1|69529|2|347.5|1.054556184500936
1|70403|1|344.5|1.0990927998016047|1|70403|2|229.0|1.0064657518702325
1|70561|1|403.25|1.0078459764873842|1|70561|2|271.75|1.0547957495935634
1|71551|1|581.0|1.012586647069204|1|71551|2|187.0|1.406650923002116
1|71701|1|310.3333333333333|1.0005167333113003|1|71701|2|386.0|1.0257867901480338
1|72099|1|262.3333333333333|1.0544166268765707|1|72099|2|298.25|1.0956327723754704
1|72237|1|278.25|1.030042569790485|1|72237|2|294.0|1.2263999965667065
1|72479|1|404.25|1.0082864150506072|1|72479|2|182.75|1.121563050770069
1|72663|1|436.25|1.0434901194579833|1|72663|2|293.0|1.3338554658765012
1|72745|1|204.66666666666666|1.059768870803053|1|72745|2|403.0|1.1447895592312103
1|73321|1|347.25|1.2106143547313906|1|73321|2|375.0|1.031571544708292
1|73555|1|345.5|1.0711841741534056|1|73555|2|292.25|1.0478586839742998
1|73825|1|198.0|1.3309462357770105|1|73825|2|197.0|1.028884466279753
1|74047|1|455.25|1.076892456099899|1|74047|2|362.0|1.092542891599518
1|74439|1|322.0|1.0575282790451317|1|74439|2|508.5|1.0911808242981689
1|74627|1|241.75|1.0901311800146816|1|74627|2|281.25|1.0260160195766845
1|74729|1|396.75|1.032037620911758|1|74729|2|328.3333333333333|1.1608270283863378
1|75587|1|359.25|1.0476913458229342|1|75587|2|193.75|1.148928228191175
1|76421|1|350.25|1.0628922481528307|1|76421|2|224.25|1.0101515652947495
1|76855|1|468.5|1.1374531494467923|1|76855|2|341.6666666666667|1.4253698602638134
1|77055|1|399.25|1.0757029131135096|1|77055|2|261.25|1.5918333586449025
1|77385|1|372.0|1.0289345017105156|1|77385|2|235.5|1.306469334492869
1|78061|1|406.25|1.050107761916405|1|78061|2|344.75|1.0006463379744628
1|78763|1|435.5|1.0625025434059117|1|78763|2|346.5|1.0108387328713053
1|79009|1|361.25|1.017692648773081|1|79009|2|366.25|1.1556647960731479
1|79439|1|295.25|1.1810778318094908|1|79439|2|273.25|1.0557800990891704
1|79975|1|321.25|1.1496046886037186|1|79975|2|232.0|1.316681592554261
1|80529|1|293.25|1.0021336140936625|1|80529|2|266.0|1.201549868783156
1|80707|1|309.25|1.1678563969696518|1|80707|2|332.25|1.098817361622992
1|80819|1|412.5|1.0371858041879178|1|80819|2|417.5|1.0761903477540327
1|80851|1|201.66666666666666|1.023511595072039|1|80851|2|310.0|1.0355692859957824
1|81081|1|234.5|1.2149926525754022|1|81081|2|251.0|1.4043019388625393
1|81987|1|321.25|1.3257274726041681|1|81987|2|380.25|1.0081880691774192
1|82181|1|325.25|1.0154838227276086|1|82181|2|294.25|1.0595541985850672
1|82271|1|458.5|1.0598203603403582|1|82271|2|261.0|1.0409381856936164
1|82503|1|382.5|1.0144700451098276|1|82503|2|290.0|1.3631292250500293
1|82507|1|468.25|1.048895195760599|1|82507|2|370.5|1.0287579600152719
1|82693|1|316.5|1.0835563156815744|1|82693|2|324.75|1.0202153371613318
1|83257|1|397.3333333333333|1.0342408316192067|1|83257|2|325.0|1.1876923076923076
1|83861|1|388.0|1.0913642472695497|1|83861|2|367.5|1.0175621687205125
1|84681|1|384.5|1.0586943339198076|1|84681|2|427.0|1.0340526583606426
1|84909|1|307.5|1.0743214656632414|1|84909|2|327.75|1.0253483042455724
1|86021|1|421.0|1.266409769631014|1|86021|2|328.75|1.2597254465506385
1|86433|1|342.0|1.145387985463663|1|86433|2|350.5|1.0268121844271507
1|87941|1|357.25|1.0554885059266517|1|87941|2|388.5|1.0136004674894286
1|88107|1|367.3333333333333|1.26762169695264|1|88107|2|350.75|1.102715912220839
1|88283|1|357.0|1.0649048015412075|1|88283|2|328.5|1.2317061044103932
1|88393|1|351.75|1.1281026101424365|1|88393|2|434.0|1.0166696577428702
1|88407|1|250.25|1.0078403477690885|1|88407|2|65.0|1.6922377607928665
1|88835|1|410.25|1.004909135595904|1|88835|2|345.75|1.0649221836536567
1|89019|1|441.0|1.0054756904445687|1|89019|2|443.25|1.0574951677038151
1|89117|1|405.25|1.0058528394052035|1|89117|2|448.25|1.1044640362878118
1|91339|1|345.5|1.1370399379969867|1|91339|2|384.6666666666667|1.1731361341703768
1|91483|1|280.25|1.0570930114380988|1|91483|2|372.75|1.1067764076453364
1|92035|1|323.0|1.029090866127987|1|92035|2|201.5|1.402623978815006
1|92299|1|234.25|1.3838242890403338|1|92299|2|160.5|1.378968364556943
1|92399|1|346.5|1.0339962075226605|1|92399|2|426.3333333333333|1.1853440798711057
1|92963|1|207.25|1.0334736691489474|1|92963|2|404.75|1.0427328159995368
1|92983|1|230.0|1.1544276562914568|1|92983|2|103.75|1.0051976982373831
1|94117|1|358.25|1.1957620146607706|1|94117|2|380.0|1.36211095744356
1|94715|1|283.6666666666667|1.019419262190111|1|94715|2|318.0|1.0047190316347354
1|94719|1|392.0|1.0515507050003474|1|94719|2|378.25|1.0206748595513904
1|94859|1|333.5|1.0282992445362644|1|94859|2|314.3333333333333|1.1673480888450924
1|95579|1|385.25|1.1306195372676062|1|95579|2|286.3333333333333|1.056865487946851
1|96073|1|335.75|1.05248188247077|1|96073|2|299.5|1.1682088492725222
1|96193|1|349.0|1.0194964277948886|1|96193|2|343.0|1.1051601002791498
1|96629|1|431.5|1.0037884080269384|1|96629|2|478.0|1.1331460133658902
1|96979|1|320.0|1.2527235953114317|1|96979|2|309.0|1.058420659014982
1|97003|1|273.5|1.1477718235865875|1|97003|2|366.5|1.0111622632710073
1|97119|1|298.3333333333333|1.3165221412342119|1|97119|2|249.75|1.3767889696146265
1|97599|1|372.0|1.1242388431521118|1|97599|2|404.75|1.031968322906269
1|97965|1|234.75|1.0140674768184632|1|97965|2|289.5|1.2379087090519034
1|98335|1|270.5|1.2816336069920742|1|98335|2|233.0|1.6276829928430452
1|99537|1|423.6666666666667|1.1560163419098908|1|99537|2|305.0|1.0158697751982029
1|100203|1|450.75|1.0623951983308864|1|100203|2|333.75|1.049657124147188
1|100681|1|282.5|1.0716196645538623|1|100681|2|264.75|1.2325137257465342
1|100717|1|279.3333333333333|1.3302850857345625|1|100717|2|348.5|1.2030075654210268
1|101011|1|308.0|1.094334063870016|1|101011|2|264.0|1.0944151362066072
1|101643|1|167.33333333333334|1.3542725801556958|1|101643|2|288.25|1.2271018228734925
1|101831|1|186.25|1.0435773312180328|1|101831|2|340.5|1.2750100268530875
1|101923|1|387.75|1.030677382608322|1|101923|2|323.6666666666667|1.0535771989099434
1|101973|1|198.25|1.3470606288194356|1|101973|2|317.5|1.3787471276079901
2|1863|1|329.75|1.262604725779522|2|1863|2|293.0|1.0410899034981742
2|2141|1|295.0|1.1660261439196495|2|2141|2|424.5|1.0238193653881638
2|2761|1|303.5|1.2511246836809753|2|2761|2|413.75|1.0499897316974023
2|2823|1|124.25|1.019973214617028|2|2823|2|382.25|1.062152248453565
2|3285|1|213.66666666666666|1.2508655836152813|2|3285|2|380.0|1.3424947835158665
2|4339|1|325.5|1.4250544444419082|2|4339|2|397.5|1.0472773976626366
2|4457|1|239.75|1.2402915995600263|2|4457|2|302.5|1.2963694424439764
2|5003|1|214.5|1.079764966405004|2|5003|2|490.5|1.00235272402968
2|5235|1|198.66666666666666|1.5550378657252906|2|5235|2|231.75|1.3036729896317691
2|5505|1|437.3333333333333|1.023270157455888|2|5505|2|370.75|1.1027490336643715
2|5673|1|360.0|1.0509573335166504|2|5673|2|410.6666666666667|1.0045117560605024
2|6403|1|463.6666666666667|1.0432523476208684|2|6403|2|346.25|1.041667833977807
2|6713|1|491.0|1.0323314419098524|2|6713|2|289.75|1.2248923137663565
2|7075|1|369.5|1.310874546989946|2|7075|2|329.5|1.1695269798207995
2|7397|1|313.25|1.3479945738948242|2|7397|2|220.5|1.021261086384599
2|8139|1|281.0|1.0723028779635349|2|8139|2|326.25|1.2948571240837317
2|8195|1|139.75|1.0975661146997036|2|8195|2|381.0|1.0185575861975573
2|9305|1|350.75|1.1234696984273735|2|9305|2|440.5|1.0338763097584098
2|9325|1|312.25|1.0439218388850733|2|9325|2|339.25|1.1721273651943445
2|9545|1|438.75|1.015921659083988|2|9545|2|357.75|1.0738564973513232
2|9607|1|323.5|1.0527896470159217|2|9607|2|305.0|1.2200569344208996
2|9829|1|352.75|1.2417165295926755|2|9829|2|372.3333333333333|1.0286598520645698
2|10115|1|336.5|1.083889052812016|2|10115|2|279.5|1.540721669149769
2|10633|1|341.75|1.2850087466034892|2|10633|2|321.6666666666667|1.07394066235975
2|10747|1|350.0|1.2421574385080243|2|10747|2|361.5|1.1050670749692877
2|11059|1|245.5|1.2651641982943915|2|11059|2|318.25|1.1912244299135815
2|11339|1|344.5|1.219315998726544|2|11339|2|337.0|1.2193884146537477
2|11697|1|320.0|1.4182853038528602|2|11697|2|403.25|1.0458670187251409
2|12177|1|401.75|1.1544237293054092|2|12177|2|444.75|1.004842494760244
2|12311|1|251.5|1.5595590446098169|2|12311|2|272.0|1.3230748811021469
2|12769|1|243.5|1.14097693786317|2|12769|2|380.3333333333333|1.0877193946408945
2|13199|1|354.5|1.1887556840009263|2|13199|2|346.75|1.2613379459213805
2|14029|1|384.25|1.054872448172504|2|14029|2|231.33333333333334|1.3838953085822867
2|14081|1|290.0|1.1927894743345258|2|14081|2|299.25|1.2638189132647248
2|14149|1|327.6666666666667|1.219857250352486|2|14149|2|308.0|1.1124572531825854
2|14917|1|419.6666666666667|1.1798741417288408|2|14917|2|321.75|1.040673354211098
2|15535|1|411.3333333333333|1.016214240824787|2|15535|2|295.25|1.274509644198664
2|16051|1|244.75|1.433460064149432|2|16051|2|327.75|1.1318914574803618
2|16701|1|363.25|1.1378439301720669|2|16701|2|316.75|1.221073467206705
2|17269|1|516.5|1.088383138515596|2|17269|2|384.6666666666667|1.3753550496634772
2|17527|1|359.5|1.0604281118521839|2|17527|2|282.25|1.2859535776394686
2|17977|1|349.25|1.243041867676438|2|17977|2|338.5|1.1031840928370122
2|18433|1|371.0|1.0481398165318667|2|18433|2|192.75|1.4481331204476644
2|18529|1|334.25|1.1048498567114522|2|18529|2|431.0|1.2239017604760198
2|19059|1|374.5|1.1316817571467805|2|19059|2|379.75|1.2168185450623483
2|19285|1|336.25|1.0077393377277433|2|19285|2|219.75|1.0167661783556872
2|19403|1|435.6666666666667|1.0157627953209816|2|19403|2|406.5|1.0396730656766953
2|20037|1|310.0|1.1542258240316765|2|20037|2|270.25|1.302169579255059
2|20199|1|300.0|1.0194279441595337|2|20199|2|412.6666666666667|1.2168578725101211
2|20449|1|366.75|1.216615707306931|2|20449|2|436.75|1.1017526064366225
2|20687|1|340.0|1.2016256769848872|2|20687|2|435.0|1.0590210199823806
2|22295|1|372.25|1.0858137196526056|2|22295|2|328.5|1.0381201892003826
2|22425|1|404.6666666666667|1.0573439840727836|2|22425|2|373.0|1.2150452305176882
2|23573|1|183.5|1.0190347124756693|2|23573|2|206.5|1.0857073738421334
2|23611|1|411.6666666666667|1.025896232188139|2|23611|2|273.6666666666667|1.5073793952089392
2|23703|1|393.25|1.0019789829088688|2|23703|2|219.33333333333334|1.0247850071774967
2|24585|1|177.25|1.4535169899885334|2|24585|2|313.75|1.056227521661239
2|24991|1|283.75|1.6744165204100367|2|24991|2|319.3333333333333|1.049281751519428
2|25467|1|194.5|1.4161919274221921|2|25467|2|289.0|1.248411066120488
2|26807|1|345.5|1.224018329771182|2|26807|2|238.5|1.3957688595805453
2|26831|1|488.75|1.0758599929125887|2|26831|2|384.3333333333333|1.0587123102123845
2|26959|1|280.5|1.0779406965525682|2|26959|2|274.25|1.026517767076841
2|27273|1|403.0|1.2863151167908367|2|27273|2|451.75|1.0736389787651062
2|27463|1|185.33333333333334|1.020545184435485|2|27463|2|341.6666666666667|1.359213125759665
2|28069|1|319.0|1.2825365406307732|2|28069|2|460.75|1.0068297550651835
2|28111|1|352.75|1.1421704571912856|2|28111|2|372.5|1.1424272443829044
2|29179|1|426.6666666666667|1.0463139821386074|2|29179|2|340.75|1.1181882233977491
2|29423|1|292.5|1.1237744303103703|2|29423|2|247.0|1.2564117059557847
2|29603|1|217.0|1.1460796448705541|2|29603|2|384.25|1.0236715623294803
2|30563|1|336.0|1.321679914963925|2|30563|2|312.75|1.012929504680814
2|31361|1|286.75|1.092411400659225|2|31361|2|344.5|1.2048524834731593
2|31555|1|353.25|1.0533331376812183|2|31555|2|319.75|1.090595806991211
2|31751|1|365.75|1.1160863605930575|2|31751|2|367.25|1.1427365806761118
2|32533|1|380.25|1.0851993280696475|2|32533|2|196.75|1.0200563168845886
2|32747|1|401.5|1.0055040581010015|2|32747|2|292.75|1.3169413682830327
2|33289|1|318.0|1.3213049168454394|2|33289|2|250.0|1.181443185261145
2|33311|1|340.5|1.0755062172412848|2|33311|2|238.75|1.2645116819444286
2|33585|1|356.0|1.0324247043270443|2|33585|2|337.3333333333333|1.1779422906574661
2|33689|1|288.75|1.4322160862580844|2|33689|2|387.0|1.0320293963079268
2|34267|1|348.5|1.1991434822002545|2|34267|2|380.25|1.2031519863320959
2|35175|1|336.0|1.2051207391140448|2|35175|2|129.5|1.4211361693750546
2|35225|1|345.0|1.312560297571736|2|35225|2|310.5|1.0555437842475361
2|35441|1|180.25|1.1332233811083563|2|35441|2|373.5|1.0743575878850973
2|35975|1|394.5|1.0303478359266762|2|35975|2|502.5|1.1412210936164975
2|36883|1|289.0|1.0873240179600956|2|36883|2|334.5|1.0009621619561928
2|37517|1|323.3333333333333|1.0117956665383605|2|37517|2|294.6666666666667|1.026174612776163
2|38421|1|197.0|1.0209567664064194|2|38421|2|413.75|1.042732252531589
2|39917|1|318.0|1.3743109791090053|2|39917|2|205.75|1.3135518714225527
2|40459|1|136.25|1.1553884304252924|2|40459|2|341.25|1.1144944931603693
2|41085|1|389.5|1.0517764772523583|2|41085|2|221.5|1.1239359032247018
2|41593|1|417.25|1.0957278094377552|2|41593|2|176.33333333333334|1.3563995557317639
2|42211|1|249.25|1.121005176509509|2|42211|2|259.0|1.5202193000791462
2|42559|1|223.0|1.1643026621407693|2|42559|2|412.5|1.025869009061429
2|42835|1|416.25|1.0016287120953107|2|42835|2|435.75|1.0576770121601784
2|43283|1|273.0|1.1722565590004206|2|43283|2|298.6666666666667|1.1129694615761692
2|43459|1|277.0|1.227882696676715|2|43459|2|317.0|1.0341134751935444
2|43509|1|397.3333333333333|1.1279558184648149|2|43509|2|255.33333333333334|1.138503957738021
2|44785|1|344.75|1.0379754243070047|2|44785|2|305.75|1.2893271178126229
2|45119|1|383.0|1.0086465237642341|2|45119|2|247.75|1.7295880739350311
2|45761|1|429.25|1.0609298184285298|2|45761|2|373.0|1.0084682425492422
2|46107|1|309.25|1.0258793368036356|2|46107|2|181.0|1.0535068015413802
2|46347|1|308.5|1.331845287254137|2|46347|2|378.75|1.0691632276553351
2|46879|1|293.3333333333333|1.0253621361892484|2|46879|2|308.5|1.0964276715644057
2|47571|1|252.25|1.1775451823844367|2|47571|2|260.0|1.0360513340872186
2|48757|1|266.3333333333333|1.304561892989902|2|48757|2|250.0|1.1091233775674674
2|49863|1|255.5|1.0817487524291316|2|49863|2|361.75|1.074925204966652
2|50209|1|357.6666666666667|1.169382464990227|2|50209|2|109.5|1.1042489459625537
2|50481|1|455.5|1.0683791198412271|2|50481|2|269.5|1.0233902565326398
2|51355|1|293.0|1.12692435106041|2|51355|2|314.5|1.361317407681941
2|51563|1|400.25|1.073736454944227|2|51563|2|270.75|1.6457388479869355
2|51677|1|317.25|1.2631168613544805|2|51677|2|292.0|1.5155983038234682
2|51831|1|234.0|1.071073517799695|2|51831|2|286.5|1.1113315997587558
2|52009|1|360.25|1.1421139030841874|2|52009|2|358.0|1.0378250948794607
2|52089|1|255.66666666666666|1.2176804693002508|2|52089|2|226.75|1.03831405919973
2|53405|1|396.0|1.1593210381642869|2|53405|2|278.5|1.1072159372263481
2|53555|1|310.25|1.17929559746451|2|53555|2|390.6666666666667|1.2559506694165847
2|54087|1|374.6666666666667|1.3423577644301237|2|54087|2|429.3333333333333|1.0827271866715489
2|54299|1|369.5|1.047121172409427|2|54299|2|219.25|1.0823865902800258
2|54509|1|365.5|1.2053766548083356|2|54509|2|119.25|1.0954528717250718
2|54553|1|448.5|1.0019173135753834|2|54553|2|455.5|1.077117781946914
2|54583|1|305.3333333333333|1.309721576125182|2|54583|2|262.75|1.2343181847915947
2|54675|1|378.75|1.0509475248056261|2|54675|2|382.0|1.1057433793627438
2|54701|1|145.66666666666666|1.0119825220625465|2|54701|2|103.75|1.007720715429529
2|55079|1|400.5|1.119946912789679|2|55079|2|433.0|1.0027740929544418
2|55207|1|320.6666666666667|1.5781299985962323|2|55207|2|412.0|1.002100960105572
2|55433|1|406.5|1.0693016975615757|2|55433|2|183.33333333333334|1.5385718396568695
2|55613|1|300.0|1.465375694464026|2|55613|2|374.75|1.1041914414621572
2|55685|1|255.0|1.1338059036916024|2|55685|2|390.75|1.0651920613541106
2|56085|1|444.75|1.010650144209502|2|56085|2|450.25|1.057382319199191
2|56343|1|141.66666666666666|1.2931397374695581|2|56343|2|249.25|1.0037062103882226
2|57261|1|337.75|1.0428843189682238|2|57261|2|343.25|1.0538288755144931
2|57303|1|337.25|1.129001387215541|2|57303|2|350.5|1.0317970140166834
2|57563|1|316.25|1.0897563174702902|2|57563|2|373.3333333333333|1.0378568509733146
2|58135|1|355.25|1.2641094508012225|2|58135|2|398.5|1.0712693781483078
2|58199|1|401.5|1.0764003317083954|2|58199|2|453.25|1.1113361926909917
2|58955|1|412.0|1.1540770818409085|2|58955|2|408.3333333333333|1.0443005307384579
2|59485|1|273.0|1.1615168406439027|2|59485|2|158.5|1.3696011471562781
2|59763|1|443.6666666666667|1.0133587981653893|2|59763|2|495.25|1.0473171754089805
2|60163|1|405.3333333333333|1.0489037609442498|2|60163|2|297.75|1.3572513123123564
2|60477|1|370.75|1.0821223337969141|2|60477|2|320.75|1.2089531806120395
2|60519|1|325.0|1.26655413182236|2|60519|2|402.5|1.0374755868342196
2|60949|1|427.75|1.013598812825716|2|60949|2|312.0|1.0898095756794413
2|61241|1|395.25|1.1090435447103786|2|61241|2|99.25|1.1586573207476258
2|61473|1|444.0|1.0153753336324605|2|61473|2|355.0|1.2393213774849252
2|61479|1|343.0|1.073353618593684|2|61479|2|387.0|1.0694324291202055
2|62557|1|388.75|1.0287746385487493|2|62557|2|386.75|1.1656575377616856
2|63609|1|126.5|1.0931694518187878|2|63609|2|328.6666666666667|1.0177033769344759
2|63875|1|443.75|1.0522381281618096|2|63875|2|206.5|1.1877510840828378
2|64819|1|343.0|1.290501654780188|2|64819|2|203.25|1.2713377621358057
2|64841|1|186.0|1.0837034774155958|2|64841|2|263.25|1.1959051839599046
2|65081|1|351.5|1.035761161322937|2|65081|2|212.66666666666666|1.5788826902658637
2|65461|1|433.3333333333333|1.079310266275446|2|65461|2|394.6666666666667|1.0815794749603878
2|65901|1|162.66666666666666|1.2047664257247606|2|65901|2|347.0|1.2002065928333792
2|66327|1|369.6666666666667|1.432011499072433|2|66327|2|349.75|1.1276706751033
2|66759|1|229.25|1.2786159171033535|2|66759|2|258.0|1.103006618450012
2|67085|1|310.3333333333333|1.0503367211654857|2|67085|2|356.0|1.1826042860405355
2|67545|1|73.33333333333333|1.1056672193747992|2|67545|2|331.75|1.3083584157414758
2|67665|1|192.5|1.3719630337290174|2|67665|2|495.25|1.0477063926898607
2|67785|1|444.5|1.0004707948798068|2|67785|2|404.25|1.1304684858701428
2|67889|1|266.25|1.047711743694069|2|67889|2|434.0|1.0936183928763274
2|68113|1|410.25|1.0038009037471083|2|68113|2|361.5|1.1595017262344756
2|68447|1|387.5|1.0255881285219934|2|68447|2|283.0|1.3348318648480921
2|68513|1|334.0|1.0797139473207762|2|68513|2|293.5|1.1736993822623059
2|68555|1|448.0|1.082757258691901|2|68555|2|180.25|1.2077197591623328
2|68619|1|442.6666666666667|1.0985289624294252|2|68619|2|139.25|1.110072893283296
2|68787|1|308.3333333333333|1.3447901256715584|2|68787|2|306.0|1.2957643404223864
2|68833|1|164.0|1.2621067484085275|2|68833|2|71.0|1.1787871362591007
2|69243|1|393.6666666666667|1.1161321893757985|2|69243|2|193.5|1.5434729526245168
2|69415|1|175.5|1.202144170864614|2|69415|2|174.75|1.088074142980234
2|69505|1|363.5|1.1951820984585575|2|69505|2|324.5|1.0001966405348954
2|69521|1|473.75|1.0569029004564092|2|69521|2|440.75|1.0356285087320516
2|70205|1|396.6666666666667|1.0175207576939704|2|70205|2|360.5|1.0560230011105052
2|71001|1|221.0|1.6052956934553273|2|71001|2|448.5|1.058733732467198
2|72427|1|254.5|1.108465974590842|2|72427|2|298.5|1.12159449836295
2|73647|1|258.0|1.2824596845036733|2|73647|2|143.66666666666666|1.6657753191314384
2|74271|1|460.5|1.3742900524689685|2|74271|2|433.6666666666667|1.0798799702938229
2|74957|1|340.5|1.0317653362229031|2|74957|2|274.0|1.0529181267303336
2|75387|1|460.0|1.0242876018811122|2|75387|2|289.5|1.4707739945124092
2|75927|1|360.75|1.0160625447053724|2|75927|2|385.5|1.08898862130996
2|76235|1|353.25|1.0567612983812853|2|76235|2|387.5|1.0520816951011172
2|76923|1|331.0|1.2849685254898384|2|76923|2|388.0|1.0947147882610193
2|77143|1|436.25|1.054079710449921|2|77143|2|351.3333333333333|1.4990581389603872
2|77881|1|410.0|1.0263589290300361|2|77881|2|433.75|1.0015557609052772
2|79391|1|378.0|1.0820267524438179|2|79391|2|343.25|1.1121549583916501
2|79853|1|168.0|1.2848964918268688|2|79853|2|249.75|1.0981213663342793
2|80909|1|233.25|1.0051091649630628|2|80909|2|352.0|1.1011628960589912
2|82281|1|171.75|1.013851662562875|2|82281|2|159.33333333333334|1.5760804282427914
2|82325|1|282.5|1.0641569922518523|2|82325|2|281.0|1.0254339973273112
2|82381|1|360.0|1.0903854039825125|2|82381|2|302.0|1.5591022476801837
2|82553|1|248.75|1.831458769086747|2|82553|2|460.3333333333333|1.0064292336654435
2|83081|1|361.0|1.0579275822595493|2|83081|2|319.75|1.380440336020681
2|83977|1|262.0|1.2203916214280275|2|83977|2|301.25|1.0667896200435842
2|84239|1|255.66666666666666|1.0254459003099166|2|84239|2|229.0|1.3253017318461937
2|84471|1|192.75|1.250108066048354|2|84471|2|262.5|1.6980522388594796
2|85821|1|245.0|1.6480599577452266|2|85821|2|349.5|1.0824095219879912
2|85841|1|252.25|1.0272227149534054|2|85841|2|286.75|1.2532234301616094
2|86593|1|284.5|1.0644964760150584|2|86593|2|294.25|1.3002911108719724
2|86847|1|442.25|1.0241558893308031|2|86847|2|68.25|1.0147247431651498
2|86853|1|181.5|1.3387447201000655|2|86853|2|364.3333333333333|1.2386662881644284
2|87577|1|268.5|1.0402501995109357|2|87577|2|311.0|1.4421666952544905
2|87839|1|285.25|1.1033476272187712|2|87839|2|432.3333333333333|1.1114785400377234
2|88287|1|388.0|1.0262868043636713|2|88287|2|372.75|1.0715064659935931
2|88887|1|418.0|1.0707962222811775|2|88887|2|356.25|1.123869380454589
2|89235|1|201.0|1.4323952473566381|2|89235|2|294.0|1.1363598921263185
2|89687|1|209.75|1.0670179858359128|2|89687|2|345.5|1.0418622983151145
2|90201|1|261.0|1.1699863851743417|2|90201|2|442.5|1.0650511242382252
2|90365|1|246.66666666666666|1.3870395609385024|2|90365|2|266.25|1.0506920581471921
2|91033|1|211.66666666666666|1.1616316364390726|2|91033|2|212.66666666666666|1.1068683195543052
2|91321|1|439.6666666666667|1.0856595799505768|2|91321|2|322.0|1.2205126988371888
2|91405|1|378.25|1.0690738824243482|2|91405|2|337.75|1.0225002537131915
2|91897|1|334.25|1.0916687518703985|2|91897|2|289.75|1.2147402859646301
2|91997|1|396.75|1.0297369647844021|2|91997|2|248.5|1.666651957286172
2|92281|1|390.6666666666667|1.1425226911036206|2|92281|2|330.5|1.0874150924761747
2|92637|1|175.5|1.3118000478897984|2|92637|2|303.6666666666667|1.0539173904021346
2|92929|1|347.6666666666667|1.2097554557164496|2|92929|2|278.5|1.07631122380264
2|93257|1|410.25|1.1659187014304466|2|93257|2|382.25|1.0939889991785783
2|93547|1|360.75|1.057395527244883|2|93547|2|325.5|1.094836223003116
2|93757|1|270.25|1.0549030884332216|2|93757|2|505.0|1.094965352253228
2|94507|1|410.3333333333333|1.0599801964511355|2|94507|2|341.0|1.1923372846254012
2|94945|1|398.75|1.0048770137275682|2|94945|2|225.75|1.0098914894904663
2|95247|1|364.0|1.2760183144452362|2|95247|2|360.5|1.126683785979974
2|95401|1|420.75|1.0609801985656122|2|95401|2|215.33333333333334|1.3742704158484653
2|95419|1|334.5|1.1380636239908957|2|95419|2|351.5|1.2089788795493701
2|95555|1|409.0|1.002597042555768|2|95555|2|387.6666666666667|1.0799673176649034
2|96575|1|325.25|1.05826559911325|2|96575|2|406.25|1.0193927418469182
2|97507|1|294.0|1.1666121246249936|2|97507|2|183.33333333333334|1.0577365511176438
2|98085|1|357.0|1.1260016433824453|2|98085|2|240.0|1.3131590056326283
2|98373|1|236.75|1.3109657815756184|2|98373|2|296.0|1.1886275931298853
2|98541|1|211.33333333333334|1.2376176708615512|2|98541|2|231.66666666666666|1.2954699251629533
2|98819|1|373.0|1.0130643285161505|2|98819|2|382.75|1.0902478472565496
2|98871|1|522.75|1.0312841870946143|2|98871|2|393.5|1.0066238047504112
2|99771|1|269.0|1.1828768075983227|2|99771|2|318.75|1.2626203811264225
2|100371|1|357.5|1.0644878884247562|2|100371|2|268.0|1.1627969694484974
2|100407|1|247.0|1.0935821474221101|2|100407|2|343.0|1.1245206986287268
2|100461|1|453.3333333333333|1.0766792529197449|2|100461|2|376.25|1.131554763933308
2|100737|1|298.0|1.1001424222565606|2|100737|2|263.25|1.1317334191674184
2|101071|1|227.75|1.203502798527754|2|101071|2|368.25|1.068493935935593
2|101593|1|365.0|1.0810247449899866|2|101593|2|403.25|1.020896594762879
3|131|1|248.25|1.21750835936962|3|131|2|444.5|1.080702868312505
3|665|1|378.3333333333333|1.2373611067470824|3|665|2|449.25|1.0355352208740407
3|873|1|286.0|1.1193836284157286|3|873|2|238.25|1.3741450488227978
3|1259|1|179.75|1.017744940603831|3|1259|2|344.0|1.0600146304489477
3|1631|1|368.5|1.0827430400363705|3|1631|2|311.25|1.2564107957238708
3|2113|1|444.5|1.0384923827557435|3|2113|2|318.25|1.3699738270238007
3|2513|1|144.33333333333334|1.0248734660677832|3|2513|2|333.25|1.0027666516356168
3|2561|1|188.25|1.008964088802188|3|2561|2|437.0|1.0002827284397526
3|2865|1|326.0|1.2621174248831741|3|2865|2|387.75|1.0461859983133077
3|3059|1|275.25|1.5279382269153738|3|3059|2|237.66666666666666|1.0531241047378492
3|3383|1|295.25|1.3427788008800912|3|3383|2|263.75|1.4050394837244626
3|3607|1|340.5|1.0419030816695103|3|3607|2|363.5|1.091468696104238
3|3993|1|239.25|1.205035197585782|3|3993|2|231.66666666666666|1.2450400534699992
3|4257|1|307.5|1.1181397101020973|3|4257|2|349.25|1.1503334774508374
3|5219|1|152.25|1.2710830423104191|3|5219|2|275.5|1.0030525334094647
3|5475|1|294.0|1.4582253220877566|3|5475|2|357.25|1.0468743957281923
3|5875|1|417.5|1.087156930526988|3|5875|2|213.5|1.6761148826943753
3|6125|1|241.66666666666666|1.0543390894663323|3|6125|2|248.33333333333334|1.5104124884681274
3|7093|1|224.0|1.1802499771249315|3|7093|2|262.3333333333333|1.5311983619602971
3|9009|1|300.75|1.4142596529189255|3|9009|2|336.0|1.0793386361723514
3|9091|1|237.5|1.3497982476377521|3|9091|2|432.25|1.0063299268695858
3|9213|1|484.0|1.0352579877278383|3|9213|2|375.0|1.0593683652692925
3|9317|1|342.3333333333333|1.3383948944182529|3|9317|2|212.75|1.6716098494282343
3|9457|1|289.0|1.2694073964448485|3|9457|2|268.75|1.0173024843628486
3|9959|1|313.0|1.1682315886522807|3|9959|2|328.25|1.001666950768201
3|10313|1|339.5|1.2320759115415285|3|10313|2|277.0|1.0159873606940286
3|10395|1|425.0|1.0290964222883985|3|10395|2|250.66666666666666|1.204895109303219
3|11175|1|319.5|1.3629238467570284|3|11175|2|208.33333333333334|1.5281976835475177
3|11567|1|406.75|1.0270373243263506|3|11567|2|286.75|1.154339750276697
3|11787|1|193.5|1.0999438818457408|3|11787|2|152.0|1.3502825360103263
3|12095|1|229.75|1.3680532039670479|3|12095|2|384.3333333333333|1.0260934915051612
3|12335|1|140.25|1.0348817945101332|3|12335|2|231.5|1.06881845353968
3|12433|1|381.75|1.0384726739582035|3|12433|2|370.0|1.1681867727429922
3|12557|1|346.0|1.1346608792509192|3|12557|2|340.25|1.2708228744542813
3|12931|1|361.0|1.3625542927829144|3|12931|2|250.75|1.3917783413801545
3|13275|1|353.25|1.0285826665720004|3|13275|2|159.0|1.32526931316724
3|13885|1|312.0|1.325242029425153|3|13885|2|293.25|1.0141526458439598
3|13941|1|129.0|1.1857847070493308|3|13941|2|262.5|1.2371102308832502
3|14333|1|354.75|1.2358074356473485|3|14333|2|376.0|1.0192406383179848
3|14533|1|291.0|1.0255529992120318|3|14533|2|218.25|1.1122567830977523
3|15033|1|454.5|1.0003857910851945|3|15033|2|314.5|1.2298486782481446
3|15721|1|266.5|1.3277594587593586|3|15721|2|485.0|1.2567547327480495
3|16263|1|176.5|1.1127292202394556|3|16263|2|506.5|1.0624052526810714
3|16969|1|220.5|1.113976591053064|3|16969|2|352.0|1.1097341477199405
3|17701|1|373.75|1.0863741171886925|3|17701|2|323.75|1.016434865556942
3|18341|1|459.5|1.0465049075767483|3|18341|2|282.25|1.4252248232933569
3|18627|1|487.5|1.0906514468732587|3|18627|2|292.75|1.186999981406164
3|19697|1|381.0|1.0639864440034914|3|19697|2|171.5|1.429166294901008
3|19839|1|470.5|1.318029005527316|3|19839|2|346.75|1.0146717773283815
3|20123|1|106.75|1.3694421526912652|3|20123|2|205.75|1.365665207662107
3|21461|1|356.75|1.0039771218296953|3|21461|2|317.5|1.268970866716065
3|22425|1|357.0|1.2111707089476635|3|22425|2|366.75|1.0392838131322113
3|22637|1|321.25|1.1733918788559718|3|22637|2|354.5|1.2097693259805038
3|22737|1|254.0|1.1938074315758387|3|22737|2|230.5|1.5783113650882503
3|23235|1|312.0|1.3655651740491688|3|23235|2|232.75|1.334524402409292
3|23297|1|334.0|1.3337642878668412|3|23297|2|289.0|1.2141631353929465
3|23399|1|342.5|1.302443975931777|3|23399|2|387.0|1.0979429217211762
3|23829|1|388.0|1.2756352106988855|3|23829|2|367.25|1.1848982981039982
3|23967|1|332.75|1.0880238555799746|3|23967|2|340.5|1.3320831812051754
3|24165|1|306.5|1.4134851339558403|3|24165|2|361.0|1.0792806870132161
3|25163|1|317.5|1.0131440303604349|3|25163|2|275.0|1.5935033393632985
3|25309|1|487.5|1.0225851912543917|3|25309|2|239.75|1.0061644842030508
3|25753|1|353.0|1.2270638879601603|3|25753|2|384.75|1.036367777886537
3|26163|1|313.5|1.266741328588146|3|26163|2|308.5|1.3184450368924636
3|27267|1|161.66666666666666|1.0102440542800561|3|27267|2|326.25|1.3805276308675856
3|27505|1|367.25|1.0053230467439342|3|27505|2|292.25|1.447582026953471
3|27789|1|290.75|1.0982361181439984|3|27789|2|298.5|1.4016607895352349
3|28097|1|371.25|1.046027754828252|3|28097|2|281.0|1.145314199920989
3|28185|1|282.25|1.1205475213993932|3|28185|2|356.0|1.1097626972100876
3|28811|1|332.75|1.0005583910535039|3|28811|2|226.5|1.283094424139828
3|29509|1|323.75|1.2872427057997688|3|29509|2|340.0|1.5564549152205427
3|29977|1|299.5|1.0991366733469206|3|29977|2|383.0|1.0753820865116401
3|30011|1|260.0|1.4261332391397|3|30011|2|285.5|1.1625503321061752
3|30805|1|389.75|1.0597113466824724|3|30805|2|350.25|1.0705467459198332
3|30817|1|349.0|1.2109218364731036|3|30817|2|433.0|1.3619562482900245
3|30831|1|182.0|1.1859055680205426|3|30831|2|337.5|1.2395352905930168
3|30957|1|335.5|1.2056143708603921|3|30957|2|313.5|1.0690787320511985
3|31055|1|433.0|1.0610210179213149|3|31055|2|246.5|1.4844415223713103
3|31315|1|213.0|1.037852513646183|3|31315|2|383.5|1.0174092719888161
3|31663|1|313.5|1.0314709714112755|3|31663|2|367.0|1.0800254941875875
3|32397|1|326.0|1.2342538286169222|3|32397|2|301.75|1.052411218533625
3|32483|1|295.5|1.051143266014217|3|32483|2|283.25|1.2332995616056408
3|32495|1|102.75|1.4276938822297776|3|32495|2|368.5|1.0658664159414062
3|32799|1|166.0|1.3668726470349635|3|32799|2|339.0|1.0874705051173739
3|33503|1|310.5|1.0759623709883697|3|33503|2|308.0|1.1405704445092166
3|33573|1|358.25|1.1027607099709957|3|33573|2|217.25|1.4022508354531211
3|33645|1|382.0|1.0753460228365332|3|33645|2|421.6666666666667|1.040632122821453
3|33811|1|366.25|1.0026201661640786|3|33811|2|277.25|1.0979392316360137
3|33967|1|347.5|1.221442908335917|3|33967|2|165.25|1.0638302131674575
3|34095|1|255.25|1.3133306913311809|3|34095|2|333.75|1.1349660204605057
3|34359|1|268.5|1.0312987475251405|3|34359|2|349.0|1.0799783859004775
3|35055|1|334.0|1.4702062197732824|3|35055|2|284.75|1.3729632907885256
3|35277|1|363.0|1.1653120500020788|3|35277|2|386.5|1.015937215915266
3|36007|1|426.0|1.094355018945817|3|36007|2|190.25|1.5833325116098653
3|36149|1|260.6666666666667|1.5128974369634922|3|36149|2|237.25|1.1690040195053495
3|36809|1|156.66666666666666|1.0204451402655288|3|36809|2|221.0|1.4078144059822666
3|37075|1|326.0|1.0723246645404978|3|37075|2|341.6666666666667|1.5396911701586797
3|37277|1|400.25|1.0665189277424734|3|37277|2|406.25|1.106791884743524
3|37347|1|449.75|1.066362687488864|3|37347|2|365.75|1.1933212125524444
3|37961|1|158.25|1.1277378553806148|3|37961|2|163.66666666666666|1.1049663500979876
3|37993|1|367.3333333333333|1.482115108700209|3|37993|2|322.25|1.1993820401543676
3|38029|1|348.75|1.1374911358010595|3|38029|2|238.0|1.2228117989754514
3|38073|1|355.0|1.208562324534104|3|38073|2|247.0|1.1507950283745325
3|38167|1|241.0|1.016385785387211|3|38167|2|214.25|1.3874504025010748
3|38455|1|368.0|1.0532850799628455|3|38455|2|353.75|1.028466136874099
3|39413|1|354.75|1.0061737026884392|3|39413|2|423.0|1.0476432534146132
3|39691|1|391.0|1.1613083894122895|3|39691|2|370.75|1.1263132324652987
3|39951|1|303.5|1.1300554073819853|3|39951|2|344.0|1.3654964359145734
3|40047|1|324.0|1.309604913986346|3|40047|2|225.0|1.1361330705113133
3|40187|1|277.25|1.090476701753636|3|40187|2|269.0|1.55004174428558
3|40291|1|516.5|1.014921626668503|3|40291|2|260.5|1.3365192931787673
3|40537|1|301.5|1.2029471696265142|3|40537|2|265.5|1.2971221353253637
3|40929|1|144.66666666666666|1.1231673116862695|3|40929|2|307.3333333333333|1.2883731501615332
3|41311|1|387.5|1.3996152288260177|3|41311|2|159.5|1.1512685894189312
3|41369|1|370.75|1.1064263503937|3|41369|2|317.25|1.027933226799536
3|41673|1|279.5|1.2945586739510933|3|41673|2|295.75|1.2748115964144457
3|42039|1|327.25|1.1879075276094944|3|42039|2|259.5|1.3284815628409752
3|42229|1|246.75|1.0110095142066506|3|42229|2|398.0|1.0546520447114718
3|42269|1|244.75|1.1321155288351996|3|42269|2|450.0|1.0289664797557332
3|42523|1|304.0|1.1197521748388457|3|42523|2|267.25|1.011727372549995
3|42573|1|192.25|1.0548988198364582|3|42573|2|329.0|1.2500533520270456
3|43981|1|313.6666666666667|1.058507674105099|3|43981|2|394.6666666666667|1.0625510235675466
3|44061|1|342.0|1.2271857021020323|3|44061|2|342.25|1.0009550825914422
3|44233|1|319.75|1.2749114512472166|3|44233|2|262.5|1.319050942635203
3|44387|1|323.25|1.0062474977347209|3|44387|2|350.25|1.1662468738960634
3|44863|1|299.5|1.341648611169774|3|44863|2|302.25|1.0557180002036943
3|45529|1|317.0|1.1658701692725812|3|45529|2|253.0|1.3140415133328756
3|45817|1|336.0|1.0261802332564336|3|45817|2|75.33333333333333|1.1968515357215406
3|46145|1|343.3333333333333|1.1482391737408681|3|46145|2|382.0|1.07799063726926
3|46517|1|252.0|1.3506236719941533|3|46517|2|346.25|1.0270153459388829
3|47235|1|311.6666666666667|1.2244345218081467|3|47235|2|190.75|1.1400269966238867
3|47381|1|353.75|1.2191545359593452|3|47381|2|301.0|1.3368450423168083
3|47955|1|302.25|1.2815047262098365|3|47955|2|278.5|1.3180248824383358
3|49287|1|139.5|1.0136802295252125|3|49287|2|286.75|1.0013694036561578
3|50207|1|403.25|1.0400532137139389|3|50207|2|233.75|1.1031648776544951
3|51191|1|372.75|1.041447574910197|3|51191|2|491.5|1.1408660782928426
3|51445|1|184.25|1.1137202079885975|3|51445|2|337.0|1.3951384994678138
3|51495|1|420.6666666666667|1.021646007281329|3|51495|2|326.75|1.0974763713849212
3|51813|1|198.25|1.0382949312947831|3|51813|2|388.25|1.1152169152155427
3|51903|1|181.5|1.5583003658162906|3|51903|2|135.5|1.17416255178578
3|51925|1|438.6666666666667|1.0156033056125209|3|51925|2|320.3333333333333|1.2998336152255017
3|52401|1|395.5|1.0839148153194098|3|52401|2|429.25|1.1104260419559413
3|53331|1|335.0|1.3299772122723508|3|53331|2|340.5|1.1222677711768279
3|53519|1|284.75|1.1026671611534737|3|53519|2|274.75|1.2667746428479483
3|53691|1|285.6666666666667|1.027582736050253|3|53691|2|273.75|1.093722360750717
3|54313|1|308.5|1.1049776703813659|3|54313|2|501.5|1.021363554414728
3|54813|1|328.25|1.029914383028297|3|54813|2|432.25|1.0046780615999622
3|54919|1|210.25|1.2822720290362746|3|54919|2|246.66666666666666|1.4349996118634356
3|55567|1|257.75|1.2277624174636614|3|55567|2|349.5|1.2152888468673348
3|55965|1|139.66666666666666|1.008869252659241|3|55965|2|301.5|1.0475241790421763
3|56507|1|365.25|1.0673648033136616|3|56507|2|260.25|1.4030830565171373
3|56607|1|421.5|1.0076838510778028|3|56607|2|386.5|1.0952545379178802
3|56821|1|283.0|1.1988748903178217|3|56821|2|361.5|1.0382218511191534
3|56903|1|260.5|1.134677940555024|3|56903|2|243.0|1.0170910449653436
3|57515|1|247.33333333333334|1.0105579267186875|3|57515|2|415.0|1.0796121946919486
3|57719|1|416.0|1.00480960924857|3|57719|2|248.5|1.3459215593611145
3|57773|1|451.25|1.0449818749555821|3|57773|2|317.75|1.127285273764925
3|58225|1|368.0|1.0852296064320899|3|58225|2|233.25|1.264528476575366
3|58757|1|379.0|1.0757473060869924|3|58757|2|304.0|1.308408574801831
3|59475|1|263.5|1.1974000874727881|3|59475|2|294.25|1.261421418687111
3|59879|1|363.3333333333333|1.4249236376440462|3|59879|2|384.6666666666667|1.0207152029849258
3|59935|1|298.5|1.2125899521137726|3|59935|2|303.0|1.6005886139678096
3|60379|1|382.0|1.2880246226390386|3|60379|2|221.0|1.281733613380893
3|60659|1|442.25|1.0632497439211006|3|60659|2|264.3333333333333|1.3756835377371308
3|60845|1|209.33333333333334|1.0356698180830206|3|60845|2|374.0|1.0120453308354134
3|60949|1|314.5|1.0682662661397604|3|60949|2|176.75|1.1134180358919885
3|61191|1|368.75|1.0170573200477737|3|61191|2|408.0|1.1117747201310344
3|62199|1|346.75|1.060944678626444|3|62199|2|344.6666666666667|1.4061433269241803
3|63167|1|319.75|1.1058902980080385|3|63167|2|390.75|1.0144742971430194
3|64723|1|250.5|1.2950733946061168|3|64723|2|311.5|1.150008286659229
3|64885|1|319.0|1.198112943417208|3|64885|2|325.0|1.0061899154516545
3|65121|1|461.75|1.0247573258126672|3|65121|2|334.75|1.0549889253122493
3|65487|1|292.3333333333333|1.581743311332392|3|65487|2|383.6666666666667|1.305876516853495
3|66575|1|307.0|1.4737556946297885|3|66575|2|322.0|1.1351402533050967
3|66993|1|361.25|1.0885673097103101|3|66993|2|405.0|1.0138140510178149
3|67415|1|224.5|1.1719268320195209|3|67415|2|361.0|1.193770840298325
3|68137|1|236.0|1.5318328948091753|3|68137|2|359.5|1.1743852704605686
3|68751|1|214.5|1.3721534533674855|3|68751|2|276.75|1.2263947553485088
3|68849|1|436.0|1.0283289556558817|3|68849|2|192.5|1.2305494633636023
3|69309|1|338.25|1.2021228796320091|3|69309|2|234.66666666666666|1.0129713425010136
3|70173|1|330.5|1.2951359860162772|3|70173|2|350.0|1.1972621829381724
3|70293|1|341.3333333333333|1.0814092618042965|3|70293|2|312.0|1.0639126851493688
3|71101|1|232.0|1.8621986704506852|3|71101|2|322.5|1.236361933204841
3|71265|1|351.75|1.0761009057673947|3|71265|2|389.0|1.0430620958004564
3|72489|1|498.0|1.0238115466020352|3|72489|2|504.25|1.0150922183644384
3|72927|1|475.75|1.059231688672472|3|72927|2|438.3333333333333|1.0535042406504378
3|73955|1|351.6666666666667|1.3693185732494588|3|73955|2|384.25|1.0048338062979816
3|74065|1|229.75|1.6395275408581274|3|74065|2|362.25|1.2286543795167866
3|74155|1|246.0|1.1543618024866233|3|74155|2|41.0|1.2072554800745934
3|74557|1|185.33333333333334|1.2209673819379154|3|74557|2|274.75|1.413656690031228
3|75435|1|379.3333333333333|1.195062286659552|3|75435|2|369.25|1.159606856020618
3|75703|1|248.75|1.0749860746683138|3|75703|2|388.6666666666667|1.2177623608048018
3|75837|1|303.75|1.102382214412653|3|75837|2|322.0|1.0191099981496794
3|76141|1|209.33333333333334|1.4149672927138197|3|76141|2|400.6666666666667|1.0046689738744985
3|76657|1|295.25|1.0566786608255019|3|76657|2|320.5|1.0763465857725294
3|76845|1|361.0|1.0738494308412936|3|76845|2|289.25|1.3413151505487244
3|77205|1|380.0|1.1466167262418192|3|77205|2|230.25|1.047084022581887
3|77775|1|402.75|1.0409397794288548|3|77775|2|341.0|1.1559783523001401
3|77927|1|427.0|1.02291621928656|3|77927|2|399.75|1.024337299391875
3|78367|1|238.66666666666666|1.2203195806448215|3|78367|2|228.5|1.2858306273892173
3|78713|1|331.25|1.031055363773456|3|78713|2|367.0|1.07694136608586
3|78813|1|300.0|1.074647228939184|3|78813|2|359.6666666666667|1.0909130244049894
3|79459|1|263.5|1.1516197660911522|3|79459|2|288.5|1.2089337553234398
3|79549|1|163.5|1.0422797202810885|3|79549|2|424.6666666666667|1.0105315398762849
3|79567|1|308.0|1.484271750728512|3|79567|2|286.6666666666667|1.3423178455513685
3|80053|1|360.25|1.1758586994124756|3|80053|2|394.5|1.089768205836972
3|80427|1|230.75|1.0927006214987778|3|80427|2|347.0|1.1569734859117522
3|80599|1|432.0|1.1368828312611907|3|80599|2|267.0|1.320471285003693
3|80673|1|168.0|1.4522955673574118|3|80673|2|157.33333333333334|1.1170238169792697
3|81049|1|384.0|1.0059906282352842|3|81049|2|269.25|1.3330742405790772
3|81307|1|317.5|1.1046410640854163|3|81307|2|363.5|1.0290494834874377
3|81383|1|325.25|1.0602229734879856|3|81383|2|276.0|1.2837442774479182
3|81583|1|432.6666666666667|1.089925224247783|3|81583|2|352.25|1.0245856846479227
3|82243|1|315.5|1.0767016700494956|3|82243|2|334.0|1.1988067820322885
3|82607|1|326.3333333333333|1.1639749567637554|3|82607|2|186.0|1.1624222878158381
3|82615|1|307.0|1.0074401291477821|3|82615|2|266.5|1.0449433689340852
3|83775|1|299.75|1.4894526027944817|3|83775|2|226.75|1.65135921256273
3|84141|1|375.25|1.082291826569722|3|84141|2|249.0|1.0767047551119593
3|84305|1|303.5|1.0611004706885614|3|84305|2|306.3333333333333|1.482780133729316
3|84341|1|424.6666666666667|1.0987410177189614|3|84341|2|396.5|1.0637717288886652
3|84621|1|225.5|1.268419305335768|3|84621|2|235.66666666666666|1.1626926764999064
3|85833|1|282.25|1.2376690906104437|3|85833|2|240.75|1.1210151145524432
3|86171|1|227.25|1.1102219535891544|3|86171|2|274.25|1.5241956817981568
3|86287|1|403.0|1.0502328103171066|3|86287|2|264.5|1.2215738286019215
3|86455|1|306.5|1.155253527954658|3|86455|2|459.25|1.0789769868780223
3|86571|1|267.0|1.0982535400707776|3|86571|2|375.0|1.0071530833658473
3|86759|1|279.75|1.302873873151185|3|86759|2|289.0|1.0821878828824472
3|87419|1|343.25|1.1397815143885726|3|87419|2|390.0|1.0317680239833398
3|87421|1|290.25|1.0921252476606658|3|87421|2|228.25|1.073097546803666
3|88201|1|396.5|1.0103194092747185|3|88201|2|315.0|1.0390639946850293
3|88583|1|206.25|1.1064774639949708|3|88583|2|312.5|1.1454107851188877
3|88737|1|366.0|1.0488553496394712|3|88737|2|118.0|1.104711212042691
3|88825|1|199.0|1.2938633252082363|3|88825|2|355.25|1.1774874665637451
3|89791|1|188.33333333333334|1.3179519777351316|3|89791|2|201.33333333333334|1.0814857975008474
3|91791|1|336.0|1.054184984111244|3|91791|2|374.25|1.0176780462518302
3|93141|1|397.5|1.029961604306687|3|93141|2|191.25|1.0876351168380014
3|93417|1|303.6666666666667|1.1870659997938937|3|93417|2|393.0|1.2476525231915387
3|93555|1|337.25|1.0620718412446482|3|93555|2|287.25|1.4217254734095692
3|94399|1|346.75|1.0603068948755716|3|94399|2|369.25|1.1452641185197003
3|94515|1|415.75|1.022929513000441|3|94515|2|313.5|1.1828397510108768
3|94613|1|366.5|1.0238809264138267|3|94613|2|391.0|1.0581231647564606
3|95101|1|199.33333333333334|1.402946251654527|3|95101|2|344.25|1.138900914288473
3|95281|1|361.3333333333333|1.4689194660756368|3|95281|2|196.5|1.319198756249196
3|95499|1|364.0|1.0249646186617924|3|95499|2|317.75|1.2846487935888937
3|95631|1|307.0|1.5594545462056606|3|95631|2|435.6666666666667|1.121227990523483
3|95879|1|347.5|1.1296677686985015|3|95879|2|386.5|1.0223939036338556
3|96261|1|333.0|1.036347895208383|3|96261|2|418.75|1.0101791275589194
3|96999|1|308.0|1.1521949178370352|3|96999|2|211.0|1.150094179022301
3|97087|1|348.5|1.0318568003276316|3|97087|2|330.5|1.0975576165068766
3|97119|1|393.3333333333333|1.086686227837068|3|97119|2|320.75|1.0874936380568163
3|97471|1|314.3333333333333|1.3240525930553422|3|97471|2|126.25|1.218436078934724
3|98207|1|267.6666666666667|1.015751957025168|3|98207|2|426.3333333333333|1.1258804078704379
3|98249|1|436.3333333333333|1.1682880446958008|3|98249|2|345.5|1.005422512782263
3|98519|1|248.25|1.3946267609507779|3|98519|2|306.25|1.089283071258085
3|98607|1|286.3333333333333|1.0221220574805507|3|98607|2|337.75|1.042037803046276
3|98747|1|378.5|1.1552605758687708|3|98747|2|230.5|1.4368516420550295
3|99109|1|255.5|1.3249577687906713|3|99109|2|309.25|1.4670404181205356
3|99269|1|339.75|1.0774030824321903|3|99269|2|275.0|1.0297053524905357
3|99919|1|110.5|1.2458814030662537|3|99919|2|200.0|1.0610922046017803
3|100191|1|213.75|1.095159112841162|3|100191|2|394.0|1.0268685491523584
3|100423|1|377.0|1.0838154306552423|3|100423|2|372.75|1.2520744251273712
3|101329|1|393.6666666666667|1.0351181537783025|3|101329|2|99.0|1.116470088549922
3|101467|1|370.0|1.1102835161538696|3|101467|2|352.75|1.0361600904755894
3|101581|1|261.6666666666667|1.1925791887778117|3|101581|2|363.5|1.058749337261854
4|1087|1|353.3333333333333|1.1036006153780122|4|1087|2|343.25|1.0403380689578934
4|1321|1|325.75|1.117964820504694|4|1321|2|374.25|1.12240008040183
4|1717|1|185.75|1.0080900448821402|4|1717|2|314.25|1.1421569123770094
4|1829|1|289.25|1.3270261262946292|4|1829|2|249.75|1.1453942016440346
4|2207|1|347.5|1.2681225668847125|4|2207|2|165.5|1.0796226551045587
4|2239|1|386.5|1.0927069304496813|4|2239|2|396.75|1.0234041842388981
4|2453|1|453.5|1.0003631914417104|4|2453|2|202.5|1.1612990814478674
4|2797|1|379.0|1.0436148394322364|4|2797|2|385.6666666666667|1.0515862152114233
4|2955|1|432.25|1.0812613213655222|4|2955|2|266.5|1.4300210099150512
4|3313|1|461.0|1.0094314501744204|4|3313|2|368.5|1.053323975953568
4|3505|1|454.25|1.0708815070672257|4|3505|2|328.5|1.1608608916673513
4|4703|1|216.0|1.3515928637421482|4|4703|2|293.25|1.2218086465048699
4|5133|1|272.75|1.0098784161125227|4|5133|2|308.6666666666667|1.393586982008095
4|5523|1|317.0|1.0785783744793958|4|5523|2|400.25|1.0250123604941328
4|6483|1|306.25|1.4825505674083932|4|6483|2|240.25|1.1109207123136113
4|6881|1|380.5|1.0778852654790967|4|6881|2|350.3333333333333|1.0342487156748432
4|7797|1|253.5|1.0382300272715703|4|7797|2|291.75|1.2669651989837807
4|9103|1|281.6666666666667|1.159987298742807|4|9103|2|221.5|1.0734071448888451
4|10151|1|143.0|1.2975750130416912|4|10151|2|362.0|1.5232471032080457
4|12129|1|311.5|1.225086845851765|4|12129|2|329.6666666666667|1.3041161879581291
4|12439|1|380.0|1.0750764966662654|4|12439|2|266.5|1.020667788253801
4|12595|1|389.0|1.0705667795575722|4|12595|2|294.75|1.0478916753164367
4|12945|1|432.75|1.068686431718632|4|12945|2|225.0|1.4279099232693893
4|13329|1|399.3333333333333|1.2416265902603778|4|13329|2|259.6666666666667|1.125140507165311
4|13337|1|210.25|1.0414207370199549|4|13337|2|286.0|1.1856292257537413
4|13365|1|404.25|1.0009689893577391|4|13365|2|242.5|1.0053430081667958
4|13515|1|444.25|1.0149443538891292|4|13515|2|399.0|1.1274259036408412
4|13581|1|370.6666666666667|1.2700799709474329|4|13581|2|294.75|1.205591412383903
4|13971|1|372.75|1.1415935198391738|4|13971|2|376.0|1.2754566061206771
4|14229|1|338.75|1.0897198158732333|4|14229|2|324.75|1.0339586651665775
4|14331|1|237.25|1.6164786551790427|4|14331|2|456.0|1.0714082811105465
4|14641|1|371.25|1.126592416808326|4|14641|2|109.25|1.185166190773099
4|15141|1|141.5|1.1916250597650653|4|15141|2|357.6666666666667|1.2352444480707365
4|15273|1|326.25|1.1012191902504922|4|15273|2|419.75|1.047400486223506
4|15601|1|238.5|1.1666561499064825|4|15601|2|402.6666666666667|1.0062126104240747
4|16381|1|400.0|1.1740501479919843|4|16381|2|359.75|1.1365446107353976
4|17997|1|111.25|1.293182444557386|4|17997|2|296.75|1.018845436156737
4|18329|1|266.25|1.093026042641891|4|18329|2|369.0|1.0558283204309467
4|19585|1|515.5|1.1919995981592817|4|19585|2|431.6666666666667|1.0373473399658821
4|20661|1|374.75|1.1256948404527278|4|20661|2|444.0|1.011780299793748
4|20815|1|261.0|1.683165790406153|4|20815|2|288.0|1.0370770804934288
4|21783|1|294.0|1.1666418751456473|4|21783|2|204.0|1.0300262716116397
4|22023|1|466.25|1.0100827382801516|4|22023|2|382.25|1.023686391071427
4|22439|1|467.5|1.045633467098928|4|22439|2|369.3333333333333|1.1410658778373297
4|23323|1|386.5|1.0136900022770965|4|23323|2|390.0|1.25081695854103
4|23581|1|278.0|1.0734140832456205|4|23581|2|272.25|1.0971117052874122
4|24089|1|247.5|1.3561380073089428|4|24089|2|342.75|1.2457601439196613
4|24817|1|269.25|1.5510067547556705|4|24817|2|339.6666666666667|1.268048327918741
4|25039|1|359.0|1.0563385141141384|4|25039|2|423.0|1.1590178591795373
4|25469|1|84.0|1.096703643346875|4|25469|2|336.25|1.1242012673733737
4|25665|1|312.0|1.0979455043326745|4|25665|2|416.0|1.0031241647307994
4|26543|1|411.6666666666667|1.1048769178760132|4|26543|2|322.75|1.0635934709336956
4|26957|1|255.66666666666666|1.002741491470991|4|26957|2|419.6666666666667|1.0941127331069191
4|27245|1|422.75|1.002460880693454|4|27245|2|254.75|1.3229815452604878
4|27829|1|274.25|1.179610731334919|4|27829|2|228.5|1.6426154301511864
4|28261|1|308.5|1.1312463326860396|4|28261|2|302.75|1.2261422315377226
4|28301|1|250.25|1.1833497509544106|4|28301|2|371.75|1.006079725645628
4|28791|1|349.5|1.2221629606827924|4|28791|2|366.75|1.090096138551775
4|29115|1|384.0|1.2171036630781458|4|29115|2|382.0|1.067180237945543
4|29999|1|264.5|1.335007638221858|4|29999|2|219.66666666666666|1.6065374432304516
4|30485|1|385.75|1.0779956109727018|4|30485|2|444.0|1.2645107753651323
4|31137|1|180.25|1.0891074315206164|4|31137|2|246.5|1.2581102177722876
4|31403|1|327.5|1.1278093140435166|4|31403|2|243.5|1.0566818376045568
4|32193|1|395.0|1.0260860788143313|4|32193|2|210.0|1.0071513002010168
4|32349|1|260.0|1.0655165150231047|4|32349|2|459.6666666666667|1.016352583870084
4|32473|1|384.5|1.0410887867848997|4|32473|2|344.75|1.305167721475058
4|32907|1|410.0|1.041157777737823|4|32907|2|247.25|1.162593731944128
4|34013|1|357.25|1.0854857498068355|4|34013|2|357.5|1.133348770964732
4|34253|1|285.6666666666667|1.1180314008779249|4|34253|2|326.5|1.2045400959493073
4|34463|1|395.5|1.2497285462690182|4|34463|2|395.3333333333333|1.0770737672742914
4|34921|1|206.5|1.256198976349837|4|34921|2|268.5|1.0498764365848152
4|35573|1|229.75|1.2461261594967838|4|35573|2|189.66666666666666|1.1100181868569887
4|35723|1|306.25|1.225968811990931|4|35723|2|355.25|1.0769248474341926
4|35993|1|399.0|1.0390579673620577|4|35993|2|291.75|1.0616405213781548
4|36029|1|211.5|1.1652104719441938|4|36029|2|294.3333333333333|1.2171729274723735
4|37151|1|370.5|1.059553695973274|4|37151|2|237.5|1.4581172798669941
4|37277|1|227.25|1.118793311494331|4|37277|2|359.5|1.0301052354223696
4|37427|1|304.0|1.4903966012729206|4|37427|2|247.33333333333334|1.2707279812084413
4|37757|1|284.3333333333333|1.094144684934526|4|37757|2|238.5|1.0338498133444771
4|37897|1|312.6666666666667|1.0884417625740146|4|37897|2|403.3333333333333|1.124741165042411
4|38067|1|479.5|1.0388030859910067|4|38067|2|359.25|1.0393951547050495
4|38115|1|316.5|1.168952361671014|4|38115|2|330.5|1.2373018882582298
4|38151|1|297.6666666666667|1.2462398410591062|4|38151|2|206.0|1.082415424019599
4|38257|1|443.6666666666667|1.0428246730048127|4|38257|2|185.75|1.2534409273454572
4|38365|1|383.25|1.0168749173595335|4|38365|2|280.5|1.0307018124725702
4|38435|1|325.0|1.0100965642123185|4|38435|2|302.25|1.0457586570013249
4|38653|1|478.5|1.086409807530383|4|38653|2|340.75|1.0598906672109076
4|38705|1|424.0|1.0257346350171832|4|38705|2|260.25|1.3461057317406568
4|38779|1|348.25|1.0837809151502802|4|38779|2|390.25|1.1335429584232006
4|38927|1|301.25|1.144018042821508|4|38927|2|343.25|1.131005433621684
4|39267|1|368.75|1.1012960599160921|4|39267|2|279.0|1.408588470206353
4|39283|1|368.3333333333333|1.2773152163315826|4|39283|2|288.0|1.5584902253166066
4|39889|1|453.5|1.0694703659817029|4|39889|2|223.0|1.0269025659049578
4|40583|1|354.0|1.2170366666849368|4|40583|2|231.5|1.0048033702015169
4|40663|1|118.66666666666667|1.0639802787559638|4|40663|2|427.75|1.0836373798821812
4|40677|1|313.0|1.011271692754558|4|40677|2|371.5|1.0530244563827236
4|40839|1|236.5|1.1428360180402592|4|40839|2|360.5|1.035271314077557
4|41355|1|495.5|1.414213562373095|4|41355|2|421.75|1.0191612693381185
4|41383|1|304.5|1.0268683547093544|4|41383|2|272.75|1.5320751077503034
4|42235|1|302.25|1.131385862568718|4|42235|2|85.66666666666667|1.5626480459470478
4|42519|1|305.5|1.3482552410136315|4|42519|2|190.5|1.083261593635025
4|42935|1|149.0|1.2666085045246087|4|42935|2|417.6666666666667|1.1523733604989894
4|43099|1|302.0|1.402332540952479|4|43099|2|113.66666666666667|1.0739746054743924
4|43401|1|230.25|1.1045577933143709|4|43401|2|308.25|1.0231084886674957
4|44885|1|135.66666666666666|1.259867391931033|4|44885|2|324.75|1.128921654453478
4|45465|1|376.0|1.3757714202967684|4|45465|2|207.0|1.0213478996524332
4|45627|1|354.75|1.0688955467493384|4|45627|2|324.3333333333333|1.4954143307604457
4|45685|1|272.25|1.1314855429346056|4|45685|2|399.75|1.1303752689662196
4|45801|1|332.25|1.2198057440127037|4|45801|2|350.25|1.1696063696206285
4|46041|1|429.0|1.2955382983977306|4|46041|2|414.0|1.0455022269007601
4|46861|1|519.0|1.2180220855120876|4|46861|2|345.25|1.0122822952510753
4|46945|1|119.66666666666667|1.523147183774716|4|46945|2|293.6666666666667|1.1570255301068382
4|47019|1|269.5|1.0115770098597057|4|47019|2|438.5|1.0142991228422769
4|47215|1|449.75|1.0291099849587484|4|47215|2|379.0|1.0466146352997692
4|47627|1|267.0|1.108550964891738|4|47627|2|373.0|1.0928016473023494
4|48929|1|373.0|1.1911211655670553|4|48929|2|441.3333333333333|1.0303299716567724
4|49001|1|346.0|1.1362168249032507|4|49001|2|226.0|1.2334634628698964
4|49113|1|238.25|1.1437411553012344|4|49113|2|317.5|1.0735445891978452
4|51181|1|320.25|1.0802476122608162|4|51181|2|206.66666666666666|1.1190329089909674
4|51377|1|348.5|1.0977663183161812|4|51377|2|221.25|1.2567593109481325
4|51789|1|402.0|1.2628121151843923|4|51789|2|380.0|1.1894358401059437
4|52395|1|188.0|1.0342838567935404|4|52395|2|366.3333333333333|1.3046550389103204
4|52471|1|430.75|1.0068250385689383|4|52471|2|227.0|1.5209193948392343
4|52977|1|305.5|1.0146296344479238|4|52977|2|310.5|1.3517224489269548
4|53047|1|314.5|1.1945149384702194|4|53047|2|333.0|1.1062605484195747
4|53171|1|377.6666666666667|1.049948019612495|4|53171|2|402.5|1.0733178050710137
4|53543|1|245.75|1.728448065568579|4|53543|2|317.5|1.313871647403484
4|53615|1|276.75|1.3355246064265363|4|53615|2|389.5|1.0861452685666937
4|53869|1|289.75|1.625494987083902|4|53869|2|371.75|1.0881655551711462
4|54281|1|352.0|1.1435955954126038|4|54281|2|427.6666666666667|1.0212761453701587
4|54553|1|278.0|1.0002716881587626|4|54553|2|276.75|1.6980488283203112
4|54861|1|324.0|1.3237562809896823|4|54861|2|134.5|1.0127092759850411
4|55017|1|382.25|1.1279892273938417|4|55017|2|338.25|1.0093658505239207
4|55509|1|363.75|1.1120071020435685|4|55509|2|278.25|1.0248885481510488
4|58021|1|402.0|1.0476348790478935|4|58021|2|276.5|1.0662087390285795
4|58793|1|166.0|1.1205574962641727|4|58793|2|152.5|1.2046135446654251
4|59329|1|263.5|1.0508268668222511|4|59329|2|296.0|1.44197009590602
4|60245|1|158.75|1.1172345097423517|4|60245|2|248.5|1.405782660261562
4|61109|1|312.5|1.040397052411562|4|61109|2|226.5|1.2610377288616292
4|61459|1|309.25|1.130495875483904|4|61459|2|258.5|1.394126661686065
4|61913|1|449.6666666666667|1.0041265532945773|4|61913|2|506.5|1.04006821714507
4|62555|1|190.25|1.478505074064287|4|62555|2|211.75|1.1506518784497848
4|63301|1|152.75|1.0627145944657836|4|63301|2|333.75|1.0767200765495275
4|63509|1|314.0|1.22040887080781|4|63509|2|384.5|1.0766738061705996
4|63799|1|321.0|1.0319350888472558|4|63799|2|307.75|1.1492569544539035
4|64257|1|385.75|1.030262300456784|4|64257|2|448.0|1.0624390363662746
4|64303|1|251.5|1.4346054492849105|4|64303|2|308.25|1.0501645477671253
4|65457|1|155.5|1.4556366338980802|4|65457|2|364.75|1.0884417570318412
4|66893|1|275.0|1.3761462539994411|4|66893|2|271.25|1.3787932181400546
4|67911|1|155.75|1.2359550561797752|4|67911|2|261.75|1.0350940898675327
4|68141|1|417.25|1.0893910180063975|4|68141|2|113.0|1.0413438949637384
4|69781|1|236.5|1.0434683578609094|4|69781|2|361.5|1.057160657102053
4|70583|1|379.0|1.0584487885443739|4|70583|2|364.5|1.171962386303092
4|70959|1|289.5|1.61711287351764|4|70959|2|271.5|1.1166985735119208
4|71439|1|232.66666666666666|1.0618945580331987|4|71439|2|308.25|1.1720162816199877
4|72185|1|324.25|1.404800574005953|4|72185|2|386.3333333333333|1.008642151074101
4|72877|1|331.75|1.1277373697659703|4|72877|2|382.5|1.089809391043752
4|72929|1|337.0|1.0034705718240169|4|72929|2|250.75|1.1228115391581797
4|73069|1|353.3333333333333|1.4357102057674525|4|73069|2|470.5|1.0001793591172565
4|73183|1|428.25|1.024683416976904|4|73183|2|290.5|1.0517520097512203
4|74643|1|240.5|1.7827981258625825|4|74643|2|430.3333333333333|1.0176308240597625
4|75235|1|199.75|1.1068878310984678|4|75235|2|294.5|1.0316230584893242
4|75481|1|239.33333333333334|1.1027976170128402|4|75481|2|256.25|1.058970650203894
4|75713|1|468.0|1.0286037159664374|4|75713|2|339.6666666666667|1.556182512554697
4|75771|1|372.75|1.0603973119598322|4|75771|2|321.0|1.011302156451213
4|76091|1|315.3333333333333|1.2050127947071831|4|76091|2|337.75|1.2077095183530258
4|76271|1|329.25|1.2216928188518414|4|76271|2|190.75|1.562737236263882
4|77807|1|268.5|1.0799053785717274|4|77807|2|308.25|1.0032547195332773
4|77955|1|375.6666666666667|1.2135190030728926|4|77955|2|320.75|1.1408807316061775
4|77979|1|250.75|1.028080149936128|4|77979|2|334.3333333333333|1.0623424186066583
4|78417|1|403.0|1.0274571023703918|4|78417|2|211.0|1.0798270784345383
4|79421|1|90.0|1.3255793049935416|4|79421|2|254.5|1.1123961092437789
4|79681|1|370.75|1.112404675411955|4|79681|2|388.5|1.0377083209958577
4|79995|1|467.0|1.0888617625931811|4|79995|2|314.5|1.4419903721137366
4|80567|1|376.0|1.02423662350677|4|80567|2|347.25|1.0327748822180136
4|80651|1|238.33333333333334|1.6230460402662346|4|80651|2|342.75|1.2174459009024081
4|80677|1|398.0|1.0028892715067943|4|80677|2|334.5|1.0013251981469478
4|81005|1|258.0|1.3878747574501258|4|81005|2|375.0|1.0315140974961676
4|81401|1|250.0|1.4717789689125653|4|81401|2|348.0|1.1045926178313068
4|81655|1|309.0|1.3763065764645006|4|81655|2|464.0|1.0316877351398008
4|81801|1|399.0|1.0498491291569767|4|81801|2|407.5|1.1250447637543814
4|82013|1|350.0|1.1958294875379627|4|82013|2|306.5|1.4317277856875577
4|82157|1|310.6666666666667|1.0552851935336163|4|82157|2|337.25|1.2356531634833376
4|82319|1|404.75|1.0418328618814185|4|82319|2|351.6666666666667|1.10618063068388
4|83049|1|304.0|1.1167072783094785|4|83049|2|341.6666666666667|1.223002614714236
4|83389|1|429.0|1.0631696265437511|4|83389|2|335.25|1.2407535825402558
4|83437|1|397.0|1.0069582605800818|4|83437|2|383.0|1.0945834890994561
4|83529|1|309.75|1.0267134823327133|4|83529|2|344.6666666666667|1.0034421227660473
4|84681|1|390.0|1.2129668692524171|4|84681|2|274.5|1.0453723142357874
4|84693|1|253.66666666666666|1.0087774253287618|4|84693|2|263.0|1.1806190799339882
4|85151|1|288.75|1.1889414218079861|4|85151|2|464.25|1.0651864456302855
4|85789|1|358.0|1.1295397717295175|4|85789|2|364.5|1.1591115331375783
4|87163|1|324.0|1.3098425077902092|4|87163|2|368.25|1.1349714785787635
4|87203|1|333.25|1.0017664175129006|4|87203|2|302.75|1.4041582415017817
4|87395|1|447.5|1.016152232181358|4|87395|2|220.0|1.3153993622066509
4|87737|1|347.5|1.1768846010465928|4|87737|2|397.25|1.057105634379248
4|88833|1|314.5|1.253869850847318|4|88833|2|292.75|1.0382465531605036
4|90021|1|254.25|1.2865921727979601|4|90021|2|335.6666666666667|1.1388380568240357
4|91093|1|252.75|1.5080685841264556|4|91093|2|272.5|1.09603606918278
4|91195|1|249.25|1.089484515540428|4|91195|2|442.6666666666667|1.0632175473623946
4|91375|1|278.25|1.0366505022336223|4|91375|2|211.25|1.6574690130702867
4|91681|1|356.0|1.1327459793301|4|91681|2|259.75|1.065663288517065
4|92469|1|306.75|1.1661764891544628|4|92469|2|404.75|1.058776211099312
4|92865|1|320.75|1.0883424160328368|4|92865|2|296.3333333333333|1.1639571908991095
4|93479|1|304.75|1.106777858224167|4|93479|2|390.3333333333333|1.0047936468441392
4|95085|1|363.0|1.1501193204399631|4|95085|2|344.75|1.2242389400769111
4|95959|1|357.0|1.009095622950159|4|95959|2|358.25|1.0633025619821754
4|96707|1|174.75|1.0552665868904165|4|96707|2|292.0|1.1967793930980102
4|96725|1|271.25|1.0979054177319925|4|96725|2|327.0|1.4062867721457786
4|96947|1|270.75|1.390702701505129|4|96947|2|465.6666666666667|1.0080857398654137
4|97267|1|171.75|1.2402464255438588|4|97267|2|370.75|1.1647380808031431
4|98341|1|358.75|1.002005297964864|4|98341|2|316.75|1.149371822183645
4|98617|1|299.0|1.0698752185303635|4|98617|2|191.0|1.0820610251088902
4|99209|1|431.75|1.0402061965666118|4|99209|2|309.75|1.0741581219683343
4|99237|1|202.0|1.0573450853652855|4|99237|2|578.0|1.0227357596400584
4|99581|1|300.75|1.2343229994667415|4|99581|2|302.5|1.1377681278002234
4|100079|1|393.0|1.2151745759001917|4|100079|2|383.75|1.0256124359437795
4|100411|1|360.75|1.0694264906635211|4|100411|2|356.25|1.009200885152603
4|100643|1|253.0|1.5209792261059967|4|100643|2|401.75|1.0358733736454184
4|100899|1|323.75|1.3607252742981637|4|100899|2|412.0|1.1369254346123203
4|100985|1|436.3333333333333|1.126553814836153|4|100985|2|388.75|1.1742107845968563
4|101755|1|344.5|1.2141267383272423|4|101755|2|371.75|1.0452048639535225
4|101997|1|154.25|1.1407638736715955|4|101997|2|398.25|1.083849061300674
5|123|1|408.3333333333333|1.0517913558432455|5|123|2|355.25|1.1612178061706335
5|1239|1|336.5|1.1916963409930184|5|1239|2|316.0|1.3578789057115919
5|1933|1|382.5|1.023798994539894|5|1933|2|212.25|1.0522935941038936
5|2223|1|209.0|1.3789038705623153|5|2223|2|436.3333333333333|1.0370463303238893
5|2617|1|355.25|1.1141329134720344|5|2617|2|316.0|1.1164414639773323
5|2941|1|261.6666666666667|1.3418603021740114|5|2941|2|363.0|1.4533945484305195
5|3051|1|370.25|1.005325040338181|5|3051|2|374.0|1.102538412929928
5|3963|1|319.25|1.1524075953070794|5|3963|2|354.0|1.110671335612437
5|4009|1|476.5|1.0054145249772326|5|4009|2|408.6666666666667|1.0130545113445997
5|4039|1|390.0|1.3599585212377543|5|4039|2|306.75|1.1790851500127832
5|5217|1|253.5|1.0794295944497652|5|5217|2|311.25|1.0932522616115166
5|5397|1|263.3333333333333|1.118193773249041|5|5397|2|329.75|1.2970560719056423
5|5441|1|330.5|1.0901730347499097|5|5441|2|379.0|1.003876012697544
5|5809|1|374.75|1.1237976951571143|5|5809|2|312.25|1.1789905712438868
5|5885|1|316.0|1.4456288274765312|5|5885|2|349.5|1.0609173012542432
5|6985|1|376.5|1.0317337734031462|5|6985|2|270.25|1.2391321900766308
5|7207|1|188.25|1.0617649614885287|5|7207|2|257.0|1.2082385615039961
5|8027|1|201.0|1.4392820720239081|5|8027|2|240.25|1.7589033160039196
5|8693|1|188.25|1.5357186266952205|5|8693|2|363.5|1.0783634629027672
5|9447|1|282.0|1.0451111252180112|5|9447|2|332.75|1.0784132330619387
5|9601|1|329.25|1.0100992542771379|5|9601|2|357.5|1.0656926617309903
5|9617|1|371.5|1.1142352657186547|5|9617|2|339.5|1.1279783433231692
5|9647|1|345.5|1.0758429379804835|5|9647|2|267.5|1.0036924869306134
5|9717|1|330.75|1.2176596271667217|5|9717|2|115.5|1.0223968178195102
5|9883|1|269.75|1.1988497822382338|5|9883|2|403.25|1.1099827584956798
5|9887|1|361.0|1.4133641562585537|5|9887|2|182.0|1.0318558437635075
5|11413|1|345.75|1.2293136503866455|5|11413|2|309.3333333333333|1.4036626514870119
5|11553|1|438.3333333333333|1.080541468483734|5|11553|2|335.25|1.355724386613382
5|12267|1|280.6666666666667|1.249178672964163|5|12267|2|511.0|1.0184551682060645
5|12567|1|362.25|1.1839236492182479|5|12567|2|380.3333333333333|1.052462482080621
5|13717|1|399.5|1.0627926918626764|5|13717|2|298.0|1.3997620025021342
5|13793|1|292.75|1.5987294416107654|5|13793|2|437.0|1.116810307504563
5|13993|1|347.25|1.071476520854678|5|13993|2|308.25|1.0064491364617367
5|14185|1|395.0|1.0443418993177054|5|14185|2|403.0|1.1854049317575832
5|16245|1|351.5|1.085739010900866|5|16245|2|386.75|1.029437962510275
5|16959|1|340.75|1.0183246256331806|5|16959|2|286.25|1.3461719876123783
5|18139|1|186.25|1.3113674919287261|5|18139|2|291.75|1.3864016943088338
5|19419|1|361.0|1.1345127771262637|5|19419|2|244.5|1.0448250156587187
5|20473|1|414.0|1.0787794048088304|5|20473|2|372.0|1.056359267079454
5|20993|1|322.0|1.0039689507407152|5|20993|2|382.5|1.0682727453266487
5|21231|1|321.25|1.3223757019129607|5|21231|2|252.5|1.1231546313177039
5|21979|1|334.25|1.0891843299737773|5|21979|2|328.75|1.0348506989415611
5|23999|1|308.3333333333333|1.3796000945002393|5|23999|2|314.75|1.1946619077671436
5|27381|1|301.75|1.324399828920054|5|27381|2|285.3333333333333|1.416921236197909
5|28187|1|229.75|1.3053239484858679|5|28187|2|260.0|1.120839886550283
5|29589|1|369.25|1.0503885322507747|5|29589|2|420.5|1.1083244386592002
5|29707|1|407.3333333333333|1.061060224663122|5|29707|2|342.0|1.3299851518294208
5|29755|1|363.0|1.476853825932293|5|29755|2|395.0|1.0746798169039742
5|30769|1|343.5|1.0285165595908028|5|30769|2|358.75|1.2185284899295006
5|30805|1|330.25|1.1347033938443256|5|30805|2|230.75|1.0371776762533442
5|30911|1|301.75|1.0092985057534858|5|30911|2|307.5|1.1053036145672543
5|31011|1|207.0|1.3275534599364507|5|31011|2|418.25|1.026565585892532
5|31383|1|251.33333333333334|1.3022852958615836|5|31383|2|352.5|1.1500540340085967
5|31643|1|292.3333333333333|1.080965027471832|5|31643|2|252.75|1.0679628635153897
5|31661|1|273.25|1.1438638392919542|5|31661|2|358.5|1.2210364082697645
5|32117|1|388.0|1.0862252958837082|5|32117|2|242.0|1.114824672537104
5|32265|1|461.5|1.0679380855623481|5|32265|2|343.25|1.0203344661579226
5|32825|1|287.75|1.062981515666985|5|32825|2|412.5|1.0457311886944294
5|32895|1|232.33333333333334|1.0982809127826672|5|32895|2|285.5|1.0177587713790843
5|33257|1|325.25|1.25035733281751|5|33257|2|303.6666666666667|1.5059745148885753
5|33909|1|213.5|1.309005704027199|5|33909|2|214.0|1.0136848582656346
5|34009|1|297.5|1.0410929309974493|5|34009|2|159.25|1.2413430495729625
5|34285|1|229.66666666666666|1.0630633975813288|5|34285|2|230.5|1.0185438601235186
5|34639|1|376.5|1.006876015531079|5|34639|2|404.5|1.025433615835627
5|34647|1|363.5|1.0925452367276642|5|34647|2|325.75|1.2626019226917191
5|35641|1|301.25|1.023650246881931|5|35641|2|304.25|1.1672660634912826
5|35675|1|277.0|1.0707810863241414|5|35675|2|341.75|1.1163565570116463
5|36043|1|376.0|1.0734735759831666|5|36043|2|306.0|1.126738747595968
5|36315|1|379.25|1.0112132038314166|5|36315|2|378.25|1.103602696379687
5|36481|1|265.75|1.0558520275150451|5|36481|2|394.0|1.0376852157517653
5|36495|1|441.0|1.0334490442704076|5|36495|2|144.75|1.1796474286902099
5|37141|1|195.25|1.3823958748221914|5|37141|2|341.5|1.2548133721984582
5|37437|1|379.5|1.11379152841394|5|37437|2|235.5|1.1592512228411422
5|37861|1|288.25|1.0105129686874672|5|37861|2|256.75|1.7216346390369162
5|38473|1|358.75|1.0759157616520236|5|38473|2|319.25|1.099269997701263
5|38911|1|339.0|1.000456731263578|5|38911|2|327.6666666666667|1.3609831167242938
5|39547|1|392.25|1.0065156250511773|5|39547|2|298.75|1.0043974668719715
5|40035|1|343.0|1.0216485588815094|5|40035|2|230.25|1.5080287996015322
5|40805|1|317.25|1.0044776852728794|5|40805|2|321.25|1.0928726568163447
5|41835|1|372.6666666666667|1.3883658003650958|5|41835|2|453.6666666666667|1.079344163368794
5|42389|1|388.25|1.027089711769938|5|42389|2|413.0|1.0019455109880757
5|43601|1|312.6666666666667|1.269244725855768|5|43601|2|377.5|1.0167067789180473
5|44327|1|307.5|1.452059529302668|5|44327|2|316.75|1.0309521854980952
5|44839|1|389.75|1.001023758806669|5|44839|2|454.5|1.093918034421824
5|45061|1|254.5|1.0333440390259392|5|45061|2|295.5|1.044088753616075
5|46407|1|267.75|1.183621600660809|5|46407|2|330.3333333333333|1.1431983134240498
5|46889|1|310.75|1.1812354244696717|5|46889|2|393.0|1.3021999855482815
5|47481|1|280.5|1.0275731896973253|5|47481|2|329.0|1.2427981327188034
5|47841|1|226.5|1.229523106127288|5|47841|2|388.75|1.1195895840142505
5|48825|1|224.5|1.1311137241028795|5|48825|2|335.25|1.3307503113803199
5|49629|1|323.25|1.144090717933139|5|49629|2|368.6666666666667|1.0995720055538796
5|50279|1|266.5|1.379626999343476|5|50279|2|364.0|1.1068871899602744
5|50603|1|287.0|1.099014578604394|5|50603|2|172.33333333333334|1.271764199712625
5|51043|1|268.25|1.3007327224157155|5|51043|2|278.75|1.0696735822310819
5|51121|1|379.5|1.0638050268344061|5|51121|2|384.25|1.1437392247760554
5|51133|1|281.6666666666667|1.1521644549585417|5|51133|2|266.3333333333333|1.4650538952771879
5|51389|1|407.0|1.1022333197129215|5|51389|2|297.6666666666667|1.2462126726662097
5|51765|1|195.5|1.1359376617943568|5|51765|2|344.5|1.0658998179471373
5|52035|1|447.75|1.0769002925432676|5|52035|2|261.0|1.0970484553734918
5|52537|1|302.0|1.032953375404638|5|52537|2|338.3333333333333|1.4404928096202674
5|52567|1|466.6666666666667|1.0628751438567803|5|52567|2|174.25|1.276918199337203
5|52649|1|296.5|1.3303093733187903|5|52649|2|341.0|1.167393640004097
5|52899|1|312.75|1.011299834381374|5|52899|2|367.5|1.1520984749912881
5|54329|1|186.75|1.0519726365473914|5|54329|2|233.0|1.1003123410546218
5|55097|1|300.5|1.4944728054026724|5|55097|2|234.25|1.1337528046650633
5|55427|1|363.5|1.0208872933654722|5|55427|2|328.5|1.3055173479780962
5|55477|1|368.75|1.0321922016593283|5|55477|2|378.25|1.1179972766207593
5|55615|1|336.5|1.1332130596489567|5|55615|2|446.3333333333333|1.0868288973820466
5|56071|1|486.75|1.121639656472762|5|56071|2|294.25|1.4180472737316472
5|56079|1|392.6666666666667|1.2810285984512422|5|56079|2|204.25|1.1322440910700506
5|56637|1|252.5|1.1099782698915366|5|56637|2|310.5|1.324822894505362
5|57355|1|311.5|1.1322679905719089|5|57355|2|472.0|1.0187792501744617
5|57975|1|152.5|1.176612245187977|5|57975|2|303.5|1.0828607628961597
5|57999|1|387.75|1.0808719038818257|5|57999|2|468.25|1.0036742718552316
5|58681|1|149.25|1.2469318947530375|5|58681|2|377.0|1.0390522308450205
5|59443|1|373.25|1.1730201754060146|5|59443|2|506.0|1.00092522306146
5|59797|1|311.25|1.3062585515813905|5|59797|2|329.5|1.0754761546578362
5|59821|1|184.0|1.0570989804972701|5|59821|2|385.0|1.0037698099912826
5|59997|1|324.75|1.1240339387110019|5|59997|2|359.6666666666667|1.1475053843825744
5|60241|1|321.75|1.1761930372922373|5|60241|2|204.75|1.1388523035353801
5|60359|1|240.5|1.6455946069030831|5|60359|2|368.6666666666667|1.0955532449783947
5|60483|1|337.75|1.1336652503165294|5|60483|2|299.25|1.2942569866399296
5|60501|1|370.25|1.1225635154176237|5|60501|2|225.75|1.0663564397922867
5|61049|1|410.3333333333333|1.0878124158075715|5|61049|2|271.0|1.1006788967539651
5|61237|1|385.6666666666667|1.0729594753827936|5|61237|2|338.6666666666667|1.260679240478836
5|62065|1|499.75|1.0248149343930393|5|62065|2|490.0|1.0057870865513996
5|62523|1|334.5|1.2481199036361377|5|62523|2|353.75|1.0172001935574237
5|62999|1|176.25|1.2376372198806083|5|62999|2|277.5|1.4210159440837977
5|63365|1|330.75|1.305402260783888|5|63365|2|161.25|1.0573158430003133
5|63627|1|251.66666666666666|1.4774530172210885|5|63627|2|358.0|1.0249455618227867
5|63833|1|249.0|1.0594547001413954|5|63833|2|315.0|1.4294717915211486
5|64087|1|397.5|1.0291665755851556|5|64087|2|277.25|1.2391675003289155
5|64223|1|403.75|1.125353225993482|5|64223|2|327.25|1.2247908937751486
5|64381|1|372.5|1.0651562809264992|5|64381|2|384.75|1.0937351190154985
5|65339|1|210.5|1.2079749095954628|5|65339|2|536.0|1.2084138275501446
5|65653|1|154.0|1.3958572217395009|5|65653|2|243.33333333333334|1.3607725775754755
5|65903|1|231.25|1.0096124321783855|5|65903|2|217.5|1.1086133902740813
5|66527|1|372.25|1.0477871863618742|5|66527|2|343.5|1.0656811360926521
5|67763|1|449.75|1.1391328755442742|5|67763|2|259.0|1.0549281924623446
5|67935|1|389.0|1.2724286550914738|5|67935|2|437.0|1.055488114942683
5|68313|1|332.0|1.1971063359700689|5|68313|2|223.25|1.177312538868165
5|68353|1|331.0|1.3159842494168748|5|68353|2|290.0|1.1087265997568216
5|68445|1|340.75|1.246175361374641|5|68445|2|363.0|1.0022223835944446
5|69079|1|388.0|1.2733915079886886|5|69079|2|344.0|1.1081264183318018
5|69213|1|309.75|1.1638806138554443|5|69213|2|408.0|1.0403114983429333
5|70683|1|277.25|1.1039067166050895|5|70683|2|408.0|1.031431841470204
5|70947|1|386.75|1.1963306154782332|5|70947|2|156.5|1.2161464009087966
5|71057|1|267.0|1.3289847587873285|5|71057|2|404.0|1.0602518907424894
5|71111|1|396.25|1.0605303531220387|5|71111|2|288.25|1.003952969589023
5|72097|1|319.0|1.034444760392661|5|72097|2|295.0|1.029604866991008
5|72113|1|269.75|1.0692003673573443|5|72113|2|305.75|1.1182783645021366
5|73247|1|366.0|1.047003186627427|5|73247|2|333.0|1.0272114053978798
5|74533|1|185.75|1.158544890684612|5|74533|2|323.75|1.3505886430081149
5|75387|1|254.5|1.09555339844291|5|75387|2|329.0|1.0846564643834569
5|75637|1|209.33333333333334|1.028849739407734|5|75637|2|398.3333333333333|1.2738559518984935
5|75849|1|244.0|1.4870254661833626|5|75849|2|231.75|1.088339244536657
5|76123|1|255.5|1.0359652674414546|5|76123|2|420.6666666666667|1.0006775741491585
5|76511|1|315.0|1.0014418093373534|5|76511|2|246.33333333333334|1.2650944627719791
5|77151|1|377.6666666666667|1.159626918082337|5|77151|2|456.5|1.0767834062632409
5|77239|1|245.25|1.3197636310224248|5|77239|2|376.25|1.0371520497712252
5|77445|1|326.6666666666667|1.4327261013999335|5|77445|2|359.25|1.1237342220657887
5|77539|1|191.0|1.0267388145993048|5|77539|2|441.25|1.0318483947191206
5|77575|1|431.75|1.1197668156567315|5|77575|2|386.5|1.0574975613306867
5|77849|1|178.5|1.1289940203818827|5|77849|2|307.0|1.3673877581576785
5|77913|1|280.5|1.0094877730269844|5|77913|2|347.0|1.140659586275036
5|78057|1|404.3333333333333|1.182912749485945|5|78057|2|385.25|1.0145311259713965
5|79267|1|191.75|1.2459844804357916|5|79267|2|321.25|1.3254131472491881
5|80307|1|369.25|1.0729418407507505|5|80307|2|343.75|1.1234675954456936
5|80755|1|395.0|1.044419633007983|5|80755|2|346.5|1.1626413456575702
5|80859|1|401.0|1.0198088624949897|5|80859|2|277.75|1.013070664944609
5|81403|1|366.75|1.164993420283012|5|81403|2|400.0|1.0075093051679473
5|81977|1|391.25|1.006038716936462|5|81977|2|409.25|1.0240240285771594
5|82245|1|316.5|1.0376585774740332|5|82245|2|233.75|1.1720383207848628
5|82403|1|379.25|1.038219473736429|5|82403|2|375.5|1.3162919841528542
5|83335|1|275.25|1.0311126588787574|5|83335|2|313.75|1.0027720925250385
5|83439|1|311.0|1.0322895605148614|5|83439|2|388.3333333333333|1.0162977757179483
5|83891|1|492.75|1.0385290750026377|5|83891|2|485.25|1.0717266679902884
5|84127|1|345.75|1.1040375798188349|5|84127|2|346.5|1.0815505188061627
5|84193|1|301.0|1.0207754955947854|5|84193|2|336.5|1.0249958385054836
5|85039|1|406.5|1.0206908580429106|5|85039|2|446.75|1.0689398167195006
5|85475|1|366.75|1.0168706944087784|5|85475|2|393.25|1.1233154438560793
5|85507|1|407.25|1.0244608395088057|5|85507|2|312.75|1.0640402239483349
5|85539|1|362.0|1.0388356521726145|5|85539|2|453.5|1.0375004734496034
5|85625|1|373.5|1.149548849355925|5|85625|2|275.0|1.1242775458044156
5|86317|1|472.25|1.0295549942398972|5|86317|2|342.0|1.2728179104800175
5|86801|1|344.25|1.0932369025859863|5|86801|2|214.25|1.1322466011954988
5|87441|1|273.3333333333333|1.1875394104108716|5|87441|2|293.25|1.2672318122622674
5|87469|1|322.3333333333333|1.5330971816923928|5|87469|2|500.5|1.0387849180880193
5|87565|1|284.6666666666667|1.009495365137092|5|87565|2|328.0|1.2720139181983907
5|88143|1|212.25|1.1691068832020415|5|88143|2|334.75|1.1480640265795614
5|88711|1|352.5|1.0359582989207439|5|88711|2|283.5|1.6712021749137367
5|88889|1|358.5|1.1508329980259624|5|88889|2|343.6666666666667|1.0985062387866353
5|90319|1|405.5|1.1373511940916798|5|90319|2|331.5|1.0102578664579656
5|90867|1|309.0|1.3394931079792762|5|90867|2|319.3333333333333|1.3716158568301489
5|90903|1|454.0|1.2179680680349785|5|90903|2|324.3333333333333|1.0568675691530474
5|91091|1|268.5|1.679206490421654|5|91091|2|338.5|1.1110905531508057
5|91227|1|290.25|1.3899190049569594|5|91227|2|329.75|1.0646727718154239
5|92023|1|39.0|1.0475229854264356|5|92023|2|281.75|1.1063304273019567
5|92053|1|258.0|1.014591183045575|5|92053|2|321.0|1.0547399032433633
5|93169|1|305.25|1.0232686824410029|5|93169|2|239.0|1.1931144107603073
5|93597|1|470.75|1.071772700953046|5|93597|2|360.3333333333333|1.3851995818343659
5|93829|1|341.75|1.236325386817185|5|93829|2|275.0|1.5179760339575266
5|93897|1|374.6666666666667|1.087129274230913|5|93897|2|231.75|1.0135760677243382
5|94863|1|154.0|1.2193392077970842|5|94863|2|253.75|1.0412067035960502
5|95273|1|297.5|1.0226979369835831|5|95273|2|337.0|1.2276214597927828
5|95765|1|337.5|1.057216021252107|5|95765|2|323.25|1.0587231413597968
5|95931|1|335.75|1.1373181691310739|5|95931|2|284.5|1.178193190105703
5|95957|1|321.75|1.2629750280374699|5|95957|2|386.75|1.0210563698961297
5|96037|1|63.333333333333336|1.1825602536287965|5|96037|2|372.5|1.0447368849507668
5|96039|1|394.0|1.1846920795083258|5|96039|2|248.5|1.3776237428842697
5|96041|1|369.0|1.03898589027586|5|96041|2|403.75|1.0888416515453885
5|96071|1|222.5|1.5047770025418048|5|96071|2|253.75|1.1151125233454717
5|96611|1|349.6666666666667|1.1095631067941392|5|96611|2|410.25|1.039547124668835
5|96881|1|311.25|1.2191980897648709|5|96881|2|302.0|1.3765624574391921
5|97423|1|382.6666666666667|1.0134196656436814|5|97423|2|357.25|1.0557952946101155
5|97791|1|360.3333333333333|1.4146957520445713|5|97791|2|410.0|1.0233114722432597
5|97825|1|484.5|1.0224720886216596|5|97825|2|333.75|1.0265729264999806
5|98107|1|420.0|1.377174635739514|5|98107|2|453.75|1.011811691078517
5|98255|1|373.6666666666667|1.447120093496549|5|98255|2|378.75|1.0708440784451292
5|98369|1|446.3333333333333|1.0766640908615874|5|98369|2|242.25|1.326846036660187
5|99863|1|203.75|1.0194057220487625|5|99863|2|356.75|1.1248048118202987
5|99873|1|199.25|1.637994059003499|5|99873|2|458.25|1.0008168065036125
5|100455|1|372.25|1.046231767402197|5|100455|2|370.0|1.0884232658971815
5|100627|1|311.25|1.1536369962717454|5|100627|2|333.0|1.1030331579844181
5|100743|1|291.75|1.0491357803260852|5|100743|2|308.0|1.1008680138819122
5|100989|1|402.75|1.0246498807827762|5|100989|2|287.5|1.067418134790744
5|101121|1|360.3333333333333|1.1082443140099003|5|101121|2|290.25|1.2946600788077145
5|101701|1|275.0|1.0952117170822084|5|101701|2|326.0|1.3215009690199737
6|459|1|347.25|1.0786480064924855|6|459|2|300.25|1.1139023281133154
6|479|1|369.25|1.0392765068443663|6|479|2|176.0|1.278308076817243
6|693|1|297.75|1.151933556718225|6|693|2|407.5|1.0089391816020574
6|915|1|250.5|1.1527667585927066|6|915|2|210.25|1.560281369330216
6|1413|1|386.75|1.0315464838347728|6|1413|2|401.25|1.0015123639458325
6|1627|1|217.0|1.0593065816180356|6|1627|2|429.0|1.016664468739933
6|1847|1|339.3333333333333|1.569610583153995|6|1847|2|219.75|1.0641160886962084
6|1965|1|380.3333333333333|1.0803281794889483|6|1965|2|263.25|1.030531876948781
6|2175|1|337.0|1.2150553290077528|6|2175|2|341.25|1.1575063754777157
6|2189|1|323.6666666666667|1.2495213281857482|6|2189|2|424.6666666666667|1.0955949368217868
6|2333|1|227.25|1.0681284543240435|6|2333|2|294.0|1.156212457944458
6|2571|1|276.6666666666667|1.2971892523654038|6|2571|2|316.0|1.2269914145670484
6|3999|1|344.5|1.0761482078474485|6|3999|2|319.5|1.2811145423197692
6|6153|1|392.25|1.172446878556866|6|6153|2|254.5|1.5496503760800164
6|6597|1|279.75|1.0420344877250332|6|6597|2|303.5|1.0504268132388008
6|6609|1|212.5|1.1679740244540149|6|6609|2|292.75|1.0179157184526642
6|6657|1|335.5|1.1447194685729998|6|6657|2|321.75|1.123798154328134
6|7173|1|193.66666666666666|1.2709616820176974|6|7173|2|245.0|1.0837637842375938
6|7265|1|263.0|1.0100098035105216|6|7265|2|356.25|1.0295400944070061
6|7547|1|397.75|1.0326757492217322|6|7547|2|322.25|1.0627427619289898
6|8229|1|249.5|1.6250565133099584|6|8229|2|388.0|1.171863504596374
6|9199|1|324.5|1.0130928736918936|6|9199|2|376.25|1.014854118736038
6|9295|1|391.75|1.0201045844573862|6|9295|2|265.75|1.0403789674468849
6|9391|1|433.75|1.050204827468306|6|9391|2|327.75|1.1168753404053118
6|10927|1|304.5|1.1978853296643495|6|10927|2|427.0|1.0472024682742311
6|11563|1|412.0|1.2322880312911193|6|11563|2|171.33333333333334|1.0345128364273255
6|12121|1|347.0|1.2036706523182852|6|12121|2|211.0|1.271617944388779
6|12187|1|262.5|1.016900274265109|6|12187|2|244.66666666666666|1.2849939505257462
6|12503|1|333.5|1.0083778656206444|6|12503|2|302.0|1.4071120527697485
6|12675|1|381.5|1.0699625777094184|6|12675|2|404.25|1.0713247660797307
6|12683|1|366.25|1.032735104591039|6|12683|2|259.3333333333333|1.0374494554332865
6|12719|1|382.0|1.1330906212506213|6|12719|2|266.0|1.22127036714445
6|13281|1|343.25|1.2849559381538904|6|13281|2|253.66666666666666|1.3381213735374327
6|13393|1|214.5|1.4940809725572683|6|13393|2|363.75|1.0686425529781192
6|13963|1|338.25|1.1412504262328493|6|13963|2|285.5|1.3870800822182927
6|16819|1|207.0|1.0827939619914695|6|16819|2|432.3333333333333|1.0207051652018913
6|16981|1|313.6666666666667|1.3070125146893405|6|16981|2|285.3333333333333|1.3851101048726475
6|17257|1|245.5|1.5097333498024479|6|17257|2|222.25|1.0136050501292593
6|17415|1|438.75|1.1160264327180807|6|17415|2|313.0|1.2124842673545106
6|17707|1|280.5|1.0910663617368248|6|17707|2|221.5|1.1396709746437808
6|17799|1|355.5|1.220140416974251|6|17799|2|262.5|1.0432741066843385
6|18061|1|176.75|1.237227389884675|6|18061|2|175.66666666666666|1.0665132611993988
6|18165|1|343.25|1.0580300315092364|6|18165|2|292.75|1.3351150776791947
6|18325|1|417.75|1.1399961667523224|6|18325|2|304.75|1.2416461432987589
6|18389|1|269.5|1.6824706805306928|6|18389|2|391.6666666666667|1.018561283959205
6|18987|1|381.25|1.1793100651174653|6|18987|2|508.5|1.0800996540107952
6|19739|1|358.75|1.0641304370942999|6|19739|2|391.75|1.1009174701118931
6|19921|1|200.33333333333334|1.0712980662939275|6|19921|2|439.0|1.1295029439031603
6|19975|1|403.0|1.063195565437328|6|19975|2|309.25|1.1812545075575334
6|21751|1|372.25|1.0316985935744585|6|21751|2|272.3333333333333|1.0171447003491312
6|23179|1|337.5|1.057835873495398|6|23179|2|366.25|1.0833923605328237
6|23845|1|142.66666666666666|1.2693755578733856|6|23845|2|170.33333333333334|1.4357698701800117
6|24065|1|271.25|1.0840480748119394|6|24065|2|369.75|1.0482124451069874
6|24405|1|408.6666666666667|1.057176489311504|6|24405|2|108.75|1.0394296365125348
6|24689|1|308.75|1.224061199769252|6|24689|2|268.3333333333333|1.0288504437480106
6|24693|1|310.75|1.1858028654142254|6|24693|2|234.0|1.0632183193191127
6|24737|1|332.5|1.1924714054596295|6|24737|2|385.75|1.113077371447473
6|24819|1|288.0|1.0128617641066822|6|24819|2|192.25|1.1080534579367696
6|25207|1|305.5|1.3996518967551064|6|25207|2|241.5|1.0837871569389084
6|25981|1|225.75|1.0542100547574402|6|25981|2|388.25|1.0183435192917083
6|26385|1|242.33333333333334|1.3596665988294665|6|26385|2|298.0|1.2091779506371563
6|27017|1|359.75|1.012878181713658|6|27017|2|230.75|1.2364801961552898
6|27203|1|332.5|1.1735092726689973|6|27203|2|394.75|1.0636556243053394
6|27403|1|426.6666666666667|1.0031286506942916|6|27403|2|324.75|1.262738358395267
6|27517|1|380.25|1.0644281141454115|6|27517|2|226.75|1.1627420461075013
6|27809|1|279.75|1.0264094120054215|6|27809|2|191.75|1.3296102915491
6|28141|1|363.5|1.0458275113093791|6|28141|2|384.25|1.0404127119123818
6|28811|1|322.0|1.4799692617942677|6|28811|2|335.0|1.0148858640246716
6|29391|1|301.75|1.1843321897027252|6|29391|2|384.75|1.0509614347856868
6|29407|1|280.75|1.284182404700775|6|29407|2|321.5|1.0072463071463018
6|29523|1|252.25|1.0079223078620587|6|29523|2|386.75|1.0528545540147916
6|29651|1|348.25|1.0338634235585022|6|29651|2|407.75|1.0743674766620708
6|29731|1|458.25|1.0599866234067588|6|29731|2|381.75|1.1671254174689878
6|30433|1|207.75|1.2809180388442152|6|30433|2|357.5|1.0918613977431346
6|30929|1|458.0|1.0899942958901803|6|30929|2|478.0|1.0503050515532402
6|31543|1|342.0|1.2757543719004159|6|31543|2|269.0|1.0300685261599287
6|31733|1|347.0|1.1829997507754495|6|31733|2|169.75|1.0677253565489264
6|32237|1|286.0|1.0149079483748795|6|32237|2|401.0|1.026803753105983
6|33153|1|370.0|1.042865076396543|6|33153|2|246.33333333333334|1.0758189284250164
6|36671|1|350.75|1.1361010769808255|6|36671|2|354.75|1.0014240732040205
6|36921|1|441.25|1.0566374264930556|6|36921|2|210.5|1.000452200930052
6|38009|1|133.5|1.7254986912667836|6|38009|2|485.5|1.0449733015186673
6|38143|1|324.75|1.0645902572982375|6|38143|2|224.0|1.1642174698813237
6|38777|1|318.0|1.0680842800905157|6|38777|2|309.75|1.121968474378851
6|39579|1|339.5|1.07814314602244|6|39579|2|325.75|1.1110480738329582
6|39695|1|402.25|1.0922420282039245|6|39695|2|169.0|1.2247806056388881
6|40551|1|234.33333333333334|1.366778009479666|6|40551|2|322.0|1.3938968562698641
6|41267|1|365.75|1.2168293469266276|6|41267|2|387.75|1.0691308441697491
6|41271|1|391.5|1.0710612568327627|6|41271|2|357.0|1.0368939260377155
6|41419|1|474.5|1.069599663715798|6|41419|2|264.5|1.2193603038291443
6|41681|1|456.6666666666667|1.076288696096246|6|41681|2|315.5|1.0647387982760113
6|41733|1|179.0|1.0507843787464897|6|41733|2|267.25|1.5368776364163796
6|42029|1|348.5|1.163145543591034|6|42029|2|293.5|1.4969280447299287
6|42345|1|148.25|1.1197758986178645|6|42345|2|359.75|1.01610246322165
6|42851|1|407.75|1.1764633875581245|6|42851|2|282.25|1.0224177201687465
6|42913|1|241.25|1.0586671047738974|6|42913|2|159.0|1.0110539715077969
6|43623|1|314.25|1.347385116349426|6|43623|2|294.0|1.343708189726365
6|44099|1|400.5|1.0533880025103206|6|44099|2|323.25|1.2193376042874966
6|44377|1|263.25|1.1737394867835007|6|44377|2|489.75|1.0227669351199598
6|44423|1|381.25|1.030505659982397|6|44423|2|262.0|1.5011552764181946
6|45147|1|416.3333333333333|1.1506290576197684|6|45147|2|129.5|1.2030068551581656
6|45317|1|395.6666666666667|1.1547259437096111|6|45317|2|158.5|1.4177719803403444
6|45717|1|406.25|1.0688792043311894|6|45717|2|354.5|1.0825899794613603
6|46019|1|495.5|1.022700563907267|6|46019|2|425.0|1.257818180181247
6|46315|1|300.25|1.1706026515515175|6|46315|2|281.25|1.0539463757530374
6|46559|1|376.25|1.1431628013312105|6|46559|2|272.0|1.1416018385520703
6|46789|1|328.25|1.0143391592793143|6|46789|2|393.0|1.0249768996577722
6|47111|1|353.5|1.2220508756401325|6|47111|2|338.5|1.0733732648032057
6|47727|1|293.0|1.1328967555290803|6|47727|2|143.0|1.4050202355104178
6|48593|1|421.75|1.0527748404759198|6|48593|2|332.5|1.2906064133441735
6|48967|1|357.25|1.0327456765808518|6|48967|2|284.5|1.4544669363154072
6|49273|1|378.5|1.0060663036152244|6|49273|2|329.3333333333333|1.2796568751455075
6|49967|1|502.5|1.0081371531811045|6|49967|2|352.0|1.0658900100056068
6|51047|1|313.5|1.1657444855534733|6|51047|2|264.5|1.1027023134160387
6|51395|1|234.25|1.098993175609934|6|51395|2|279.5|1.1743546808731973
6|52153|1|424.3333333333333|1.1306025923288276|6|52153|2|254.33333333333334|1.3070679366062101
6|52625|1|484.5|1.009254158530697|6|52625|2|366.5|1.1550400500156095
6|53879|1|220.25|1.0671037823559226|6|53879|2|307.25|1.223217669560739
6|54069|1|310.25|1.2967668227865443|6|54069|2|475.0|1.0180872112514516
6|54193|1|292.25|1.3832117546033065|6|54193|2|365.75|1.0943683515240175
6|54673|1|361.5|1.1079807989121946|6|54673|2|419.5|1.1352824415994074
6|54701|1|271.5|1.3514818843039158|6|54701|2|334.0|1.0795423528453556
6|54889|1|356.0|1.0041994053647743|6|54889|2|308.5|1.1585704651220936
6|55925|1|405.75|1.049304520579342|6|55925|2|238.66666666666666|1.3673434011450494
6|56767|1|322.3333333333333|1.0855015007479099|6|56767|2|403.75|1.095738256609491
6|56953|1|263.0|1.3078447768960757|6|56953|2|434.5|1.055490409232358
6|57049|1|385.5|1.0721814287784868|6|57049|2|147.0|1.2329826412872087
6|57063|1|303.75|1.0303786069262024|6|57063|2|343.25|1.1441072198634972
6|57101|1|217.25|1.041994941173176|6|57101|2|413.6666666666667|1.1045196943256097
6|57257|1|481.5|1.0761876015315723|6|57257|2|291.6666666666667|1.3824003968253398
6|57547|1|287.5|1.2610586564857593|6|57547|2|192.25|1.0058476226256385
6|57769|1|373.5|1.2424823686188409|6|57769|2|113.66666666666667|1.3587842917502118
6|57919|1|139.0|1.0195287894096832|6|57919|2|372.75|1.0179578310365158
6|58731|1|329.5|1.0450803779582085|6|58731|2|384.5|1.086452920471712
6|59125|1|190.0|1.0815245216169285|6|59125|2|501.5|1.0014318646472158
6|60079|1|326.25|1.045809426177373|6|60079|2|303.0|1.1335820961993361
6|60299|1|335.25|1.340609060643844|6|60299|2|339.0|1.5182888276413626
6|60467|1|410.6666666666667|1.0409591682909143|6|60467|2|277.5|1.0437622861457732
6|60609|1|380.0|1.137773741071825|6|60609|2|421.0|1.0756896012906172
6|60995|1|293.5|1.1896274214489975|6|60995|2|389.5|1.0981576199611294
6|61769|1|332.75|1.3013116482789757|6|61769|2|152.75|1.0578099856343746
6|62109|1|324.5|1.3859325338075057|6|62109|2|325.0|1.132917895780573
6|62499|1|319.0|1.2324786726568528|6|62499|2|328.5|1.1836825785427854
6|63359|1|304.5|1.0303982753289052|6|63359|2|355.5|1.0417362410768858
6|63671|1|215.5|1.110348819078765|6|63671|2|451.3333333333333|1.069741133171673
6|64701|1|244.66666666666666|1.0293751780606255|6|64701|2|334.25|1.2098046253612857
6|64937|1|237.25|1.2718873831145103|6|64937|2|330.5|1.115037860892808
6|65103|1|328.75|1.3089803738947963|6|65103|2|357.25|1.0463803042297584
6|66617|1|301.25|1.00342852170579|6|66617|2|343.0|1.3000322227869168
6|67637|1|271.75|1.1004887803840402|6|67637|2|238.5|1.0373581394793852
6|68579|1|266.75|1.2092451474714068|6|68579|2|241.5|1.0813956144004404
6|68629|1|453.0|1.083293832546278|6|68629|2|219.25|1.4078726146913116
6|69075|1|403.0|1.06760326737553|6|69075|2|318.0|1.2216202026265
6|69281|1|284.5|1.234120548475072|6|69281|2|299.3333333333333|1.4115651448494957
6|69309|1|301.25|1.0424976288806467|6|69309|2|334.5|1.3158501277444594
6|69475|1|178.0|1.4465973961084124|6|69475|2|282.5|1.1789842728948579
6|69845|1|370.25|1.017525909485806|6|69845|2|413.5|1.1269247129430104
6|70549|1|283.5|1.089627413837283|6|70549|2|366.5|1.1489394095785692
6|70563|1|238.5|1.1263436436493466|6|70563|2|411.0|1.0627006382899153
6|70639|1|246.5|1.0629964478318152|6|70639|2|335.0|1.3498479737506761
6|70697|1|428.0|1.0211037775681806|6|70697|2|237.75|1.4458313098653177
6|71009|1|182.0|1.1988519109042914|6|71009|2|340.5|1.2828869309984143
6|71851|1|235.33333333333334|1.1280195722015127|6|71851|2|476.5|1.0502863666886135
6|72281|1|151.75|1.6272223773263534|6|72281|2|160.5|1.3987920538196865
6|73347|1|214.66666666666666|1.0793422301128|6|73347|2|353.25|1.0667718794792096
6|73671|1|312.3333333333333|1.05497276843252|6|73671|2|284.0|1.1364824137067335
6|73965|1|352.0|1.454237471833081|6|73965|2|165.5|1.2281329076828624
6|74581|1|323.75|1.3072593539843302|6|74581|2|389.3333333333333|1.0827541699138146
6|74791|1|279.25|1.1760745314235725|6|74791|2|162.33333333333334|1.1065228116077828
6|75063|1|484.5|1.064394637217039|6|75063|2|446.75|1.0888271613719267
6|75367|1|413.0|1.2772437258236429|6|75367|2|287.5|1.250519035278129
6|76261|1|184.0|1.32966818636166|6|76261|2|314.0|1.2554477822032666
6|76851|1|248.0|1.4297923140772513|6|76851|2|412.0|1.2360089849806775
6|77021|1|387.0|1.2174025846072036|6|77021|2|306.25|1.3432634250891688
6|77137|1|248.75|1.0286345830730994|6|77137|2|259.0|1.211342402938726
6|77297|1|361.6666666666667|1.204458789321855|6|77297|2|280.0|1.3728786976158334
6|77411|1|340.75|1.0045043206579174|6|77411|2|352.0|1.1194443572169894
6|77557|1|463.75|1.0731648557843|6|77557|2|273.75|1.098348840654831
6|77791|1|142.75|1.0846367642147918|6|77791|2|306.25|1.002469808554021
6|77961|1|310.5|1.0594866883166658|6|77961|2|413.25|1.0033769663587673
6|79137|1|357.0|1.2265485625908559|6|79137|2|425.25|1.061139691333285
6|79875|1|406.3333333333333|1.2584940926427108|6|79875|2|325.25|1.3169816485529156
6|80241|1|275.0|1.2251793594449416|6|80241|2|321.0|1.046490973288817
6|80787|1|360.25|1.1361591550630679|6|80787|2|212.0|1.1054353721726802
6|82529|1|267.25|1.2273965270035914|6|82529|2|298.25|1.2401934893057023
6|82625|1|398.75|1.0889180596022683|6|82625|2|281.0|1.1465114858529912
6|82743|1|246.75|1.012984109705466|6|82743|2|401.5|1.0073141848666154
6|83145|1|365.25|1.148896003731436|6|83145|2|239.0|1.396769037325763
6|84325|1|468.75|1.024473038887509|6|84325|2|251.5|1.4283100926759462
6|84441|1|326.75|1.048026241044354|6|84441|2|130.66666666666666|1.6990198101509288
6|84593|1|219.0|1.3332082258187878|6|84593|2|332.75|1.2731387883329852
6|84707|1|397.5|1.018229994146148|6|84707|2|311.5|1.087066529647978
6|84933|1|361.5|1.0099471032321337|6|84933|2|311.75|1.1629558639805408
6|85541|1|368.3333333333333|1.0481056336159351|6|85541|2|362.5|1.04973763779552
6|85543|1|334.3333333333333|1.514476977094888|6|85543|2|373.75|1.071747814710419
6|85883|1|405.75|1.0839640873572243|6|85883|2|344.25|1.1266794574310368
6|86477|1|149.25|1.1977178026007713|6|86477|2|151.75|1.0427472847337913
6|87093|1|330.75|1.339659703970566|6|87093|2|385.6666666666667|1.0224934626958033
6|87199|1|243.0|1.2069148075551082|6|87199|2|343.0|1.0489713267654497
6|87787|1|418.75|1.0265349461626603|6|87787|2|483.0|1.3966456920330566
6|88241|1|404.3333333333333|1.1212450278445891|6|88241|2|276.0|1.3488094433661701
6|88789|1|220.5|1.0966338997536522|6|88789|2|131.66666666666666|1.071944893560745
6|89771|1|456.25|1.067742061268258|6|89771|2|368.25|1.0104348089572845
6|89863|1|417.0|1.0011638587135492|6|89863|2|277.25|1.1874907408488748
6|91449|1|269.75|1.602001583629603|6|91449|2|252.25|1.0715718356034003
6|93041|1|322.0|1.0681363889242736|6|93041|2|237.33333333333334|1.071636576469028
6|93403|1|309.0|1.4887681129124808|6|93403|2|381.25|1.0760992059425512
6|93537|1|225.66666666666666|1.0889619463743088|6|93537|2|440.0|1.1924391628191324
6|93719|1|355.5|1.2033453680581865|6|93719|2|264.0|1.458784201587523
6|95289|1|418.5|1.006875753785054|6|95289|2|132.75|1.5470080970904838
6|96093|1|266.0|1.1598338415952834|6|96093|2|269.5|1.4951162307159533
6|96187|1|346.75|1.1926784746379506|6|96187|2|226.5|1.351534324458219
6|96487|1|302.6666666666667|1.1134524633109977|6|96487|2|343.75|1.0708889435775233
6|97631|1|305.75|1.2403595083037797|6|97631|2|200.75|1.3403137741894506
6|97969|1|248.33333333333334|1.0986009341120515|6|97969|2|412.0|1.0070427057250608
6|98197|1|405.0|1.0278032968074746|6|98197|2|324.5|1.3537417522109505
6|98307|1|298.0|1.023522939285152|6|98307|2|396.0|1.2284282916589755
6|99019|1|309.25|1.0925374539766937|6|99019|2|222.25|1.1029673201252586
6|100085|1|473.5|1.0795294274842255|6|100085|2|319.5|1.1751915518311635
6|100407|1|227.0|1.719871782628757|6|100407|2|307.0|1.2071352435062535
6|100911|1|169.33333333333334|1.338277234720786|6|100911|2|316.25|1.1836858262531675
6|101865|1|445.3333333333333|1.1175335195447635|6|101865|2|371.6666666666667|1.1100874896837445
7|373|1|434.25|1.10157894170039|7|373|2|250.5|1.2170062961832073
7|969|1|459.5|1.0183410249578773|7|969|2|307.5|1.1557624753090092
7|1247|1|265.75|1.3949526554426372|7|1247|2|359.6666666666667|1.1491311370830255
7|1733|1|405.0|1.058014367227577|7|1733|2|199.0|1.3396272415995787
7|1773|1|412.0|1.0408028120667516|7|1773|2|335.25|1.0895889822928364
7|1795|1|341.25|1.2383056081255002|7|1795|2|252.33333333333334|1.2558704848943834
7|3245|1|377.0|1.1626512418036694|7|3245|2|367.75|1.0483605317875129
7|3867|1|455.0|1.0164987623844284|7|3867|2|342.75|1.0823111594780501
7|4445|1|299.5|1.058434228791208|7|4445|2|305.0|1.0246937652539854
7|5027|1|276.75|1.4891857605204575|7|5027|2|393.75|1.034434397412306
7|5757|1|322.75|1.113753173806146|7|5757|2|305.25|1.2606991809084591
7|5859|1|432.0|1.1545775590444793|7|5859|2|218.0|1.122551202359621
7|6109|1|264.75|1.0332065533854105|7|6109|2|322.0|1.0433211209689086
7|7295|1|323.0|1.1567269487405505|7|7295|2|217.25|1.0239312213519818
7|7497|1|284.25|1.0582445052068288|7|7497|2|176.0|1.6631785986370156
7|7655|1|254.5|1.0042476910684792|7|7655|2|444.0|1.0578762736343161
7|8501|1|378.3333333333333|1.1104478258980932|7|8501|2|331.0|1.033259129357499
7|8859|1|362.75|1.051050000095742|7|8859|2|226.66666666666666|1.0131445788811502
7|9159|1|422.5|1.0230229063212954|7|9159|2|301.5|1.2536275077576928
7|9401|1|488.5|1.3881584506814721|7|9401|2|339.25|1.1862038635789882
7|9525|1|158.75|1.0342017368385137|7|9525|2|229.5|1.4214791692428732
7|9745|1|342.0|1.0484511966008376|7|9745|2|326.0|1.2296673328210372
7|9769|1|198.66666666666666|1.290961011889662|7|9769|2|364.3333333333333|1.0205571451744788
7|9953|1|230.0|1.1518046988410022|7|9953|2|225.33333333333334|1.0399618707206442
7|10051|1|337.0|1.0773788360624956|7|10051|2|399.75|1.124410115542873
7|10395|1|271.5|1.0164744926302194|7|10395|2|377.25|1.1405761922563247
7|11391|1|459.3333333333333|1.0172112925972985|7|11391|2|313.25|1.1142141347389536
7|11505|1|543.0|1.1199112924869814|7|11505|2|241.25|1.1115682403868739
7|11695|1|541.0|1.014260373753717|7|11695|2|308.25|1.0908587770128984
7|11761|1|325.75|1.3188554859495618|7|11761|2|346.75|1.0513082911047713
7|12247|1|334.0|1.2743311284829455|7|12247|2|196.0|1.046017914625566
7|13671|1|292.0|1.290231109436039|7|13671|2|375.25|1.0562726391784527
7|13677|1|460.75|1.0291380070949663|7|13677|2|260.75|1.004527299423678
7|13987|1|356.75|1.0926210877187492|7|13987|2|157.5|1.0294659380367546
7|14783|1|301.0|1.0155141409853257|7|14783|2|243.0|1.0867470513345372
7|15213|1|365.25|1.201866342150579|7|15213|2|403.0|1.238959083659404
7|16029|1|373.25|1.1176352161172116|7|16029|2|96.33333333333333|1.2850327822921384
7|16083|1|534.0|1.0699293617953751|7|16083|2|263.3333333333333|1.1227048906239168
7|17487|1|260.75|1.1560891453528472|7|17487|2|247.25|1.0180303288713444
7|17511|1|415.25|1.0984916115819459|7|17511|2|360.25|1.1573161815133672
7|17965|1|329.5|1.1405806458089414|7|17965|2|374.0|1.0692535321864975
7|17971|1|184.75|1.1225740516572595|7|17971|2|315.6666666666667|1.0263518963920444
7|18277|1|377.25|1.034792189687081|7|18277|2|397.5|1.051948414586697
7|18455|1|301.0|1.0939922393041095|7|18455|2|371.25|1.1350893632724122
7|18829|1|48.0|1.3258252147247767|7|18829|2|223.25|1.440614279105792
7|18857|1|347.6666666666667|1.0258030807804395|7|18857|2|315.25|1.092823404874611
7|19195|1|295.75|1.2073337985751034|7|19195|2|224.75|1.1146842335574707
7|19227|1|297.0|1.2592277494752349|7|19227|2|391.25|1.104303967560759
7|19241|1|330.5|1.1752219816507508|7|19241|2|242.0|1.2992303312304696
7|19563|1|163.0|1.8178222271143278|7|19563|2|347.75|1.0428860998565799
7|20731|1|332.5|1.2654818102342853|7|20731|2|284.25|1.2173006221963498
7|21195|1|364.0|1.021433842278231|7|21195|2|427.75|1.015443013381385
7|21219|1|283.0|1.4192195813386979|7|21219|2|382.25|1.0329794859379073
7|22795|1|435.6666666666667|1.0667257301423565|7|22795|2|320.75|1.0869900145782616
7|23379|1|321.0|1.0786226661703449|7|23379|2|345.5|1.0002153431493577
7|23601|1|458.75|1.0203053457965967|7|23601|2|417.6666666666667|1.01148178876696
7|24055|1|448.5|1.0855776444910907|7|24055|2|328.75|1.0900982641689687
7|24067|1|290.0|1.2535387878591788|7|24067|2|332.75|1.2677430463405568
7|24861|1|429.6666666666667|1.01881109497702|7|24861|2|419.3333333333333|1.0038877039867793
7|25979|1|420.0|1.0275375094532235|7|25979|2|284.5|1.3220203425063395
7|26281|1|316.0|1.258637306135949|7|26281|2|378.0|1.0138708407514088
7|28979|1|335.3333333333333|1.1479770647781404|7|28979|2|344.25|1.119903570321797
7|29481|1|285.75|1.323927807285205|7|29481|2|500.0|1.2925911960090088
7|29503|1|405.0|1.018026817339821|7|29503|2|361.0|1.0332323329479607
7|29529|1|356.75|1.009619573392811|7|29529|2|437.0|1.1270737237637356
7|29703|1|319.0|1.0278929465429636|7|29703|2|431.5|1.1880704898267602
7|29813|1|397.25|1.081774934723273|7|29813|2|351.0|1.1258260526043389
7|29979|1|394.25|1.038757430368128|7|29979|2|314.75|1.0332003506689387
7|30419|1|221.75|1.0990398695342647|7|30419|2|316.25|1.2713045346158114
7|30869|1|343.0|1.0302647650722985|7|30869|2|358.0|1.168704312913469
7|31253|1|219.75|1.177955197986928|7|31253|2|241.33333333333334|1.194932602102586
7|31389|1|345.0|1.5359666164194075|7|31389|2|201.25|1.010251836330769
7|31415|1|280.0|1.0831678314187547|7|31415|2|350.0|1.075407216021963
7|31831|1|161.0|1.0282583214336996|7|31831|2|379.6666666666667|1.2902572498841474
7|32777|1|439.0|1.0274030352798544|7|32777|2|417.6666666666667|1.129007660796482
7|33529|1|399.0|1.0728358948823666|7|33529|2|397.3333333333333|1.037280225821292
7|34159|1|296.5|1.322528348832194|7|34159|2|326.0|1.0108188148737096
7|34347|1|169.0|1.515659423014484|7|34347|2|377.75|1.2453358177907794
7|34419|1|388.0|1.083997046999076|7|34419|2|318.0|1.1242479213727237
7|34719|1|341.25|1.1265519181484978|7|34719|2|431.0|1.074934758840098
7|35109|1|339.0|1.0392150778362867|7|35109|2|302.0|1.213183457569664
7|36743|1|320.25|1.281937857566224|7|36743|2|360.0|1.2413652380830502
7|39055|1|463.25|1.085324427028751|7|39055|2|330.75|1.0051273174723108
7|39199|1|305.75|1.219380489877867|7|39199|2|232.5|1.0762747982382084
7|39397|1|456.5|1.0414891487384041|7|39397|2|286.0|1.1636337020321006
7|39473|1|260.5|1.089789777369844|7|39473|2|398.0|1.056820677485861
7|39573|1|357.6666666666667|1.1477305878265323|7|39573|2|416.75|1.035993322470291
7|39865|1|286.75|1.0332840279536084|7|39865|2|274.0|1.3894264918182513
7|40157|1|418.75|1.018638102357586|7|40157|2|418.0|1.0832874724892585
7|40215|1|328.3333333333333|1.249697533556874|7|40215|2|250.0|1.170877733440459
7|40639|1|325.75|1.178811116952896|7|40639|2|379.0|1.3843620887609982
7|40747|1|245.0|1.2943731748875162|7|40747|2|215.5|1.0754220926190907
7|41049|1|377.75|1.039022258273788|7|41049|2|263.25|1.3271823807387382
7|41333|1|340.5|1.1384367620061593|7|41333|2|366.5|1.1035578523320109
7|41915|1|294.25|1.280886487784595|7|41915|2|167.25|1.358521010621123
7|42011|1|287.0|1.3471124101112895|7|42011|2|421.0|1.0902923318510507
7|42049|1|175.25|1.028396450167979|7|42049|2|205.0|1.0043806488602207
7|42345|1|351.75|1.1342354307881013|7|42345|2|276.75|1.0191041873535573
7|42659|1|411.0|1.0662228758125691|7|42659|2|315.25|1.2857538964119894
7|42859|1|199.75|1.4075591917221182|7|42859|2|220.5|1.5179245139900492
7|42995|1|379.3333333333333|1.053704678679783|7|42995|2|286.0|1.4102342559280088
7|43079|1|374.3333333333333|1.0361868479561511|7|43079|2|352.25|1.0233184873523478
7|43561|1|373.0|1.0568920920689928|7|43561|2|367.3333333333333|1.0719225506007029
7|43647|1|265.0|1.5124404021633777|7|43647|2|391.3333333333333|1.230361314957973
7|44441|1|305.75|1.289498570979492|7|44441|2|388.0|1.1394988344852208
7|45115|1|196.25|1.0803779523573949|7|45115|2|309.75|1.1806667347922573
7|46575|1|242.0|1.095547988195985|7|46575|2|392.5|1.0166818247296487
7|47359|1|273.6666666666667|1.5090305001238582|7|47359|2|470.5|1.0280522797312837
7|47619|1|211.0|1.2717209776962843|7|47619|2|482.25|1.0350596998685104
7|47855|1|251.0|1.1097888285383433|7|47855|2|105.0|1.4442316256965608
7|47995|1|349.5|1.0496166499375272|7|47995|2|341.6666666666667|1.433146490688082
7|48059|1|285.5|1.1274487775958977|7|48059|2|329.0|1.060733662192039
7|48063|1|402.6666666666667|1.2777199218777218|7|48063|2|365.5|1.1417052317017728
7|48519|1|187.75|1.4202998776531137|7|48519|2|480.0|1.011579371119278
7|49067|1|418.0|1.0419092877708371|7|49067|2|295.5|1.0082879891660022
7|49991|1|375.5|1.1440957678298127|7|49991|2|254.0|1.2051489139387754
7|50097|1|347.5|1.236462745959977|7|50097|2|437.0|1.107992675206581
7|50239|1|388.25|1.0434112309327217|7|50239|2|338.0|1.1134995764152482
7|50861|1|307.0|1.4817410203970656|7|50861|2|263.75|1.0433104353429072
7|50901|1|171.75|1.051171918475598|7|50901|2|383.75|1.0860883807828374
7|51199|1|329.25|1.1264645719725679|7|51199|2|235.25|1.3263911519603866
7|51447|1|320.25|1.3082929181531315|7|51447|2|377.25|1.0653609842252256
7|51913|1|217.75|1.013482721974149|7|51913|2|321.6666666666667|1.0095748223458636
7|52757|1|380.25|1.0615284525597903|7|52757|2|334.6666666666667|1.18040117375454
7|53015|1|335.25|1.0825600381237768|7|53015|2|331.75|1.210881660129272
7|53235|1|415.25|1.0962878943271543|7|53235|2|447.25|1.0108980509850198
7|53395|1|329.5|1.079260595834706|7|53395|2|372.5|1.0137051623816504
7|53565|1|267.5|1.162644869491708|7|53565|2|256.0|1.1020564421538075
7|53627|1|345.75|1.177560549958959|7|53627|2|375.6666666666667|1.330605984710452
7|53735|1|329.0|1.0916523851703306|7|53735|2|401.5|1.030731096740175
7|53931|1|97.0|1.475163713531359|7|53931|2|181.25|1.66401545771655
7|54069|1|339.25|1.0739840150994135|7|54069|2|387.25|1.1753315361694041
7|54327|1|275.25|1.2019717967737926|7|54327|2|240.25|1.1475981100487558
7|54331|1|409.3333333333333|1.1701988398691194|7|54331|2|418.5|1.0291457498603034
7|54437|1|338.75|1.0965147321230666|7|54437|2|365.0|1.1108882410286804
7|55073|1|384.0|1.2601476124678146|7|55073|2|222.75|1.0202252732911625
7|55847|1|214.25|1.0201641268290533|7|55847|2|467.5|1.010363336667999
7|56131|1|304.3333333333333|1.5911261547111561|7|56131|2|363.25|1.2242551238387696
7|56773|1|315.25|1.0595537683155747|7|56773|2|318.75|1.0582191448629163
7|57061|1|227.33333333333334|1.4593524237902071|7|57061|2|446.5|1.095464117512049
7|57137|1|226.5|1.0708062955716813|7|57137|2|401.75|1.0142329730197042
7|57397|1|361.5|1.18034052044159|7|57397|2|334.25|1.1411599574544848
7|57405|1|380.75|1.0329791571313538|7|57405|2|271.0|1.0486761998469643
7|57617|1|253.75|1.4513110070459305|7|57617|2|334.25|1.1046067914279876
7|57963|1|259.5|1.1801663323659712|7|57963|2|250.5|1.0380495343685574
7|58001|1|346.75|1.2384363864006194|7|58001|2|289.25|1.0418271289104404
7|58011|1|257.0|1.0848195062269592|7|58011|2|87.0|1.0254393990662503
7|58037|1|338.5|1.0482755659433718|7|58037|2|186.33333333333334|1.2769237786522962
7|58757|1|287.5|1.1900380448557764|7|58757|2|421.0|1.1042312277171638
7|59039|1|295.5|1.006051776743335|7|59039|2|228.33333333333334|1.4121784455461381
7|60271|1|132.0|1.2139663985861533|7|60271|2|334.25|1.3317127373186237
7|60813|1|171.0|1.0910364644612398|7|60813|2|425.6666666666667|1.104740840790148
7|62325|1|336.5|1.0524857383119965|7|62325|2|254.5|1.1439359523208505
7|62349|1|262.0|1.1484427755925304|7|62349|2|356.5|1.1671667351729877
7|62397|1|459.6666666666667|1.0108428533256606|7|62397|2|231.66666666666666|1.0382558740887076
7|62445|1|276.75|1.1410407280882104|7|62445|2|479.0|1.0510150158257816
7|62577|1|409.0|1.0800445799400555|7|62577|2|378.75|1.0810613099284558
7|63995|1|315.0|1.119193581234637|7|63995|2|357.75|1.0214745109941705
7|64051|1|409.25|1.0108555146845462|7|64051|2|319.75|1.1652412701695587
7|64281|1|306.5|1.3329762399186682|7|64281|2|406.25|1.0388535632312499
7|64439|1|281.25|1.6355024145956336|7|64439|2|437.75|1.036006305493383
7|64523|1|301.75|1.5542499950514534|7|64523|2|402.6666666666667|1.1692097641241006
7|64901|1|169.25|1.213605041903463|7|64901|2|393.0|1.0140707331630743
7|64953|1|395.25|1.0281953325116293|7|64953|2|366.25|1.0348360001005104
7|65087|1|143.66666666666666|1.304753239684576|7|65087|2|305.75|1.0178643087731964
7|65527|1|357.75|1.014787664627814|7|65527|2|284.75|1.1347228746816638
7|66095|1|279.0|1.1291062159312053|7|66095|2|305.5|1.2068383609429527
7|67463|1|291.0|1.0223526522777953|7|67463|2|266.75|1.1476329873198685
7|67515|1|268.25|1.3065283266908958|7|67515|2|185.75|1.530025550804666
7|67645|1|280.5|1.116077120257244|7|67645|2|384.75|1.0017200591604303
7|67883|1|277.0|1.014018523806109|7|67883|2|213.0|1.0873182676800128
7|68031|1|255.66666666666666|1.18718331414933|7|68031|2|265.0|1.5988900861332849
7|68769|1|283.25|1.4422608978904117|7|68769|2|410.5|1.3211958615592738
7|69487|1|310.75|1.4051231402852544|7|69487|2|351.75|1.0191606881395205
7|69811|1|272.5|1.0887008211064435|7|69811|2|370.5|1.0949618733439133
7|70191|1|150.5|1.0550705566981462|7|70191|2|316.25|1.013280866765274
7|70251|1|249.5|1.2059466872213012|7|70251|2|107.75|1.178431996380864
7|71709|1|445.3333333333333|1.0903381736045892|7|71709|2|80.5|1.3703126554867031
7|72343|1|286.75|1.0278082770791612|7|72343|2|358.25|1.1610691477660897
7|72389|1|403.3333333333333|1.0854474475829685|7|72389|2|370.0|1.1162543893304686
7|72759|1|318.25|1.0924573024480417|7|72759|2|325.0|1.5780866251412513
7|73067|1|422.5|1.3874355540914742|7|73067|2|349.25|1.15585784862569
7|73195|1|251.66666666666666|1.598291377502213|7|73195|2|341.25|1.0362538309572855
7|73547|1|366.75|1.105949147583947|7|73547|2|339.25|1.0525906407098986
7|73965|1|311.5|1.1682173722602816|7|73965|2|305.0|1.1190563076174416
7|74167|1|293.75|1.0455641569109908|7|74167|2|371.0|1.134479542088138
7|74803|1|302.25|1.0904851123278891|7|74803|2|377.25|1.0981289212637992
7|74901|1|285.25|1.2903357340027017|7|74901|2|381.0|1.0587311855730557
7|74931|1|348.5|1.2693471858967342|7|74931|2|257.25|1.0468158034356012
7|75743|1|251.5|1.3843127599187828|7|75743|2|308.75|1.0229738742136179
7|76487|1|390.0|1.0516759737270132|7|76487|2|351.75|1.0855504023676767
7|76731|1|361.0|1.4058164922285914|7|76731|2|239.0|1.66088585065578
7|76819|1|160.75|1.2186747980479693|7|76819|2|303.0|1.0602812117582954
7|76895|1|349.0|1.0593326397344058|7|76895|2|360.0|1.1842654127775727
7|77213|1|240.25|1.2316485316951857|7|77213|2|320.0|1.3655999711665199
7|77397|1|390.75|1.019146263797704|7|77397|2|241.5|1.173480262441721
7|77755|1|319.75|1.3057874843487451|7|77755|2|371.25|1.1788451481909137
7|78167|1|138.33333333333334|1.0902329685340735|7|78167|2|359.0|1.1252102841672396
7|78195|1|163.66666666666666|1.1985739054899056|7|78195|2|343.0|1.0031273082901568
7|78327|1|466.0|1.0285769849939888|7|78327|2|328.75|1.3072993163586222
7|78891|1|315.25|1.1051532279422236|7|78891|2|226.5|1.1381569636141025
7|78979|1|324.5|1.137042183351808|7|78979|2|349.5|1.0330652950778647
7|79101|1|266.25|1.2746969098035523|7|79101|2|373.0|1.0942476744139538
7|79215|1|373.3333333333333|1.1083407258333586|7|79215|2|353.5|1.0089523104350784
7|79565|1|302.25|1.019909365118246|7|79565|2|320.0|1.5172478425178269
7|79737|1|364.0|1.05362545290853|7|79737|2|351.6666666666667|1.0988611324932287
7|80027|1|343.75|1.1335364588672334|7|80027|2|68.0|1.3518217875625174
7|80281|1|245.5|1.1799112056751584|7|80281|2|298.0|1.121130175711858
7|81149|1|307.25|1.311215113602033|7|81149|2|247.75|1.1927255052602137
7|81221|1|359.0|1.084553187098466|7|81221|2|345.0|1.0991916858532125
7|81979|1|340.75|1.240122637631187|7|81979|2|321.75|1.1097105402787408
7|82029|1|306.5|1.109025011860105|7|82029|2|369.25|1.0107965655283226
7|82273|1|241.0|1.012193015949778|7|82273|2|175.66666666666666|1.164207371784801
7|82311|1|446.0|1.0208050119235483|7|82311|2|449.0|1.0538279526263625
7|82461|1|223.25|1.105584005608561|7|82461|2|139.33333333333334|1.2387886915128774
7|83113|1|315.25|1.1704390686725716|7|83113|2|377.5|1.0889844666896915
7|83119|1|311.5|1.2281451217494836|7|83119|2|369.25|1.1282936519571527
7|83391|1|287.25|1.2081570231908627|7|83391|2|417.0|1.0926851780945603
7|83953|1|338.25|1.1700829501413181|7|83953|2|98.0|1.3355657764995832
7|84127|1|356.0|1.0941507034676485|7|84127|2|315.0|1.0318974247901223
7|85367|1|263.0|1.114887857941461|7|85367|2|526.5|1.0623389628082793
7|85517|1|399.5|1.021263302898431|7|85517|2|486.25|1.0360241201514635
7|86107|1|278.5|1.0534158800985398|7|86107|2|327.5|1.081926182293313
7|86341|1|387.3333333333333|1.0449712243332925|7|86341|2|363.0|1.3347640480959282
7|86401|1|244.5|1.1332786464338713|7|86401|2|175.0|1.404575613151967
7|86777|1|431.3333333333333|1.1697349386760991|7|86777|2|385.5|1.0867577271138666
7|87221|1|318.0|1.245992217001533|7|87221|2|363.0|1.1281028174908718
7|87271|1|318.75|1.0119397933319547|7|87271|2|209.0|1.2360498019134583
7|87465|1|406.5|1.1106831720246826|7|87465|2|337.0|1.0228224513896422
7|88101|1|357.75|1.0345927093354939|7|88101|2|311.0|1.4535635235783961
7|89059|1|345.25|1.1310199414364512|7|89059|2|265.25|1.0611067004970707
7|89099|1|170.5|1.1813438816938293|7|89099|2|279.25|1.0915295973098647
7|89277|1|333.0|1.0123193944215867|7|89277|2|420.0|1.0323179123258706
7|90217|1|181.0|1.3222323099566273|7|90217|2|302.75|1.0174674888618531
7|90417|1|287.5|1.0333596354154055|7|90417|2|449.6666666666667|1.0556995456387528
7|90779|1|334.75|1.1845564261753025|7|90779|2|270.25|1.1845912247390695
7|91077|1|359.5|1.0213851537292513|7|91077|2|423.5|1.1104530550302645
7|91221|1|240.25|1.335316473196339|7|91221|2|280.5|1.548585024988682
7|91279|1|482.5|1.1474914190032472|7|91279|2|221.0|1.071175582736748
7|91951|1|217.0|1.605142619951578|7|91951|2|336.75|1.0479325084103257
7|92631|1|335.75|1.075968690487013|7|92631|2|409.25|1.0364340665570702
7|93035|1|231.0|1.1812656949822462|7|93035|2|352.75|1.1243329102790658
7|93529|1|259.0|1.3934426588894662|7|93529|2|261.0|1.0674332252394625
7|94891|1|361.0|1.2144216186583365|7|94891|2|348.25|1.2712941557811255
7|95279|1|181.75|1.0737191073950063|7|95279|2|334.5|1.1989706733363334
7|95871|1|342.5|1.0273293262648013|7|95871|2|410.25|1.0297656050068924
7|96389|1|367.3333333333333|1.3555483171327958|7|96389|2|177.66666666666666|1.3074325248487217
7|96727|1|344.75|1.0030622239517906|7|96727|2|336.3333333333333|1.3827882198438641
7|97405|1|399.5|1.1378687344193643|7|97405|2|153.0|1.0259980746628337
7|97569|1|449.3333333333333|1.0516734506991254|7|97569|2|333.25|1.27253833958087
7|97599|1|462.0|1.0738221547244855|7|97599|2|354.25|1.1595354806460025
7|98125|1|330.5|1.1175255917588083|7|98125|2|367.0|1.1232967961756832
7|98723|1|239.0|1.1289630278493317|7|98723|2|401.25|1.002541324297944
7|99383|1|323.0|1.2703436920798963|7|99383|2|314.6666666666667|1.1053491181570774
7|99429|1|347.0|1.006659221631569|7|99429|2|311.25|1.0187470864477672
7|99543|1|479.5|1.0153157820502|7|99543|2|360.75|1.1517160025658124
7|99657|1|251.25|1.5383530808620156|7|99657|2|355.75|1.2063482271175117
7|100327|1|253.75|1.1799270788394436|7|100327|2|301.75|1.1717151869516482
7|100721|1|465.75|1.0645180258478997|7|100721|2|214.0|1.1482846604885821
7|100817|1|386.6666666666667|1.0298830931195349|7|100817|2|390.25|1.00040873088311
7|100867|1|389.5|1.0425653928474787|7|100867|2|390.25|1.054479258025478
7|101163|1|364.0|1.0626791246041014|7|101163|2|390.0|1.0128843428983085
7|101195|1|96.25|1.3196407170025872|7|101195|2|310.0|1.2067994438497358
7|101447|1|456.5|1.004589965089129|7|101447|2|254.0|1.313740062503197
7|101483|1|405.5|1.0061581763572265|7|101483|2|265.75|1.140930254943978
8|99|1|308.25|1.0282321050952747|8|99|2|389.0|1.1910861028381388
8|1449|1|289.25|1.3076520338080428|8|1449|2|326.75|1.071794540932953
8|2235|1|388.5|1.0644063464732856|8|2235|2|314.75|1.1612216934164075
8|2467|1|311.75|1.0026144663807632|8|2467|2|322.75|1.270669002707808
8|2743|1|391.5|1.0561840871375126|8|2743|2|428.6666666666667|1.0494720512651647
8|3175|1|371.6666666666667|1.0335703219658696|8|3175|2|471.5|1.1712627701096365
8|3245|1|371.5|1.1219965127570972|8|3245|2|306.5|1.0896591789727774
8|3781|1|487.5|1.0457927984317965|8|3781|2|333.25|1.0713907397939726
8|4729|1|371.25|1.0231090584452296|8|4729|2|265.25|1.088872125303313
8|5427|1|307.75|1.3596681356463682|8|5427|2|396.0|1.0754117304996484
8|7133|1|417.25|1.1367902924612143|8|7133|2|323.75|1.1466197757337457
8|8171|1|375.3333333333333|1.120356749706995|8|8171|2|296.25|1.3401775591399718
8|8359|1|344.3333333333333|1.5940131848901282|8|8359|2|315.75|1.379401177526175
8|8585|1|430.25|1.0165159239835233|8|8585|2|344.5|1.0423028865347785
8|8799|1|382.75|1.0996302948667696|8|8799|2|464.6666666666667|1.0245198427840154
8|9401|1|378.0|1.017635155993338|8|9401|2|368.0|1.149584996417689
8|9493|1|344.25|1.089290728109938|8|9493|2|312.0|1.0482353705473895
8|9667|1|355.0|1.07712013880868|8|9667|2|378.75|1.1160030423361187
8|10057|1|234.0|1.1586084060316861|8|10057|2|331.75|1.0291041643994119
8|10065|1|416.5|1.0869369791152268|8|10065|2|334.25|1.0690815972189658
8|11745|1|370.5|1.046854279751318|8|11745|2|370.5|1.0080565167487041
8|13097|1|322.0|1.3070107392993382|8|13097|2|370.3333333333333|1.0314760530085794
8|13159|1|245.0|1.0674958598519506|8|13159|2|358.5|1.205779372861389
8|13229|1|322.25|1.2314151540987535|8|13229|2|131.25|1.047101748184312
8|14207|1|375.0|1.0260558067271577|8|14207|2|383.5|1.0049560816822989
8|14529|1|318.75|1.4001471151718503|8|14529|2|247.25|1.348788698812204
8|14693|1|393.5|1.2740500835101962|8|14693|2|398.5|1.0423501530961006
8|14723|1|353.75|1.0449054225536079|8|14723|2|67.33333333333333|1.0853106585517904
8|15465|1|303.0|1.0386867974822585|8|15465|2|367.0|1.4104785604428467
8|16143|1|262.0|1.020605262993232|8|16143|2|322.0|1.088130097004795
8|16411|1|523.5|1.2467231309172557|8|16411|2|397.75|1.1470668055277882
8|17241|1|159.5|1.6644282226714666|8|17241|2|334.25|1.1725417497104218
8|17311|1|326.3333333333333|1.2620006994303565|8|17311|2|375.25|1.0977285176008864
8|17671|1|404.6666666666667|1.0349698037496642|8|17671|2|297.0|1.267410315658223
8|17879|1|334.75|1.0677884584540687|8|17879|2|399.5|1.008203856352655
8|18389|1|214.75|1.2620692198030512|8|18389|2|375.75|1.131632282261159
8|18829|1|408.75|1.0299594915756642|8|18829|2|390.5|1.0591282230803503
8|18841|1|256.25|1.0750605680911405|8|18841|2|481.5|1.3172892683786774
8|18859|1|127.0|1.021095205455481|8|18859|2|391.3333333333333|1.1146270209390745
8|19119|1|442.75|1.0330347186044107|8|19119|2|258.0|1.304832166968339
8|19195|1|366.3333333333333|1.1682019687514658|8|19195|2|257.75|1.2712545540559788
8|19937|1|442.3333333333333|1.0415954513478771|8|19937|2|332.25|1.1992142453091317
8|19995|1|170.33333333333334|1.1402488129193507|8|19995|2|239.25|1.0387802190917423
8|20255|1|247.66666666666666|1.040801600103476|8|20255|2|447.0|1.029638665797494
8|20269|1|143.5|1.4121947350910011|8|20269|2|367.6666666666667|1.1509272213866528
8|20399|1|220.0|1.0430704040325345|8|20399|2|295.0|1.200966765600526
8|21401|1|191.5|1.642846179639589|8|21401|2|380.5|1.0357919800346982
8|22271|1|289.5|1.4470041679490147|8|22271|2|228.0|1.0386189641159647
8|22355|1|428.5|1.3086013476801217|8|22355|2|373.5|1.1263631712665003
8|22677|1|140.75|1.2352319625384844|8|22677|2|399.3333333333333|1.181485285878915
8|22893|1|76.25|1.2601258772646493|8|22893|2|317.5|1.0405258824531425
8|23283|1|362.5|1.1264960810101|8|23283|2|242.75|1.272980621913775
8|23519|1|377.5|1.0550420618727978|8|23519|2|272.6666666666667|1.4631842374412733
8|23705|1|422.25|1.0372359675280038|8|23705|2|332.25|1.1831272545121536
8|23779|1|267.75|1.0170320505917934|8|23779|2|478.75|1.01753667510483
8|24111|1|307.3333333333333|1.3046234653720827|8|24111|2|358.0|1.110273413363761
8|24279|1|350.25|1.0319777417251352|8|24279|2|375.75|1.0375086600345833
8|24733|1|266.3333333333333|1.3946062041716956|8|24733|2|306.5|1.1436776730003015
8|25593|1|275.6666666666667|1.0647539682125775|8|25593|2|366.75|1.040677833230249
8|25651|1|126.33333333333333|1.1431442189174228|8|25651|2|207.5|1.1051636764871453
8|25777|1|354.75|1.1922754346813644|8|25777|2|335.0|1.1409859614099338
8|26595|1|193.0|1.5455447006484788|8|26595|2|329.25|1.3250211213171643
8|26851|1|333.0|1.0495255624846453|8|26851|2|242.25|1.1402327290312142
8|27099|1|351.6666666666667|1.0677804001955227|8|27099|2|340.25|1.051333582986214
8|27219|1|211.33333333333334|1.3555137506815185|8|27219|2|325.75|1.209525265754729
8|27269|1|351.6666666666667|1.1016905480874375|8|27269|2|400.5|1.1605187645095523
8|27409|1|321.6666666666667|1.0556056094823218|8|27409|2|321.3333333333333|1.1139006854317026
8|27853|1|379.75|1.08994573724096|8|27853|2|403.6666666666667|1.22566192524755
8|28037|1|325.75|1.0686872075809983|8|28037|2|232.5|1.5013381577521474
8|28961|1|437.0|1.0907509346275168|8|28961|2|337.5|1.1582482081796015
8|28965|1|310.25|1.2780856100367184|8|28965|2|390.0|1.082379340231705
8|30217|1|367.25|1.0389660546564905|8|30217|2|277.0|1.063855489430559
8|30349|1|235.25|1.0816719410919269|8|30349|2|359.0|1.0430158690685036
8|30611|1|323.75|1.089465920901025|8|30611|2|222.75|1.3507977867427552
8|30629|1|285.75|1.3633341593744588|8|30629|2|355.0|1.017856833364857
8|31761|1|399.75|1.0130567687097263|8|31761|2|282.0|1.294831340286735
8|31989|1|321.0|1.359743199992278|8|31989|2|299.25|1.3518420353867404
8|32277|1|266.75|1.1953350931227114|8|32277|2|247.25|1.1306614635197068
8|32649|1|421.3333333333333|1.168313115552419|8|32649|2|425.6666666666667|1.09708581563048
8|32781|1|510.5|1.0926510296981033|8|32781|2|409.5|1.0413692194599464
8|32865|1|315.3333333333333|1.136335119362917|8|32865|2|365.0|1.0907573851386492
8|33083|1|457.5|1.0228830952314136|8|33083|2|303.6666666666667|1.0546322762842513
8|34987|1|172.75|1.3103251841225962|8|34987|2|318.0|1.2573151328530543
8|35051|1|370.25|1.134845242484274|8|35051|2|159.0|1.064845068531322
8|35213|1|235.0|1.243548615170246|8|35213|2|259.75|1.6021024375589514
8|35555|1|284.0|1.112720626670171|8|35555|2|366.0|1.0086544589560584
8|35563|1|348.6666666666667|1.0691487168904847|8|35563|2|393.0|1.0637867080365664
8|36345|1|293.3333333333333|1.3815583637315851|8|36345|2|321.25|1.0031346751911878
8|36549|1|461.0|1.056425114858769|8|36549|2|334.0|1.1753292640315431
8|36659|1|314.5|1.4499402652081423|8|36659|2|424.6666666666667|1.1122637316727804
8|36709|1|274.25|1.0863239643403524|8|36709|2|249.75|1.3102594563314431
8|37607|1|375.5|1.0143302164793393|8|37607|2|399.5|1.0084027061856267
8|37709|1|212.5|1.072456030668047|8|37709|2|288.0|1.524217231474661
8|37825|1|85.0|1.030402884218706|8|37825|2|363.0|1.1536177920015753
8|37839|1|388.75|1.0438815838707942|8|37839|2|128.33333333333334|1.1604199517832077
8|37951|1|234.75|1.4622539345889538|8|37951|2|369.75|1.034419120661223
8|38125|1|191.25|1.3387348404324126|8|38125|2|337.75|1.2474211349329498
8|38971|1|179.25|1.1114409661152103|8|38971|2|322.25|1.0387342337184913
8|40481|1|415.3333333333333|1.0261577733700218|8|40481|2|243.25|1.0901217427276002
8|40761|1|340.0|1.2350793464090404|8|40761|2|350.0|1.141216679778245
8|40939|1|291.5|1.5888992033658997|8|40939|2|309.6666666666667|1.140193056751607
8|40987|1|188.25|1.0813050966115572|8|40987|2|390.5|1.0243736652123585
8|41669|1|206.0|1.3063665099750494|8|41669|2|335.5|1.1159449157390777
8|42757|1|479.0|1.334497975349977|8|42757|2|355.75|1.1956616024990394
8|43221|1|427.0|1.0807736285049658|8|43221|2|419.6666666666667|1.0514857880715693
8|43817|1|332.0|1.2107759377013532|8|43817|2|212.66666666666666|1.261111812297047
8|43919|1|236.5|1.1347086297834428|8|43919|2|238.75|1.3466446268930279
8|44171|1|418.6666666666667|1.1113757081855893|8|44171|2|303.5|1.3126788868661088
8|44235|1|286.3333333333333|1.2155189044706542|8|44235|2|363.0|1.191656698051551
8|44601|1|282.6666666666667|1.2338755081368304|8|44601|2|419.5|1.1244644490440896
8|44781|1|373.25|1.0412733211746124|8|44781|2|219.75|1.217898976657087
8|44877|1|419.6666666666667|1.2204470792815445|8|44877|2|362.75|1.1601049008191608
8|45011|1|467.0|1.0025149227061598|8|45011|2|168.25|1.287937276710225
8|45211|1|284.25|1.0268364347731194|8|45211|2|249.5|1.1230100452089975
8|45289|1|343.25|1.1271114668393691|8|45289|2|189.75|1.6797097952828473
8|45719|1|239.25|1.1778005443494206|8|45719|2|208.75|1.03266130794891
8|45857|1|345.3333333333333|1.4522838324272183|8|45857|2|419.75|1.0024041343018382
8|46129|1|251.5|1.2000730737877594|8|46129|2|359.0|1.0964391246414131
8|46301|1|398.25|1.0454898307275735|8|46301|2|351.75|1.086356676355878
8|46765|1|329.25|1.137547095860084|8|46765|2|321.0|1.196237343989176
8|48073|1|289.6666666666667|1.648428716790055|8|48073|2|325.0|1.0744939637366555
8|48465|1|342.75|1.066199280888302|8|48465|2|348.5|1.2411858601119605
8|49289|1|470.5|1.212827146477245|8|49289|2|268.3333333333333|1.1758831934646652
8|49517|1|293.5|1.018971028032748|8|49517|2|267.5|1.0496820825621047
8|49861|1|296.25|1.246977200467927|8|49861|2|322.25|1.0806092761201609
8|49923|1|244.75|1.0685309235716296|8|49923|2|288.5|1.0931557630505082
8|50457|1|279.25|1.2381888992949972|8|50457|2|324.75|1.3037116094185086
8|50699|1|166.0|1.5095861489572333|8|50699|2|197.25|1.0321340069646439
8|50991|1|111.0|1.0530525772920136|8|50991|2|323.3333333333333|1.2746258508377133
8|51021|1|375.6666666666667|1.054436287495146|8|51021|2|264.0|1.4022657012959117
8|51291|1|237.33333333333334|1.0311791631338876|8|51291|2|321.25|1.0142300323918039
8|52981|1|270.75|1.1008255362810457|8|52981|2|466.3333333333333|1.040195118684307
8|53801|1|312.3333333333333|1.6823879138293112|8|53801|2|366.6666666666667|1.3901932204131355
8|53997|1|464.0|1.139904897257624|8|53997|2|249.75|1.0186623458946438
8|54445|1|305.0|1.0850461242828322|8|54445|2|346.75|1.0509786101721277
8|55759|1|326.25|1.166766757372199|8|55759|2|147.75|1.265505147614985
8|56097|1|219.33333333333334|1.2940165028106443|8|56097|2|517.0|1.1543484010085998
8|56101|1|289.25|1.0484638570665132|8|56101|2|375.75|1.0524718189300188
8|56863|1|347.75|1.1141157664381989|8|56863|2|341.0|1.1855972895663933
8|57089|1|327.25|1.0420194204015143|8|57089|2|256.25|1.2859168224120117
8|57533|1|283.6666666666667|1.2998349853998983|8|57533|2|175.5|1.4157719227910983
8|59213|1|332.75|1.1847517375981198|8|59213|2|478.5|1.2309716796831642
8|59387|1|357.0|1.0039766933311731|8|59387|2|350.75|1.238946833455137
8|59607|1|341.0|1.1025950990497475|8|59607|2|362.6666666666667|1.2100109644608534
8|59665|1|208.25|1.0957177582886382|8|59665|2|139.66666666666666|1.0095803917884236
8|59831|1|233.33333333333334|1.0040774016834701|8|59831|2|332.0|1.0300823168674
8|59983|1|424.75|1.043906473324515|8|59983|2|388.6666666666667|1.2853331349140529
8|60187|1|456.75|1.1377193868746858|8|60187|2|174.75|1.0493332245092821
8|60293|1|224.0|1.0296866370785973|8|60293|2|338.0|1.1640498612211525
8|60643|1|366.0|1.0876010156411795|8|60643|2|267.25|1.0018582424374114
8|60905|1|214.75|1.2620520386053131|8|60905|2|308.25|1.058048665486231
8|61465|1|341.3333333333333|1.0098813136399547|8|61465|2|337.0|1.5833384117742901
8|61673|1|318.3333333333333|1.0866855075853556|8|61673|2|291.0|1.0403313024004928
8|61727|1|277.25|1.278754874943623|8|61727|2|357.25|1.0937409005372056
8|62245|1|384.25|1.1587625640356765|8|62245|2|348.6666666666667|1.107766603268863
8|63415|1|226.0|1.0034724475725798|8|63415|2|339.5|1.2698419868175521
8|64439|1|271.75|1.3081255637983837|8|64439|2|345.0|1.6275536540680942
8|64993|1|357.25|1.2423234846498736|8|64993|2|301.6666666666667|1.0053839983901875
8|65025|1|186.5|1.358622569142229|8|65025|2|377.5|1.04280168124286
8|65449|1|370.5|1.1145726030010412|8|65449|2|423.6666666666667|1.0243530795594902
8|65457|1|259.6666666666667|1.007789666120692|8|65457|2|224.0|1.7167524725104515
8|65467|1|220.75|1.1997512140568485|8|65467|2|242.75|1.289733977293227
8|65949|1|411.25|1.0994581600939561|8|65949|2|332.0|1.1857297946348246
8|66613|1|269.0|1.0508112973581327|8|66613|2|279.5|1.1966422450849266
8|67625|1|298.0|1.0203218654705217|8|67625|2|347.5|1.2326079369822396
8|67715|1|303.25|1.1083348356712848|8|67715|2|308.5|1.016214779346282
8|67743|1|293.0|1.0808646150533134|8|67743|2|345.25|1.2672705058210343
8|68387|1|111.5|1.5710605163854898|8|68387|2|375.5|1.1200388999647082
8|68937|1|271.0|1.2251255941756898|8|68937|2|228.0|1.1082353520655561
8|69151|1|226.75|1.1981712306836636|8|69151|2|326.0|1.0924811205154417
8|69787|1|327.5|1.0630296559430361|8|69787|2|291.0|1.0243778176062142
8|69849|1|367.0|1.1924616028096344|8|69849|2|433.6666666666667|1.030746440098206
8|69909|1|258.25|1.1248656636546472|8|69909|2|360.5|1.1155007933496939
8|70923|1|422.6666666666667|1.215974015420474|8|70923|2|299.0|1.1373401328641817
8|71251|1|339.25|1.1543625031124438|8|71251|2|217.66666666666666|1.0932058687862398
8|71267|1|359.75|1.0983174637922748|8|71267|2|396.5|1.0032052258995419
8|71315|1|340.0|1.00846475069907|8|71315|2|381.75|1.0302821326056986
8|71421|1|392.3333333333333|1.0975005134158267|8|71421|2|243.0|1.207714350625157
8|71427|1|178.5|1.1923761408243743|8|71427|2|356.6666666666667|1.203918617135073
8|71947|1|458.75|1.0645838520168056|8|71947|2|533.0|1.1223496001572595
8|72267|1|350.3333333333333|1.592810567301848|8|72267|2|225.75|1.0093084252414306
8|72411|1|366.5|1.0054523981745371|8|72411|2|194.75|1.0401410961186648
8|72683|1|329.75|1.0049258070061777|8|72683|2|132.66666666666666|1.408102610175771
8|72857|1|259.5|1.3010769993648783|8|72857|2|359.3333333333333|1.3683827509836621
8|72985|1|321.6666666666667|1.2509828078152287|8|72985|2|230.25|1.0332658917624387
8|72999|1|252.25|1.5639514749391938|8|72999|2|319.75|1.1114482837076023
8|73145|1|305.75|1.292247005841528|8|73145|2|358.5|1.0066875658896761
8|73731|1|301.25|1.3996976801582162|8|73731|2|189.75|1.6010754999696588
8|74081|1|351.25|1.1828953094936758|8|74081|2|331.25|1.1477929456216174
8|74989|1|234.5|1.000176530866812|8|74989|2|309.75|1.1048283043613905
8|74999|1|299.75|1.1189776504092224|8|74999|2|288.0|1.651563999531149
8|76013|1|294.6666666666667|1.6145478649626215|8|76013|2|307.0|1.4862870110487265
8|76323|1|385.25|1.0559504962544852|8|76323|2|399.0|1.0709567717422082
8|76467|1|317.0|1.3106334929539039|8|76467|2|454.3333333333333|1.0242851365160743
8|76633|1|415.0|1.2370108991359845|8|76633|2|166.25|1.1247463559560436
8|76887|1|326.0|1.250665072046038|8|76887|2|397.25|1.0285024970790149
8|77217|1|331.25|1.3428372803702442|8|77217|2|401.6666666666667|1.049584549617294
8|77353|1|423.75|1.0848227681119518|8|77353|2|383.25|1.037197312400842
8|78025|1|413.0|1.0661894313942144|8|78025|2|302.5|1.0132631362910356
8|78071|1|341.0|1.0877617808081186|8|78071|2|448.0|1.08322039164671
8|78243|1|313.25|1.1301760861765133|8|78243|2|364.25|1.0820331730057833
8|79589|1|328.5|1.2296253423368622|8|79589|2|296.75|1.038152741501657
8|81163|1|138.33333333333334|1.0191831111062872|8|81163|2|480.75|1.0031543160167813
8|81599|1|374.75|1.0575001552778789|8|81599|2|235.5|1.2460692747024085
8|81739|1|380.5|1.0658761099570406|8|81739|2|333.25|1.1885253291124858
8|82251|1|316.25|1.3344881915578275|8|82251|2|260.75|1.3847400820791842
8|82811|1|236.25|1.2524255462450489|8|82811|2|319.5|1.1262663380253173
8|84145|1|284.25|1.0450083642837271|8|84145|2|478.75|1.086554625385051
8|84619|1|329.3333333333333|1.0644621883977894|8|84619|2|368.3333333333333|1.2011675080537803
8|84725|1|303.5|1.1476401023520144|8|84725|2|315.75|1.1355774271448538
8|85307|1|357.5|1.0960717003381957|8|85307|2|312.0|1.2267758175075079
8|85387|1|256.75|1.056798344772107|8|85387|2|266.0|1.1102304284239675
8|85545|1|411.6666666666667|1.176484503168435|8|85545|2|437.3333333333333|1.1431219384696407
8|85685|1|228.25|1.2501767874994316|8|85685|2|408.0|1.0854744390290667
8|85703|1|429.3333333333333|1.1027744894546798|8|85703|2|277.25|1.143231595098652
8|86345|1|195.0|1.0265508784830872|8|86345|2|314.6666666666667|1.333672136808905
8|86515|1|263.5|1.0563904404669384|8|86515|2|289.5|1.0666306471944682
8|86519|1|308.3333333333333|1.0089579781175293|8|86519|2|119.5|1.023677599542031
8|86643|1|303.0|1.354330149442386|8|86643|2|289.25|1.2473939435030994
8|86769|1|237.25|1.101653942528538|8|86769|2|364.25|1.1919665952354377
8|86779|1|311.6666666666667|1.1097909805342976|8|86779|2|328.6666666666667|1.028673582988685
8|86951|1|275.0|1.3380830003039719|8|86951|2|342.75|1.0065472854116633
8|87283|1|280.3333333333333|1.331253624082579|8|87283|2|246.25|1.1807387391126427
8|87369|1|327.75|1.3045214837196826|8|87369|2|418.0|1.1119230160686255
8|87463|1|321.0|1.3621582158820829|8|87463|2|380.0|1.1093179590436162
8|87877|1|292.0|1.1317547574121907|8|87877|2|270.75|1.2460375409918636
8|88105|1|265.75|1.0910019070631072|8|88105|2|301.75|1.063119386631411
8|88439|1|267.25|1.1496828666896055|8|88439|2|464.0|1.3837348218047092
8|88723|1|324.0|1.303782518037924|8|88723|2|285.75|1.3481429801995388
8|89007|1|191.33333333333334|1.6106071554526282|8|89007|2|321.6666666666667|1.515588945794173
8|89903|1|335.6666666666667|1.0791926322464092|8|89903|2|339.0|1.0316389578943586
8|90731|1|262.0|1.4598159750067652|8|90731|2|119.25|1.6106505886417377
8|90739|1|230.0|1.4305911548377255|8|90739|2|297.25|1.2721266095980486
8|92793|1|417.5|1.1718761249451775|8|92793|2|302.3333333333333|1.1585805149885215
8|92955|1|370.3333333333333|1.0747425239320507|8|92955|2|261.6666666666667|1.3433886596951778
8|93173|1|419.0|1.0006254179356573|8|93173|2|322.3333333333333|1.0202266515742597
8|93327|1|149.0|1.2528603371358964|8|93327|2|404.0|1.0265206919048122
8|93579|1|303.25|1.0862719739583624|8|93579|2|122.0|1.0090959604270422
8|94215|1|317.75|1.1692682663181515|8|94215|2|125.0|1.559664921278499
8|94459|1|462.75|1.0091423845014529|8|94459|2|279.5|1.2463769561260694
8|94469|1|341.25|1.0028013377400133|8|94469|2|402.0|1.0911696575255465
8|95731|1|295.25|1.1465660723217976|8|95731|2|220.66666666666666|1.1004746849744862
8|95851|1|355.0|1.0406077604024104|8|95851|2|307.0|1.0965706650043496
8|96569|1|343.25|1.0389556632542964|8|96569|2|398.5|1.0719236184219487
8|96789|1|359.5|1.0135014348240527|8|96789|2|389.3333333333333|1.184424442639076
8|97019|1|229.5|1.2364418261275203|8|97019|2|270.5|1.0586210842520594
8|97253|1|274.6666666666667|1.1743936490887872|8|97253|2|117.0|1.3416897899437055
8|97315|1|200.66666666666666|1.1261833693310437|8|97315|2|245.25|1.397811371076129
8|97627|1|253.5|1.3526584461774978|8|97627|2|280.6666666666667|1.1246290925702396
8|97733|1|265.0|1.1760313436020526|8|97733|2|322.3333333333333|1.3646104878428738
8|97741|1|457.25|1.0048191807069717|8|97741|2|366.25|1.1192238726962052
8|97873|1|338.5|1.1570990074446665|8|97873|2|260.3333333333333|1.29136351701018
8|98229|1|384.6666666666667|1.1847813918719925|8|98229|2|431.25|1.009725500154015
8|98815|1|409.0|1.0215573241160996|8|98815|2|362.0|1.3883462339802124
8|98889|1|407.5|1.0551776281109717|8|98889|2|322.75|1.2675903840143778
8|99601|1|333.0|1.0031858038930315|8|99601|2|287.0|1.4598790319162593
8|100193|1|200.25|1.0164260087036419|8|100193|2|375.0|1.1159397302191016
8|100265|1|212.0|1.2196535914405373|8|100265|2|236.25|1.03532450471464
8|100467|1|309.25|1.0188290223704382|8|100467|2|360.75|1.0390990213605598
8|100865|1|341.75|1.1210686089771709|8|100865|2|292.5|1.2074927803593738
8|101431|1|241.0|1.0483564874954907|8|101431|2|352.0|1.0295882031729713
8|101595|1|411.5|1.0142414480866366|8|101595|2|379.0|1.0442394890041233
8|101823|1|280.75|1.3559315926688704|8|101823|2|271.5|1.1400310982575466
9|623|1|323.0|1.065258450216811|9|623|2|371.6666666666667|1.310046841598163
9|1417|1|310.25|1.3313220736186198|9|1417|2|172.75|1.1135950885277666
9|1639|1|275.3333333333333|1.3424769096930047|9|1639|2|432.0|1.0183220910476625
9|2323|1|265.0|1.1903492312236905|9|2323|2|283.5|1.0757567841860827
9|2663|1|328.5|1.075187788042735|9|2663|2|369.75|1.016307026707046
9|2765|1|385.75|1.0828079556323211|9|2765|2|334.0|1.191424923623842
9|2789|1|263.5|1.332529549956122|9|2789|2|441.0|1.0320541431912176
9|3559|1|448.5|1.01471977727794|9|3559|2|279.0|1.0658367681502654
9|4201|1|258.0|1.2039673116088456|9|4201|2|414.5|1.118825493619031
9|4317|1|332.75|1.314384106238919|9|4317|2|272.3333333333333|1.2061981030282984
9|4319|1|130.75|1.2005841549937766|9|4319|2|192.66666666666666|1.1454293331234502
9|4555|1|386.75|1.0234326072616977|9|4555|2|299.25|1.3362777883715735
9|5105|1|325.25|1.1650597403783547|9|5105|2|387.0|1.052588136882537
9|5159|1|345.6666666666667|1.004358768576717|9|5159|2|352.0|1.373423095583976
9|5699|1|270.5|1.0173660067787422|9|5699|2|344.75|1.2428213453702046
9|6095|1|391.5|1.10671610628996|9|6095|2|389.5|1.0474894493269715
9|6775|1|403.5|1.134345532763386|9|6775|2|274.25|1.000690161638801
9|6989|1|394.6666666666667|1.0042268798369212|9|6989|2|392.3333333333333|1.0621634570313425
9|7271|1|215.25|1.0040174018878214|9|7271|2|201.0|1.2664599066027717
9|7337|1|236.0|1.284147670213991|9|7337|2|315.75|1.2120332929130613
9|7679|1|395.75|1.004803322168286|9|7679|2|369.0|1.0193641245863978
9|7845|1|330.75|1.050442348133748|9|7845|2|328.5|1.090347615382621
9|8543|1|397.6666666666667|1.046589769699235|9|8543|2|284.5|1.0438578293939673
9|10447|1|360.5|1.028550332160924|9|10447|2|187.25|1.1110829071987534
9|10525|1|418.5|1.1225847819114911|9|10525|2|330.75|1.0724147099080834
9|10715|1|254.0|1.2253268963227755|9|10715|2|313.25|1.0938542555989907
9|10845|1|335.0|1.1644240079181138|9|10845|2|271.6666666666667|1.097477939090632
9|11085|1|279.25|1.074625934707397|9|11085|2|321.0|1.0584598301533594
9|11333|1|370.0|1.1263776295728887|9|11333|2|104.5|1.0763884329726148
9|11415|1|254.0|1.092468254446679|9|11415|2|533.0|1.0082573240183417
9|11729|1|235.33333333333334|1.0621897933549502|9|11729|2|219.25|1.404163874372487
9|12617|1|467.0|1.0889417701737465|9|12617|2|398.0|1.0291636403120938
9|13113|1|389.75|1.074069688249143|9|13113|2|388.0|1.128094873858378
9|13181|1|236.5|1.1735094409300175|9|13181|2|374.5|1.0526758128579627
9|13349|1|105.5|1.217176275277504|9|13349|2|372.3333333333333|1.168432473634114
9|13771|1|405.0|1.0195826838764885|9|13771|2|227.0|1.0742457327107482
9|13943|1|298.6666666666667|1.0342911587807446|9|13943|2|293.6666666666667|1.0280742389160116
9|14171|1|333.5|1.2574185871146502|9|14171|2|146.75|1.2873501415944533
9|14485|1|217.75|1.208801297420369|9|14485|2|335.3333333333333|1.1933882948190282
9|14559|1|367.5|1.095979523975182|9|14559|2|366.5|1.0137285539926775
9|14605|1|397.6666666666667|1.1235177443004778|9|14605|2|355.0|1.1681788973114455
9|15565|1|225.25|1.0336175679195394|9|15565|2|463.6666666666667|1.07181984557213
9|16559|1|345.5|1.1974159865926657|9|16559|2|192.0|1.3405566059994962
9|17017|1|155.0|1.2247307107724221|9|17017|2|326.75|1.36671202948577
9|17211|1|175.66666666666666|1.2855994032664255|9|17211|2|211.75|1.117116058421252
9|17863|1|260.0|1.1989085272883557|9|17863|2|332.0|1.0563861788392537
9|18145|1|337.25|1.0433664434014607|9|18145|2|302.0|1.0128084878177261
9|18309|1|264.0|1.2663247599302827|9|18309|2|357.25|1.1164155696950742
9|18387|1|325.0|1.6101365299161479|9|18387|2|425.6666666666667|1.097744626917323
9|18529|1|377.0|1.0578467495735087|9|18529|2|285.25|1.117796509876764
9|19453|1|371.75|1.0573306093847148|9|19453|2|362.75|1.0216497569823395
9|19671|1|388.75|1.144191273935543|9|19671|2|346.5|1.2330597202418978
9|20407|1|379.25|1.0562752112498426|9|20407|2|495.25|1.0221615209166957
9|20651|1|313.25|1.4029697691285454|9|20651|2|302.5|1.3913166890325912
9|20735|1|133.33333333333334|1.3749431806442038|9|20735|2|253.0|1.2417904681507612
9|20855|1|267.25|1.1834210222178723|9|20855|2|267.25|1.0850547808230784
9|21105|1|381.75|1.1342257126292985|9|21105|2|254.75|1.09572060472861
9|21147|1|363.75|1.006854790309831|9|21147|2|287.25|1.3644380757912178
9|21771|1|341.5|1.0845588144326925|9|21771|2|336.25|1.0871108918004442
9|21933|1|334.6666666666667|1.2036171595476988|9|21933|2|419.0|1.0408227386237643
9|22407|1|81.0|1.391615978366603|9|22407|2|148.33333333333334|1.107349972511404
9|23003|1|380.5|1.0749892601000277|9|23003|2|464.0|1.1429527713144625
9|23269|1|326.5|1.301662913071515|9|23269|2|252.75|1.3601557364285977
9|23611|1|393.6666666666667|1.0418505809872398|9|23611|2|302.75|1.1492271272415515
9|23669|1|389.0|1.0113713007906602|9|23669|2|456.0|1.0092771427497966
9|23985|1|211.0|1.0734361756309123|9|23985|2|412.0|1.0298911030626154
9|24137|1|195.33333333333334|1.517158901709347|9|24137|2|320.5|1.2848967923299597
9|24499|1|300.5|1.112475103390601|9|24499|2|280.75|1.0346957089208086
9|24587|1|307.0|1.0672281075379395|9|24587|2|376.75|1.208853609422059
9|24921|1|331.75|1.1295272758007644|9|24921|2|364.0|1.0247731479846331
9|25477|1|296.5|1.5108319727107822|9|25477|2|269.25|1.0245643303053167
9|25481|1|351.75|1.170847885646953|9|25481|2|39.5|1.0203819374084355
9|25801|1|298.6666666666667|1.4170754137998605|9|25801|2|375.0|1.0409226676367462
9|26109|1|300.0|1.0931131214546352|9|26109|2|291.75|1.0019220736841319
9|27321|1|358.5|1.1324839173655368|9|27321|2|200.5|1.104656527216321
9|28001|1|316.25|1.196214003606697|9|28001|2|357.25|1.001884001965891
9|28365|1|370.75|1.1070004437882532|9|28365|2|175.0|1.4260778236771208
9|28495|1|329.75|1.0440263868687394|9|28495|2|404.25|1.0753763450015819
9|28855|1|119.25|1.0277783568543775|9|28855|2|172.0|1.1831835791660958
9|29841|1|367.5|1.0339193178159523|9|29841|2|220.0|1.3108495132092743
9|30159|1|465.25|1.035752956088326|9|30159|2|227.25|1.0407164746743263
9|30393|1|355.75|1.2038698028829762|9|30393|2|278.0|1.3684296700660523
9|31049|1|304.75|1.006220497938654|9|31049|2|293.0|1.0763468409870314
9|31693|1|136.25|1.194766430638334|9|31693|2|313.0|1.0529309687192911
9|32157|1|173.0|1.1408389816904085|9|32157|2|167.0|1.2122458339760063
9|32899|1|310.75|1.0235815017272665|9|32899|2|274.5|1.1010041280535026
9|33207|1|419.0|1.0844150199733362|9|33207|2|335.25|1.2972965564744852
9|33999|1|210.0|1.102741721624213|9|33999|2|199.75|1.3275954845150482
9|34235|1|228.0|1.1267577151275998|9|34235|2|340.5|1.1933487443938204
9|34359|1|367.5|1.1095514065673993|9|34359|2|429.0|1.1454878450038193
9|34717|1|333.5|1.0809848193606915|9|34717|2|216.75|1.1315884107174217
9|35111|1|414.25|1.025143398426967|9|35111|2|310.5|1.0430988090950828
9|35399|1|410.75|1.0350398615406349|9|35399|2|332.0|1.0409085401040141
9|36095|1|399.3333333333333|1.0948604866256855|9|36095|2|525.75|1.002257091818424
9|36107|1|211.0|1.4152402609253814|9|36107|2|390.5|1.1229682427295835
9|36309|1|265.5|1.0114636644639605|9|36309|2|266.0|1.3144318094101768
9|36803|1|367.5|1.2294999542264051|9|36803|2|330.0|1.2796421102055069
9|37261|1|300.25|1.396369569057799|9|37261|2|381.75|1.0414901871707947
9|37475|1|393.5|1.1406569931086903|9|37475|2|371.0|1.0659380586601357
9|37489|1|284.6666666666667|1.078793743171377|9|37489|2|334.25|1.0746292210888517
9|38799|1|310.75|1.41769405358855|9|38799|2|347.25|1.021622709637223
9|39731|1|136.0|1.492520278591524|9|39731|2|221.5|1.0195732995241549
9|39757|1|275.5|1.556522794579803|9|39757|2|373.5|1.0667151862859412
9|40739|1|313.5|1.1886611600807353|9|40739|2|497.5|1.0438755608923334
9|40963|1|305.6666666666667|1.0844263094933666|9|40963|2|368.0|1.2087983645494256
9|41971|1|358.75|1.0583831173315088|9|41971|2|221.0|1.0303337326233082
9|42029|1|322.5|1.2297470096201948|9|42029|2|466.75|1.0130474836805907
9|42401|1|302.25|1.0878855150670574|9|42401|2|450.75|1.0463056879485582
9|42445|1|302.75|1.376964428599394|9|42445|2|280.25|1.3709030801426
9|42805|1|362.0|1.2320441988950277|9|42805|2|265.0|1.2780889376805262
9|42859|1|242.25|1.047237235287487|9|42859|2|346.75|1.0262343477726428
9|43059|1|192.5|1.0883044560608552|9|43059|2|386.75|1.06509177673813
9|43847|1|362.0|1.2654607387960424|9|43847|2|420.25|1.1206702996251912
9|44311|1|346.0|1.2844536751513762|9|44311|2|334.0|1.1408770275670865
9|44629|1|310.0|1.0678897341101414|9|44629|2|234.66666666666666|1.101348861602677
9|45089|1|299.5|1.0164683087635702|9|45089|2|278.5|1.1136598301366085
9|45561|1|502.5|1.0904026002269764|9|45561|2|383.6666666666667|1.3510918755408283
9|45659|1|376.0|1.1178842495592758|9|45659|2|213.75|1.3914721026981995
9|45833|1|282.6666666666667|1.129587108972501|9|45833|2|250.5|1.2938628133450056
9|45975|1|375.25|1.0804420427916421|9|45975|2|365.25|1.0517347872665572
9|46493|1|231.75|1.5210029553700173|9|46493|2|326.0|1.1609068517894199
9|47139|1|316.25|1.1772174605610541|9|47139|2|314.25|1.223200482767756
9|47451|1|264.25|1.3219613396275753|9|47451|2|337.3333333333333|1.129140560022045
9|48511|1|286.5|1.265749041921486|9|48511|2|314.0|1.2090968905266293
9|48609|1|31.0|1.0492552236961672|9|48609|2|327.0|1.1617038933696568
9|48835|1|360.0|1.013420744280613|9|48835|2|346.25|1.249542570753906
9|49257|1|241.0|1.3940138529523254|9|49257|2|376.0|1.0629617469216572
9|50875|1|455.25|1.0801106299820558|9|50875|2|339.25|1.1121030269716372
9|51131|1|289.0|1.3307636384602712|9|51131|2|175.25|1.440648193889853
9|51197|1|252.25|1.131434075210348|9|51197|2|382.5|1.0025737593780497
9|51491|1|303.0|1.2841464986346647|9|51491|2|290.5|1.1305648511244322
9|51983|1|312.75|1.1821296109045614|9|51983|2|328.25|1.3102141752895156
9|52033|1|143.5|1.0383742944825904|9|52033|2|393.75|1.0273225156631078
9|53447|1|322.0|1.0955824543668893|9|53447|2|264.5|1.1595757546245247
9|53821|1|289.5|1.129931496725851|9|53821|2|109.66666666666667|1.0876066314154942
9|53835|1|415.0|1.0707664835267106|9|53835|2|469.75|1.0029274301200695
9|54903|1|296.25|1.3241202822588658|9|54903|2|270.75|1.0304703625376501
9|55007|1|315.5|1.1456282352866052|9|55007|2|489.5|1.0795650583434846
9|55075|1|343.75|1.1346234627416518|9|55075|2|367.5|1.037151224792176
9|55199|1|331.0|1.0362493724198032|9|55199|2|363.75|1.1683069848031868
9|55347|1|342.25|1.0545251453807294|9|55347|2|352.0|1.1209249542673112
9|56535|1|354.25|1.1705633286732937|9|56535|2|384.75|1.0076236062601807
9|56769|1|541.5|1.064251203447897|9|56769|2|253.5|1.1545972144967989
9|58275|1|319.5|1.0270413333948565|9|58275|2|372.5|1.1010170242806452
9|58415|1|201.25|1.5415656904104504|9|58415|2|298.75|1.3265943151188875
9|58659|1|376.6666666666667|1.0710878708277034|9|58659|2|298.0|1.007292896940168
9|60189|1|266.75|1.4713578747070364|9|60189|2|172.0|1.3551251790688776
9|60281|1|417.75|1.0317950561520948|9|60281|2|302.5|1.3198144418680622
9|60819|1|282.6666666666667|1.1871269626363887|9|60819|2|395.0|1.1098891249004037
9|60919|1|290.0|1.1830819570774076|9|60919|2|175.33333333333334|1.2789449720131192
9|61037|1|346.0|1.5277539754694247|9|61037|2|388.5|1.0219633056411328
9|61089|1|350.0|1.14133946848119|9|61089|2|401.5|1.0499572234495627
9|61361|1|362.6666666666667|1.2021848014881347|9|61361|2|408.0|1.1951036690179289
9|61701|1|282.75|1.1557192390001125|9|61701|2|376.25|1.1048582558439952
9|62179|1|255.75|1.0768547799204236|9|62179|2|391.25|1.0644221844376465
9|62199|1|336.0|1.0041985980188572|9|62199|2|167.25|1.0614314586959213
9|63209|1|310.25|1.1083408189793276|9|63209|2|424.0|1.1071315099718786
9|63707|1|355.5|1.1539419417093457|9|63707|2|277.5|1.1295232843447292
9|64015|1|428.0|1.026978355685246|9|64015|2|356.5|1.2609509474968814
9|64505|1|261.5|1.3231375973049069|9|64505|2|337.75|1.0284897072830672
9|64653|1|373.75|1.1582809769693212|9|64653|2|325.0|1.3187286926777315
9|65337|1|240.75|1.5950638009036053|9|65337|2|338.25|1.0569050560037592
9|65797|1|325.25|1.1636335665885105|9|65797|2|409.75|1.1010802971713198
9|66129|1|326.25|1.1001522363808525|9|66129|2|116.66666666666667|1.4199195148216777
9|66263|1|167.25|1.0724216956798536|9|66263|2|397.3333333333333|1.1639449918323164
9|66701|1|246.0|1.1175313553662451|9|66701|2|306.5|1.1421502147131202
9|68257|1|267.5|1.0316244414838214|9|68257|2|242.0|1.0500150966571322
9|68301|1|284.0|1.200540721041589|9|68301|2|320.75|1.063306599388912
9|69163|1|386.3333333333333|1.1728291765659462|9|69163|2|322.75|1.0890429744846792
9|69383|1|366.75|1.0626052336778753|9|69383|2|301.0|1.089258614252546
9|69593|1|393.25|1.0559206448735377|9|69593|2|421.25|1.03688679978812
9|69811|1|273.0|1.4882842934288667|9|69811|2|366.5|1.1290297378711531
9|70289|1|434.6666666666667|1.1448004716112201|9|70289|2|392.0|1.0558369097058813
9|70475|1|291.25|1.151177185664255|9|70475|2|247.75|1.012940486137351
9|70857|1|324.0|1.2117568533100904|9|70857|2|333.6666666666667|1.1786353330534884
9|71459|1|368.0|1.0260566348995674|9|71459|2|229.75|1.045546524629685
9|71635|1|376.75|1.1587736153462644|9|71635|2|412.25|1.0139350318314475
9|71941|1|376.0|1.0977117749152947|9|71941|2|206.0|1.129396517690583
9|72121|1|337.25|1.042571218567094|9|72121|2|278.5|1.065282175195368
9|72159|1|271.5|1.1921626491320643|9|72159|2|413.5|1.095134431260679
9|72177|1|330.5|1.287028690613347|9|72177|2|350.0|1.1229383225228695
9|72265|1|278.25|1.0046209375944786|9|72265|2|366.6666666666667|1.315103615941024
9|72817|1|364.0|1.0513354953167504|9|72817|2|355.5|1.1006719995223013
9|72993|1|416.25|1.0209944058239844|9|72993|2|477.0|1.3045156550192072
9|73883|1|374.5|1.001608032826458|9|73883|2|416.5|1.0492837847833987
9|74021|1|344.25|1.0724066721054868|9|74021|2|258.0|1.0230845131064568
9|74967|1|344.25|1.02512917316136|9|74967|2|214.5|1.3956430769252033
9|75355|1|297.0|1.5062702670287846|9|75355|2|240.25|1.1786643993108274
9|76263|1|145.0|1.3894968678549926|9|76263|2|369.0|1.046821416284539
9|76675|1|360.0|1.4370617957966427|9|76675|2|354.6666666666667|1.220282814691736
9|76699|1|340.25|1.1815192340694085|9|76699|2|314.5|1.1193407597410232
9|77071|1|361.3333333333333|1.10126854653881|9|77071|2|372.75|1.1377138400799347
9|77215|1|249.0|1.2495059587232165|9|77215|2|459.3333333333333|1.044233517133714
9|77311|1|387.5|1.0006904310940061|9|77311|2|368.75|1.0166860676648695
9|77543|1|372.5|1.0917662367042706|9|77543|2|420.6666666666667|1.024256188975767
9|77551|1|345.0|1.050019753567402|9|77551|2|376.0|1.0473153017744556
9|77577|1|233.66666666666666|1.2862341710193037|9|77577|2|254.0|1.1392247783761515
9|78185|1|238.25|1.561348899677017|9|78185|2|288.25|1.4043931183721452
9|78443|1|208.0|1.415912318015382|9|78443|2|318.75|1.091955133268714
9|79439|1|138.25|1.1777784763405115|9|79439|2|381.6666666666667|1.341631405735303
9|79569|1|433.0|1.0115965553392392|9|79569|2|308.25|1.344909488444416
9|79579|1|297.0|1.3062439888281503|9|79579|2|442.3333333333333|1.014478119561258
9|79761|1|235.75|1.439926567043074|9|79761|2|382.0|1.08512405776294
9|80687|1|234.75|1.5384742146675388|9|80687|2|340.25|1.1017542013170727
9|81159|1|269.0|1.4868804173601773|9|81159|2|399.75|1.0135281826977918
9|81387|1|190.75|1.0855941234446682|9|81387|2|182.33333333333334|1.1008110979227819
9|81819|1|376.0|1.0748498373861006|9|81819|2|410.0|1.1009784194394485
9|81885|1|371.5|1.0518655373926056|9|81885|2|403.25|1.1270105282115896
9|81887|1|394.6666666666667|1.2830164736610115|9|81887|2|229.0|1.102346947592106
9|82131|1|441.75|1.0449733897478533|9|82131|2|457.5|1.2287429312421974
9|83233|1|113.5|1.545018770696592|9|83233|2|403.25|1.0747961895879432
9|83339|1|330.75|1.1376070686694582|9|83339|2|128.25|1.0484623712838799
9|84303|1|480.3333333333333|1.0380424521606078|9|84303|2|317.5|1.1043985690829188
9|84413|1|332.0|1.3290199742783302|9|84413|2|194.25|1.0216974640070182
9|84567|1|342.25|1.049941093047648|9|84567|2|300.25|1.0328717233678595
9|85795|1|267.75|1.3152793114911139|9|85795|2|184.5|1.0349276174027942
9|86103|1|198.5|1.0027888872701454|9|86103|2|339.25|1.2555413015709118
9|86243|1|203.0|1.0698051230416346|9|86243|2|323.5|1.3655936561544095
9|86289|1|317.5|1.0768690786847577|9|86289|2|398.0|1.0686990330735502
9|86343|1|275.5|1.4726810648268123|9|86343|2|378.75|1.0010846358165273
9|86419|1|245.5|1.4142135623730951|9|86419|2|240.0|1.081264049362802
9|86863|1|478.75|1.034308029402795|9|86863|2|341.5|1.0376077719345267
9|87361|1|303.0|1.0475693243522597|9|87361|2|151.5|1.1999472322870375
9|87363|1|463.3333333333333|1.0010441730336266|9|87363|2|309.25|1.005311774828589
9|87511|1|317.5|1.3023015851351423|9|87511|2|204.33333333333334|1.1845044577676045
9|87917|1|428.25|1.101855451487009|9|87917|2|407.25|1.0634272011186174
9|88473|1|395.6666666666667|1.0024410063816476|9|88473|2|317.0|1.2428408232638353
9|89121|1|291.25|1.3082172116888378|9|89121|2|246.25|1.0742344934724029
9|90367|1|298.0|1.008730265033201|9|90367|2|279.0|1.5204105048258174
9|90371|1|355.75|1.168831923256156|9|90371|2|306.25|1.1569029973720077
9|90711|1|355.25|1.022507809333374|9|90711|2|118.75|1.0244046984222517
9|91153|1|444.3333333333333|1.0858850074607687|9|91153|2|366.25|1.0680140162435636
9|92441|1|233.0|1.0791153988446516|9|92441|2|371.0|1.2150326328393148
9|92519|1|348.5|1.1780617018103134|9|92519|2|353.75|1.0547904617364543
9|93327|1|400.75|1.0875161967638|9|93327|2|288.75|1.0623340166064896
9|93503|1|301.0|1.2540197064730245|9|93503|2|422.25|1.0231022355322126
9|94167|1|351.6666666666667|1.4834074769389243|9|94167|2|452.75|1.0102451927237717
9|94849|1|362.6666666666667|1.3691092678591446|9|94849|2|136.66666666666666|1.3081063325568878
9|94887|1|98.25|1.0145962780635946|9|94887|2|320.5|1.1433018902483967
9|95591|1|482.0|1.0996763969478847|9|95591|2|322.75|1.0867839907473766
9|96261|1|414.0|1.0990338164251208|9|96261|2|342.75|1.138614333666137
9|97513|1|177.25|1.133625419522765|9|97513|2|307.0|1.3629382271941264
9|97883|1|331.0|1.1562724647959077|9|97883|2|308.0|1.06320800195035
9|98049|1|349.75|1.0865564982434561|9|98049|2|146.0|1.3114426327313724
9|98175|1|184.0|1.130617669152407|9|98175|2|350.0|1.0901338618420648
9|98997|1|247.0|1.1866285566163228|9|98997|2|453.25|1.01547961782748
9|100143|1|149.25|1.1159534112090528|9|100143|2|269.0|1.2627536522426943
9|100339|1|306.25|1.0482170923089524|9|100339|2|403.5|1.0569298120810628
9|100401|1|356.0|1.0412801749014355|9|100401|2|386.25|1.0710425944955968
9|100741|1|360.3333333333333|1.0992954076413928|9|100741|2|488.0|1.3098863323619652
9|100815|1|275.75|1.2247474999612529|9|100815|2|316.75|1.0681095066568695
9|100939|1|352.25|1.216622364424121|9|100939|2|277.6666666666667|1.3362962337706006
9|101063|1|439.6666666666667|1.1296312031510616|9|101063|2|197.75|1.2270879920824893
9|101181|1|326.5|1.241194880617055|9|101181|2|377.3333333333333|1.1591435732347823
9|101573|1|377.25|1.1398716221290963|9|101573|2|429.0|1.2592764121830358
10|897|1|486.0|1.4083937534744402|10|897|2|298.0|1.062930608982983
10|1497|1|361.75|1.0165566767678245|10|1497|2|263.0|1.4267255478250758
10|2107|1|184.25|1.2352839970006326|10|2107|2|253.33333333333334|1.0699067645194802
10|2855|1|376.3333333333333|1.0640903291577806|10|2855|2|397.25|1.0040958328949743
10|3849|1|276.25|1.2075979578266849|10|3849|2|366.3333333333333|1.2071513542658951
10|3973|1|283.0|1.5396334577232906|10|3973|2|309.0|1.0517152083643286
10|3979|1|235.0|1.1538691055665922|10|3979|2|363.5|1.0265796877779627
10|4215|1|356.0|1.0238317705267503|10|4215|2|358.0|1.0014216458497083
10|4373|1|300.0|1.1223091275481|10|4373|2|244.75|1.3627496705918487
10|4439|1|253.5|1.1197992161304702|10|4439|2|356.5|1.205230288568058
10|4857|1|286.75|1.4494813092805783|10|4857|2|253.75|1.3894941899982027
10|6539|1|435.6666666666667|1.0017788959034082|10|6539|2|410.75|1.0330470367283842
10|7019|1|390.5|1.0314318316304312|10|7019|2|287.25|1.1125366461009254
10|7623|1|562.0|1.044303609225684|10|7623|2|300.5|1.0844586845388988
10|8183|1|266.0|1.122493690617836|10|8183|2|339.5|1.3072404763797822
10|8497|1|392.75|1.0193553773166644|10|8497|2|320.6666666666667|1.0377183258191118
10|10415|1|325.5|1.125174973526643|10|10415|2|209.5|1.3990838063724298
10|10491|1|286.25|1.1675036520540496|10|10491|2|259.25|1.153248960748924
10|10663|1|291.3333333333333|1.1227265007984342|10|10663|2|179.25|1.1458551689711753
10|10697|1|403.0|1.0751759201456679|10|10697|2|340.0|1.1190934912752073
10|10747|1|242.0|1.1850429908824986|10|10747|2|287.0|1.0932144823361958
10|10851|1|329.3333333333333|1.0885631059463343|10|10851|2|373.25|1.109334424340781
10|10919|1|306.6666666666667|1.2810749857415167|10|10919|2|360.0|1.2000225049330029
10|11333|1|408.0|1.1399035249248515|10|11333|2|433.75|1.011490649075528
10|12249|1|387.75|1.0269644195254881|10|12249|2|302.0|1.3775285482511865
10|12697|1|277.5|1.2532167305759276|10|12697|2|307.25|1.0258947094375903
10|13179|1|223.0|1.3879292020682525|10|13179|2|425.0|1.1174315581713412
10|13933|1|364.75|1.1236928031707403|10|13933|2|303.75|1.061350620257861
10|15273|1|286.0|1.3795999437136137|10|15273|2|244.5|1.056569254751524
10|15297|1|187.0|1.0479191467904543|10|15297|2|336.25|1.1074899541380483
10|16239|1|264.0|1.0908082515122386|10|16239|2|388.25|1.1389687302101537
10|16455|1|229.0|1.1102357087909662|10|16455|2|365.6666666666667|1.2102114616996564
10|16483|1|343.25|1.004430641215546|10|16483|2|353.75|1.0955084872032452
10|17443|1|329.25|1.0510586166359663|10|17443|2|522.0|1.022346146997205
10|17777|1|299.5|1.0062019508611848|10|17777|2|366.3333333333333|1.0006489030167398
10|18559|1|315.0|1.1162361019020055|10|18559|2|310.5|1.1764083169492083
10|19161|1|393.25|1.0667473892015398|10|19161|2|354.5|1.115061623416285
10|20085|1|422.5|1.4008245582322847|10|20085|2|384.5|1.1269144040329018
10|20153|1|336.75|1.0212426149908769|10|20153|2|478.75|1.0819377928167042
10|20331|1|381.5|1.0357603939634483|10|20331|2|258.6666666666667|1.5619338170712027
10|20667|1|347.25|1.3094106408726833|10|20667|2|310.25|1.3998330012966884
10|21173|1|261.0|1.2060590254201593|10|21173|2|368.0|1.0306438686697093
10|23091|1|366.3333333333333|1.0447841213683353|10|23091|2|334.75|1.0130392886173065
10|23133|1|231.75|1.2495684745411297|10|23133|2|365.75|1.061560342066887
10|23659|1|457.25|1.1053332083080603|10|23659|2|388.6666666666667|1.0527160410212795
10|25717|1|272.75|1.1389993101374098|10|25717|2|322.6666666666667|1.1945990831527111
10|25845|1|304.6666666666667|1.3902455812095447|10|25845|2|395.5|1.0780282588539425
10|27039|1|261.25|1.2003458925753259|10|27039|2|303.25|1.0181351819512308
10|27043|1|436.5|1.034442272330034|10|27043|2|336.25|1.235024284442667
10|27183|1|171.5|1.30969679600127|10|27183|2|345.25|1.1802140911507621
10|27407|1|331.25|1.3005059124577198|10|27407|2|384.5|1.0229423342012665
10|28111|1|355.0|1.0783374293108599|10|28111|2|506.5|1.0387228148275804
10|29231|1|336.5|1.0625709478611216|10|29231|2|392.0|1.1356253517813417
10|29555|1|368.25|1.0298006740382537|10|29555|2|396.5|1.064277873162237
10|30017|1|308.5|1.1964264119345365|10|30017|2|342.0|1.0564070261868908
10|30039|1|304.25|1.0690189225060096|10|30039|2|378.0|1.1354272168131136
10|31163|1|379.25|1.119086658092657|10|31163|2|496.75|1.056430996752338
10|31521|1|390.3333333333333|1.0433634684189965|10|31521|2|226.75|1.2300920686879881
10|31791|1|444.5|1.0599343398271135|10|31791|2|304.75|1.2996007952974862
10|31859|1|342.25|1.0900238185691458|10|31859|2|317.75|1.2384402845450266
10|32303|1|345.75|1.0554776174836094|10|32303|2|246.25|1.1819625186822786
10|32437|1|378.75|1.0655144688193783|10|32437|2|173.75|1.4348712404845472
10|32801|1|238.25|1.5179367262925467|10|32801|2|331.25|1.2511896510512819
10|33053|1|375.5|1.0270987954913966|10|33053|2|238.0|1.2439576910010577
10|33393|1|336.0|1.1752372872768697|10|33393|2|362.75|1.062906045561377
10|34213|1|305.0|1.2173107171407607|10|34213|2|348.25|1.0635498134277004
10|34355|1|147.25|1.2457727993294347|10|34355|2|311.75|1.0971528484012472
10|34861|1|371.25|1.0454634554147522|10|34861|2|349.6666666666667|1.0300377521386364
10|36291|1|139.33333333333334|1.1923671536244091|10|36291|2|206.75|1.0518320721217127
10|36495|1|455.75|1.0404301475443303|10|36495|2|255.5|1.3989841014822237
10|36497|1|442.75|1.011434759754497|10|36497|2|217.66666666666666|1.0594775713160127
10|37149|1|231.75|1.059055777177631|10|37149|2|391.0|1.0588255886245426
10|37531|1|221.0|1.258086732032479|10|37531|2|365.0|1.0988009295726862
10|38361|1|270.0|1.0229331934413752|10|38361|2|325.6666666666667|1.286358296524681
10|38851|1|320.0|1.366958016454785|10|38851|2|177.0|1.286375048260273
10|39325|1|441.0|1.1215943057284112|10|39325|2|219.66666666666666|1.1359220664122114
10|39463|1|271.0|1.6010876919080963|10|39463|2|377.75|1.1696175318025186
10|39503|1|324.5|1.1570838237598051|10|39503|2|325.3333333333333|1.306140291353134
10|39695|1|355.0|1.226477277382448|10|39695|2|317.25|1.026078968180641
10|40239|1|233.33333333333334|1.1940182543984552|10|40239|2|421.75|1.0326566959269654
10|40915|1|274.25|1.018251262646501|10|40915|2|392.0|1.3046642649477185
10|41591|1|376.3333333333333|1.2589563074177212|10|41591|2|284.25|1.608119073004761
10|41879|1|209.0|1.3273179171493148|10|41879|2|408.75|1.0248582018978651
10|42875|1|285.6666666666667|1.4662486664949776|10|42875|2|426.5|1.068285459047135
10|42945|1|393.5|1.0671537313910429|10|42945|2|197.5|1.3445906231312277
10|43545|1|347.25|1.1995139274745883|10|43545|2|230.5|1.1131597388321075
10|43589|1|309.0|1.2269726238303102|10|43589|2|229.75|1.1425462459194777
10|44679|1|286.5|1.4591645196917136|10|44679|2|388.3333333333333|1.3782342162310819
10|44819|1|301.25|1.0133941117216902|10|44819|2|356.25|1.0010140339336622
10|45705|1|407.5|1.1161562435130914|10|45705|2|376.5|1.0692795184627835
10|46739|1|267.0|1.2522774961528091|10|46739|2|275.0|1.0948333458094976
10|47447|1|403.0|1.1896238154949856|10|47447|2|429.25|1.0191006392602908
10|47515|1|359.25|1.0262087649063456|10|47515|2|295.75|1.4654139690275279
10|48527|1|303.75|1.0038268942207256|10|48527|2|291.0|1.0445190396393629
10|48623|1|358.0|1.0041060899506546|10|48623|2|349.0|1.1693950006792257
10|49197|1|426.3333333333333|1.0759305583522214|10|49197|2|293.75|1.0384276165884732
10|49409|1|344.75|1.1671402904579995|10|49409|2|338.0|1.1829214875403502
10|49413|1|217.25|1.0041584561771666|10|49413|2|370.5|1.0750160402482185
10|49465|1|428.5|1.0209912762506517|10|49465|2|336.75|1.0801054629244764
10|52215|1|292.0|1.0880247116636266|10|52215|2|358.25|1.0261212021266042
10|52935|1|308.25|1.0391059610690228|10|52935|2|338.0|1.0507166421036775
10|52991|1|202.33333333333334|1.0915448638989447|10|52991|2|244.25|1.3530887669132128
10|53323|1|271.75|1.668897093535013|10|53323|2|436.6666666666667|1.1111150509159735
10|53427|1|357.0|1.016795147745308|10|53427|2|170.0|1.091457867632374
10|53967|1|486.25|1.0406743737785031|10|53967|2|374.5|1.0864170997972287
10|54179|1|211.75|1.118167019081267|10|54179|2|361.5|1.1800552339263988
10|54463|1|239.75|1.419706656985213|10|54463|2|352.0|1.3241074687664047
10|55039|1|276.75|1.3410173468594901|10|55039|2|299.75|1.14401737505265
10|55197|1|210.0|1.2764451297694583|10|55197|2|336.0|1.1813264456541273
10|56269|1|327.75|1.275115031190392|10|56269|2|428.3333333333333|1.021582418534976
10|56463|1|371.0|1.0331411332561948|10|56463|2|334.5|1.0717582602737805
10|57135|1|209.75|1.2585050371158801|10|57135|2|281.75|1.2906812493333224
10|57565|1|303.75|1.0436902003778132|10|57565|2|361.3333333333333|1.4782052472919833
10|57733|1|213.0|1.4352433391538917|10|57733|2|260.75|1.0338273891028558
10|57889|1|265.0|1.3172640304542453|10|57889|2|413.5|1.025979352167377
10|58531|1|163.33333333333334|1.4499263937427893|10|58531|2|399.75|1.0131432453428493
10|58899|1|420.5|1.0434606164338895|10|58899|2|284.0|1.0287958729624447
10|58985|1|272.6666666666667|1.43918790604239|10|58985|2|343.0|1.07318994731209
10|59027|1|335.0|1.2140216913680744|10|59027|2|306.0|1.3782716060096807
10|59779|1|383.0|1.0507486801877188|10|59779|2|344.0|1.283815631688327
10|59837|1|372.3333333333333|1.0177893509844325|10|59837|2|279.5|1.3099194094966236
10|60577|1|390.3333333333333|1.3520793137929008|10|60577|2|378.25|1.0990353876823142
10|60773|1|349.75|1.1003823883319348|10|60773|2|314.25|1.318212297982795
10|61031|1|289.0|1.3636671908339775|10|61031|2|379.6666666666667|1.0106495871175334
10|61127|1|336.0|1.0308279645590754|10|61127|2|224.5|1.020427013553784
10|63013|1|256.6666666666667|1.1923499618143536|10|63013|2|360.75|1.152827430142447
10|63107|1|359.25|1.084386613431119|10|63107|2|366.25|1.055440797991887
10|63169|1|329.5|1.2522060898455047|10|63169|2|349.5|1.1936292565617126
10|63803|1|274.0|1.0465738128281699|10|63803|2|439.25|1.0412494790123261
10|64349|1|280.75|1.2969914753153287|10|64349|2|368.5|1.1784820975151133
10|64355|1|421.6666666666667|1.069587127195554|10|64355|2|331.25|1.2173024196829407
10|64431|1|431.3333333333333|1.105310125915932|10|64431|2|277.25|1.6592213234330488
10|64495|1|287.75|1.4902478659820937|10|64495|2|203.5|1.123839835362089
10|64731|1|290.75|1.4186278906611336|10|64731|2|348.25|1.2265382780368397
10|65027|1|229.25|1.056741351388239|10|65027|2|420.5|1.051876316377012
10|65301|1|263.6666666666667|1.3742563816753532|10|65301|2|296.0|1.131978598669225
10|65439|1|334.0|1.2367045442338145|10|65439|2|333.25|1.3586836074657986
10|65549|1|345.0|1.2091902277107973|10|65549|2|239.5|1.4828309033234057
10|66205|1|202.75|1.1506079850140036|10|66205|2|198.25|1.4098962209533947
10|66267|1|229.0|1.2799826112928065|10|66267|2|315.25|1.2422306845492492
10|66459|1|211.5|1.6415292148653833|10|66459|2|237.0|1.0355935319114515
10|66477|1|265.0|1.055785846939764|10|66477|2|410.5|1.0277884964316524
10|66863|1|366.0|1.0692803684885217|10|66863|2|265.3333333333333|1.427244603564887
10|67633|1|239.75|1.1669810061026251|10|67633|2|304.75|1.0126064924709308
10|68075|1|378.0|1.1543651122052438|10|68075|2|361.0|1.1987665981560969
10|68235|1|161.5|1.1413642070892949|10|68235|2|341.5|1.1102113567803957
10|68461|1|138.25|1.0331243670396255|10|68461|2|336.6666666666667|1.4370662121516977
10|68743|1|317.0|1.207475490864386|10|68743|2|317.6666666666667|1.282845581733146
10|69235|1|16.0|1.5241117631809902|10|69235|2|485.5|1.254003993000242
10|69327|1|365.5|1.030885426332039|10|69327|2|284.0|1.0736415337350977
10|69413|1|342.0|1.0105318433535921|10|69413|2|166.0|1.0963689923284206
10|70413|1|131.0|1.290189253832361|10|70413|2|358.75|1.0360976609650747
10|70703|1|384.25|1.0382883534319274|10|70703|2|443.5|1.168679302389491
10|71733|1|316.6666666666667|1.453102898366457|10|71733|2|364.5|1.029671942112705
10|71817|1|282.75|1.3067826099722837|10|71817|2|333.75|1.0433116988548647
10|72519|1|257.75|1.0997433355941957|10|72519|2|370.0|1.028292250539742
10|73259|1|379.5|1.1209109547542624|10|73259|2|188.5|1.2506811789800196
10|73829|1|402.75|1.0711118341164356|10|73829|2|132.0|1.0928013891064825
10|73915|1|280.25|1.203820133718487|10|73915|2|395.75|1.0106219662593456
10|74081|1|390.75|1.0058599008543299|10|74081|2|254.0|1.1354383493202778
10|74297|1|265.3333333333333|1.0350973588310588|10|74297|2|500.25|1.055521953761966
10|75309|1|228.75|1.111995586931169|10|75309|2|505.25|1.0783795732857302
10|75497|1|326.0|1.02253885386047|10|75497|2|70.0|1.1763832500594387
10|75541|1|174.25|1.0169363379116179|10|75541|2|270.25|1.4139559641803066
10|76001|1|315.25|1.0121302171807438|10|76001|2|221.75|1.0161173661416074
10|76019|1|212.0|1.3892236849754898|10|76019|2|353.3333333333333|1.1918768760732164
10|78009|1|421.3333333333333|1.0630694911952268|10|78009|2|352.75|1.0247606640217184
10|78623|1|304.5|1.0272043936131163|10|78623|2|423.6666666666667|1.0862833545002633
10|79121|1|225.25|1.1299661894768247|10|79121|2|228.25|1.0871541553543627
10|80383|1|265.0|1.237264061027626|10|80383|2|425.25|1.0911370170111274
10|80551|1|267.0|1.2354820719459383|10|80551|2|362.5|1.118242208176495
10|80897|1|181.0|1.051336359485937|10|80897|2|288.75|1.048648915993908
10|80963|1|355.25|1.1045377412397095|10|80963|2|154.75|1.194613203205786
10|81237|1|403.0|1.1575303385560023|10|81237|2|337.3333333333333|1.2756591693313974
10|82061|1|132.66666666666666|1.048912974858999|10|82061|2|170.0|1.053527057945061
10|82899|1|314.0|1.254380939120012|10|82899|2|343.75|1.0518482539374654
10|83481|1|402.0|1.1633895140948725|10|83481|2|270.25|1.6691748466018217
10|84079|1|375.6666666666667|1.0149803559323|10|84079|2|244.33333333333334|1.2838146399468686
10|85673|1|356.5|1.0779700606927554|10|85673|2|348.5|1.032845782845811
10|85817|1|355.5|1.2422400825176676|10|85817|2|313.5|1.00322740345116
10|86029|1|253.75|1.3755609372641855|10|86029|2|368.25|1.1570785600278517
10|86223|1|340.75|1.125313141959486|10|86223|2|276.75|1.1318727254701801
10|87017|1|315.25|1.395670522837643|10|87017|2|380.6666666666667|1.244203468391468
10|87421|1|311.75|1.0553843903771385|10|87421|2|366.75|1.093641406663834
10|87459|1|283.25|1.0853148650541398|10|87459|2|296.5|1.0379478015114325
10|87511|1|198.5|1.1208020781465524|10|87511|2|344.5|1.0385397165926007
10|88111|1|347.75|1.1159673155593923|10|88111|2|316.5|1.27588895348534
10|89035|1|271.25|1.660586700202835|10|89035|2|354.75|1.0786661891294704
10|89179|1|275.25|1.0114986665820214|10|89179|2|315.75|1.2357886590425342
10|89223|1|377.5|1.0342632410245338|10|89223|2|405.5|1.1194614702914765
10|89343|1|371.5|1.048998326438251|10|89343|2|259.5|1.2031537821250862
10|89739|1|360.0|1.0521876094271871|10|89739|2|257.5|1.1615773531724647
10|90347|1|226.0|1.2573744150035715|10|90347|2|327.75|1.0064407492159235
10|91111|1|192.33333333333334|1.0532457515612343|10|91111|2|365.75|1.0590834164565248
10|91721|1|352.5|1.1918506713239183|10|91721|2|385.25|1.0988529621660696
10|92595|1|362.0|1.1197288150587694|10|92595|2|215.75|1.4128821498494513
10|92939|1|369.75|1.1098208185741822|10|92939|2|143.5|1.134348371243513
10|93479|1|252.0|1.1891725666605584|10|93479|2|191.0|1.1033340453979557
10|93487|1|206.75|1.0979505918817278|10|93487|2|315.25|1.1953709901057517
10|93493|1|418.0|1.0238358709885547|10|93493|2|384.25|1.0934542382093322
10|94101|1|438.0|1.1655066658050963|10|94101|2|276.5|1.1085192536371464
10|94251|1|181.5|1.0462566685647827|10|94251|2|233.5|1.0309108220894372
10|94901|1|292.6666666666667|1.41352727982175|10|94901|2|255.66666666666666|1.0450705165974594
10|95183|1|331.25|1.0753453749048716|10|95183|2|395.6666666666667|1.0227314994283032
10|95225|1|304.0|1.027509988987937|10|95225|2|357.5|1.3746551410479735
10|95413|1|402.6666666666667|1.270825327176181|10|95413|2|384.0|1.0287502144648981
10|96719|1|341.5|1.1045536527954969|10|96719|2|229.0|1.1241580424417719
10|97301|1|350.5|1.1689395560744897|10|97301|2|249.0|1.1028393248969173
10|97461|1|317.3333333333333|1.317608806360372|10|97461|2|340.0|1.1313479115134357
10|98359|1|238.0|1.691126449840488|10|98359|2|389.25|1.0120233554030138
10|99095|1|157.75|1.214199877204025|10|99095|2|350.5|1.1581355555851998
10|99655|1|320.0|1.0719008135861576|10|99655|2|262.25|1.2522074651041677
10|100015|1|360.3333333333333|1.129425612881164|10|100015|2|311.75|1.0304898811562122
10|100295|1|300.5|1.1872740099474246|10|100295|2|210.0|1.0946375164943905
10|100597|1|406.25|1.0322241244022674|10|100597|2|218.0|1.4245956716781845
