brand_id|brand|t_hour|t_minute|ext_price
1001002|amalgamalg #2|17|54|NULL
1002002|importoamalg #2|18|54|NULL
1004001|edu packamalg #1|19|5|NULL
2002001|importoimporto #1|19|34|NULL
2002001|importoimporto #1|19|51|NULL
2003001|exportiimporto #1|9|57|NULL
2003001|exportiimporto #1|18|43|NULL
3001001|amalgexporti #1|17|20|NULL
3002001|importoexporti #1|18|4|NULL
3004001|edu packexporti #1|9|1|NULL
4002001|importoedu pack #1|9|35|NULL
4002002|importoedu pack #2|19|7|NULL
4003001|exportiedu pack #1|9|45|NULL
4003002|exportiedu pack #2|17|52|NULL
5001001|amalgscholar #1|17|54|NULL
5001002|amalgscholar #2|18|17|NULL
6005001|scholarcorp #1|9|21|NULL
6008002|namelesscorp #2|19|0|NULL
6008007|namelesscorp #7|17|51|NULL
6012005|importobrand #5|9|36|NULL
6015004|scholarbrand #4|17|20|NULL
6016008|corpbrand #8|19|14|NULL
7001007|amalgbrand #7|9|51|NULL
7004009|edu packbrand #9|19|39|NULL
7005006|scholarbrand #6|17|52|NULL
7007004|brandbrand #4|19|30|NULL
7009003|maxibrand #3|17|2|NULL
7010004|univnameless #4|9|11|NULL
8001004|amalgnameless #4|8|20|NULL
8004003|edu packnameless #3|9|34|NULL
8008003|namelessnameless #3|8|30|NULL
8009009|maxinameless #9|18|20|NULL
8013004|exportimaxi #4|19|39|NULL
8015003|scholarmaxi #3|17|7|NULL
8016001|corpmaxi #1|18|53|NULL
9002011|importomaxi #11|9|21|NULL
9004011|edu packmaxi #11|8|58|NULL
9011008|amalgunivamalg #8|9|5|NULL
9011009|amalgunivamalg #9|8|4|NULL
9013009|exportiunivamalg #9|9|2|NULL
9013011|exportiunivamalg #11|17|7|NULL
9014011|edu packunivamalg #11|6|32|NULL
9015002|scholarunivamalg #2|18|55|NULL
10001017|amalgunivamalg #17|18|9|NULL
10002012|importounivamalg #12|17|40|NULL
10003008|exportiunivamalg #8|18|57|NULL
10003011|exportiunivamalg #11|8|12|NULL
10003015|exportiunivamalg #15|18|46|NULL
10005014|scholarunivamalg #14|19|54|NULL
10012002|importoamalgamalg #2|9|37|NULL
10012011|importoamalgamalg #11|9|40|NULL
10012017|importoamalgamalg #17|19|31|NULL
10014016|edu packamalgamalg #16|18|48|NULL
10016006|corpamalgamalg #6|17|37|NULL
10016008|corpamalgamalg #8|18|23|NULL
10016016|corpamalgamalg #16|17|8|NULL
4002001|importoedu pack #1|19|57|28364.28
3002001|importoexporti #1|19|44|24703.41
2004002|edu packimporto #2|17|23|24584.49
10016003|corpamalgamalg #3|18|27|23408.82
3001002|amalgexporti #2|18|5|22929.51
2003002|exportiimporto #2|17|49|22103.22
4002002|importoedu pack #2|9|19|22041.00
3004001|edu packexporti #1|9|37|21567.00
2002001|importoimporto #1|19|59|21179.00
6011007|amalgbrand #7|19|8|21169.96
9007009|brandmaxi #9|19|42|20833.66
2001001|amalgimporto #1|18|44|20407.66
10003008|exportiunivamalg #8|18|33|20395.20
8009005|maxinameless #5|18|7|20230.48
6008005|namelesscorp #5|19|52|19580.89
7008005|namelessbrand #5|17|29|19378.66
1002001|importoamalg #1|17|8|19368.64
10014016|edu packamalgamalg #16|18|41|19353.04
3003002|exportiexporti #2|17|37|19277.44
8005005|scholarnameless #5|9|10|19170.40
1001001|amalgamalg #1|18|52|19080.80
7015009|scholarnameless #9|19|15|18998.00
9013008|exportiunivamalg #8|19|29|18983.00
7001005|amalgbrand #5|18|44|18878.85
1004002|edu packamalg #2|19|25|18725.23
3001001|amalgexporti #1|9|56|18630.81
6009007|maxicorp #7|8|9|18530.69
7009010|maxibrand #10|18|9|18514.67
4002001|importoedu pack #1|17|32|18351.79
4002001|importoedu pack #1|6|10|18095.48
4003001|exportiedu pack #1|19|3|18063.86
1001001|amalgamalg #1|9|15|17782.04
5001001|amalgscholar #1|18|20|17680.00
9016005|corpunivamalg #5|19|42|17650.00
5003002|exportischolar #2|8|37|17189.74
3002001|importoexporti #1|6|24|17176.76
6008005|namelesscorp #5|18|43|17173.44
2001001|amalgimporto #1|17|29|17069.35
5004001|edu packscholar #1|18|51|16963.04
2003001|exportiimporto #1|9|56|16887.29
5001002|amalgscholar #2|8|21|16870.03
6015005|scholarbrand #5|8|3|16851.10
5004001|edu packscholar #1|9|39|16820.59
4002001|importoedu pack #1|18|19|16699.50
1002001|importoamalg #1|19|37|16692.49
4004002|edu packedu pack #2|18|46|16650.00
6015006|scholarbrand #6|8|25|16618.92
3003001|exportiexporti #1|19|17|16373.02
9014002|edu packunivamalg #2|9|53|16343.53
6015004|scholarbrand #4|18|16|16333.98
5002001|importoscholar #1|7|23|16322.60
9002003|importomaxi #3|18|19|16240.50
8005008|scholarnameless #8|19|15|16232.72
4003001|exportiedu pack #1|9|40|16152.50
7005006|scholarbrand #6|6|25|16139.52
3003002|exportiexporti #2|19|35|16133.12
3003001|exportiexporti #1|17|23|16108.91
8004003|edu packnameless #3|7|43|16049.88
6015004|scholarbrand #4|18|7|15876.88
9009003|maximaxi #3|8|5|15837.48
9003008|exportimaxi #8|17|30|15835.82
4003001|exportiedu pack #1|8|4|15748.80
9005009|scholarmaxi #9|19|50|15560.16
7002003|importobrand #3|7|30|15501.00
3002001|importoexporti #1|17|26|15494.40
1004002|edu packamalg #2|6|37|15458.46
9011008|amalgunivamalg #8|8|11|15457.50
6008002|namelesscorp #2|19|8|15444.00
1004001|edu packamalg #1|17|8|15372.24
10007014|brandunivamalg #14|18|57|15336.36
1003002|exportiamalg #2|6|46|15325.62
3004002|edu packexporti #2|17|40|15299.52
8015005|scholarmaxi #5|19|18|15218.32
2001001|amalgimporto #1|18|36|15207.94
10016016|corpamalgamalg #16|17|40|15158.08
3004001|edu packexporti #1|17|39|15143.71
1002001|importoamalg #1|19|22|14910.09
9010009|univunivamalg #9|18|10|14863.20
4001001|amalgedu pack #1|19|38|14817.76
9016002|corpunivamalg #2|18|16|14672.35
1002001|importoamalg #1|18|55|14653.21
4003002|exportiedu pack #2|9|0|14499.45
9014003|edu packunivamalg #3|19|15|14495.04
8011007|amalgmaxi #7|17|23|14450.13
7008006|namelessbrand #6|8|11|14444.43
7015002|scholarnameless #2|9|2|14423.37
3004001|edu packexporti #1|8|30|14373.94
1001002|amalgamalg #2|18|16|14337.71
10013003|exportiamalgamalg #3|17|8|14319.16
4001001|amalgedu pack #1|8|3|14305.26
7010001|univnameless #1|17|26|14268.24
7007004|brandbrand #4|18|52|14246.00
7007010|brandbrand #10|18|27|14239.60
1002001|importoamalg #1|9|2|14185.40
7006003|corpbrand #3|18|48|14095.32
10016006|corpamalgamalg #6|18|9|14075.59
1003001|exportiamalg #1|17|0|14017.07
6012008|importobrand #8|9|54|14002.40
10006009|corpunivamalg #9|19|36|13985.84
9011009|amalgunivamalg #9|17|25|13961.61
8004003|edu packnameless #3|6|37|13937.54
6008007|namelesscorp #7|8|28|13874.40
3003001|exportiexporti #1|8|48|13858.39
1003002|exportiamalg #2|9|37|13839.21
9010009|univunivamalg #9|9|29|13838.82
6003007|exporticorp #7|17|17|13824.78
1003001|exportiamalg #1|18|54|13819.95
5004002|edu packscholar #2|6|10|13798.41
1003002|exportiamalg #2|17|1|13738.46
9006011|corpmaxi #11|17|21|13716.63
5003001|exportischolar #1|18|52|13713.05
1001001|amalgamalg #1|17|19|13557.27
1004001|edu packamalg #1|19|44|13524.76
7016001|corpnameless #1|17|48|13486.20
6013006|exportibrand #6|18|59|13449.33
4001001|amalgedu pack #1|9|0|13431.59
7006005|corpbrand #5|19|4|13428.48
7008009|namelessbrand #9|18|48|13397.00
1004002|edu packamalg #2|17|36|13342.44
7011008|amalgnameless #8|17|32|13300.96
2002001|importoimporto #1|18|35|13299.50
3004001|edu packexporti #1|9|19|13291.65
3003001|exportiexporti #1|18|12|13232.58
2003001|exportiimporto #1|7|25|13224.06
1001001|amalgamalg #1|8|27|13223.80
8010009|univmaxi #9|18|39|13141.85
10016001|corpamalgamalg #1|18|49|13107.93
1004001|edu packamalg #1|17|13|13069.38
9006005|corpmaxi #5|17|38|13066.68
7010010|univnameless #10|18|53|13039.68
8014005|edu packmaxi #5|6|5|13032.84
1004001|edu packamalg #1|9|37|13008.58
6005001|scholarcorp #1|8|37|13005.36
2002001|importoimporto #1|17|26|12978.54
3003001|exportiexporti #1|19|54|12969.88
3003001|exportiexporti #1|8|21|12896.99
4004001|edu packedu pack #1|7|56|12890.16
4004001|edu packedu pack #1|18|53|12884.76
9014008|edu packunivamalg #8|18|23|12881.12
1001001|amalgamalg #1|17|55|12860.32
1001002|amalgamalg #2|6|29|12834.00
1001001|amalgamalg #1|9|14|12830.79
9015009|scholarunivamalg #9|19|39|12777.20
7002008|importobrand #8|18|35|12739.76
2003002|exportiimporto #2|18|49|12724.40
10008002|namelessunivamalg #2|19|47|12676.45
7003001|exportibrand #1|19|43|12567.06
8004009|edu packnameless #9|7|9|12543.04
2001001|amalgimporto #1|17|43|12535.11
2002001|importoimporto #1|18|42|12530.18
6006003|corpcorp #3|8|3|12443.15
5001002|amalgscholar #2|19|59|12365.69
10003011|exportiunivamalg #11|9|24|12364.65
7009005|maxibrand #5|8|12|12358.26
2003002|exportiimporto #2|18|13|12358.17
6009002|maxicorp #2|7|49|12355.36
2001001|amalgimporto #1|17|46|12339.33
6011001|amalgbrand #1|6|31|12330.90
2002002|importoimporto #2|17|58|12326.25
4001001|amalgedu pack #1|9|3|12302.40
9003008|exportimaxi #8|9|17|12301.47
1002001|importoamalg #1|18|17|12299.11
4004001|edu packedu pack #1|19|22|12284.25
4002001|importoedu pack #1|17|19|12248.30
9015011|scholarunivamalg #11|18|28|12245.76
3003001|exportiexporti #1|19|51|12234.81
9009009|maximaxi #9|9|39|12206.56
9004008|edu packmaxi #8|18|36|12171.06
9004003|edu packmaxi #3|17|16|12104.04
2004001|edu packimporto #1|19|1|12102.33
4004001|edu packedu pack #1|8|52|12073.84
6014007|edu packbrand #7|9|58|12062.70
8004003|edu packnameless #3|18|20|12020.00
4001002|amalgedu pack #2|17|4|12010.04
4002001|importoedu pack #1|9|50|11997.16
5002001|importoscholar #1|19|28|11993.90
4003001|exportiedu pack #1|18|48|11911.92
2004001|edu packimporto #1|19|52|11906.35
2001002|amalgimporto #2|8|23|11903.76
5003001|exportischolar #1|17|39|11899.04
3002002|importoexporti #2|17|19|11877.20
6003005|exporticorp #5|18|38|11874.75
9015005|scholarunivamalg #5|9|20|11870.52
7012009|importonameless #9|17|20|11850.52
5001002|amalgscholar #2|19|49|11846.84
8006008|corpnameless #8|9|24|11779.05
4002001|importoedu pack #1|18|33|11770.82
4003001|exportiedu pack #1|18|47|11750.00
9006009|corpmaxi #9|17|11|11740.56
10009013|maxiunivamalg #13|7|34|11727.90
3004001|edu packexporti #1|19|25|11716.88
3003001|exportiexporti #1|8|57|11713.52
1001001|amalgamalg #1|9|49|11710.65
3003002|exportiexporti #2|19|36|11668.80
2001001|amalgimporto #1|18|50|11637.99
1004002|edu packamalg #2|17|49|11588.01
1003001|exportiamalg #1|9|30|11566.72
8008002|namelessnameless #2|9|18|11538.52
8011007|amalgmaxi #7|18|45|11531.52
2001002|amalgimporto #2|18|45|11512.16
5003001|exportischolar #1|17|42|11468.40
8010005|univmaxi #5|19|6|11460.12
5004001|edu packscholar #1|7|46|11459.64
8005009|scholarnameless #9|7|52|11459.50
4004001|edu packedu pack #1|19|23|11458.96
7013002|exportinameless #2|19|51|11457.60
5004001|edu packscholar #1|8|51|11455.86
1001001|amalgamalg #1|18|55|11453.22
5001002|amalgscholar #2|17|18|11435.34
6010002|univbrand #2|19|50|11429.88
8010009|univmaxi #9|7|13|11393.20
10011014|amalgamalgamalg #14|18|10|11380.50
2003001|exportiimporto #1|8|50|11368.70
1003001|exportiamalg #1|17|30|11346.00
7015003|scholarnameless #3|9|56|11331.48
9001011|amalgmaxi #11|18|26|11327.95
9015011|scholarunivamalg #11|8|23|11325.90
7016001|corpnameless #1|18|31|11319.60
9004011|edu packmaxi #11|17|1|11227.35
6007003|brandcorp #3|8|59|11211.85
8005006|scholarnameless #6|8|18|11177.48
5003002|exportischolar #2|7|29|11154.00
6014002|edu packbrand #2|17|26|11149.54
10016001|corpamalgamalg #1|17|41|11143.30
3003001|exportiexporti #1|18|41|11139.19
4004001|edu packedu pack #1|8|58|11118.12
5002002|importoscholar #2|19|55|11114.64
5002002|importoscholar #2|17|13|11105.29
7004007|edu packbrand #7|6|38|11097.60
10009009|maxiunivamalg #9|9|49|11076.43
2002001|importoimporto #1|9|7|11055.13
8011007|amalgmaxi #7|9|16|11052.36
1003001|exportiamalg #1|17|14|11050.27
6016003|corpbrand #3|7|31|11003.30
1001001|amalgamalg #1|18|49|10997.76
4002001|importoedu pack #1|18|11|10991.50
6005001|scholarcorp #1|17|23|10990.07
5001002|amalgscholar #2|18|56|10965.85
5004001|edu packscholar #1|19|59|10937.00
8001004|amalgnameless #4|19|40|10924.47
6008002|namelesscorp #2|8|56|10922.85
3002001|importoexporti #1|18|42|10891.90
1002001|importoamalg #1|17|43|10887.75
1003002|exportiamalg #2|18|21|10857.05
4004002|edu packedu pack #2|17|16|10843.20
8005003|scholarnameless #3|19|12|10842.81
6016005|corpbrand #5|8|49|10833.75
2004002|edu packimporto #2|19|43|10830.68
9007003|brandmaxi #3|17|32|10829.28
9004008|edu packmaxi #8|8|57|10807.03
2004002|edu packimporto #2|8|5|10806.46
7010001|univnameless #1|7|39|10787.84
6016005|corpbrand #5|6|6|10752.39
7006001|corpbrand #1|9|55|10739.62
3003001|exportiexporti #1|8|6|10732.80
7001009|amalgbrand #9|19|24|10731.16
5002001|importoscholar #1|18|30|10724.67
8016001|corpmaxi #1|8|30|10723.13
3002001|importoexporti #1|6|16|10722.65
9001011|amalgmaxi #11|17|22|10711.29
2001001|amalgimporto #1|7|8|10700.76
2001001|amalgimporto #1|8|13|10683.88
2004002|edu packimporto #2|9|29|10682.28
6003003|exporticorp #3|17|40|10682.14
10015009|scholaramalgamalg #9|8|34|10666.65
2004002|edu packimporto #2|19|22|10662.42
1002002|importoamalg #2|18|32|10637.25
2001001|amalgimporto #1|17|39|10618.59
4002001|importoedu pack #1|17|59|10607.92
2004002|edu packimporto #2|17|59|10565.72
4004002|edu packedu pack #2|18|7|10549.76
2003001|exportiimporto #1|8|28|10549.00
8005009|scholarnameless #9|18|6|10543.14
1002002|importoamalg #2|17|9|10540.28
7009005|maxibrand #5|6|26|10536.81
4002001|importoedu pack #1|17|41|10531.44
5001002|amalgscholar #2|9|1|10519.74
1002001|importoamalg #1|19|7|10506.00
10013013|exportiamalgamalg #13|17|32|10497.50
9003011|exportimaxi #11|9|40|10483.14
1004002|edu packamalg #2|9|10|10480.17
8010005|univmaxi #5|17|56|10461.12
4002001|importoedu pack #1|19|58|10424.88
3003001|exportiexporti #1|19|9|10403.50
1004001|edu packamalg #1|7|48|10389.82
4004001|edu packedu pack #1|9|7|10378.78
1003001|exportiamalg #1|18|44|10375.23
10011017|amalgamalgamalg #17|17|4|10372.70
6009007|maxicorp #7|9|38|10368.75
10006008|corpunivamalg #8|9|13|10350.00
8004001|edu packnameless #1|9|8|10348.80
10003004|exportiunivamalg #4|9|5|10338.24
7004004|edu packbrand #4|7|35|10322.64
9001003|amalgmaxi #3|6|43|10314.54
1002001|importoamalg #1|17|36|10302.39
4004001|edu packedu pack #1|17|10|10296.92
6014002|edu packbrand #2|19|55|10281.96
9009003|maximaxi #3|17|54|10251.64
3001001|amalgexporti #1|8|14|10217.69
7008006|namelessbrand #6|18|8|10195.20
7016007|corpnameless #7|7|6|10191.57
8008002|namelessnameless #2|9|0|10183.68
3002001|importoexporti #1|17|51|10183.65
3001002|amalgexporti #2|19|37|10152.80
5002001|importoscholar #1|19|55|10137.95
3003002|exportiexporti #2|19|56|10126.00
10008015|namelessunivamalg #15|7|37|10123.19
7007004|brandbrand #4|17|53|10105.15
4003001|exportiedu pack #1|18|12|10104.40
3001001|amalgexporti #1|19|50|10090.38
2002001|importoimporto #1|8|14|10079.84
4002002|importoedu pack #2|17|10|10042.20
1003001|exportiamalg #1|9|49|10039.60
8008009|namelessnameless #9|19|56|10039.26
10002007|importounivamalg #7|17|45|10034.72
5001001|amalgscholar #1|17|34|10034.48
2003002|exportiimporto #2|9|56|10028.67
6015006|scholarbrand #6|9|14|10006.84
2001001|amalgimporto #1|19|19|10002.28
2001001|amalgimporto #1|19|12|9991.62
9001011|amalgmaxi #11|19|37|9981.80
9015009|scholarunivamalg #9|19|1|9977.42
5003001|exportischolar #1|17|20|9969.17
9008005|namelessmaxi #5|7|9|9962.85
2004002|edu packimporto #2|19|35|9962.46
8016003|corpmaxi #3|7|49|9952.65
3001002|amalgexporti #2|17|23|9919.90
2001002|amalgimporto #2|18|25|9919.80
7013002|exportinameless #2|8|13|9919.00
7015002|scholarnameless #2|8|20|9918.25
9002011|importomaxi #11|6|5|9912.70
8013009|exportimaxi #9|19|3|9895.50
1003001|exportiamalg #1|6|11|9893.80
1004001|edu packamalg #1|6|29|9892.34
7006004|NULL|8|27|9876.96
2004002|edu packimporto #2|9|12|9875.14
9007003|brandmaxi #3|19|0|9874.80
10015005|scholaramalgamalg #5|19|2|9861.67
6005007|scholarcorp #7|18|51|9847.17
4001002|amalgedu pack #2|8|41|9838.36
7015003|scholarnameless #3|9|42|9766.93
8010009|univmaxi #9|17|27|9764.88
1001002|amalgamalg #2|17|6|9762.48
1003001|exportiamalg #1|19|24|9751.11
1001001|amalgamalg #1|17|18|9746.29
2004002|edu packimporto #2|17|0|9720.80
6014002|edu packbrand #2|7|10|9714.74
9001011|amalgmaxi #11|17|12|9698.96
8010009|univmaxi #9|18|54|9683.51
6006002|corpcorp #2|9|55|9681.36
2003001|exportiimporto #1|17|19|9680.49
9011008|amalgunivamalg #8|17|37|9666.44
1001001|amalgamalg #1|9|55|9650.90
10003004|exportiunivamalg #4|19|44|9650.27
6001007|amalgcorp #7|18|46|9639.76
10009017|maxiunivamalg #17|18|53|9606.24
7005006|scholarbrand #6|17|16|9567.36
4002002|importoedu pack #2|18|56|9563.23
9012005|importounivamalg #5|19|9|9553.53
4004001|edu packedu pack #1|8|48|9523.32
2002001|importoimporto #1|18|23|9515.34
7008009|namelessbrand #9|17|8|9508.72
5002002|importoscholar #2|18|41|9503.86
4003001|exportiedu pack #1|17|7|9499.83
6016003|corpbrand #3|19|23|9489.04
5001002|amalgscholar #2|9|18|9485.32
8014005|edu packmaxi #5|19|38|9482.20
10016013|corpamalgamalg #13|9|47|9477.60
5004001|edu packscholar #1|17|22|9476.34
2002002|importoimporto #2|18|17|9471.66
3003001|exportiexporti #1|17|47|9459.84
4004001|edu packedu pack #1|19|46|9457.34
10002007|importounivamalg #7|6|7|9428.12
3004001|edu packexporti #1|7|55|9425.52
8012010|importomaxi #10|9|18|9421.20
1003001|exportiamalg #1|8|43|9417.31
6001007|amalgcorp #7|9|45|9411.00
1003001|exportiamalg #1|17|10|9401.06
1002001|importoamalg #1|9|15|9395.21
4001001|amalgedu pack #1|9|55|9394.45
3001001|amalgexporti #1|8|55|9388.80
10004004|edu packunivamalg #4|17|2|9375.36
4004002|edu packedu pack #2|18|24|9367.68
8007007|brandnameless #7|8|21|9360.26
1001001|amalgamalg #1|19|16|9358.00
3001001|amalgexporti #1|18|40|9349.13
8012004|importomaxi #4|9|31|9347.46
5004001|edu packscholar #1|18|53|9346.50
10008002|namelessunivamalg #2|9|10|9337.60
3002001|importoexporti #1|9|31|9334.80
7013009|exportinameless #9|6|54|9330.90
2004001|edu packimporto #1|19|9|9308.96
6005001|scholarcorp #1|8|13|9305.52
7008009|namelessbrand #9|17|5|9299.85
8016004|corpmaxi #4|17|51|9289.65
5001002|amalgscholar #2|7|31|9274.40
6008003|namelesscorp #3|19|51|9269.44
1002001|importoamalg #1|18|7|9264.94
2001002|amalgimporto #2|18|59|9257.75
4002002|importoedu pack #2|19|31|9254.07
3002001|importoexporti #1|18|20|9252.03
8011008|amalgmaxi #8|18|35|9219.75
9007003|brandmaxi #3|7|37|9187.12
5003001|exportischolar #1|7|36|9185.40
7009003|maxibrand #3|6|53|9167.55
6015004|scholarbrand #4|18|23|9165.12
5003002|exportischolar #2|17|32|9163.44
7013002|exportinameless #2|18|40|9160.96
10016006|corpamalgamalg #6|17|43|9160.91
1003001|exportiamalg #1|6|56|9158.60
3004001|edu packexporti #1|18|47|9149.14
6002003|importocorp #3|18|35|9140.04
10002007|importounivamalg #7|19|51|9136.94
9011008|amalgunivamalg #8|17|41|9118.65
8010005|univmaxi #5|18|22|9113.60
10009006|maxiunivamalg #6|9|45|9109.44
4002001|importoedu pack #1|19|46|9102.81
1002001|importoamalg #1|17|44|9097.55
10016003|corpamalgamalg #3|8|31|9095.20
2001002|amalgimporto #2|9|39|9089.50
8004005|edu packnameless #5|7|25|9058.32
3004001|edu packexporti #1|19|45|9048.59
2002001|importoimporto #1|19|45|9035.82
2004002|edu packimporto #2|6|26|9025.30
2001002|amalgimporto #2|17|24|9006.40
5004002|edu packscholar #2|18|43|9006.00
1001001|amalgamalg #1|9|8|9005.38
8005005|scholarnameless #5|18|37|8998.20
5003001|exportischolar #1|9|10|8995.80
2002001|importoimporto #1|9|23|8993.00
6015005|scholarbrand #5|6|46|8982.20
5002001|importoscholar #1|6|18|8969.48
10007014|brandunivamalg #14|18|47|8967.60
2002001|importoimporto #1|9|59|8964.51
10007015|brandunivamalg #15|9|54|8953.00
5003002|exportischolar #2|19|35|8949.62
2004002|edu packimporto #2|17|15|8946.50
2001001|amalgimporto #1|19|50|8943.22
1003001|exportiamalg #1|17|41|8923.52
7015003|scholarnameless #3|17|20|8918.25
4004001|edu packedu pack #1|8|49|8914.12
10010001|univamalgamalg #1|17|11|8909.01
6012003|importobrand #3|17|30|8908.37
10009013|maxiunivamalg #13|8|4|8906.24
5004001|edu packscholar #1|18|17|8892.40
1001002|amalgamalg #2|17|28|8869.72
7016005|corpnameless #5|19|57|8868.78
5004002|edu packscholar #2|17|13|8867.04
10016017|corpamalgamalg #17|9|37|8842.68
2001001|amalgimporto #1|9|38|8840.10
4002001|importoedu pack #1|19|4|8837.96
8014005|edu packmaxi #5|18|32|8834.24
3001001|amalgexporti #1|19|16|8833.18
2001001|amalgimporto #1|18|12|8832.15
8004003|edu packnameless #3|17|41|8824.97
7013002|exportinameless #2|18|13|8824.09
5004001|edu packscholar #1|19|11|8812.50
5002002|importoscholar #2|7|30|8811.44
10014016|edu packamalgamalg #16|9|51|8799.34
7012010|importonameless #10|19|12|8770.06
3001002|amalgexporti #2|9|47|8764.47
5001002|amalgscholar #2|18|4|8753.86
10001017|amalgunivamalg #17|9|15|8752.42
4001002|amalgedu pack #2|9|24|8735.00
9009005|maximaxi #5|8|23|8731.66
1004001|edu packamalg #1|17|42|8731.08
3001002|amalgexporti #2|17|11|8727.98
9013011|exportiunivamalg #11|6|40|8721.79
7014009|edu packnameless #9|19|13|8704.80
2003001|exportiimporto #1|8|3|8697.78
1001001|amalgamalg #1|19|11|8695.28
8009009|maxinameless #9|19|42|8683.95
2003002|exportiimporto #2|17|26|8681.58
8002009|importonameless #9|18|6|8676.65
10014016|edu packamalgamalg #16|9|5|8666.88
1002001|importoamalg #1|19|47|8665.20
4004002|edu packedu pack #2|19|50|8632.44
7007004|brandbrand #4|19|35|8632.09
8012001|importomaxi #1|19|27|8627.52
10006009|corpunivamalg #9|17|4|8617.87
7001004|amalgbrand #4|17|48|8613.42
5004001|edu packscholar #1|18|11|8612.62
10006009|corpunivamalg #9|6|50|8610.28
6010004|univbrand #4|9|30|8593.82
8011007|amalgmaxi #7|9|8|8591.22
3003001|exportiexporti #1|9|54|8586.24
10015017|scholaramalgamalg #17|18|34|8585.25
2004002|edu packimporto #2|18|26|8575.59
7002009|importobrand #9|17|37|8561.89
8008002|namelessnameless #2|18|40|8552.70
1002002|importoamalg #2|18|26|8548.36
5004001|edu packscholar #1|19|21|8547.91
5004001|edu packscholar #1|17|11|8534.16
1003002|exportiamalg #2|6|3|8522.00
10006009|corpunivamalg #9|17|21|8514.24
7004001|edu packbrand #1|7|0|8512.85
10016009|corpamalgamalg #9|19|51|8507.25
1004001|edu packamalg #1|17|9|8506.40
4001002|amalgedu pack #2|19|38|8505.99
7009009|maxibrand #9|18|51|8497.41
5002002|importoscholar #2|6|3|8496.81
2003001|exportiimporto #1|17|5|8491.21
8016003|corpmaxi #3|19|1|8489.98
6014004|edu packbrand #4|8|46|8486.25
5002001|importoscholar #1|19|37|8485.60
2002002|importoimporto #2|18|22|8482.71
10016003|corpamalgamalg #3|17|19|8475.27
1001002|amalgamalg #2|19|17|8460.70
7013007|exportinameless #7|6|41|8459.40
10007005|brandunivamalg #5|17|25|8459.22
10014016|edu packamalgamalg #16|18|24|8447.60
3001002|amalgexporti #2|8|33|8435.30
6004004|edu packcorp #4|8|48|8429.67
8005005|scholarnameless #5|17|54|8425.52
7002003|importobrand #3|17|15|8402.10
8009005|maxinameless #5|7|0|8401.92
9008008|namelessmaxi #8|17|34|8397.48
6008002|namelesscorp #2|19|26|8391.60
7010001|univnameless #1|18|24|8388.80
1003002|exportiamalg #2|6|45|8387.82
10006008|corpunivamalg #8|19|58|8385.96
10013015|exportiamalgamalg #15|19|1|8378.10
3001001|amalgexporti #1|17|23|8371.64
2004002|edu packimporto #2|9|30|8367.80
3003001|exportiexporti #1|7|59|8360.64
3002002|importoexporti #2|18|13|8357.12
10016009|corpamalgamalg #9|19|18|8350.73
10012017|importoamalgamalg #17|8|25|8343.79
8004003|edu packnameless #3|17|52|8334.28
1001001|amalgamalg #1|19|40|8320.00
8005008|scholarnameless #8|17|23|8318.70
9011008|amalgunivamalg #8|18|49|8313.87
5002002|importoscholar #2|9|0|8313.72
7009010|maxibrand #10|7|47|8308.08
10016017|corpamalgamalg #17|8|41|8282.89
1002001|importoamalg #1|18|57|8281.98
8007007|brandnameless #7|18|6|8281.35
10007005|brandunivamalg #5|19|10|8281.00
6012003|importobrand #3|17|24|8271.36
2004002|edu packimporto #2|18|10|8268.75
10009008|maxiunivamalg #8|8|37|8255.52
4002002|importoedu pack #2|19|27|8235.37
2003001|exportiimporto #1|17|56|8219.46
4004001|edu packedu pack #1|8|50|8218.42
6010005|univbrand #5|8|27|8217.61
4002002|importoedu pack #2|17|42|8214.72
5002002|importoscholar #2|9|52|8213.96
6001007|amalgcorp #7|9|29|8211.06
9002003|importomaxi #3|18|46|8208.00
10006003|corpunivamalg #3|17|41|8207.64
8006003|corpnameless #3|17|29|8204.80
7002008|importobrand #8|8|13|8200.40
5004002|edu packscholar #2|8|6|8199.95
3001002|amalgexporti #2|17|17|8198.76
1003001|exportiamalg #1|17|44|8196.09
7001005|amalgbrand #5|18|20|8189.28
4003001|exportiedu pack #1|18|42|8177.99
4002001|importoedu pack #1|6|25|8174.76
7016001|corpnameless #1|9|6|8150.10
10005013|scholarunivamalg #13|6|9|8148.95
10002007|importounivamalg #7|9|39|8148.00
6003008|exporticorp #8|19|22|8146.07
5004002|edu packscholar #2|19|55|8123.99
6005001|scholarcorp #1|7|54|8123.94
10009008|maxiunivamalg #8|17|43|8115.85
7002008|importobrand #8|8|18|8112.72
7013002|exportinameless #2|8|45|8109.66
4001001|amalgedu pack #1|18|51|8102.64
7015003|scholarnameless #3|17|9|8098.64
3002001|importoexporti #1|18|19|8095.89
7006008|corpbrand #8|17|6|8085.77
4004001|edu packedu pack #1|8|14|8085.18
9003005|exportimaxi #5|19|5|8084.80
NULL|NULL|19|52|8084.70
3001001|amalgexporti #1|18|19|8080.00
9007011|brandmaxi #11|18|23|8078.40
6012002|importobrand #2|6|34|8071.05
3001001|amalgexporti #1|18|8|8063.09
2002001|importoimporto #1|9|27|8063.00
6001001|amalgcorp #1|9|14|8061.64
9014008|edu packunivamalg #8|8|33|8044.56
6015007|scholarbrand #7|19|34|8041.00
10012005|importoamalgamalg #5|17|56|8023.15
5001001|amalgscholar #1|7|21|8014.48
3004001|edu packexporti #1|19|42|8013.40
4002001|importoedu pack #1|19|23|8011.75
8016006|corpmaxi #6|9|33|8011.61
7016001|corpnameless #1|17|18|8000.64
9006009|corpmaxi #9|18|33|7978.27
6016003|corpbrand #3|19|42|7976.80
7009005|maxibrand #5|18|49|7976.18
4004002|edu packedu pack #2|17|7|7967.05
10011004|amalgamalgamalg #4|9|54|7963.92
3003001|exportiexporti #1|17|41|7958.94
8003003|exportinameless #3|19|12|7957.89
1001001|amalgamalg #1|18|56|7957.75
4003002|exportiedu pack #2|18|33|7957.20
8005010|scholarnameless #10|18|7|7956.00
8006008|corpnameless #8|6|21|7949.34
5001002|amalgscholar #2|17|51|7938.93
8011009|amalgmaxi #9|17|39|7931.00
1004001|edu packamalg #1|19|28|7922.09
8004005|edu packnameless #5|17|16|7918.02
7015009|scholarnameless #9|7|36|7917.87
1002001|importoamalg #1|18|26|7917.62
5001001|amalgscholar #1|17|8|7917.52
4003001|exportiedu pack #1|17|27|7909.89
4002001|importoedu pack #1|7|31|7905.59
10007015|brandunivamalg #15|17|4|7901.52
10014001|edu packamalgamalg #1|18|37|7891.68
5004001|edu packscholar #1|17|36|7885.54
6008002|namelesscorp #2|18|33|7884.60
1004001|edu packamalg #1|19|53|7879.68
2004001|edu packimporto #1|19|12|7865.94
2002001|importoimporto #1|6|6|7861.92
2001001|amalgimporto #1|19|57|7859.60
7002009|importobrand #9|19|49|7855.88
5004001|edu packscholar #1|9|9|7846.35
10012006|importoamalgamalg #6|18|53|7843.62
1001001|amalgamalg #1|8|56|7842.00
8002009|importonameless #9|6|16|7841.96
1001001|amalgamalg #1|18|7|7840.95
7014009|edu packnameless #9|19|7|7825.00
NULL|NULL|17|21|7821.84
3002001|importoexporti #1|8|48|7812.35
3001001|amalgexporti #1|17|46|7794.80
2001002|amalgimporto #2|6|57|7764.75
3004001|edu packexporti #1|18|21|7762.82
4002002|importoedu pack #2|9|18|7759.26
3003001|exportiexporti #1|6|59|7754.46
6004004|edu packcorp #4|18|7|7752.48
3001001|amalgexporti #1|18|58|7747.35
9015011|scholarunivamalg #11|7|3|7744.93
2002001|importoimporto #1|8|56|7740.72
3001001|amalgexporti #1|18|28|7740.46
8008002|namelessnameless #2|19|21|7738.08
5002001|importoscholar #1|6|52|7733.42
10003011|exportiunivamalg #11|8|36|7732.02
4003002|exportiedu pack #2|18|35|7731.19
8011007|amalgmaxi #7|19|9|7730.54
5003001|exportischolar #1|9|42|7730.09
5001002|amalgscholar #2|6|30|7723.50
3002001|importoexporti #1|8|49|7711.89
3003001|exportiexporti #1|17|11|7709.66
9008005|namelessmaxi #5|17|5|7708.80
7010003|univnameless #3|17|22|7679.49
6003007|exporticorp #7|9|7|7678.45
7012009|importonameless #9|17|46|7676.04
3003002|exportiexporti #2|9|9|7671.64
9012005|importounivamalg #5|9|16|7667.00
4004001|edu packedu pack #1|17|54|7664.22
10012006|importoamalgamalg #6|17|10|7664.12
8016006|corpmaxi #6|9|26|7663.65
8001003|amalgnameless #3|9|45|7659.68
2001002|amalgimporto #2|17|23|7649.02
4003001|exportiedu pack #1|18|1|7627.80
7015002|scholarnameless #2|17|24|7622.80
4003001|exportiedu pack #1|6|20|7614.64
7009001|maxibrand #1|6|52|7613.28
10011014|amalgamalgamalg #14|17|41|7609.93
6013006|exportibrand #6|9|12|7606.50
3001001|amalgexporti #1|17|6|7602.65
8010008|univmaxi #8|17|48|7595.25
9008011|namelessmaxi #11|8|9|7592.67
5003001|exportischolar #1|19|59|7588.93
3004001|edu packexporti #1|18|56|7578.72
9004003|edu packmaxi #3|7|31|7574.49
9003008|exportimaxi #8|8|17|7574.22
1004002|edu packamalg #2|18|15|7572.83
10012010|importoamalgamalg #10|7|10|7571.88
1004001|edu packamalg #1|18|29|7564.66
5001001|amalgscholar #1|9|8|7559.90
9011008|amalgunivamalg #8|19|32|7559.00
8001001|amalgnameless #1|18|51|7545.60
1002001|importoamalg #1|9|57|7543.23
8009003|maxinameless #3|19|49|7541.91
3004001|edu packexporti #1|19|11|7535.20
5002001|importoscholar #1|17|49|7530.52
4002001|importoedu pack #1|6|22|7529.20
10014001|edu packamalgamalg #1|17|57|7524.00
1004002|edu packamalg #2|8|48|7523.43
2001001|amalgimporto #1|8|15|7511.08
10003004|exportiunivamalg #4|9|42|7499.90
2004001|edu packimporto #1|18|59|7499.31
5004001|edu packscholar #1|17|19|7492.00
3003002|exportiexporti #2|7|49|7491.51
10010011|univamalgamalg #11|18|15|7481.40
9014002|edu packunivamalg #2|17|17|7477.70
5004001|edu packscholar #1|19|2|7469.74
8004003|edu packnameless #3|18|51|7467.95
4001001|amalgedu pack #1|9|48|7458.51
3002001|importoexporti #1|9|52|7454.70
1002001|importoamalg #1|8|41|7452.48
4001002|amalgedu pack #2|17|23|7438.83
8008003|namelessnameless #3|19|58|7422.52
2004002|edu packimporto #2|18|29|7421.82
10005010|scholarunivamalg #10|19|59|7421.80
8008003|namelessnameless #3|19|45|7417.62
3002001|importoexporti #1|6|46|7413.90
6002001|importocorp #1|19|42|7410.20
10016001|corpamalgamalg #1|17|43|7399.74
1004002|edu packamalg #2|17|9|7399.35
1002001|importoamalg #1|19|48|7391.16
1001001|amalgamalg #1|6|49|7385.88
4001002|amalgedu pack #2|17|3|7374.29
6003007|exporticorp #7|6|35|7366.50
3002002|importoexporti #2|17|12|7364.28
3004001|edu packexporti #1|18|55|7356.30
8007001|brandnameless #1|17|34|7355.61
5003001|exportischolar #1|17|38|7350.70
4004002|edu packedu pack #2|17|41|7347.77
1003002|exportiamalg #2|8|18|7341.72
5003002|exportischolar #2|17|6|7340.85
5003001|exportischolar #1|17|56|7339.56
9015011|scholarunivamalg #11|19|54|7337.04
7006009|corpbrand #9|8|35|7336.68
4004002|edu packedu pack #2|18|54|7336.17
4004002|edu packedu pack #2|7|13|7333.70
3002001|importoexporti #1|17|16|7333.11
10016001|corpamalgamalg #1|19|14|7332.60
7006009|corpbrand #9|6|30|7331.50
6002001|importocorp #1|17|45|7328.72
4002002|importoedu pack #2|6|25|7310.72
5001001|amalgscholar #1|19|46|7310.57
2004002|edu packimporto #2|18|40|7302.96
1002002|importoamalg #2|19|43|7296.52
1001002|amalgamalg #2|8|9|7291.69
3004001|edu packexporti #1|19|32|7283.08
2001002|amalgimporto #2|9|51|7282.75
9011009|amalgunivamalg #9|17|52|7282.70
5003002|exportischolar #2|9|10|7282.66
1003002|exportiamalg #2|17|20|7282.26
2002001|importoimporto #1|9|22|7277.72
1003002|exportiamalg #2|8|20|7273.24
1002001|importoamalg #1|9|23|7264.32
2002001|importoimporto #1|17|39|7254.45
4001001|amalgedu pack #1|17|10|7246.26
3004001|edu packexporti #1|18|53|7239.38
1003001|exportiamalg #1|19|38|7236.20
8009010|maxinameless #10|19|22|7225.70
2004002|edu packimporto #2|17|56|7216.59
7003001|exportibrand #1|18|51|7214.20
7015002|scholarnameless #2|9|47|7210.56
3001001|amalgexporti #1|8|24|7206.30
8008003|namelessnameless #3|19|50|7204.22
6015005|scholarbrand #5|18|5|7202.88
1002001|importoamalg #1|19|52|7190.55
8008009|namelessnameless #9|17|1|7182.47
9015003|scholarunivamalg #3|17|45|7181.86
6010005|univbrand #5|8|40|7170.80
10011014|amalgamalgamalg #14|9|35|7166.36
7004004|edu packbrand #4|8|1|7161.24
1003002|exportiamalg #2|8|16|7160.57
3004001|edu packexporti #1|17|23|7158.78
1004001|edu packamalg #1|17|30|7155.40
4001001|amalgedu pack #1|9|23|7152.30
3001002|amalgexporti #2|9|16|7151.84
7002009|importobrand #9|18|20|7138.56
5003001|exportischolar #1|17|1|7137.96
2004002|edu packimporto #2|18|8|7128.00
3001002|amalgexporti #2|18|21|7120.40
10004015|edu packunivamalg #15|18|18|7118.96
6010002|univbrand #2|8|37|7118.08
8005010|scholarnameless #10|7|16|7117.80
9002003|importomaxi #3|19|21|7117.47
10015001|scholaramalgamalg #1|8|9|7110.68
10016009|corpamalgamalg #9|9|27|7098.63
1002001|importoamalg #1|8|25|7095.48
3004001|edu packexporti #1|17|19|7093.52
10004015|edu packunivamalg #15|9|27|7093.28
2002001|importoimporto #1|17|3|7079.48
5001001|amalgscholar #1|9|18|7079.40
1002002|importoamalg #2|9|5|7068.06
7004008|edu packbrand #8|18|17|7067.97
10004017|edu packunivamalg #17|19|34|7066.50
7002003|importobrand #3|18|18|7065.41
9006011|corpmaxi #11|17|47|7061.04
10016008|corpamalgamalg #8|19|20|7048.80
2002002|importoimporto #2|9|37|7046.76
1001001|amalgamalg #1|19|49|7039.74
8004003|edu packnameless #3|17|49|7037.01
2003002|exportiimporto #2|7|5|7035.90
3003002|exportiexporti #2|17|42|7035.69
4002001|importoedu pack #1|9|19|7034.45
7013009|exportinameless #9|7|51|7024.32
7006003|corpbrand #3|18|1|7021.08
4002001|importoedu pack #1|7|25|7020.32
10007015|brandunivamalg #15|17|10|7018.50
7016001|corpnameless #1|18|47|7014.33
8016001|corpmaxi #1|9|42|7004.80
1002001|importoamalg #1|7|0|6996.33
6015007|scholarbrand #7|6|33|6995.52
8015007|scholarmaxi #7|19|32|6995.12
1002002|importoamalg #2|19|12|6992.00
9003011|exportimaxi #11|19|39|6992.00
10012001|importoamalgamalg #1|17|13|6992.00
9016009|corpunivamalg #9|18|22|6984.96
1001001|amalgamalg #1|18|45|6982.91
3003001|exportiexporti #1|19|18|6980.54
2003001|exportiimporto #1|18|9|6978.72
5001001|amalgscholar #1|17|4|6977.52
5002001|importoscholar #1|8|26|6977.28
1001002|amalgamalg #2|7|31|6974.72
6012002|importobrand #2|18|43|6973.00
10008012|namelessunivamalg #12|8|58|6963.60
7008006|namelessbrand #6|17|14|6962.79
7015007|scholarnameless #7|8|47|6955.95
7008007|namelessbrand #7|18|58|6948.90
6006007|corpcorp #7|6|42|6947.82
9005009|scholarmaxi #9|18|2|6941.88
2004002|edu packimporto #2|18|28|6937.28
8003009|exportinameless #9|6|20|6937.18
1001001|amalgamalg #1|17|25|6935.08
4002001|importoedu pack #1|18|44|6919.34
3004002|edu packexporti #2|17|33|6917.30
7004009|edu packbrand #9|18|19|6916.14
2004002|edu packimporto #2|18|55|6914.25
1003001|exportiamalg #1|17|55|6912.16
1001001|amalgamalg #1|9|40|6908.25
6016003|corpbrand #3|18|35|6901.20
4001001|amalgedu pack #1|7|58|6896.34
7013009|exportinameless #9|19|0|6884.46
4001001|amalgedu pack #1|9|5|6884.09
6001008|amalgcorp #8|18|49|6882.20
4004001|edu packedu pack #1|18|51|6881.38
5001002|amalgscholar #2|8|23|6875.00
6016003|corpbrand #3|18|8|6869.46
6007003|brandcorp #3|19|6|6864.93
4003002|exportiedu pack #2|19|43|6853.24
6011005|amalgbrand #5|17|32|6853.14
6013007|exportibrand #7|9|10|6853.00
4002002|importoedu pack #2|18|4|6848.40
8005009|scholarnameless #9|18|3|6847.68
1004001|edu packamalg #1|6|38|6842.90
10011004|amalgamalgamalg #4|18|8|6839.20
5001001|amalgscholar #1|18|21|6832.60
2004002|edu packimporto #2|8|14|6827.82
5004001|edu packscholar #1|18|49|6824.82
5001001|amalgscholar #1|19|18|6824.20
4002001|importoedu pack #1|19|28|6823.70
1002001|importoamalg #1|17|37|6817.37
5003002|exportischolar #2|17|23|6817.00
8015007|scholarmaxi #7|19|0|6815.02
7012003|importonameless #3|18|8|6812.24
1001002|amalgamalg #2|19|36|6809.58
9001005|amalgmaxi #5|8|0|6805.26
4004001|edu packedu pack #1|9|48|6801.01
9011009|amalgunivamalg #9|9|3|6798.00
9009002|maximaxi #2|17|52|6793.11
2002001|importoimporto #1|17|16|6788.60
10009013|maxiunivamalg #13|17|18|6778.44
9014011|edu packunivamalg #11|9|28|6778.20
10011017|amalgamalgamalg #17|19|0|6773.88
9014002|edu packunivamalg #2|17|20|6765.92
4004001|edu packedu pack #1|19|56|6765.65
8003007|exportinameless #7|18|19|6737.28
2004002|edu packimporto #2|9|2|6737.16
4001001|amalgedu pack #1|17|11|6736.98
10006017|corpunivamalg #17|8|57|6735.36
10012002|importoamalgamalg #2|17|41|6731.45
6002005|importocorp #5|18|20|6730.00
3004001|edu packexporti #1|19|4|6724.07
8007010|brandnameless #10|19|6|6721.29
2003001|exportiimporto #1|9|32|6720.84
3003001|exportiexporti #1|8|26|6717.76
2003001|exportiimporto #1|8|38|6716.13
5003001|exportischolar #1|17|36|6708.14
8008003|namelessnameless #3|6|35|6705.09
5003001|exportischolar #1|18|19|6703.20
8001003|amalgnameless #3|7|22|6699.21
3001001|amalgexporti #1|17|39|6693.92
4001002|amalgedu pack #2|18|24|6693.00
3004002|edu packexporti #2|18|8|6692.05
1001001|amalgamalg #1|17|16|6682.13
5001002|amalgscholar #2|18|27|6681.60
7010010|univnameless #10|9|56|6677.28
2002001|importoimporto #1|9|49|6677.11
8002009|importonameless #9|19|48|6676.02
6008002|namelesscorp #2|19|9|6673.80
1001002|amalgamalg #2|19|59|6670.30
3002002|importoexporti #2|17|36|6669.30
6006002|corpcorp #2|19|24|6669.05
10008015|namelessunivamalg #15|18|22|6668.70
10010004|univamalgamalg #4|19|12|6668.25
3003001|exportiexporti #1|9|37|6662.04
2003002|exportiimporto #2|18|29|6660.47
10012006|importoamalgamalg #6|17|41|6656.37
3002002|importoexporti #2|9|57|6648.30
10015005|scholaramalgamalg #5|17|44|6646.22
5002001|importoscholar #1|19|9|6646.08
1004002|edu packamalg #2|18|37|6645.75
6003003|exporticorp #3|8|5|6643.92
2004001|edu packimporto #1|9|22|6637.19
1004002|edu packamalg #2|18|52|6630.17
5002002|importoscholar #2|18|8|6623.00
4003001|exportiedu pack #1|9|36|6620.32
2003001|exportiimporto #1|17|20|6611.64
1003001|exportiamalg #1|19|30|6611.00
2003002|exportiimporto #2|8|25|6604.20
6016005|corpbrand #5|17|6|6600.08
10006002|corpunivamalg #2|18|29|6589.52
10005001|scholarunivamalg #1|19|43|6587.35
3002001|importoexporti #1|7|44|6587.20
4002001|importoedu pack #1|18|43|6586.05
5002002|importoscholar #2|9|9|6584.24
10009009|maxiunivamalg #9|18|55|6573.94
6008003|namelesscorp #3|17|21|6561.58
6011008|amalgbrand #8|17|15|6555.15
9001011|amalgmaxi #11|19|34|6549.30
2004001|edu packimporto #1|19|49|6545.24
4002001|importoedu pack #1|9|9|6535.68
7009003|maxibrand #3|17|43|6532.47
8011007|amalgmaxi #7|18|47|6531.03
6012007|importobrand #7|18|17|6530.84
10009009|maxiunivamalg #9|6|59|6527.00
1001002|amalgamalg #2|9|2|6526.88
1001001|amalgamalg #1|9|0|6522.54
4001002|amalgedu pack #2|8|18|6518.91
5004001|edu packscholar #1|8|32|6514.80
10004015|edu packunivamalg #15|17|38|6510.39
6005001|scholarcorp #1|18|46|6507.15
6002005|importocorp #5|17|23|6502.22
5004001|edu packscholar #1|18|22|6496.28
9009002|maximaxi #2|18|43|6494.25
2002001|importoimporto #1|8|24|6493.41
2004002|edu packimporto #2|8|46|6492.33
7010001|univnameless #1|7|21|6491.04
8005009|scholarnameless #9|17|27|6489.21
5001001|amalgscholar #1|18|5|6488.56
10014016|edu packamalgamalg #16|18|49|6485.32
5002001|importoscholar #1|8|51|6482.30
5001002|amalgscholar #2|18|38|6475.66
5001001|amalgscholar #1|9|35|6475.59
7014009|edu packnameless #9|18|46|6473.90
3002001|importoexporti #1|17|27|6465.99
7004008|edu packbrand #8|17|56|6464.61
9009009|maximaxi #9|17|37|6460.09
9016005|corpunivamalg #5|9|50|6458.32
7004009|edu packbrand #9|18|31|6456.99
8004005|edu packnameless #5|19|57|6456.50
8006008|corpnameless #8|9|57|6456.24
10005013|scholarunivamalg #13|17|53|6452.04
3003001|exportiexporti #1|9|34|6451.11
9004008|edu packmaxi #8|18|15|6447.98
1001001|amalgamalg #1|18|48|6443.84
9012005|importounivamalg #5|9|37|6440.98
7006001|corpbrand #1|19|19|6440.46
4001001|amalgedu pack #1|19|50|6435.63
9010009|univunivamalg #9|9|58|6433.54
10012010|importoamalgamalg #10|17|39|6431.04
5002001|importoscholar #1|18|56|6422.08
10015013|scholaramalgamalg #13|9|5|6419.07
3003001|exportiexporti #1|8|30|6414.40
8011008|amalgmaxi #8|18|23|6411.51
4004001|edu packedu pack #1|17|22|6408.35
9010009|univunivamalg #9|9|31|6402.05
10003004|exportiunivamalg #4|19|26|6394.00
4002001|importoedu pack #1|18|17|6393.55
10016003|corpamalgamalg #3|18|17|6392.96
7011008|amalgnameless #8|19|55|6392.88
2002001|importoimporto #1|7|22|6390.58
2003001|exportiimporto #1|8|39|6390.09
1002001|importoamalg #1|17|10|6384.44
1004002|edu packamalg #2|8|1|6374.91
10012004|importoamalgamalg #4|19|13|6369.12
4003001|exportiedu pack #1|9|20|6356.29
6012007|importobrand #7|17|11|6355.00
1002002|importoamalg #2|18|21|6353.12
9007009|brandmaxi #9|18|21|6351.54
2001001|amalgimporto #1|9|3|6347.95
4004001|edu packedu pack #1|19|54|6346.48
3003002|exportiexporti #2|17|31|6346.00
1004002|edu packamalg #2|9|59|6344.10
3004001|edu packexporti #1|18|12|6342.70
2004002|edu packimporto #2|19|53|6339.06
8004004|edu packnameless #4|17|7|6338.09
9006009|corpmaxi #9|18|21|6337.92
8011007|amalgmaxi #7|19|55|6335.00
5002002|importoscholar #2|18|45|6325.00
4004002|edu packedu pack #2|19|32|6321.38
4002001|importoedu pack #1|19|13|6313.32
10014001|edu packamalgamalg #1|19|16|6300.06
5001001|amalgscholar #1|18|27|6297.60
10009009|maxiunivamalg #9|17|4|6296.64
6011001|amalgbrand #1|8|12|6295.68
6010002|univbrand #2|19|26|6295.65
8012005|importomaxi #5|9|24|6292.39
8001004|amalgnameless #4|9|16|6291.84
2003001|exportiimporto #1|6|0|6291.60
2004002|edu packimporto #2|18|5|6290.52
4004001|edu packedu pack #1|19|15|6289.76
NULL|NULL|9|59|6276.27
6012002|importobrand #2|19|12|6276.08
7009005|maxibrand #5|17|13|6273.88
4004001|edu packedu pack #1|7|22|6272.00
9011009|amalgunivamalg #9|17|31|6267.05
8009009|maxinameless #9|17|50|6266.73
1003002|exportiamalg #2|7|31|6266.25
2004002|edu packimporto #2|18|16|6265.86
9011008|amalgunivamalg #8|18|23|6264.72
2001001|amalgimporto #1|18|51|6262.08
1002001|importoamalg #1|8|24|6259.68
7005010|scholarbrand #10|17|4|6258.65
4002002|importoedu pack #2|19|53|6256.64
8012001|importomaxi #1|19|38|6253.68
3004002|edu packexporti #2|19|46|6253.02
6005007|scholarcorp #7|17|34|6252.48
8009009|maxinameless #9|6|3|6250.53
7003005|exportibrand #5|8|22|6243.93
4001002|amalgedu pack #2|9|31|6240.60
1004002|edu packamalg #2|17|46|6238.32
4001001|amalgedu pack #1|17|44|6232.40
9013009|exportiunivamalg #9|9|30|6230.10
8005010|scholarnameless #10|8|40|6229.54
5001002|amalgscholar #2|19|3|6224.47
9006009|corpmaxi #9|19|53|6222.98
2003001|exportiimporto #1|17|51|6220.82
10003015|exportiunivamalg #15|19|49|6216.84
5003001|exportischolar #1|9|36|6215.66
10006017|corpunivamalg #17|18|17|6215.26
5001001|amalgscholar #1|19|40|6214.48
6011008|amalgbrand #8|18|51|6210.36
10011009|amalgamalgamalg #9|19|4|6208.50
1001001|amalgamalg #1|18|50|6203.88
3002002|importoexporti #2|7|44|6202.12
6009003|maxicorp #3|6|57|6201.94
2001001|amalgimporto #1|19|48|6188.40
1001001|amalgamalg #1|18|38|6187.35
2002001|importoimporto #1|19|43|6185.99
4002001|importoedu pack #1|18|15|6182.54
4002001|importoedu pack #1|18|16|6180.78
9014008|edu packunivamalg #8|9|35|6174.98
9016005|corpunivamalg #5|9|24|6174.72
2001002|amalgimporto #2|6|12|6172.98
1003002|exportiamalg #2|9|49|6172.96
7003005|exportibrand #5|19|18|6164.48
5004001|edu packscholar #1|18|52|6161.48
10016008|corpamalgamalg #8|8|21|6159.40
5004001|edu packscholar #1|7|7|6157.06
2003001|exportiimporto #1|19|56|6149.16
7007010|brandbrand #10|9|51|6148.56
2001002|amalgimporto #2|8|33|6145.93
3002001|importoexporti #1|18|36|6145.62
9003011|exportimaxi #11|9|8|6145.48
2004002|edu packimporto #2|19|20|6144.65
8008005|namelessnameless #5|9|40|6139.88
7010004|univnameless #4|19|42|6138.66
8016003|corpmaxi #3|17|7|6131.21
8009009|maxinameless #9|19|9|6128.92
6015005|scholarbrand #5|7|19|6125.96
8010002|univmaxi #2|18|42|6121.84
8003010|exportinameless #10|18|46|6119.38
5004002|edu packscholar #2|8|17|6119.20
8016001|corpmaxi #1|18|26|6117.54
5001001|amalgscholar #1|7|36|6109.92
2002001|importoimporto #1|9|0|6106.66
5001002|amalgscholar #2|17|30|6104.28
6015004|scholarbrand #4|7|8|6101.73
10012004|importoamalgamalg #4|17|58|6096.54
10013003|exportiamalgamalg #3|19|8|6096.00
6009004|maxicorp #4|19|54|6093.36
2003001|exportiimporto #1|9|29|6082.28
9013008|exportiunivamalg #8|9|20|6067.96
7010001|univnameless #1|19|4|6062.06
8008007|namelessnameless #7|9|45|6061.44
5004001|edu packscholar #1|9|48|6052.80
5001002|amalgscholar #2|17|41|6050.70
6007003|brandcorp #3|17|38|6050.24
3001001|amalgexporti #1|18|18|6050.20
4004002|edu packedu pack #2|8|17|6046.04
4001001|amalgedu pack #1|19|17|6045.23
3004001|edu packexporti #1|19|36|6041.70
2004002|edu packimporto #2|17|3|6039.92
7012005|importonameless #5|19|29|6039.15
1003001|exportiamalg #1|19|58|6035.64
5002001|importoscholar #1|8|0|6028.56
2004002|edu packimporto #2|7|7|6022.68
6016001|corpbrand #1|18|41|6021.77
10010017|univamalgamalg #17|19|40|6018.85
6011008|amalgbrand #8|9|47|6008.48
5004001|edu packscholar #1|19|29|6005.68
5003001|exportischolar #1|18|22|6003.16
6007007|brandcorp #7|17|43|5995.24
5003002|exportischolar #2|7|20|5993.35
10003011|exportiunivamalg #11|8|15|5993.11
3004001|edu packexporti #1|7|27|5992.48
10007005|brandunivamalg #5|18|4|5989.56
6003003|exporticorp #3|19|15|5988.40
8008007|namelessnameless #7|19|41|5987.12
1001001|amalgamalg #1|9|29|5986.52
4004002|edu packedu pack #2|18|5|5983.68
9014003|edu packunivamalg #3|8|46|5980.67
10006017|corpunivamalg #17|9|31|5979.60
2001001|amalgimporto #1|18|27|5976.88
10012017|importoamalgamalg #17|9|28|5976.88
9016002|corpunivamalg #2|7|39|5975.55
5001001|amalgscholar #1|17|40|5971.53
6015006|scholarbrand #6|9|49|5970.24
9011008|amalgunivamalg #8|18|2|5969.18
5001001|amalgscholar #1|19|5|5967.44
3002001|importoexporti #1|18|47|5964.30
1003001|exportiamalg #1|17|57|5961.46
3003002|exportiexporti #2|18|46|5960.00
10012004|importoamalgamalg #4|18|44|5951.70
10005014|scholarunivamalg #14|7|35|5947.46
3002001|importoexporti #1|9|45|5943.54
2003002|exportiimporto #2|19|39|5943.51
8006009|corpnameless #9|18|36|5943.20
6012001|importobrand #1|18|23|5943.19
6014006|edu packbrand #6|19|11|5942.72
6010004|univbrand #4|18|9|5942.60
3002001|importoexporti #1|17|53|5940.78
1002001|importoamalg #1|19|56|5940.71
10001017|amalgunivamalg #17|19|56|5939.57
2004002|edu packimporto #2|9|54|5938.72
4004002|edu packedu pack #2|17|35|5938.60
8013007|exportimaxi #7|19|49|5937.75
6016001|corpbrand #1|18|16|5937.02
3002001|importoexporti #1|17|30|5936.83
6008002|namelesscorp #2|19|5|5932.68
5002002|importoscholar #2|17|37|5929.43
7001005|amalgbrand #5|8|34|5928.00
10006017|corpunivamalg #17|19|44|5924.76
1002002|importoamalg #2|19|16|5921.80
7006005|corpbrand #5|18|13|5909.78
3003002|exportiexporti #2|18|16|5908.80
6011003|amalgbrand #3|8|43|5906.05
1004002|edu packamalg #2|6|0|5900.07
9015003|scholarunivamalg #3|18|39|5899.08
8005001|scholarnameless #1|6|52|5890.00
7013007|exportinameless #7|18|13|5885.25
8005009|scholarnameless #9|18|45|5875.23
9008002|namelessmaxi #2|18|57|5873.28
5003002|exportischolar #2|18|38|5873.25
7014002|edu packnameless #2|18|3|5872.08
9001005|amalgmaxi #5|18|24|5871.20
2001001|amalgimporto #1|7|3|5869.44
10010001|univamalgamalg #1|18|26|5864.16
7005006|scholarbrand #6|9|2|5862.45
10003016|exportiunivamalg #16|8|47|5861.94
4004002|edu packedu pack #2|9|45|5861.00
9004008|edu packmaxi #8|19|2|5860.04
3003001|exportiexporti #1|17|29|5851.86
8011007|amalgmaxi #7|7|32|5848.24
10002007|importounivamalg #7|18|0|5848.22
9009005|maximaxi #5|8|19|5845.00
4002002|importoedu pack #2|7|26|5844.23
4003001|exportiedu pack #1|17|3|5843.72
1004001|edu packamalg #1|17|55|5838.04
10003007|exportiunivamalg #7|19|52|5837.86
1003001|exportiamalg #1|9|8|5831.46
3001001|amalgexporti #1|17|56|5829.00
5002002|importoscholar #2|9|46|5828.43
10003015|exportiunivamalg #15|17|24|5822.18
2004002|edu packimporto #2|19|26|5818.76
8010008|univmaxi #8|19|10|5818.40
4004002|edu packedu pack #2|19|7|5817.42
1004001|edu packamalg #1|18|56|5815.28
6016005|corpbrand #5|17|27|5812.30
8015005|scholarmaxi #5|9|58|5809.20
7006004|NULL|18|23|5806.08
1004002|edu packamalg #2|17|17|5803.60
10015001|scholaramalgamalg #1|17|7|5800.74
1001002|amalgamalg #2|7|12|5800.00
4002001|importoedu pack #1|8|59|5787.11
5002001|importoscholar #1|17|41|5787.00
6012008|importobrand #8|17|24|5778.08
8015005|scholarmaxi #5|6|34|5775.30
8004003|edu packnameless #3|9|16|5774.67
2001002|amalgimporto #2|19|28|5774.41
1004001|edu packamalg #1|18|39|5774.16
3001002|amalgexporti #2|9|57|5772.08
3004001|edu packexporti #1|18|40|5767.68
8005010|scholarnameless #10|18|39|5762.24
9003005|exportimaxi #5|18|19|5759.68
5001002|amalgscholar #2|8|45|5758.48
4002001|importoedu pack #1|18|31|5757.64
6005003|scholarcorp #3|17|5|5757.63
10012001|importoamalgamalg #1|19|47|5750.91
10016003|corpamalgamalg #3|9|1|5748.45
10014016|edu packamalgamalg #16|7|13|5746.22
4003001|exportiedu pack #1|8|21|5743.98
8009005|maxinameless #5|7|53|5738.78
2003001|exportiimporto #1|17|26|5738.56
6009004|maxicorp #4|9|35|5738.39
7001005|amalgbrand #5|17|18|5737.71
4004002|edu packedu pack #2|18|21|5735.76
1004002|edu packamalg #2|18|43|5733.06
10008009|namelessunivamalg #9|18|21|5728.80
10012004|importoamalgamalg #4|9|23|5725.16
8005010|scholarnameless #10|19|37|5723.52
8009005|maxinameless #5|17|39|5721.13
1003002|exportiamalg #2|7|55|5718.02
1003001|exportiamalg #1|17|4|5713.28
5002002|importoscholar #2|8|18|5712.06
4002001|importoedu pack #1|17|14|5709.66
6011001|amalgbrand #1|9|37|5707.68
1004002|edu packamalg #2|19|21|5705.46
5004002|edu packscholar #2|17|55|5701.27
9007008|brandmaxi #8|19|4|5699.62
9012011|importounivamalg #11|8|9|5695.76
7009010|maxibrand #10|9|26|5695.65
7016001|corpnameless #1|19|24|5691.45
10006013|corpunivamalg #13|18|22|5689.58
4002002|importoedu pack #2|19|36|5682.49
3003002|exportiexporti #2|17|48|5682.42
10010006|univamalgamalg #6|9|52|5680.80
2002002|importoimporto #2|19|59|5677.68
6009002|maxicorp #2|6|27|5672.04
5001001|amalgscholar #1|7|54|5670.70
10004017|edu packunivamalg #17|9|18|5669.76
9008008|namelessmaxi #8|18|10|5668.67
3002002|importoexporti #2|7|41|5666.64
1003002|exportiamalg #2|9|50|5662.02
7015003|scholarnameless #3|17|58|5659.41
8006008|corpnameless #8|17|41|5657.75
3002002|importoexporti #2|9|22|5655.61
7009005|maxibrand #5|17|10|5654.25
10016007|corpamalgamalg #7|18|1|5652.90
3001001|amalgexporti #1|18|0|5652.27
9013011|exportiunivamalg #11|18|26|5651.52
4004002|edu packedu pack #2|9|48|5647.62
5001001|amalgscholar #1|19|50|5647.27
5003001|exportischolar #1|9|39|5646.03
10009006|maxiunivamalg #6|18|59|5640.67
2002001|importoimporto #1|19|49|5640.52
7010001|univnameless #1|6|25|5638.23
9012003|importounivamalg #3|6|40|5635.00
3001001|amalgexporti #1|18|1|5633.86
2002002|importoimporto #2|9|17|5633.67
8012010|importomaxi #10|19|57|5632.08
10015001|scholaramalgamalg #1|17|58|5628.17
1001002|amalgamalg #2|7|17|5621.76
1001001|amalgamalg #1|19|44|5621.10
9002011|importomaxi #11|19|5|5617.68
6015007|scholarbrand #7|18|23|5614.62
4004002|edu packedu pack #2|17|19|5608.23
5003001|exportischolar #1|9|21|5607.98
4004001|edu packedu pack #1|19|41|5607.70
9003005|exportimaxi #5|9|1|5605.00
10015012|scholaramalgamalg #12|19|48|5604.75
8012006|importomaxi #6|9|42|5601.28
1002001|importoamalg #1|17|32|5600.64
10015003|scholaramalgamalg #3|19|21|5599.65
2003002|exportiimporto #2|18|35|5599.49
2002001|importoimporto #1|18|49|5597.90
10015010|scholaramalgamalg #10|18|56|5595.45
7014002|edu packnameless #2|18|39|5594.78
4002001|importoedu pack #1|18|41|5593.30
2004001|edu packimporto #1|18|6|5589.20
3001001|amalgexporti #1|17|26|5588.41
2001001|amalgimporto #1|17|3|5588.10
1003002|exportiamalg #2|7|19|5586.82
4003002|exportiedu pack #2|18|40|5586.00
10004015|edu packunivamalg #15|7|27|5585.16
8007001|brandnameless #1|9|33|5583.06
4001001|amalgedu pack #1|6|32|5581.44
4003001|exportiedu pack #1|9|29|5576.70
5003001|exportischolar #1|17|30|5571.79
3004002|edu packexporti #2|18|15|5571.75
1002001|importoamalg #1|19|2|5562.48
1004002|edu packamalg #2|19|57|5561.83
10014016|edu packamalgamalg #16|17|28|5561.64
9009003|maximaxi #3|17|24|5559.68
5003001|exportischolar #1|9|16|5556.81
10016002|corpamalgamalg #2|7|54|5550.08
1004001|edu packamalg #1|6|19|5545.23
6009003|maxicorp #3|19|42|5540.10
2003002|exportiimporto #2|7|18|5536.70
10008002|namelessunivamalg #2|17|7|5536.60
10016016|corpamalgamalg #16|19|30|5536.32
5003002|exportischolar #2|19|6|5534.06
3003001|exportiexporti #1|9|6|5523.34
8003007|exportinameless #7|18|45|5520.60
1001001|amalgamalg #1|19|14|5520.24
9002011|importomaxi #11|19|22|5517.34
2001001|amalgimporto #1|18|10|5515.89
5003001|exportischolar #1|17|7|5515.44
3001001|amalgexporti #1|17|5|5515.42
3002001|importoexporti #1|17|47|5506.96
2003002|exportiimporto #2|6|15|5506.22
3004002|edu packexporti #2|17|16|5504.76
10015010|scholaramalgamalg #10|18|3|5503.41
NULL|NULL|19|33|5498.40
7009005|maxibrand #5|17|7|5496.26
3004002|edu packexporti #2|17|21|5495.70
4001001|amalgedu pack #1|9|36|5495.68
2003001|exportiimporto #1|17|7|5493.88
2003001|exportiimporto #1|8|35|5490.03
3003001|exportiexporti #1|17|12|5487.96
3002002|importoexporti #2|18|19|5483.16
9011009|amalgunivamalg #9|9|32|5472.30
9006002|corpmaxi #2|18|10|5467.25
3001002|amalgexporti #2|17|19|5467.05
4002001|importoedu pack #1|17|7|5466.34
9002003|importomaxi #3|9|39|5464.78
9010009|univunivamalg #9|17|38|5460.96
5001001|amalgscholar #1|17|32|5460.00
8011008|amalgmaxi #8|9|6|5459.74
3001001|amalgexporti #1|19|45|5459.28
8004003|edu packnameless #3|19|45|5458.44
2004002|edu packimporto #2|18|4|5454.54
6001007|amalgcorp #7|18|41|5445.48
9013011|exportiunivamalg #11|9|13|5445.47
2004002|edu packimporto #2|19|28|5443.20
1003002|exportiamalg #2|17|31|5441.52
7003009|exportibrand #9|8|58|5437.80
7004009|edu packbrand #9|18|50|5436.45
6009003|maxicorp #3|18|8|5433.32
9016003|corpunivamalg #3|19|1|5430.60
6014002|edu packbrand #2|8|6|5426.33
4004002|edu packedu pack #2|9|54|5426.00
7006004|NULL|19|36|5424.78
5004001|edu packscholar #1|19|43|5412.43
4003001|exportiedu pack #1|18|10|5408.50
6016005|corpbrand #5|19|59|5407.45
7013002|exportinameless #2|9|39|5407.02
4002001|importoedu pack #1|17|12|5406.72
9002003|importomaxi #3|19|24|5406.68
1004001|edu packamalg #1|9|50|5404.70
10009013|maxiunivamalg #13|9|27|5396.82
9009002|maximaxi #2|19|25|5386.08
10012001|importoamalgamalg #1|17|42|5385.12
5004001|edu packscholar #1|17|8|5379.11
8007005|brandnameless #5|17|55|5378.40
2004002|edu packimporto #2|7|39|5377.38
1003001|exportiamalg #1|19|34|5375.04
3004002|edu packexporti #2|18|2|5368.34
7013007|exportinameless #7|18|25|5364.03
2004001|edu packimporto #1|19|7|5357.06
4001001|amalgedu pack #1|9|31|5351.53
7009003|maxibrand #3|17|49|5350.94
8008004|namelessnameless #4|8|35|5347.69
7007010|brandbrand #10|19|20|5344.85
6010006|univbrand #6|18|46|5341.00
8011009|amalgmaxi #9|17|44|5341.00
3004002|edu packexporti #2|9|54|5340.72
10016016|corpamalgamalg #16|9|18|5336.52
2003002|exportiimporto #2|17|41|5334.58
5004001|edu packscholar #1|19|3|5327.73
5001001|amalgscholar #1|19|19|5327.25
9014011|edu packunivamalg #11|18|44|5325.60
10012010|importoamalgamalg #10|18|53|5325.60
10003007|exportiunivamalg #7|18|13|5323.02
3003001|exportiexporti #1|9|7|5317.20
10004015|edu packunivamalg #15|18|30|5316.09
5002001|importoscholar #1|19|27|5315.25
5003002|exportischolar #2|9|38|5311.28
2001002|amalgimporto #2|9|11|5308.41
3004002|edu packexporti #2|18|19|5303.62
3002001|importoexporti #1|9|36|5301.24
10004001|edu packunivamalg #1|17|37|5301.00
4004001|edu packedu pack #1|19|57|5298.15
9013008|exportiunivamalg #8|8|25|5297.04
5004001|edu packscholar #1|9|21|5288.58
8009003|maxinameless #3|8|24|5280.00
8016003|corpmaxi #3|9|49|5278.68
7006005|corpbrand #5|6|53|5273.80
1004001|edu packamalg #1|19|14|5271.76
9008011|namelessmaxi #11|17|57|5270.40
6012003|importobrand #3|17|16|5269.54
2001002|amalgimporto #2|18|51|5268.12
4002002|importoedu pack #2|18|16|5263.95
9014005|edu packunivamalg #5|19|59|5260.17
6001002|amalgcorp #2|19|30|5257.80
4002002|importoedu pack #2|17|58|5255.25
9011008|amalgunivamalg #8|18|11|5251.78
4004002|edu packedu pack #2|17|22|5250.44
8016007|corpmaxi #7|17|10|5249.28
4002002|importoedu pack #2|9|29|5248.96
10009013|maxiunivamalg #13|19|0|5248.32
9006011|corpmaxi #11|17|57|5247.20
10010006|univamalgamalg #6|7|15|5244.77
6009004|maxicorp #4|17|15|5231.16
10005013|scholarunivamalg #13|18|48|5231.08
4002001|importoedu pack #1|17|52|5228.75
8003010|exportinameless #10|8|25|5227.92
10012005|importoamalgamalg #5|9|29|5221.32
10003008|exportiunivamalg #8|17|0|5219.76
2003002|exportiimporto #2|18|38|5218.35
10011009|amalgamalgamalg #9|18|44|5216.58
3004001|edu packexporti #1|19|20|5215.30
9013002|exportiunivamalg #2|19|4|5212.74
7003009|exportibrand #9|17|38|5210.70
4004001|edu packedu pack #1|19|2|5210.00
6009007|maxicorp #7|17|14|5203.90
10001017|amalgunivamalg #17|17|28|5203.20
10009006|maxiunivamalg #6|18|34|5196.00
8004005|edu packnameless #5|9|3|5194.88
10009006|maxiunivamalg #6|17|20|5193.00
4001001|amalgedu pack #1|18|35|5191.29
8008003|namelessnameless #3|8|33|5182.34
2003002|exportiimporto #2|19|59|5182.00
5002001|importoscholar #1|9|53|5181.42
3002001|importoexporti #1|8|51|5180.81
6001007|amalgcorp #7|17|58|5179.60
10002011|importounivamalg #11|19|55|5176.58
9008005|namelessmaxi #5|19|48|5176.36
2002001|importoimporto #1|18|43|5172.08
5004001|edu packscholar #1|17|48|5171.59
4003001|exportiedu pack #1|18|49|5168.64
1004002|edu packamalg #2|8|56|5165.96
5002002|importoscholar #2|17|42|5161.20
7010008|univnameless #8|19|30|5161.10
7003009|exportibrand #9|19|51|5160.34
4004002|edu packedu pack #2|17|8|5157.60
9002003|importomaxi #3|9|4|5157.36
8008009|namelessnameless #9|18|28|5155.00
2004001|edu packimporto #1|9|34|5154.76
9010009|univunivamalg #9|17|18|5146.00
5002001|importoscholar #1|8|8|5144.23
9006011|corpmaxi #11|9|17|5144.13
1002001|importoamalg #1|17|30|5143.31
5001002|amalgscholar #2|17|49|5142.30
3004001|edu packexporti #1|9|10|5141.62
4003001|exportiedu pack #1|18|58|5136.72
9003011|exportimaxi #11|17|56|5132.63
4003002|exportiedu pack #2|17|38|5128.25
4001001|amalgedu pack #1|17|40|5124.88
1004001|edu packamalg #1|9|3|5124.74
10012004|importoamalgamalg #4|17|16|5124.57
3003001|exportiexporti #1|8|32|5120.00
4004001|edu packedu pack #1|17|12|5113.81
3002001|importoexporti #1|17|8|5112.57
6001002|amalgcorp #2|9|44|5106.74
3001002|amalgexporti #2|17|4|5106.12
4003002|exportiedu pack #2|9|7|5101.73
8008007|namelessnameless #7|7|6|5101.04
2001001|amalgimporto #1|17|1|5098.99
8013009|exportimaxi #9|7|39|5098.94
6012003|importobrand #3|18|39|5097.12
5002001|importoscholar #1|19|18|5092.08
1004001|edu packamalg #1|18|58|5089.28
7012009|importonameless #9|19|22|5088.96
2002002|importoimporto #2|9|15|5087.76
2004001|edu packimporto #1|8|30|5087.26
8004004|edu packnameless #4|17|0|5086.46
9016005|corpunivamalg #5|9|37|5083.20
8001007|amalgnameless #7|19|53|5082.21
2001002|amalgimporto #2|9|48|5081.85
7010004|univnameless #4|19|7|5078.73
2004001|edu packimporto #1|19|56|5076.27
9007011|brandmaxi #11|19|31|5068.80
10009015|maxiunivamalg #15|19|1|5064.00
8006003|corpnameless #3|9|1|5058.50
4003001|exportiedu pack #1|19|24|5057.49
3001001|amalgexporti #1|9|35|5056.53
9008005|namelessmaxi #5|17|1|5055.96
4002002|importoedu pack #2|18|48|5054.28
4003001|exportiedu pack #1|8|31|5052.48
7015009|scholarnameless #9|9|10|5051.97
2003002|exportiimporto #2|18|5|5044.58
9011009|amalgunivamalg #9|9|36|5044.13
9015003|scholarunivamalg #3|17|47|5039.36
9014011|edu packunivamalg #11|18|45|5036.57
1001002|amalgamalg #2|19|46|5034.24
1001002|amalgamalg #2|17|13|5033.34
9001008|amalgmaxi #8|6|42|5032.49
8006009|corpnameless #9|18|39|5032.17
3001002|amalgexporti #2|7|36|5031.32
10001017|amalgunivamalg #17|8|51|5029.18
5003002|exportischolar #2|19|56|5027.27
5002001|importoscholar #1|8|4|5023.76
4004002|edu packedu pack #2|8|29|5023.25
5001001|amalgscholar #1|18|0|5022.91
4002001|importoedu pack #1|6|37|5018.87
9011009|amalgunivamalg #9|9|11|5018.00
1001001|amalgamalg #1|18|59|5015.71
9002011|importomaxi #11|9|3|5015.01
9008002|namelessmaxi #2|18|40|5003.88
7004004|edu packbrand #4|18|38|5003.25
8010001|univmaxi #1|17|23|4998.60
9007009|brandmaxi #9|18|46|4996.60
6005001|scholarcorp #1|8|35|4995.60
6008005|namelesscorp #5|6|32|4992.80
9016002|corpunivamalg #2|18|35|4990.30
7012003|importonameless #3|9|34|4984.83
3004001|edu packexporti #1|6|0|4981.90
2001002|amalgimporto #2|17|21|4981.80
2003002|exportiimporto #2|19|41|4981.68
8015005|scholarmaxi #5|17|39|4980.36
10016006|corpamalgamalg #6|8|23|4977.50
6016005|corpbrand #5|17|35|4970.88
2003002|exportiimporto #2|18|32|4970.77
8010006|univmaxi #6|17|42|4970.70
6014002|edu packbrand #2|18|17|4964.40
3003001|exportiexporti #1|9|8|4964.16
4003001|exportiedu pack #1|18|4|4960.58
3004001|edu packexporti #1|19|17|4959.36
6016005|corpbrand #5|18|12|4957.26
10002007|importounivamalg #7|18|21|4955.58
10006009|corpunivamalg #9|9|27|4953.60
10007005|brandunivamalg #5|8|22|4952.50
10002007|importounivamalg #7|19|30|4950.47
1004001|edu packamalg #1|9|47|4947.28
3002001|importoexporti #1|8|25|4946.64
4003001|exportiedu pack #1|19|44|4945.17
3001001|amalgexporti #1|17|21|4944.68
3004001|edu packexporti #1|9|18|4942.86
9016005|corpunivamalg #5|18|48|4941.09
9015002|scholarunivamalg #2|7|6|4939.55
4004001|edu packedu pack #1|9|13|4938.98
9014011|edu packunivamalg #11|17|45|4938.12
3003002|exportiexporti #2|17|57|4935.51
10009013|maxiunivamalg #13|18|31|4935.18
8003009|exportinameless #9|7|11|4935.10
9006009|corpmaxi #9|19|54|4932.69
8009003|maxinameless #3|18|37|4927.23
8002009|importonameless #9|17|57|4926.54
8001004|amalgnameless #4|7|25|4925.17
3004001|edu packexporti #1|19|51|4924.35
6005003|scholarcorp #3|7|20|4919.85
8003009|exportinameless #9|9|41|4919.55
3002001|importoexporti #1|7|46|4917.24
3002001|importoexporti #1|18|8|4915.04
7016001|corpnameless #1|7|20|4913.72
7012010|importonameless #10|17|18|4913.37
7014002|edu packnameless #2|9|52|4912.56
3003001|exportiexporti #1|17|33|4911.72
2004002|edu packimporto #2|17|52|4909.60
6013007|exportibrand #7|18|25|4906.40
1003001|exportiamalg #1|8|37|4906.13
8001004|amalgnameless #4|19|25|4905.90
2004001|edu packimporto #1|9|31|4903.14
8008007|namelessnameless #7|17|15|4899.96
6014004|edu packbrand #4|18|44|4898.97
6014007|edu packbrand #7|19|44|4894.50
2001001|amalgimporto #1|9|19|4894.05
4001002|amalgedu pack #2|9|33|4893.39
2004001|edu packimporto #1|19|14|4890.06
10007012|brandunivamalg #12|19|50|4889.40
6003007|exporticorp #7|18|32|4888.50
4002001|importoedu pack #1|18|52|4887.50
2001001|amalgimporto #1|9|29|4885.00
7004006|edu packbrand #6|17|56|4882.68
1004002|edu packamalg #2|19|49|4882.56
4002001|importoedu pack #1|18|46|4878.24
9004011|edu packmaxi #11|9|8|4877.60
5001001|amalgscholar #1|18|30|4877.34
9015011|scholarunivamalg #11|8|31|4875.78
7003005|exportibrand #5|9|4|4872.44
2002001|importoimporto #1|19|55|4868.34
4004001|edu packedu pack #1|8|27|4865.70
3004001|edu packexporti #1|18|0|4864.04
4002001|importoedu pack #1|17|34|4862.96
2004002|edu packimporto #2|9|44|4862.01
6015005|scholarbrand #5|17|54|4861.10
9009002|maximaxi #2|18|42|4859.87
1004002|edu packamalg #2|19|10|4855.20
8004003|edu packnameless #3|18|33|4854.28
9011008|amalgunivamalg #8|9|17|4853.37
4002001|importoedu pack #1|7|43|4846.10
7015002|scholarnameless #2|8|49|4845.54
2003001|exportiimporto #1|18|12|4845.12
2002001|importoimporto #1|17|45|4844.33
7001005|amalgbrand #5|17|14|4837.25
8008003|namelessnameless #3|17|43|4832.40
1001002|amalgamalg #2|19|14|4830.00
1003002|exportiamalg #2|9|7|4828.16
8013007|exportimaxi #7|9|53|4823.91
1002002|importoamalg #2|17|25|4821.54
2004002|edu packimporto #2|17|40|4817.12
7011001|amalgnameless #1|18|56|4815.84
9015002|scholarunivamalg #2|17|42|4808.16
3004002|edu packexporti #2|9|20|4808.12
9014002|edu packunivamalg #2|18|27|4807.94
4004001|edu packedu pack #1|17|56|4804.00
1002002|importoamalg #2|17|21|4800.01
1001002|amalgamalg #2|18|35|4798.54
4004001|edu packedu pack #1|17|24|4798.26
10011004|amalgamalgamalg #4|17|27|4797.03
3002002|importoexporti #2|6|37|4796.94
7008009|namelessbrand #9|8|19|4793.72
4002001|importoedu pack #1|17|47|4792.83
10008012|namelessunivamalg #12|18|34|4791.60
3002001|importoexporti #1|19|8|4791.15
7010010|univnameless #10|6|46|4791.05
5004001|edu packscholar #1|17|47|4789.66
1004002|edu packamalg #2|9|37|4786.43
7012005|importonameless #5|17|47|4782.70
7004009|edu packbrand #9|19|11|4779.39
3002001|importoexporti #1|7|51|4775.30
6008005|namelesscorp #5|19|1|4773.21
10016016|corpamalgamalg #16|17|43|4772.04
3004001|edu packexporti #1|18|13|4769.50
1001001|amalgamalg #1|19|51|4765.97
6014006|edu packbrand #6|17|11|4765.61
6004003|edu packcorp #3|8|52|4763.88
6008007|namelesscorp #7|17|4|4762.45
3004001|edu packexporti #1|7|28|4759.22
6014006|edu packbrand #6|17|54|4759.00
4004001|edu packedu pack #1|17|7|4757.48
2001002|amalgimporto #2|19|47|4757.06
4003001|exportiedu pack #1|17|41|4755.32
2001001|amalgimporto #1|17|48|4754.79
9013008|exportiunivamalg #8|19|18|4753.98
1002001|importoamalg #1|8|21|4752.00
9006008|corpmaxi #8|17|56|4751.67
5001001|amalgscholar #1|9|19|4742.74
7010001|univnameless #1|17|20|4739.28
3004002|edu packexporti #2|19|55|4738.50
1001002|amalgamalg #2|9|10|4737.26
1003002|exportiamalg #2|7|14|4737.15
6011005|amalgbrand #5|18|56|4733.82
4003002|exportiedu pack #2|19|39|4732.80
6013007|exportibrand #7|17|1|4732.00
NULL|NULL|9|42|4729.68
6006007|corpcorp #7|17|50|4723.95
3001001|amalgexporti #1|17|24|4721.96
5001001|amalgscholar #1|6|21|4719.76
1004001|edu packamalg #1|6|41|4718.07
7016001|corpnameless #1|18|13|4715.04
9015011|scholarunivamalg #11|18|43|4712.74
7008009|namelessbrand #9|9|35|4710.45
NULL|NULL|9|26|4710.40
7004009|edu packbrand #9|18|49|4705.61
6007007|brandcorp #7|18|3|4699.20
4003002|exportiedu pack #2|9|56|4696.25
5001001|amalgscholar #1|8|24|4695.66
9007011|brandmaxi #11|19|42|4695.50
10015013|scholaramalgamalg #13|17|12|4694.80
8005010|scholarnameless #10|9|17|4694.52
4004001|edu packedu pack #1|19|29|4694.36
2004002|edu packimporto #2|9|10|4691.68
2004002|edu packimporto #2|17|37|4689.96
6012007|importobrand #7|9|27|4689.50
1003001|exportiamalg #1|19|28|4689.00
1004002|edu packamalg #2|9|5|4684.64
10016016|corpamalgamalg #16|17|52|4683.48
6016005|corpbrand #5|7|29|4683.35
1004001|edu packamalg #1|18|19|4677.18
3003001|exportiexporti #1|9|2|4672.48
3004001|edu packexporti #1|17|29|4672.48
2004002|edu packimporto #2|8|59|4671.75
1001001|amalgamalg #1|18|35|4671.48
7012009|importonameless #9|19|20|4671.39
1002001|importoamalg #1|19|0|4669.90
1001002|amalgamalg #2|19|37|4668.05
10012006|importoamalgamalg #6|17|50|4667.00
4003001|exportiedu pack #1|17|9|4666.55
8005009|scholarnameless #9|9|57|4663.71
7013009|exportinameless #9|19|47|4661.10
2001001|amalgimporto #1|19|31|4657.73
9002011|importomaxi #11|8|33|4656.40
3001001|amalgexporti #1|17|50|4652.56
4004001|edu packedu pack #1|19|13|4649.42
6003003|exporticorp #3|18|29|4647.21
4001001|amalgedu pack #1|17|43|4646.18
1002001|importoamalg #1|19|15|4643.72
7003003|exportibrand #3|18|17|4637.10
1004002|edu packamalg #2|9|0|4636.80
7009005|maxibrand #5|17|43|4635.81
1004001|edu packamalg #1|18|12|4634.33
8016007|corpmaxi #7|19|47|4634.17
10009006|maxiunivamalg #6|9|47|4633.92
7001009|amalgbrand #9|17|23|4633.44
2004001|edu packimporto #1|17|45|4630.77
4001001|amalgedu pack #1|19|48|4629.72
8008009|namelessnameless #9|9|33|4629.24
8009005|maxinameless #5|8|36|4628.25
8002009|importonameless #9|18|48|4627.83
7008009|namelessbrand #9|8|28|4627.53
10009017|maxiunivamalg #17|9|58|4627.37
5001002|amalgscholar #2|9|0|4626.68
6007007|brandcorp #7|19|45|4626.50
6005001|scholarcorp #1|18|20|4625.40
1001001|amalgamalg #1|18|5|4620.20
5004001|edu packscholar #1|9|27|4619.37
2002001|importoimporto #1|19|4|4616.86
8002009|importonameless #9|18|32|4613.32
2004001|edu packimporto #1|9|17|4611.42
7016001|corpnameless #1|19|56|4607.00
2003001|exportiimporto #1|17|37|4605.02
7007005|brandbrand #5|17|50|4602.08
5004002|edu packscholar #2|17|53|4598.27
2001002|amalgimporto #2|8|10|4598.16
4004001|edu packedu pack #1|19|34|4596.96
3003002|exportiexporti #2|9|28|4595.66
10008002|namelessunivamalg #2|17|1|4593.33
10009006|maxiunivamalg #6|6|36|4588.04
4003001|exportiedu pack #1|18|20|4586.58
9006011|corpmaxi #11|8|33|4584.80
6008005|namelesscorp #5|17|21|4583.88
5001001|amalgscholar #1|18|58|4583.40
10010004|univamalgamalg #4|6|50|4578.11
4001001|amalgedu pack #1|8|40|4570.50
8004003|edu packnameless #3|18|40|4564.56
5004001|edu packscholar #1|18|58|4558.06
4003002|exportiedu pack #2|17|4|4551.82
8016004|corpmaxi #4|18|6|4546.74
6008003|namelesscorp #3|19|26|4544.55
10016003|corpamalgamalg #3|19|59|4540.42
3003001|exportiexporti #1|8|52|4538.22
6003003|exporticorp #3|19|6|4535.04
10004004|edu packunivamalg #4|17|3|4534.68
3001002|amalgexporti #2|9|36|4530.97
5004002|edu packscholar #2|17|21|4529.98
7001007|amalgbrand #7|18|30|4529.22
6006004|corpcorp #4|9|14|4528.43
10012017|importoamalgamalg #17|18|52|4527.60
5002001|importoscholar #1|17|7|4524.56
6014001|edu packbrand #1|19|45|4519.80
6014004|edu packbrand #4|17|14|4519.52
3001002|amalgexporti #2|18|34|4518.20
4002001|importoedu pack #1|17|0|4516.68
1002001|importoamalg #1|19|8|4511.36
10015004|scholaramalgamalg #4|9|51|4510.72
8001004|amalgnameless #4|17|35|4506.48
3003001|exportiexporti #1|17|10|4503.76
4001001|amalgedu pack #1|19|19|4502.68
1003002|exportiamalg #2|9|15|4498.46
8008009|namelessnameless #9|8|37|4498.20
7008009|namelessbrand #9|7|38|4497.90
7004001|edu packbrand #1|19|38|4496.16
4004001|edu packedu pack #1|18|29|4493.27
3004001|edu packexporti #1|7|35|4491.70
7012009|importonameless #9|18|38|4491.40
8006003|corpnameless #3|17|44|4486.64
4002001|importoedu pack #1|19|25|4484.85
2002001|importoimporto #1|9|8|4476.43
7016001|corpnameless #1|17|12|4471.00
6006007|corpcorp #7|17|34|4470.15
3002002|importoexporti #2|8|18|4469.82
6003003|exporticorp #3|17|21|4469.25
2003001|exportiimporto #1|19|9|4467.96
2004002|edu packimporto #2|8|6|4467.52
2001001|amalgimporto #1|8|5|4465.80
3002002|importoexporti #2|18|30|4463.29
9012003|importounivamalg #3|9|43|4462.15
3003002|exportiexporti #2|18|0|4461.96
9006005|corpmaxi #5|9|31|4458.16
8015007|scholarmaxi #7|19|52|4458.08
4002001|importoedu pack #1|7|28|4456.20
6001007|amalgcorp #7|19|8|4451.32
8009003|maxinameless #3|9|35|4447.56
9013009|exportiunivamalg #9|19|2|4447.00
1004002|edu packamalg #2|19|29|4445.98
3004001|edu packexporti #1|9|47|4442.90
4001001|amalgedu pack #1|19|4|4441.25
1002001|importoamalg #1|18|0|4440.10
7016001|corpnameless #1|7|59|4429.86
5003001|exportischolar #1|17|3|4429.85
2004001|edu packimporto #1|9|53|4429.53
9002008|importomaxi #8|8|45|4426.66
5001002|amalgscholar #2|9|47|4424.70
6001007|amalgcorp #7|17|3|4423.20
3004002|edu packexporti #2|6|4|4422.95
2002001|importoimporto #1|17|25|4421.34
3003002|exportiexporti #2|17|5|4419.00
1003002|exportiamalg #2|19|52|4413.36
7002009|importobrand #9|19|47|4412.80
4001002|amalgedu pack #2|8|11|4409.55
2004001|edu packimporto #1|9|6|4409.49
6003007|exporticorp #7|18|17|4407.90
8016004|corpmaxi #4|18|24|4407.68
10008002|namelessunivamalg #2|19|15|4406.72
3002002|importoexporti #2|19|27|4405.44
2001001|amalgimporto #1|19|23|4405.06
2002001|importoimporto #1|19|44|4402.64
5001002|amalgscholar #2|8|12|4402.63
2002001|importoimporto #1|9|51|4399.87
9003008|exportimaxi #8|8|39|4395.18
5003001|exportischolar #1|8|2|4393.92
2001001|amalgimporto #1|9|54|4391.16
2002001|importoimporto #1|17|48|4389.03
3003002|exportiexporti #2|17|47|4388.44
8012010|importomaxi #10|7|36|4381.96
2001002|amalgimporto #2|17|52|4378.50
2004002|edu packimporto #2|18|14|4378.25
1001002|amalgamalg #2|9|40|4376.14
9009002|maximaxi #2|17|59|4375.34
6008005|namelesscorp #5|8|24|4375.25
3003002|exportiexporti #2|9|34|4374.80
1001002|amalgamalg #2|8|35|4374.11
6006003|corpcorp #3|17|9|4373.76
1004001|edu packamalg #1|18|47|4372.58
6015007|scholarbrand #7|19|3|4370.80
10007012|brandunivamalg #12|9|41|4368.26
7012009|importonameless #9|9|27|4366.94
1003001|exportiamalg #1|8|16|4366.30
2001001|amalgimporto #1|7|14|4365.60
1003001|exportiamalg #1|19|33|4365.45
8005009|scholarnameless #9|18|29|4364.55
8007010|brandnameless #10|17|43|4363.38
6009007|maxicorp #7|17|29|4360.80
6006003|corpcorp #3|7|55|4360.32
9003003|exportimaxi #3|9|53|4358.90
5001001|amalgscholar #1|18|41|4358.35
7016001|corpnameless #1|19|7|4357.12
6007007|brandcorp #7|17|57|4354.02
10013003|exportiamalgamalg #3|18|47|4352.32
1001001|amalgamalg #1|18|8|4350.79
6010006|univbrand #6|7|6|4348.40
3001001|amalgexporti #1|17|38|4345.12
7014002|edu packnameless #2|9|39|4343.20
3001002|amalgexporti #2|9|4|4336.77
2004001|edu packimporto #1|19|8|4332.70
6014006|edu packbrand #6|19|18|4329.92
6016005|corpbrand #5|17|32|4328.10
2003002|exportiimporto #2|9|51|4326.72
7010004|univnameless #4|17|22|4326.40
7002009|importobrand #9|18|47|4323.55
4004001|edu packedu pack #1|9|53|4320.35
10014001|edu packamalgamalg #1|8|4|4315.85
10010001|univamalgamalg #1|8|52|4315.08
2002001|importoimporto #1|17|34|4313.51
9004003|edu packmaxi #3|7|3|4313.00
2003001|exportiimporto #1|19|7|4310.28
3002001|importoexporti #1|9|42|4310.19
7009010|maxibrand #10|18|14|4307.76
7007010|brandbrand #10|9|9|4306.50
2003002|exportiimporto #2|7|51|4302.36
6014006|edu packbrand #6|8|48|4301.76
3002002|importoexporti #2|19|43|4299.79
7004006|edu packbrand #6|18|41|4299.39
8009003|maxinameless #3|18|45|4299.12
10015017|scholaramalgamalg #17|9|5|4297.80
4001002|amalgedu pack #2|8|2|4296.60
4001002|amalgedu pack #2|9|51|4296.32
4004002|edu packedu pack #2|17|48|4295.76
7015009|scholarnameless #9|19|11|4293.92
8007010|brandnameless #10|19|22|4292.02
6006007|corpcorp #7|19|51|4292.00
4002002|importoedu pack #2|19|23|4291.73
6001007|amalgcorp #7|17|23|4288.12
8004003|edu packnameless #3|17|15|4287.40
2004001|edu packimporto #1|18|7|4286.06
2002002|importoimporto #2|18|37|4283.32
9001008|amalgmaxi #8|18|57|4282.60
7007004|brandbrand #4|18|21|4281.42
5004001|edu packscholar #1|9|22|4279.38
9010009|univunivamalg #9|19|37|4278.80
7015007|scholarnameless #7|8|38|4275.73
6009003|maxicorp #3|18|53|4275.60
5004002|edu packscholar #2|17|39|4274.25
6006003|corpcorp #3|9|56|4269.49
9016008|corpunivamalg #8|9|11|4269.04
9015011|scholarunivamalg #11|17|45|4267.20
7004008|edu packbrand #8|8|49|4265.56
4004001|edu packedu pack #1|19|35|4264.26
9015011|scholarunivamalg #11|19|32|4264.12
9011008|amalgunivamalg #8|18|8|4263.88
5002001|importoscholar #1|19|7|4262.65
4001001|amalgedu pack #1|9|9|4261.92
8011008|amalgmaxi #8|17|56|4261.04
6005003|scholarcorp #3|19|58|4260.75
9013009|exportiunivamalg #9|6|16|4258.62
6012002|importobrand #2|18|8|4256.87
4001001|amalgedu pack #1|17|58|4253.74
2002001|importoimporto #1|18|21|4250.50
10012010|importoamalgamalg #10|18|45|4247.95
3001001|amalgexporti #1|19|2|4247.11
4001001|amalgedu pack #1|18|9|4246.68
2001001|amalgimporto #1|17|24|4244.60
7001005|amalgbrand #5|19|47|4244.21
2001001|amalgimporto #1|19|36|4243.88
10015010|scholaramalgamalg #10|17|10|4243.08
4003002|exportiedu pack #2|19|54|4242.60
7006009|corpbrand #9|6|36|4241.64
8005001|scholarnameless #1|17|47|4240.80
7004008|edu packbrand #8|17|11|4240.48
8003009|exportinameless #9|9|43|4235.46
8010006|univmaxi #6|9|16|4233.84
7008007|namelessbrand #7|18|0|4233.40
2004002|edu packimporto #2|18|41|4232.40
6005007|scholarcorp #7|6|59|4231.00
7001005|amalgbrand #5|19|42|4229.66
4003001|exportiedu pack #1|18|35|4228.15
7014009|edu packnameless #9|8|3|4226.04
6011003|amalgbrand #3|18|22|4222.68
8013009|exportimaxi #9|18|23|4221.00
4004001|edu packedu pack #1|19|30|4219.25
4001001|amalgedu pack #1|9|42|4218.90
10016009|corpamalgamalg #9|19|38|4218.88
1004002|edu packamalg #2|17|20|4212.60
10009006|maxiunivamalg #6|18|42|4212.60
8010001|univmaxi #1|6|48|4209.48
2002001|importoimporto #1|8|26|4208.31
10012001|importoamalgamalg #1|17|19|4206.72
2001001|amalgimporto #1|8|45|4205.96
7003009|exportibrand #9|19|39|4203.36
7001005|amalgbrand #5|18|47|4201.47
3004002|edu packexporti #2|19|2|4199.76
9014003|edu packunivamalg #3|17|21|4198.44
5004001|edu packscholar #1|9|1|4196.88
9006009|corpmaxi #9|17|4|4196.80
4002001|importoedu pack #1|17|21|4196.18
4004002|edu packedu pack #2|18|0|4193.31
8016006|corpmaxi #6|18|24|4180.50
7003003|exportibrand #3|17|2|4178.50
10003015|exportiunivamalg #15|17|29|4175.40
2004002|edu packimporto #2|9|39|4174.07
4002002|importoedu pack #2|18|31|4173.93
5003002|exportischolar #2|18|52|4172.31
9003005|exportimaxi #5|19|24|4163.50
7009005|maxibrand #5|8|19|4162.28
7003009|exportibrand #9|17|35|4161.39
5003001|exportischolar #1|18|55|4160.56
6010006|univbrand #6|9|54|4160.44
3001002|amalgexporti #2|18|40|4158.81
10016013|corpamalgamalg #13|19|35|4158.72
3003001|exportiexporti #1|17|52|4158.00
5004002|edu packscholar #2|17|35|4148.69
9014008|edu packunivamalg #8|9|53|4141.28
2002002|importoimporto #2|19|22|4139.12
9015003|scholarunivamalg #3|17|33|4134.24
6016003|corpbrand #3|18|30|4129.02
3002001|importoexporti #1|19|21|4127.58
6015005|scholarbrand #5|9|40|4127.40
4003001|exportiedu pack #1|7|25|4127.20
3004001|edu packexporti #1|6|55|4126.70
10004015|edu packunivamalg #15|9|5|4123.28
9004011|edu packmaxi #11|6|23|4117.88
9014002|edu packunivamalg #2|18|44|4117.50
7006008|corpbrand #8|9|28|4116.16
4001002|amalgedu pack #2|9|48|4114.88
8004004|edu packnameless #4|9|28|4114.50
1004002|edu packamalg #2|17|5|4112.29
6002001|importocorp #1|19|0|4112.08
8005005|scholarnameless #5|9|55|4110.32
2003001|exportiimporto #1|9|51|4109.76
5004001|edu packscholar #1|8|10|4106.52
3002001|importoexporti #1|19|15|4103.40
1002001|importoamalg #1|18|10|4102.86
5004002|edu packscholar #2|19|11|4099.81
3002002|importoexporti #2|19|5|4099.00
8007005|brandnameless #5|19|13|4092.22
1004001|edu packamalg #1|18|27|4090.45
5003001|exportischolar #1|18|59|4082.32
6011003|amalgbrand #3|18|2|4078.89
8002009|importonameless #9|8|52|4078.35
3003002|exportiexporti #2|6|37|4077.79
10012011|importoamalgamalg #11|18|13|4077.04
5001001|amalgscholar #1|19|12|4076.34
7013007|exportinameless #7|9|45|4076.13
8005009|scholarnameless #9|17|55|4076.10
10009015|maxiunivamalg #15|19|27|4075.92
3004002|edu packexporti #2|18|41|4075.66
4003002|exportiedu pack #2|9|54|4072.20
6014004|edu packbrand #4|18|19|4067.37
3001002|amalgexporti #2|9|28|4066.48
5001001|amalgscholar #1|17|23|4066.40
2004002|edu packimporto #2|8|54|4061.00
10010008|univamalgamalg #8|17|29|4059.00
9008011|namelessmaxi #11|17|12|4056.48
5002001|importoscholar #1|9|56|4053.26
3003001|exportiexporti #1|18|32|4049.64
8004005|edu packnameless #5|18|55|4049.60
7013001|exportinameless #1|18|55|4047.96
9003005|exportimaxi #5|7|46|4047.96
9001008|amalgmaxi #8|19|19|4045.88
10001004|amalgunivamalg #4|9|35|4044.75
4002001|importoedu pack #1|19|56|4044.60
9010009|univunivamalg #9|19|48|4041.78
1001002|amalgamalg #2|18|18|4041.75
3002001|importoexporti #1|18|24|4041.00
8005008|scholarnameless #8|17|50|4039.74
2001001|amalgimporto #1|17|20|4034.34
8009005|maxinameless #5|19|30|4033.44
4001002|amalgedu pack #2|17|51|4032.18
4002001|importoedu pack #1|8|12|4030.53
8004009|edu packnameless #9|18|49|4030.05
1003001|exportiamalg #1|9|6|4029.96
7004007|edu packbrand #7|18|35|4025.91
8011007|amalgmaxi #7|17|12|4024.80
4001002|amalgedu pack #2|8|45|4024.35
2003001|exportiimporto #1|19|12|4021.42
9007011|brandmaxi #11|18|6|4017.87
2002001|importoimporto #1|19|21|4015.03
3004001|edu packexporti #1|9|23|4014.36
9012008|importounivamalg #8|9|56|4013.26
2001002|amalgimporto #2|19|50|4012.78
9012008|importounivamalg #8|18|20|4012.39
2001002|amalgimporto #2|17|16|4012.12
3004001|edu packexporti #1|8|20|4010.85
10005014|scholarunivamalg #14|19|10|4009.98
9002008|importomaxi #8|17|4|4009.92
3002001|importoexporti #1|17|45|4005.88
4004002|edu packedu pack #2|7|37|4004.16
8005001|scholarnameless #1|7|20|4001.50
5003002|exportischolar #2|19|9|3999.12
3004001|edu packexporti #1|18|8|3998.46
4002002|importoedu pack #2|17|6|3996.99
2002002|importoimporto #2|18|56|3992.64
8012005|importomaxi #5|19|47|3990.35
1002001|importoamalg #1|9|40|3989.25
3002001|importoexporti #1|18|2|3989.14
6012003|importobrand #3|17|54|3989.12
5001002|amalgscholar #2|18|12|3988.77
8006009|corpnameless #9|17|38|3988.34
8013009|exportimaxi #9|18|30|3985.47
8004005|edu packnameless #5|18|8|3985.02
10016007|corpamalgamalg #7|17|38|3984.12
1002002|importoamalg #2|18|53|3983.70
4001002|amalgedu pack #2|18|2|3983.52
10016009|corpamalgamalg #9|8|23|3982.31
9006011|corpmaxi #11|17|39|3981.92
9005009|scholarmaxi #9|7|24|3979.50
4001001|amalgedu pack #1|6|16|3977.82
3001002|amalgexporti #2|17|0|3975.09
3003001|exportiexporti #1|9|5|3974.40
8001003|amalgnameless #3|18|47|3973.06
8015007|scholarmaxi #7|17|54|3972.32
1002001|importoamalg #1|17|52|3971.94
10014001|edu packamalgamalg #1|7|26|3971.10
1002001|importoamalg #1|18|50|3968.27
2001002|amalgimporto #2|8|32|3966.09
8001007|amalgnameless #7|17|52|3964.39
10010011|univamalgamalg #11|9|57|3961.65
5003001|exportischolar #1|9|45|3961.48
4003002|exportiedu pack #2|17|34|3961.36
2001001|amalgimporto #1|17|34|3958.59
10004004|edu packunivamalg #4|7|51|3955.20
3004001|edu packexporti #1|9|15|3954.60
10011017|amalgamalgamalg #17|18|53|3950.37
4004001|edu packedu pack #1|18|52|3949.68
5001002|amalgscholar #2|18|10|3946.11
3001001|amalgexporti #1|17|13|3945.25
10015004|scholaramalgamalg #4|8|26|3944.16
9015002|scholarunivamalg #2|18|15|3941.70
10008012|namelessunivamalg #12|6|44|3940.65
4002002|importoedu pack #2|17|0|3938.16
8008003|namelessnameless #3|18|35|3934.80
1002002|importoamalg #2|17|10|3934.52
1002002|importoamalg #2|18|57|3933.62
6011003|amalgbrand #3|19|32|3923.12
10014016|edu packamalgamalg #16|18|36|3921.95
6001008|amalgcorp #8|17|40|3919.11
6011003|amalgbrand #3|19|17|3918.08
9006011|corpmaxi #11|8|35|3915.00
1004002|edu packamalg #2|6|54|3913.24
4002001|importoedu pack #1|18|24|3908.96
8008003|namelessnameless #3|6|43|3908.30
8005006|scholarnameless #6|6|25|3905.32
5003001|exportischolar #1|17|35|3898.50
7009010|maxibrand #10|17|46|3897.66
3004001|edu packexporti #1|18|27|3894.03
8003007|exportinameless #7|19|37|3893.91
6002003|importocorp #3|19|51|3893.67
4001001|amalgedu pack #1|8|21|3892.90
3001002|amalgexporti #2|17|55|3890.08
3001002|amalgexporti #2|17|30|3889.08
4004002|edu packedu pack #2|17|9|3883.50
1001001|amalgamalg #1|8|8|3883.44
2001002|amalgimporto #2|19|38|3883.39
3003001|exportiexporti #1|7|32|3883.11
2004002|edu packimporto #2|8|39|3882.90
6013006|exportibrand #6|18|2|3882.85
4004002|edu packedu pack #2|9|0|3879.36
4001001|amalgedu pack #1|19|29|3878.53
6015008|scholarbrand #8|8|36|3875.04
10016013|corpamalgamalg #13|17|21|3874.30
10009013|maxiunivamalg #13|17|26|3872.88
7010009|univnameless #9|19|16|3871.22
10016013|corpamalgamalg #13|7|49|3871.14
6015008|scholarbrand #8|19|11|3868.63
5004002|edu packscholar #2|9|58|3868.14
5002002|importoscholar #2|17|19|3865.95
10010001|univamalgamalg #1|6|17|3865.31
9006011|corpmaxi #11|17|22|3864.12
5002001|importoscholar #1|9|47|3863.04
3004001|edu packexporti #1|9|20|3862.88
5004001|edu packscholar #1|18|55|3862.32
6013007|exportibrand #7|18|10|3857.22
9011009|amalgunivamalg #9|19|49|3854.10
10009013|maxiunivamalg #13|18|32|3853.17
10015013|scholaramalgamalg #13|18|1|3852.80
3002002|importoexporti #2|18|23|3852.63
3003001|exportiexporti #1|17|54|3852.24
10012005|importoamalgamalg #5|8|3|3852.04
1004001|edu packamalg #1|18|22|3845.25
9012011|importounivamalg #11|19|36|3845.12
8010009|univmaxi #9|17|1|3842.45
5002001|importoscholar #1|8|5|3841.05
10006009|corpunivamalg #9|19|5|3839.12
9003005|exportimaxi #5|18|9|3834.00
6016005|corpbrand #5|18|36|3831.60
2001002|amalgimporto #2|9|50|3830.84
7009009|maxibrand #9|8|33|3830.58
4002001|importoedu pack #1|19|30|3829.52
2002001|importoimporto #1|18|46|3824.07
9006011|corpmaxi #11|17|28|3823.68
10006013|corpunivamalg #13|19|52|3822.35
10008002|namelessunivamalg #2|19|4|3821.07
7004001|edu packbrand #1|17|22|3819.80
1001002|amalgamalg #2|8|57|3819.48
1003001|exportiamalg #1|17|17|3819.27
2002001|importoimporto #1|9|38|3818.10
1004001|edu packamalg #1|9|36|3817.98
5003001|exportischolar #1|19|5|3816.34
10010001|univamalgamalg #1|19|8|3816.00
1002002|importoamalg #2|19|29|3815.39
2004002|edu packimporto #2|9|18|3813.81
7001009|amalgbrand #9|18|22|3811.60
9015002|scholarunivamalg #2|17|32|3810.60
2003001|exportiimporto #1|17|41|3808.15
9009009|maximaxi #9|9|46|3807.42
1004001|edu packamalg #1|9|15|3800.52
8015007|scholarmaxi #7|8|13|3794.44
4002002|importoedu pack #2|19|6|3793.53
9003005|exportimaxi #5|19|2|3792.64
7004008|edu packbrand #8|17|25|3792.36
9007003|brandmaxi #3|17|9|3792.00
10015012|scholaramalgamalg #12|17|13|3790.03
6008005|namelesscorp #5|18|28|3787.56
10012002|importoamalgamalg #2|18|46|3782.86
2004001|edu packimporto #1|8|50|3781.26
10016007|corpamalgamalg #7|17|56|3778.15
10008009|namelessunivamalg #9|19|14|3776.96
7014009|edu packnameless #9|19|4|3772.89
1004001|edu packamalg #1|19|18|3772.83
5004002|edu packscholar #2|18|18|3771.69
6015008|scholarbrand #8|19|21|3770.65
7011001|amalgnameless #1|19|11|3767.15
4002001|importoedu pack #1|9|17|3764.18
7006005|corpbrand #5|17|29|3758.58
2004002|edu packimporto #2|18|50|3751.21
7013009|exportinameless #9|7|19|3748.48
9014003|edu packunivamalg #3|18|23|3746.97
8008007|namelessnameless #7|17|47|3746.70
3001001|amalgexporti #1|19|13|3743.25
1004002|edu packamalg #2|17|16|3742.00
5004001|edu packscholar #1|9|16|3741.67
5003001|exportischolar #1|8|49|3741.29
2002001|importoimporto #1|18|38|3741.12
10009013|maxiunivamalg #13|9|15|3738.38
4003001|exportiedu pack #1|6|43|3732.74
5002001|importoscholar #1|19|36|3731.64
1002001|importoamalg #1|17|33|3729.59
8007005|brandnameless #5|17|10|3727.84
10009001|maxiunivamalg #1|17|17|3727.10
10015013|scholaramalgamalg #13|9|9|3723.60
4004001|edu packedu pack #1|18|56|3723.38
1001001|amalgamalg #1|19|12|3721.61
9010009|univunivamalg #9|17|32|3721.60
10014001|edu packamalgamalg #1|17|12|3721.53
9006011|corpmaxi #11|18|46|3719.80
4002002|importoedu pack #2|17|44|3718.87
8009005|maxinameless #5|6|5|3716.64
4003001|exportiedu pack #1|18|27|3715.86
8008003|namelessnameless #3|9|11|3715.86
5001002|amalgscholar #2|17|21|3715.42
2003002|exportiimporto #2|17|25|3712.62
10012004|importoamalgamalg #4|9|56|3711.24
3003002|exportiexporti #2|17|59|3708.84
7002009|importobrand #9|8|29|3708.45
9006009|corpmaxi #9|17|21|3707.46
6005007|scholarcorp #7|9|16|3707.10
7011008|amalgnameless #8|9|41|3707.00
1003002|exportiamalg #2|9|56|3703.86
2003001|exportiimporto #1|17|55|3703.64
3003002|exportiexporti #2|8|44|3702.84
3003001|exportiexporti #1|19|23|3701.60
7004009|edu packbrand #9|17|34|3700.78
3004001|edu packexporti #1|8|41|3699.88
9016002|corpunivamalg #2|18|43|3697.20
10015004|scholaramalgamalg #4|19|58|3696.56
2001002|amalgimporto #2|9|37|3695.64
2002001|importoimporto #1|17|43|3693.60
10015010|scholaramalgamalg #10|17|50|3693.15
1004001|edu packamalg #1|19|49|3690.69
2002002|importoimporto #2|19|2|3689.94
1004001|edu packamalg #1|8|59|3689.75
10016003|corpamalgamalg #3|17|33|3686.67
7009010|maxibrand #10|6|2|3685.85
7004009|edu packbrand #9|17|7|3682.56
6014002|edu packbrand #2|17|13|3682.19
10016001|corpamalgamalg #1|8|5|3681.52
5004001|edu packscholar #1|17|39|3681.35
3003001|exportiexporti #1|6|12|3677.75
10009006|maxiunivamalg #6|7|28|3676.29
10015001|scholaramalgamalg #1|6|9|3673.60
3004001|edu packexporti #1|8|25|3673.00
3004002|edu packexporti #2|8|26|3672.32
2004002|edu packimporto #2|8|28|3671.88
6012007|importobrand #7|9|57|3671.64
10010008|univamalgamalg #8|18|46|3670.40
3004002|edu packexporti #2|9|24|3669.50
6016003|corpbrand #3|18|11|3667.58
10006002|corpunivamalg #2|8|12|3666.10
2001002|amalgimporto #2|17|1|3664.54
6014006|edu packbrand #6|18|19|3663.00
10006017|corpunivamalg #17|9|43|3662.40
1001001|amalgamalg #1|8|5|3660.00
1004002|edu packamalg #2|17|31|3659.19
7016007|corpnameless #7|7|57|3658.56
1001001|amalgamalg #1|9|50|3652.92
9009003|maximaxi #3|18|19|3644.87
2003002|exportiimporto #2|7|1|3644.14
8016004|corpmaxi #4|9|43|3643.92
4001002|amalgedu pack #2|19|29|3642.28
3004001|edu packexporti #1|17|2|3641.00
5003001|exportischolar #1|6|34|3640.32
5002002|importoscholar #2|9|6|3638.32
2002001|importoimporto #1|18|11|3634.58
7004006|edu packbrand #6|19|34|3632.40
8011009|amalgmaxi #9|17|22|3632.40
8001007|amalgnameless #7|8|56|3630.38
7003002|exportibrand #2|17|16|3629.85
4004002|edu packedu pack #2|19|22|3629.76
10014007|edu packamalgamalg #7|8|41|3629.20
7001007|amalgbrand #7|19|3|3628.22
1001001|amalgamalg #1|6|30|3627.63
10012011|importoamalgamalg #11|7|36|3623.10
8010002|univmaxi #2|8|36|3620.82
9004008|edu packmaxi #8|18|48|3620.60
7015003|scholarnameless #3|18|28|3617.28
1001002|amalgamalg #2|18|43|3615.48
7013007|exportinameless #7|17|13|3614.52
4004001|edu packedu pack #1|19|38|3613.05
5002001|importoscholar #1|9|11|3612.84
7003003|exportibrand #3|17|41|3608.19
3002001|importoexporti #1|19|3|3607.43
5004001|edu packscholar #1|19|41|3603.75
10013015|exportiamalgamalg #15|17|15|3603.26
6011008|amalgbrand #8|18|29|3601.92
2002001|importoimporto #1|6|21|3600.00
10004017|edu packunivamalg #17|7|51|3594.80
4003002|exportiedu pack #2|9|59|3593.07
4003001|exportiedu pack #1|9|22|3592.68
6002001|importocorp #1|8|1|3590.73
8009005|maxinameless #5|9|38|3589.86
6007003|brandcorp #3|17|50|3589.65
4004001|edu packedu pack #1|18|50|3589.32
1004001|edu packamalg #1|17|19|3589.10
4003001|exportiedu pack #1|19|4|3586.59
6012002|importobrand #2|17|19|3584.00
8004001|edu packnameless #1|6|48|3583.02
6015004|scholarbrand #4|19|28|3582.88
8003009|exportinameless #9|18|35|3582.24
2004002|edu packimporto #2|9|36|3580.05
9013009|exportiunivamalg #9|17|51|3579.75
8006009|corpnameless #9|18|2|3579.60
2003002|exportiimporto #2|17|47|3579.30
2003002|exportiimporto #2|8|11|3578.40
9004003|edu packmaxi #3|8|53|3578.08
4003002|exportiedu pack #2|19|57|3578.07
8003003|exportinameless #3|7|55|3577.44
8010005|univmaxi #5|19|7|3574.90
2004002|edu packimporto #2|19|54|3570.20
1002001|importoamalg #1|7|35|3569.15
8014005|edu packmaxi #5|17|52|3568.95
7010001|univnameless #1|18|53|3568.01
10005013|scholarunivamalg #13|9|17|3567.99
6010006|univbrand #6|17|22|3565.65
10010011|univamalgamalg #11|17|37|3564.00
2001002|amalgimporto #2|17|13|3558.24
4004002|edu packedu pack #2|8|27|3555.72
7010003|univnameless #3|18|43|3554.88
5004002|edu packscholar #2|18|59|3552.64
2001002|amalgimporto #2|19|57|3551.26
8015008|scholarmaxi #8|9|0|3547.25
10011014|amalgamalgamalg #14|17|57|3543.65
6016008|corpbrand #8|19|39|3542.40
3002002|importoexporti #2|19|22|3541.20
3002001|importoexporti #1|18|35|3539.78
6003003|exporticorp #3|18|49|3538.56
9008008|namelessmaxi #8|17|37|3538.56
10015012|scholaramalgamalg #12|19|53|3535.97
10012004|importoamalgamalg #4|19|22|3535.87
7007005|brandbrand #5|18|47|3534.30
6006003|corpcorp #3|8|13|3528.00
7012010|importonameless #10|18|8|3526.12
10003008|exportiunivamalg #8|9|27|3524.64
5002001|importoscholar #1|9|20|3524.08
4002002|importoedu pack #2|18|19|3523.95
2003001|exportiimporto #1|19|2|3515.82
3001001|amalgexporti #1|17|52|3515.00
4004001|edu packedu pack #1|19|50|3507.51
9001008|amalgmaxi #8|17|30|3506.44
9016009|corpunivamalg #9|8|19|3504.40
1002002|importoamalg #2|9|18|3503.52
9012003|importounivamalg #3|9|25|3500.00
10007002|brandunivamalg #2|19|45|3499.60
8015005|scholarmaxi #5|17|53|3499.14
7012010|importonameless #10|19|50|3498.91
1001002|amalgamalg #2|19|40|3498.30
1004002|edu packamalg #2|17|54|3494.17
1001001|amalgamalg #1|8|24|3493.91
9004008|edu packmaxi #8|9|9|3492.30
5001002|amalgscholar #2|9|46|3490.76
1004002|edu packamalg #2|18|32|3489.12
7010010|univnameless #10|17|4|3488.40
10007005|brandunivamalg #5|19|11|3488.10
7004001|edu packbrand #1|9|33|3485.54
10006003|corpunivamalg #3|18|6|3485.46
4001001|amalgedu pack #1|7|46|3482.24
6006003|corpcorp #3|19|27|3480.24
5003002|exportischolar #2|18|15|3479.58
8004003|edu packnameless #3|17|32|3477.76
5001001|amalgscholar #1|18|23|3477.00
10007015|brandunivamalg #15|18|48|3476.84
4001001|amalgedu pack #1|17|55|3473.39
6001001|amalgcorp #1|7|14|3471.60
10016013|corpamalgamalg #13|6|27|3471.34
1004002|edu packamalg #2|18|27|3471.29
10016016|corpamalgamalg #16|17|16|3469.60
7003002|exportibrand #2|17|39|3468.11
5003001|exportischolar #1|17|50|3467.10
3004002|edu packexporti #2|19|43|3465.90
5001002|amalgscholar #2|19|56|3465.60
7015007|scholarnameless #7|17|6|3465.00
1001001|amalgamalg #1|19|45|3464.80
6001001|amalgcorp #1|8|55|3463.34
7013002|exportinameless #2|17|35|3462.75
5001001|amalgscholar #1|19|36|3462.00
9009003|maximaxi #3|9|15|3460.28
7015003|scholarnameless #3|19|9|3459.61
10016001|corpamalgamalg #1|18|26|3459.31
3004002|edu packexporti #2|9|25|3456.72
5001001|amalgscholar #1|18|18|3455.34
3004001|edu packexporti #1|6|21|3454.02
8014005|edu packmaxi #5|8|30|3453.78
1003002|exportiamalg #2|18|15|3453.54
7016001|corpnameless #1|7|55|3451.70
4003001|exportiedu pack #1|9|15|3448.98
3002001|importoexporti #1|19|50|3448.32
1002001|importoamalg #1|17|53|3448.02
9010009|univunivamalg #9|17|23|3447.55
4003001|exportiedu pack #1|19|50|3446.40
5004001|edu packscholar #1|17|54|3445.17
1004002|edu packamalg #2|18|24|3443.56
2003001|exportiimporto #1|8|48|3441.95
4002002|importoedu pack #2|17|31|3440.94
8012001|importomaxi #1|9|14|3440.45
1002001|importoamalg #1|17|39|3439.40
4002001|importoedu pack #1|8|38|3428.55
9001003|amalgmaxi #3|8|37|3427.11
9013002|exportiunivamalg #2|19|2|3426.98
6012005|importobrand #5|17|14|3426.50
3002001|importoexporti #1|18|58|3424.65
5003002|exportischolar #2|18|36|3424.35
9011009|amalgunivamalg #9|17|12|3424.00
5004002|edu packscholar #2|17|16|3423.42
9003003|exportimaxi #3|19|4|3419.64
7004001|edu packbrand #1|17|1|3418.26
3004001|edu packexporti #1|9|43|3417.96
8004005|edu packnameless #5|9|20|3416.80
10006002|corpunivamalg #2|9|33|3415.20
6014007|edu packbrand #7|18|9|3413.48
2004001|edu packimporto #1|18|5|3413.34
8007005|brandnameless #5|9|9|3412.41
6004003|edu packcorp #3|17|38|3412.20
7002003|importobrand #3|17|23|3412.14
9006002|corpmaxi #2|19|47|3410.89
6012005|importobrand #5|8|45|3406.20
8016004|corpmaxi #4|17|41|3404.41
10002011|importounivamalg #11|17|43|3404.10
8004005|edu packnameless #5|17|19|3402.00
9013002|exportiunivamalg #2|6|47|3400.32
5001002|amalgscholar #2|9|5|3399.98
7010008|univnameless #8|8|50|3395.70
8006009|corpnameless #9|19|3|3394.88
6012005|importobrand #5|17|43|3392.74
6012007|importobrand #7|19|30|3392.07
3003002|exportiexporti #2|18|38|3390.55
3004002|edu packexporti #2|9|41|3390.40
9016009|corpunivamalg #9|9|3|3389.36
2001002|amalgimporto #2|17|3|3387.96
8015005|scholarmaxi #5|18|49|3386.76
7006005|corpbrand #5|9|3|3386.40
7010009|univnameless #9|8|25|3386.25
4004001|edu packedu pack #1|7|50|3384.72
6005001|scholarcorp #1|18|4|3383.52
5001002|amalgscholar #2|19|45|3382.41
5002002|importoscholar #2|9|45|3381.21
4001001|amalgedu pack #1|18|17|3380.62
8014005|edu packmaxi #5|6|35|3376.68
8016009|corpmaxi #9|17|0|3376.32
10006017|corpunivamalg #17|19|17|3373.65
7001008|amalgbrand #8|17|32|3373.37
10002014|importounivamalg #14|18|50|3371.76
5001001|amalgscholar #1|8|34|3371.28
6002003|importocorp #3|9|53|3368.46
1002002|importoamalg #2|8|49|3367.00
1001001|amalgamalg #1|6|47|3366.00
8008004|namelessnameless #4|19|52|3365.15
10015001|scholaramalgamalg #1|19|24|3364.15
7007010|brandbrand #10|9|52|3360.50
2001002|amalgimporto #2|9|25|3357.91
3001001|amalgexporti #1|7|37|3357.58
1004001|edu packamalg #1|17|43|3356.88
2001002|amalgimporto #2|9|45|3356.01
4003001|exportiedu pack #1|18|44|3354.00
3002001|importoexporti #1|17|1|3353.14
1003002|exportiamalg #2|8|44|3350.79
9004008|edu packmaxi #8|17|33|3350.40
2001002|amalgimporto #2|19|49|3348.54
9005009|scholarmaxi #9|17|10|3346.28
3003002|exportiexporti #2|17|10|3345.79
7014001|edu packnameless #1|18|29|3344.55
9010009|univunivamalg #9|18|4|3343.75
10013013|exportiamalgamalg #13|8|15|3343.68
3004001|edu packexporti #1|18|15|3340.50
9001005|amalgmaxi #5|7|50|3338.00
3002002|importoexporti #2|18|37|3335.64
5001001|amalgscholar #1|19|20|3334.46
3003001|exportiexporti #1|6|40|3333.30
10015012|scholaramalgamalg #12|18|12|3331.32
6010002|univbrand #2|9|56|3330.64
8005009|scholarnameless #9|9|13|3328.79
10011009|amalgamalgamalg #9|19|44|3325.38
5001002|amalgscholar #2|19|34|3325.26
7002009|importobrand #9|9|20|3323.04
8009009|maxinameless #9|19|34|3322.69
9011008|amalgunivamalg #8|8|16|3322.62
3003001|exportiexporti #1|18|18|3321.97
10004001|edu packunivamalg #1|17|45|3319.38
3001002|amalgexporti #2|19|32|3317.12
5002002|importoscholar #2|18|23|3316.68
6003003|exporticorp #3|6|3|3314.85
10015009|scholaramalgamalg #9|18|38|3314.40
2004001|edu packimporto #1|18|35|3313.38
5001001|amalgscholar #1|18|3|3313.05
9008002|namelessmaxi #2|9|32|3310.06
3004001|edu packexporti #1|9|24|3309.20
6016008|corpbrand #8|6|18|3308.32
8015005|scholarmaxi #5|8|32|3308.32
7007005|brandbrand #5|8|43|3307.89
5003002|exportischolar #2|9|9|3307.85
5004002|edu packscholar #2|19|5|3307.63
8006008|corpnameless #8|19|39|3306.87
1004002|edu packamalg #2|18|55|3306.24
7013002|exportinameless #2|9|7|3305.25
6006003|corpcorp #3|9|59|3301.12
8004003|edu packnameless #3|19|22|3300.96
6011003|amalgbrand #3|19|58|3299.69
4004002|edu packedu pack #2|7|9|3299.52
4002001|importoedu pack #1|18|28|3298.45
4004002|edu packedu pack #2|9|51|3296.67
3001001|amalgexporti #1|17|48|3295.35
5003002|exportischolar #2|17|28|3295.09
5003001|exportischolar #1|8|16|3294.20
8011008|amalgmaxi #8|17|50|3293.01
1003001|exportiamalg #1|18|55|3292.98
2004002|edu packimporto #2|9|31|3291.62
1001001|amalgamalg #1|18|42|3289.50
1003001|exportiamalg #1|6|10|3289.50
2002001|importoimporto #1|9|13|3287.48
3004001|edu packexporti #1|19|0|3286.67
3004001|edu packexporti #1|8|19|3282.74
2001001|amalgimporto #1|17|47|3282.38
2003002|exportiimporto #2|18|34|3279.87
7011001|amalgnameless #1|6|25|3278.58
1001001|amalgamalg #1|17|4|3278.05
1002001|importoamalg #1|9|25|3277.44
9009002|maximaxi #2|17|22|3273.44
9009009|maximaxi #9|19|7|3273.10
5004001|edu packscholar #1|18|28|3272.73
5001001|amalgscholar #1|18|50|3270.69
6006003|corpcorp #3|8|1|3269.17
8009010|maxinameless #10|6|43|3267.42
6006007|corpcorp #7|17|11|3267.24
1004001|edu packamalg #1|8|26|3264.85
9009003|maximaxi #3|19|26|3264.39
7008007|namelessbrand #7|7|47|3263.61
3004001|edu packexporti #1|8|33|3262.44
8010005|univmaxi #5|8|20|3261.12
7013002|exportinameless #2|9|48|3260.88
1001001|amalgamalg #1|17|52|3260.60
3002001|importoexporti #1|18|30|3258.00
10016003|corpamalgamalg #3|6|1|3255.03
9007003|brandmaxi #3|7|20|3254.96
10015017|scholaramalgamalg #17|6|46|3254.94
7008005|namelessbrand #5|9|59|3253.61
8006003|corpnameless #3|17|16|3252.64
6011003|amalgbrand #3|17|18|3251.66
6010005|univbrand #5|6|20|3247.14
1001001|amalgamalg #1|19|13|3246.90
8008009|namelessnameless #9|9|21|3245.13
9014002|edu packunivamalg #2|9|18|3244.01
5002001|importoscholar #1|9|3|3241.24
5003002|exportischolar #2|6|14|3238.76
7009003|maxibrand #3|6|24|3237.60
5004001|edu packscholar #1|19|51|3235.32
7002003|importobrand #3|19|54|3234.55
4004001|edu packedu pack #1|17|41|3231.85
1004001|edu packamalg #1|19|59|3231.28
4002002|importoedu pack #2|17|37|3228.48
6009004|maxicorp #4|18|37|3227.50
6002001|importocorp #1|17|38|3227.00
4004002|edu packedu pack #2|18|47|3226.32
2003002|exportiimporto #2|18|20|3226.20
6008003|namelesscorp #3|17|30|3223.28
6006003|corpcorp #3|8|6|3222.56
6006007|corpcorp #7|17|14|3218.04
3004001|edu packexporti #1|18|19|3215.31
7010008|univnameless #8|6|44|3210.74
1001002|amalgamalg #2|19|28|3210.48
4002001|importoedu pack #1|18|56|3209.67
4003001|exportiedu pack #1|9|41|3209.36
10007005|brandunivamalg #5|18|44|3208.92
4004002|edu packedu pack #2|19|51|3207.12
6009003|maxicorp #3|17|59|3206.82
7010001|univnameless #1|18|3|3206.25
8009010|maxinameless #10|6|56|3205.79
4004002|edu packedu pack #2|9|30|3205.40
8002009|importonameless #9|19|3|3203.10
8005008|scholarnameless #8|9|25|3202.64
5001002|amalgscholar #2|19|43|3202.56
2002002|importoimporto #2|8|17|3201.64
6004004|edu packcorp #4|17|53|3200.12
7001008|amalgbrand #8|19|5|3198.98
9010009|univunivamalg #9|9|32|3198.09
9008008|namelessmaxi #8|9|29|3196.47
10014001|edu packamalgamalg #1|18|23|3194.56
10011017|amalgamalgamalg #17|17|36|3193.89
7004009|edu packbrand #9|6|40|3193.08
8012005|importomaxi #5|19|2|3191.76
3002002|importoexporti #2|19|52|3188.12
2001002|amalgimporto #2|7|38|3187.94
1003001|exportiamalg #1|9|33|3186.73
9015002|scholarunivamalg #2|19|18|3185.07
1004002|edu packamalg #2|18|5|3183.84
9015003|scholarunivamalg #3|9|43|3182.49
7008009|namelessbrand #9|17|25|3182.46
4003001|exportiedu pack #1|19|48|3179.52
6013005|exportibrand #5|18|25|3176.01
8009009|maxinameless #9|8|2|3175.80
5002002|importoscholar #2|19|25|3174.90
7010010|univnameless #10|17|5|3174.36
1003001|exportiamalg #1|18|39|3173.40
3001001|amalgexporti #1|7|57|3172.45
1003001|exportiamalg #1|19|35|3170.44
6016003|corpbrand #3|6|39|3169.65
5001001|amalgscholar #1|9|32|3169.32
10009015|maxiunivamalg #15|18|59|3169.10
9012005|importounivamalg #5|19|58|3169.00
3003001|exportiexporti #1|8|46|3167.64
3002002|importoexporti #2|7|35|3166.24
2001001|amalgimporto #1|8|8|3164.00
4002001|importoedu pack #1|18|1|3163.57
6001001|amalgcorp #1|18|35|3163.05
3003001|exportiexporti #1|9|26|3162.25
9007008|brandmaxi #8|9|40|3161.08
2002001|importoimporto #1|19|37|3160.56
2001001|amalgimporto #1|8|6|3157.35
1004002|edu packamalg #2|9|30|3155.25
4002001|importoedu pack #1|17|23|3155.20
8011008|amalgmaxi #8|17|12|3153.05
9006011|corpmaxi #11|18|51|3152.48
4004001|edu packedu pack #1|8|20|3151.15
1002001|importoamalg #1|17|21|3149.18
7016001|corpnameless #1|18|27|3146.24
3004002|edu packexporti #2|9|21|3143.14
1004001|edu packamalg #1|17|59|3142.86
5003001|exportischolar #1|17|19|3142.62
7008006|namelessbrand #6|17|17|3141.99
1004001|edu packamalg #1|18|50|3141.84
3001001|amalgexporti #1|9|49|3141.72
5002002|importoscholar #2|17|46|3139.02
6012005|importobrand #5|8|52|3138.30
3004001|edu packexporti #1|8|51|3134.86
6012004|importobrand #4|18|9|3134.04
8007010|brandnameless #10|17|59|3133.80
3002001|importoexporti #1|18|27|3133.20
2004001|edu packimporto #1|19|26|3132.50
1001002|amalgamalg #2|19|5|3131.58
10008009|namelessunivamalg #9|19|44|3131.52
1003002|exportiamalg #2|18|56|3128.16
3002001|importoexporti #1|19|26|3126.32
9003005|exportimaxi #5|17|6|3124.00
5003002|exportischolar #2|9|55|3123.90
2001002|amalgimporto #2|18|30|3122.28
3002002|importoexporti #2|9|3|3120.80
8011008|amalgmaxi #8|7|26|3119.54
7012010|importonameless #10|8|40|3119.03
6008007|namelesscorp #7|17|50|3118.65
3003002|exportiexporti #2|19|27|3117.87
1001001|amalgamalg #1|17|31|3116.78
2004001|edu packimporto #1|19|35|3116.54
1001002|amalgamalg #2|8|8|3115.05
6015008|scholarbrand #8|17|12|3114.97
5004001|edu packscholar #1|19|9|3114.10
10006017|corpunivamalg #17|17|50|3111.90
4001001|amalgedu pack #1|18|11|3111.48
7009003|maxibrand #3|9|14|3111.12
10006002|corpunivamalg #2|17|2|3109.00
1001002|amalgamalg #2|17|29|3107.61
7012009|importonameless #9|7|41|3105.27
10006008|corpunivamalg #8|17|51|3104.20
9014002|edu packunivamalg #2|19|28|3101.71
10010013|univamalgamalg #13|18|42|3098.37
3003001|exportiexporti #1|17|24|3096.00
7010010|univnameless #10|17|43|3095.55
2002001|importoimporto #1|8|52|3095.37
10007002|brandunivamalg #2|19|30|3093.76
4002002|importoedu pack #2|6|0|3093.20
9003005|exportimaxi #5|19|9|3090.94
1001002|amalgamalg #2|17|30|3090.50
4002002|importoedu pack #2|8|18|3090.39
7012009|importonameless #9|17|21|3090.24
6016003|corpbrand #3|18|47|3089.66
6016003|corpbrand #3|6|7|3086.60
3004001|edu packexporti #1|17|53|3086.49
1004002|edu packamalg #2|19|37|3084.84
3004001|edu packexporti #1|18|26|3084.82
7009001|maxibrand #1|18|40|3084.82
5001001|amalgscholar #1|19|14|3083.36
7016001|corpnameless #1|18|44|3082.17
7006001|corpbrand #1|18|1|3081.60
3004002|edu packexporti #2|9|2|3079.23
7003002|exportibrand #2|17|31|3079.14
2003001|exportiimporto #1|6|23|3078.32
6012001|importobrand #1|8|7|3072.87
9014011|edu packunivamalg #11|18|47|3071.04
10010017|univamalgamalg #17|19|2|3068.38
5003001|exportischolar #1|17|31|3068.12
10012004|importoamalgamalg #4|19|14|3067.35
1003001|exportiamalg #1|19|21|3065.39
5001002|amalgscholar #2|17|29|3064.80
2003002|exportiimporto #2|17|56|3061.32
4004001|edu packedu pack #1|7|19|3060.90
9001005|amalgmaxi #5|19|39|3060.71
3001001|amalgexporti #1|19|53|3060.64
6008003|namelesscorp #3|18|59|3059.94
7005010|scholarbrand #10|18|0|3059.50
2002001|importoimporto #1|9|28|3059.28
8008007|namelessnameless #7|17|19|3054.28
4004001|edu packedu pack #1|19|43|3052.20
6016005|corpbrand #5|17|44|3051.22
6011001|amalgbrand #1|8|34|3051.20
5004001|edu packscholar #1|19|10|3050.90
2003002|exportiimporto #2|19|40|3050.28
3001002|amalgexporti #2|8|41|3048.96
1004002|edu packamalg #2|18|19|3048.75
10004015|edu packunivamalg #15|18|23|3048.03
7013002|exportinameless #2|8|18|3045.87
9006002|corpmaxi #2|19|1|3041.52
9001005|amalgmaxi #5|17|47|3039.96
8016004|corpmaxi #4|17|32|3039.09
9002003|importomaxi #3|18|26|3038.07
3002001|importoexporti #1|9|48|3035.97
8008005|namelessnameless #5|19|34|3035.10
2003001|exportiimporto #1|19|22|3033.65
6009007|maxicorp #7|9|22|3033.24
3002001|importoexporti #1|9|58|3033.00
5002001|importoscholar #1|17|35|3032.64
1001001|amalgamalg #1|8|55|3029.08
7016001|corpnameless #1|17|23|3026.40
9014005|edu packunivamalg #5|17|54|3025.86
7007005|brandbrand #5|18|12|3024.00
8004005|edu packnameless #5|8|36|3023.93
3002002|importoexporti #2|19|37|3023.68
8016007|corpmaxi #7|19|49|3022.76
6007003|brandcorp #3|19|25|3022.44
8005006|scholarnameless #6|9|6|3022.38
3002001|importoexporti #1|18|3|3021.79
5004001|edu packscholar #1|8|8|3020.80
10012006|importoamalgamalg #6|17|19|3020.74
7010009|univnameless #9|9|55|3019.20
5003002|exportischolar #2|18|32|3018.40
9001008|amalgmaxi #8|17|51|3015.32
9012005|importounivamalg #5|8|23|3013.85
7007010|brandbrand #10|19|28|3013.02
10012010|importoamalgamalg #10|9|36|3012.45
2002001|importoimporto #1|19|20|3010.27
6010004|univbrand #4|18|33|3009.24
7013007|exportinameless #7|17|39|3007.84
6009003|maxicorp #3|7|55|3006.18
2003002|exportiimporto #2|6|47|3004.50
7009003|maxibrand #3|18|29|3004.26
5002001|importoscholar #1|17|21|3004.17
1004001|edu packamalg #1|17|33|3004.09
4002001|importoedu pack #1|19|24|3003.77
2001002|amalgimporto #2|19|11|3003.52
9004008|edu packmaxi #8|18|4|3001.81
5004002|edu packscholar #2|17|2|3001.68
7014002|edu packnameless #2|18|29|3001.32
7013009|exportinameless #9|18|27|3000.58
4004001|edu packedu pack #1|17|19|2999.75
7011001|amalgnameless #1|7|54|2998.60
1001002|amalgamalg #2|6|25|2998.05
4003001|exportiedu pack #1|9|55|2997.00
6015006|scholarbrand #6|9|44|2995.50
5001001|amalgscholar #1|19|8|2994.61
10005013|scholarunivamalg #13|17|16|2993.64
10015012|scholaramalgamalg #12|8|26|2993.04
6005001|scholarcorp #1|19|9|2992.98
6015006|scholarbrand #6|17|20|2989.08
10016006|corpamalgamalg #6|6|31|2988.00
4004001|edu packedu pack #1|17|11|2987.20
6005001|scholarcorp #1|8|43|2985.30
9010009|univunivamalg #9|18|45|2984.84
10016009|corpamalgamalg #9|9|50|2981.97
6007003|brandcorp #3|18|46|2979.88
1003001|exportiamalg #1|19|48|2976.80
6011008|amalgbrand #8|17|17|2974.79
7007005|brandbrand #5|17|3|2974.02
9012003|importounivamalg #3|19|52|2973.78
8005008|scholarnameless #8|17|6|2972.58
9004008|edu packmaxi #8|19|34|2972.16
6008002|namelesscorp #2|18|12|2970.65
2002001|importoimporto #1|18|28|2970.54
4001001|amalgedu pack #1|9|44|2968.29
10012010|importoamalgamalg #10|9|52|2966.00
6004003|edu packcorp #3|17|57|2963.44
5003002|exportischolar #2|17|52|2961.92
3004001|edu packexporti #1|9|41|2961.75
10016003|corpamalgamalg #3|17|7|2960.88
9006005|corpmaxi #5|9|21|2958.00
4002002|importoedu pack #2|18|40|2957.22
9006002|corpmaxi #2|9|23|2955.55
7005010|scholarbrand #10|9|47|2955.52
9010009|univunivamalg #9|17|9|2953.68
1004002|edu packamalg #2|8|16|2950.29
10013015|exportiamalgamalg #15|17|36|2948.82
2001002|amalgimporto #2|7|15|2946.82
4002002|importoedu pack #2|17|49|2945.88
8015005|scholarmaxi #5|7|24|2945.88
5003001|exportischolar #1|18|16|2945.58
7004001|edu packbrand #1|8|24|2944.46
1001002|amalgamalg #2|8|45|2942.98
3004001|edu packexporti #1|19|35|2941.90
9016008|corpunivamalg #8|19|8|2940.76
4003001|exportiedu pack #1|7|35|2940.00
5002001|importoscholar #1|17|20|2938.52
7001001|amalgbrand #1|19|55|2936.20
7004006|edu packbrand #6|17|5|2935.92
9008011|namelessmaxi #11|18|33|2933.14
3004001|edu packexporti #1|9|7|2932.65
8008007|namelessnameless #7|19|24|2931.03
4004002|edu packedu pack #2|19|39|2930.80
2004001|edu packimporto #1|18|44|2930.76
6009003|maxicorp #3|9|24|2929.29
7009009|maxibrand #9|19|28|2929.08
9014008|edu packunivamalg #8|19|33|2929.04
1002002|importoamalg #2|6|51|2927.46
2004002|edu packimporto #2|7|26|2927.40
2001001|amalgimporto #1|19|45|2926.56
5004001|edu packscholar #1|8|11|2926.14
3001001|amalgexporti #1|19|6|2925.81
3003001|exportiexporti #1|7|14|2924.16
6014001|edu packbrand #1|18|5|2922.33
6006004|corpcorp #4|8|3|2921.00
9009002|maximaxi #2|6|19|2920.01
6011001|amalgbrand #1|19|26|2920.00
7007010|brandbrand #10|17|46|2919.84
2004002|edu packimporto #2|17|35|2919.29
9014002|edu packunivamalg #2|19|3|2918.74
3004002|edu packexporti #2|19|37|2918.53
1001002|amalgamalg #2|17|42|2915.78
4002001|importoedu pack #1|8|20|2915.64
4002002|importoedu pack #2|17|26|2915.46
3004002|edu packexporti #2|17|15|2914.56
8001003|amalgnameless #3|18|15|2914.50
9015011|scholarunivamalg #11|9|10|2913.27
2003002|exportiimporto #2|17|14|2913.12
1003001|exportiamalg #1|18|26|2911.75
1004002|edu packamalg #2|17|42|2911.23
4001001|amalgedu pack #1|18|53|2909.28
2003001|exportiimporto #1|18|45|2908.50
1003002|exportiamalg #2|18|38|2906.96
2002001|importoimporto #1|17|11|2905.79
4001001|amalgedu pack #1|18|7|2904.00
10015003|scholaramalgamalg #3|6|25|2903.60
2003002|exportiimporto #2|8|56|2902.05
6002003|importocorp #3|6|47|2900.35
7012005|importonameless #5|9|56|2899.20
3001001|amalgexporti #1|8|39|2898.46
7009009|maxibrand #9|8|12|2898.00
6011003|amalgbrand #3|8|9|2896.53
7001009|amalgbrand #9|17|38|2895.60
3002001|importoexporti #1|17|34|2895.36
6011003|amalgbrand #3|9|48|2894.56
6003007|exporticorp #7|8|42|2893.80
10015010|scholaramalgamalg #10|9|2|2893.50
9003005|exportimaxi #5|18|43|2893.17
9009002|maximaxi #2|17|2|2893.00
3001001|amalgexporti #1|9|24|2890.62
10016001|corpamalgamalg #1|17|25|2889.33
10010007|univamalgamalg #7|8|58|2889.03
6007007|brandcorp #7|18|27|2888.61
10001017|amalgunivamalg #17|19|39|2887.21
9012005|importounivamalg #5|8|30|2887.20
4002001|importoedu pack #1|17|56|2886.10
6008002|namelesscorp #2|17|46|2885.32
6014001|edu packbrand #1|17|22|2883.06
6010006|univbrand #6|17|16|2880.24
10004004|edu packunivamalg #4|19|27|2879.28
7016001|corpnameless #1|9|28|2878.22
9004011|edu packmaxi #11|18|50|2877.67
1001002|amalgamalg #2|8|13|2876.22
3001002|amalgexporti #2|6|31|2874.87
8005005|scholarnameless #5|18|20|2874.16
8013007|exportimaxi #7|18|35|2871.99
5004001|edu packscholar #1|17|20|2871.37
3002001|importoexporti #1|17|37|2870.25
4002002|importoedu pack #2|6|2|2869.02
6016003|corpbrand #3|17|12|2868.24
4002002|importoedu pack #2|17|47|2863.46
3002001|importoexporti #1|19|52|2862.85
3003002|exportiexporti #2|9|23|2862.30
7012009|importonameless #9|17|54|2862.08
2002001|importoimporto #1|19|56|2861.21
4004001|edu packedu pack #1|18|47|2859.45
2004002|edu packimporto #2|17|1|2858.96
4001001|amalgedu pack #1|8|29|2858.55
4004001|edu packedu pack #1|18|58|2858.12
8013004|exportimaxi #4|18|4|2858.07
6006003|corpcorp #3|8|9|2857.14
4003001|exportiedu pack #1|7|58|2853.53
8005009|scholarnameless #9|18|51|2853.42
2004001|edu packimporto #1|7|39|2852.64
10012004|importoamalgamalg #4|19|2|2851.20
4004001|edu packedu pack #1|19|16|2849.90
1002002|importoamalg #2|18|12|2848.25
8005003|scholarnameless #3|18|53|2848.00
3003001|exportiexporti #1|17|32|2845.30
NULL|NULL|18|35|2844.24
9007003|brandmaxi #3|7|47|2843.94
1002001|importoamalg #1|8|2|2843.42
9016009|corpunivamalg #9|9|22|2842.62
5004001|edu packscholar #1|18|48|2841.75
6015008|scholarbrand #8|9|16|2841.12
7013001|exportinameless #1|8|18|2839.36
2001002|amalgimporto #2|9|43|2838.32
6011003|amalgbrand #3|19|53|2836.60
7009001|maxibrand #1|9|26|2835.54
10015010|scholaramalgamalg #10|18|2|2833.92
8013004|exportimaxi #4|17|57|2833.47
9016003|corpunivamalg #3|17|16|2831.62
4002002|importoedu pack #2|8|15|2829.48
10005010|scholarunivamalg #10|18|56|2829.12
3003001|exportiexporti #1|19|32|2824.10
6007007|brandcorp #7|17|20|2822.83
5001001|amalgscholar #1|6|29|2822.25
10006008|corpunivamalg #8|18|10|2821.00
1003001|exportiamalg #1|19|1|2819.52
10015017|scholaramalgamalg #17|19|54|2819.25
8011009|amalgmaxi #9|9|7|2818.94
3002001|importoexporti #1|18|54|2818.10
7008007|namelessbrand #7|18|20|2817.93
8013009|exportimaxi #9|19|43|2817.32
8007010|brandnameless #10|9|27|2816.40
4001001|amalgedu pack #1|18|45|2815.88
7008006|namelessbrand #6|18|10|2815.56
7001009|amalgbrand #9|17|41|2813.94
9008008|namelessmaxi #8|19|2|2811.20
6012002|importobrand #2|18|28|2810.67
1004001|edu packamalg #1|18|28|2810.32
7013007|exportinameless #7|9|49|2809.66
9007003|brandmaxi #3|17|28|2807.18
9007003|brandmaxi #3|9|26|2805.54
5003002|exportischolar #2|19|53|2804.26
7010003|univnameless #3|8|59|2801.94
4002002|importoedu pack #2|19|30|2801.50
9011008|amalgunivamalg #8|19|10|2800.55
1004001|edu packamalg #1|18|24|2800.46
10013002|exportiamalgamalg #2|8|23|2798.09
4001002|amalgedu pack #2|17|1|2797.92
4004002|edu packedu pack #2|9|50|2796.45
9007011|brandmaxi #11|18|15|2795.56
7004009|edu packbrand #9|18|56|2795.27
3001002|amalgexporti #2|18|48|2792.96
10003011|exportiunivamalg #11|9|23|2792.82
8012010|importomaxi #10|19|20|2792.61
5003001|exportischolar #1|17|2|2792.60
9011009|amalgunivamalg #9|18|26|2792.50
2001001|amalgimporto #1|17|44|2791.51
6008007|namelesscorp #7|19|7|2790.72
6011007|amalgbrand #7|19|31|2788.98
7006009|corpbrand #9|19|27|2788.80
9001011|amalgmaxi #11|19|49|2787.19
10015005|scholaramalgamalg #5|18|1|2784.80
6010005|univbrand #5|9|41|2781.96
3002001|importoexporti #1|9|0|2781.20
4004001|edu packedu pack #1|8|21|2779.92
5001002|amalgscholar #2|19|20|2779.77
7001005|amalgbrand #5|8|45|2779.53
1001002|amalgamalg #2|17|34|2777.76
8011007|amalgmaxi #7|8|31|2776.28
2002001|importoimporto #1|17|41|2774.80
8014004|edu packmaxi #4|19|55|2774.19
2003002|exportiimporto #2|8|22|2773.98
9010009|univunivamalg #9|18|29|2773.00
1002001|importoamalg #1|19|35|2771.30
1001001|amalgamalg #1|9|25|2768.40
1003002|exportiamalg #2|19|12|2768.07
1003002|exportiamalg #2|17|24|2766.92
6006004|corpcorp #4|7|46|2766.60
5001002|amalgscholar #2|19|57|2765.97
5004001|edu packscholar #1|19|27|2763.18
7016007|corpnameless #7|9|28|2762.84
1004002|edu packamalg #2|17|26|2761.29
5003002|exportischolar #2|18|8|2758.68
8005010|scholarnameless #10|7|59|2758.42
1003002|exportiamalg #2|7|58|2756.88
6011003|amalgbrand #3|8|20|2754.36
6006003|corpcorp #3|19|16|2753.46
7009010|maxibrand #10|8|6|2753.15
10010008|univamalgamalg #8|19|46|2752.20
9011009|amalgunivamalg #9|19|16|2751.81
8009005|maxinameless #5|19|47|2751.02
2004002|edu packimporto #2|18|2|2750.88
1001001|amalgamalg #1|18|15|2746.26
8007010|brandnameless #10|9|35|2745.84
6005007|scholarcorp #7|19|35|2745.36
4001002|amalgedu pack #2|19|33|2744.13
3004001|edu packexporti #1|18|17|2743.83
2003002|exportiimporto #2|17|4|2743.47
4002002|importoedu pack #2|8|54|2742.32
6012002|importobrand #2|17|47|2741.70
8009009|maxinameless #9|19|33|2741.20
5002001|importoscholar #1|7|57|2737.80
10009015|maxiunivamalg #15|18|41|2736.16
8005006|scholarnameless #6|17|14|2735.16
8004009|edu packnameless #9|17|52|2734.63
7008009|namelessbrand #9|18|8|2734.20
8010009|univmaxi #9|17|55|2734.20
4003002|exportiedu pack #2|9|48|2733.90
6010006|univbrand #6|17|19|2733.58
9001011|amalgmaxi #11|17|47|2733.15
6008005|namelesscorp #5|9|11|2731.80
10010013|univamalgamalg #13|19|51|2730.42
6016008|corpbrand #8|18|3|2729.76
8013007|exportimaxi #7|18|34|2729.04
9014002|edu packunivamalg #2|19|47|2728.96
3001002|amalgexporti #2|19|58|2727.80
9011008|amalgunivamalg #8|19|59|2726.50
6010005|univbrand #5|18|3|2725.06
6001002|amalgcorp #2|8|29|2724.60
8010006|univmaxi #6|9|48|2724.22
4002001|importoedu pack #1|19|17|2721.91
5003002|exportischolar #2|9|59|2721.60
5004001|edu packscholar #1|8|20|2720.54
5004002|edu packscholar #2|18|46|2719.75
1003001|exportiamalg #1|17|18|2715.75
1001002|amalgamalg #2|18|52|2713.76
8001001|amalgnameless #1|6|53|2713.70
1001001|amalgamalg #1|17|29|2711.26
5004001|edu packscholar #1|8|24|2709.40
10001017|amalgunivamalg #17|9|14|2707.28
9004008|edu packmaxi #8|9|54|2706.28
10002012|importounivamalg #12|6|38|2706.00
1002001|importoamalg #1|19|13|2705.75
5003001|exportischolar #1|7|23|2703.19
2004001|edu packimporto #1|19|11|2702.00
2001001|amalgimporto #1|8|53|2701.80
8008007|namelessnameless #7|9|44|2700.27
4004002|edu packedu pack #2|19|49|2699.48
1003001|exportiamalg #1|9|5|2698.80
9016005|corpunivamalg #5|19|41|2697.90
3002001|importoexporti #1|19|34|2697.14
10016001|corpamalgamalg #1|9|15|2696.76
10009006|maxiunivamalg #6|8|30|2695.58
9012011|importounivamalg #11|18|20|2694.50
1001001|amalgamalg #1|9|59|2691.94
1003001|exportiamalg #1|19|36|2691.25
8001001|amalgnameless #1|18|27|2689.96
2003002|exportiimporto #2|17|45|2689.17
1001001|amalgamalg #1|7|44|2687.93
10005001|scholarunivamalg #1|9|44|2687.52
3001001|amalgexporti #1|17|1|2686.71
9016003|corpunivamalg #3|19|4|2686.25
8012004|importomaxi #4|18|1|2685.60
4002001|importoedu pack #1|19|45|2685.40
5001001|amalgscholar #1|18|52|2684.91
9009003|maximaxi #3|9|50|2682.96
2003002|exportiimporto #2|17|35|2682.75
4002001|importoedu pack #1|7|16|2680.80
10006002|corpunivamalg #2|8|48|2679.00
10006008|corpunivamalg #8|18|44|2677.50
7003001|exportibrand #1|7|16|2674.44
5002002|importoscholar #2|18|47|2671.06
2002002|importoimporto #2|19|14|2670.03
2002002|importoimporto #2|8|18|2668.69
9007009|brandmaxi #9|17|40|2668.48
3004002|edu packexporti #2|18|28|2667.60
6008005|namelesscorp #5|8|39|2666.96
3001001|amalgexporti #1|8|6|2665.81
8001003|amalgnameless #3|19|42|2664.96
8006009|corpnameless #9|8|3|2664.75
8007010|brandnameless #10|18|32|2663.40
7012005|importonameless #5|19|1|2662.54
2001002|amalgimporto #2|9|38|2659.23
7006008|corpbrand #8|17|48|2658.50
2002001|importoimporto #1|8|34|2658.04
8007001|brandnameless #1|17|40|2656.08
5004001|edu packscholar #1|18|57|2652.65
2001002|amalgimporto #2|19|42|2652.53
10014001|edu packamalgamalg #1|19|26|2652.36
3004001|edu packexporti #1|19|15|2651.88
10006013|corpunivamalg #13|18|46|2651.22
9015011|scholarunivamalg #11|17|38|2650.24
8016001|corpmaxi #1|17|30|2648.80
4001002|amalgedu pack #2|19|16|2641.60
9008011|namelessmaxi #11|17|56|2641.20
1004002|edu packamalg #2|17|4|2640.25
6014002|edu packbrand #2|19|2|2640.05
6003007|exporticorp #7|17|57|2638.16
10003011|exportiunivamalg #11|17|43|2636.76
2001001|amalgimporto #1|18|49|2632.62
2004002|edu packimporto #2|9|3|2630.81
5002002|importoscholar #2|17|0|2630.81
8013009|exportimaxi #9|19|5|2630.32
8005006|scholarnameless #6|17|6|2628.27
9010009|univunivamalg #9|19|30|2627.52
6015008|scholarbrand #8|8|58|2626.56
7007010|brandbrand #10|9|4|2625.99
9004011|edu packmaxi #11|9|48|2625.00
8009010|maxinameless #10|19|4|2624.49
5004001|edu packscholar #1|9|8|2624.44
7009001|maxibrand #1|18|36|2624.22
9013002|exportiunivamalg #2|17|53|2621.05
4002002|importoedu pack #2|19|41|2619.76
10016009|corpamalgamalg #9|6|5|2619.72
6011001|amalgbrand #1|18|38|2619.48
7001004|amalgbrand #4|9|44|2619.00
2001001|amalgimporto #1|19|38|2618.00
10008015|namelessunivamalg #15|19|36|2616.60
4003002|exportiedu pack #2|19|12|2616.24
10008002|namelessunivamalg #2|17|43|2615.90
8011007|amalgmaxi #7|9|30|2614.04
8011009|amalgmaxi #9|18|29|2614.00
5001001|amalgscholar #1|18|32|2613.32
8002009|importonameless #9|17|30|2612.06
10012017|importoamalgamalg #17|18|40|2610.72
10006003|corpunivamalg #3|19|27|2608.27
7009001|maxibrand #1|8|42|2606.85
8016006|corpmaxi #6|18|54|2604.80
9012008|importounivamalg #8|17|40|2603.80
7016001|corpnameless #1|9|38|2603.14
10016013|corpamalgamalg #13|9|0|2603.00
8015003|scholarmaxi #3|18|30|2601.00
9001003|amalgmaxi #3|19|19|2600.72
9011008|amalgunivamalg #8|8|24|2599.92
10009008|maxiunivamalg #8|8|58|2599.92
2003002|exportiimporto #2|9|46|2597.49
1003001|exportiamalg #1|8|22|2597.00
2001002|amalgimporto #2|18|49|2595.94
10003016|exportiunivamalg #16|9|0|2595.41
4004001|edu packedu pack #1|17|20|2595.20
3001001|amalgexporti #1|9|18|2594.86
5003002|exportischolar #2|17|27|2593.08
10009017|maxiunivamalg #17|9|21|2592.80
2001001|amalgimporto #1|17|6|2591.94
9009002|maximaxi #2|8|57|2591.88
5003001|exportischolar #1|18|9|2590.72
6016003|corpbrand #3|9|28|2590.27
10015004|scholaramalgamalg #4|18|39|2589.58
4004001|edu packedu pack #1|7|16|2589.12
6003003|exporticorp #3|18|59|2589.00
7010003|univnameless #3|19|15|2588.93
6008007|namelesscorp #7|19|18|2587.20
8011007|amalgmaxi #7|19|43|2585.73
10009001|maxiunivamalg #1|17|8|2585.38
6004004|edu packcorp #4|8|23|2584.89
6003007|exporticorp #7|6|18|2581.20
6005008|scholarcorp #8|8|23|2581.04
10006009|corpunivamalg #9|17|50|2579.52
3001001|amalgexporti #1|8|16|2577.12
6008003|namelesscorp #3|17|43|2575.56
9011008|amalgunivamalg #8|19|0|2575.44
1001001|amalgamalg #1|9|11|2575.20
7006001|corpbrand #1|17|42|2574.72
8015003|scholarmaxi #3|19|59|2574.62
4001002|amalgedu pack #2|19|27|2574.22
7012009|importonameless #9|17|53|2573.56
1001001|amalgamalg #1|19|5|2572.44
9002003|importomaxi #3|6|27|2572.30
1001001|amalgamalg #1|9|43|2571.41
10010006|univamalgamalg #6|9|14|2570.94
6005003|scholarcorp #3|18|42|2570.91
5001001|amalgscholar #1|9|6|2570.70
8015003|scholarmaxi #3|18|13|2568.42
8010005|univmaxi #5|18|30|2566.18
6012008|importobrand #8|9|7|2565.63
3003001|exportiexporti #1|19|1|2565.00
6013007|exportibrand #7|17|26|2564.80
4003001|exportiedu pack #1|18|0|2564.50
4004001|edu packedu pack #1|18|31|2561.60
1003002|exportiamalg #2|17|36|2560.74
10002014|importounivamalg #14|17|23|2560.68
10004017|edu packunivamalg #17|18|54|2560.00
1001002|amalgamalg #2|18|48|2558.92
3004001|edu packexporti #1|19|58|2555.79
2002001|importoimporto #1|18|15|2554.90
7010004|univnameless #4|18|16|2554.76
10015005|scholaramalgamalg #5|17|41|2553.88
2003002|exportiimporto #2|17|15|2553.56
10014010|edu packamalgamalg #10|19|44|2553.01
2004001|edu packimporto #1|17|16|2552.98
7001009|amalgbrand #9|18|6|2552.45
10009006|maxiunivamalg #6|19|40|2551.36
5003001|exportischolar #1|18|28|2550.60
5004002|edu packscholar #2|8|46|2550.60
10010001|univamalgamalg #1|9|20|2550.60
10012017|importoamalgamalg #17|18|27|2550.24
7002003|importobrand #3|17|5|2549.16
1004001|edu packamalg #1|8|43|2548.86
1002001|importoamalg #1|17|50|2546.28
8010009|univmaxi #9|19|39|2545.92
6005001|scholarcorp #1|17|2|2545.41
7007005|brandbrand #5|18|4|2545.26
7004009|edu packbrand #9|17|33|2544.64
9013008|exportiunivamalg #8|6|40|2543.16
6012001|importobrand #1|17|11|2543.01
6010006|univbrand #6|17|57|2542.98
8005003|scholarnameless #3|17|30|2542.26
6014004|edu packbrand #4|17|53|2541.84
7010004|univnameless #4|19|38|2541.18
8011008|amalgmaxi #8|17|22|2540.48
6015005|scholarbrand #5|18|41|2540.12
7009010|maxibrand #10|19|44|2539.68
5004002|edu packscholar #2|19|48|2538.00
10004001|edu packunivamalg #1|19|35|2536.63
9002003|importomaxi #3|9|20|2536.10
9013008|exportiunivamalg #8|18|38|2535.52
9014008|edu packunivamalg #8|9|34|2535.20
1002002|importoamalg #2|9|45|2535.05
10010017|univamalgamalg #17|17|47|2533.74
3004001|edu packexporti #1|18|34|2533.00
3001002|amalgexporti #2|19|12|2532.87
4003001|exportiedu pack #1|19|26|2532.45
10014010|edu packamalgamalg #10|19|24|2532.28
9012011|importounivamalg #11|9|53|2529.60
5001001|amalgscholar #1|18|49|2529.12
9015009|scholarunivamalg #9|8|26|2528.74
4002002|importoedu pack #2|17|12|2527.56
3001002|amalgexporti #2|17|22|2527.46
7008009|namelessbrand #9|19|41|2526.92
1001002|amalgamalg #2|18|15|2526.78
7016007|corpnameless #7|19|28|2523.48
6009003|maxicorp #3|19|34|2523.24
9005009|scholarmaxi #9|17|20|2522.38
7011001|amalgnameless #1|19|42|2522.25
5003001|exportischolar #1|17|43|2521.65
3001002|amalgexporti #2|19|46|2521.21
1003002|exportiamalg #2|7|1|2520.31
1003002|exportiamalg #2|19|30|2517.70
1001002|amalgamalg #2|19|32|2516.18
4003001|exportiedu pack #1|17|31|2513.90
10014016|edu packamalgamalg #16|8|12|2513.16
3003001|exportiexporti #1|19|2|2512.28
9003003|exportimaxi #3|17|48|2511.20
8005008|scholarnameless #8|9|51|2511.18
7004007|edu packbrand #7|8|9|2508.93
3004001|edu packexporti #1|8|39|2508.40
1002001|importoamalg #1|9|8|2507.76
10012005|importoamalgamalg #5|17|58|2506.90
2004001|edu packimporto #1|19|28|2506.80
1001002|amalgamalg #2|19|23|2505.60
10006002|corpunivamalg #2|17|38|2505.36
2002001|importoimporto #1|19|40|2505.01
9004008|edu packmaxi #8|18|8|2503.80
9004011|edu packmaxi #11|9|5|2499.87
1001001|amalgamalg #1|18|14|2498.65
9015009|scholarunivamalg #9|19|26|2498.64
9006002|corpmaxi #2|17|29|2496.80
10015003|scholaramalgamalg #3|17|8|2495.81
10004015|edu packunivamalg #15|8|29|2495.65
8005003|scholarnameless #3|9|53|2493.20
1003002|exportiamalg #2|18|30|2491.16
3001002|amalgexporti #2|9|0|2489.94
1003002|exportiamalg #2|17|53|2489.30
3001001|amalgexporti #1|6|16|2488.50
2003001|exportiimporto #1|17|46|2487.73
9013011|exportiunivamalg #11|6|9|2485.00
4003001|exportiedu pack #1|18|2|2484.60
10014016|edu packamalgamalg #16|19|25|2484.00
6016003|corpbrand #3|9|10|2482.20
4001002|amalgedu pack #2|18|15|2479.95
1003001|exportiamalg #1|18|45|2479.50
6007007|brandcorp #7|7|38|2479.04
6012004|importobrand #4|18|26|2478.70
2003001|exportiimporto #1|9|27|2478.65
10006009|corpunivamalg #9|17|53|2477.41
9003003|exportimaxi #3|8|35|2477.22
6016003|corpbrand #3|9|35|2476.65
6012001|importobrand #1|19|58|2476.32
8005009|scholarnameless #9|9|17|2476.32
5002001|importoscholar #1|17|17|2476.24
9015011|scholarunivamalg #11|17|42|2476.16
4004001|edu packedu pack #1|19|6|2475.96
7014002|edu packnameless #2|8|17|2475.63
8015007|scholarmaxi #7|19|37|2475.44
8008004|namelessnameless #4|7|41|2474.57
1001001|amalgamalg #1|17|13|2473.66
3002001|importoexporti #1|17|48|2470.50
6015004|scholarbrand #4|19|12|2469.60
9007003|brandmaxi #3|19|56|2468.80
2003001|exportiimporto #1|6|2|2467.96
6016001|corpbrand #1|19|45|2467.08
7016001|corpnameless #1|8|20|2466.66
1004001|edu packamalg #1|17|23|2465.00
5001002|amalgscholar #2|17|6|2463.83
7015009|scholarnameless #9|19|14|2463.20
3004001|edu packexporti #1|17|18|2462.72
6006007|corpcorp #7|17|24|2462.40
6016003|corpbrand #3|19|21|2462.40
6015006|scholarbrand #6|9|17|2458.80
2004001|edu packimporto #1|18|57|2457.80
2003001|exportiimporto #1|9|12|2457.63
3004002|edu packexporti #2|17|9|2457.16
2002001|importoimporto #1|17|42|2457.00
10013002|exportiamalgamalg #2|9|50|2456.96
4002001|importoedu pack #1|17|31|2456.86
4002001|importoedu pack #1|7|30|2455.70
2004001|edu packimporto #1|17|25|2455.56
9006002|corpmaxi #2|7|9|2454.60
10016002|corpamalgamalg #2|9|12|2454.13
5002002|importoscholar #2|17|47|2453.92
3003001|exportiexporti #1|17|0|2453.40
3004001|edu packexporti #1|17|44|2453.40
6006003|corpcorp #3|19|4|2453.36
8008003|namelessnameless #3|18|46|2452.05
7007010|brandbrand #10|18|59|2451.40
1002002|importoamalg #2|18|11|2450.20
8007005|brandnameless #5|19|1|2450.04
1001002|amalgamalg #2|17|1|2449.50
4003002|exportiedu pack #2|17|39|2447.96
9015005|scholarunivamalg #5|18|28|2447.18
4001001|amalgedu pack #1|17|54|2446.40
9004008|edu packmaxi #8|9|48|2446.29
3002001|importoexporti #1|6|50|2446.27
7016001|corpnameless #1|17|56|2446.06
3001001|amalgexporti #1|9|7|2444.23
5003001|exportischolar #1|17|22|2444.06
3001002|amalgexporti #2|19|54|2443.65
2002001|importoimporto #1|8|44|2441.50
8004005|edu packnameless #5|18|40|2441.49
4001002|amalgedu pack #2|18|27|2440.08
6001007|amalgcorp #7|8|23|2438.28
9005009|scholarmaxi #9|17|5|2437.53
NULL|NULL|17|3|2437.38
9016008|corpunivamalg #8|8|5|2436.75
10010013|univamalgamalg #13|19|18|2436.16
6014007|edu packbrand #7|18|39|2434.96
6003007|exporticorp #7|9|13|2433.60
8012001|importomaxi #1|8|4|2433.60
9013002|exportiunivamalg #2|17|15|2433.34
4001001|amalgedu pack #1|17|31|2429.93
8008009|namelessnameless #9|18|29|2429.91
7004009|edu packbrand #9|8|6|2429.46
7011001|amalgnameless #1|19|21|2428.20
8011009|amalgmaxi #9|18|15|2427.48
7003009|exportibrand #9|18|16|2427.26
1001001|amalgamalg #1|9|52|2426.42
10008002|namelessunivamalg #2|9|34|2425.40
2001002|amalgimporto #2|18|22|2424.89
2002001|importoimporto #1|9|53|2424.84
8015005|scholarmaxi #5|17|17|2424.40
6006004|corpcorp #4|18|15|2424.06
8010009|univmaxi #9|18|50|2421.72
9010009|univunivamalg #9|8|14|2421.09
5004002|edu packscholar #2|19|42|2420.80
1001001|amalgamalg #1|17|36|2419.62
7003005|exportibrand #5|18|23|2418.68
6012001|importobrand #1|9|21|2418.45
3002001|importoexporti #1|19|32|2416.72
7004007|edu packbrand #7|17|58|2414.72
5002002|importoscholar #2|17|26|2413.92
1004002|edu packamalg #2|8|26|2412.42
7016001|corpnameless #1|17|32|2411.90
6016008|corpbrand #8|18|13|2411.40
10006002|corpunivamalg #2|18|55|2409.68
2004002|edu packimporto #2|17|39|2409.64
10002007|importounivamalg #7|9|55|2408.70
5001001|amalgscholar #1|9|26|2408.01
7012009|importonameless #9|17|48|2407.86
4004001|edu packedu pack #1|6|18|2407.68
4002002|importoedu pack #2|7|28|2405.92
8010008|univmaxi #8|19|24|2405.34
10006017|corpunivamalg #17|17|4|2405.12
4004001|edu packedu pack #1|18|45|2404.50
5004002|edu packscholar #2|18|45|2404.00
3001002|amalgexporti #2|9|50|2403.66
1003002|exportiamalg #2|17|22|2402.96
8008009|namelessnameless #9|6|14|2402.73
10001004|amalgunivamalg #4|18|5|2401.92
10004017|edu packunivamalg #17|9|39|2401.68
6001007|amalgcorp #7|17|40|2401.14
10010017|univamalgamalg #17|19|21|2400.00
10012006|importoamalgamalg #6|17|58|2399.22
7004004|edu packbrand #4|9|7|2399.13
8001004|amalgnameless #4|19|24|2397.72
5004001|edu packscholar #1|18|15|2397.50
9001008|amalgmaxi #8|18|39|2396.92
9014008|edu packunivamalg #8|19|8|2395.88
5004002|edu packscholar #2|19|34|2394.64
4001001|amalgedu pack #1|7|55|2391.90
4004001|edu packedu pack #1|9|26|2391.33
7004009|edu packbrand #9|17|13|2388.96
10012010|importoamalgamalg #10|8|29|2386.00
6014001|edu packbrand #1|18|27|2384.76
9003011|exportimaxi #11|18|37|2384.36
6002003|importocorp #3|17|9|2384.31
6015008|scholarbrand #8|6|44|2377.28
10006013|corpunivamalg #13|19|50|2376.80
3003002|exportiexporti #2|7|44|2375.77
9007005|brandmaxi #5|19|54|2375.66
3001001|amalgexporti #1|8|54|2374.91
2003001|exportiimporto #1|9|31|2374.54
4004002|edu packedu pack #2|7|2|2374.08
4001002|amalgedu pack #2|18|57|2374.00
3004001|edu packexporti #1|9|56|2370.60
10014016|edu packamalgamalg #16|19|6|2370.50
8008007|namelessnameless #7|17|1|2369.52
7005007|scholarbrand #7|19|50|2368.80
8012004|importomaxi #4|18|20|2368.04
10003007|exportiunivamalg #7|17|6|2367.00
5002001|importoscholar #1|18|10|2365.41
1003001|exportiamalg #1|17|32|2364.67
1003002|exportiamalg #2|17|38|2362.42
3004001|edu packexporti #1|19|22|2359.50
6012001|importobrand #1|19|2|2359.00
5001001|amalgscholar #1|17|57|2358.48
1001002|amalgamalg #2|17|35|2355.57
3003002|exportiexporti #2|6|48|2354.58
10012010|importoamalgamalg #10|19|31|2353.68
5004002|edu packscholar #2|17|0|2352.96
2002001|importoimporto #1|18|7|2352.65
4002002|importoedu pack #2|8|17|2352.00
2004002|edu packimporto #2|17|49|2351.36
1003001|exportiamalg #1|9|3|2350.32
6008003|namelesscorp #3|7|42|2350.14
8010009|univmaxi #9|19|4|2347.70
4002002|importoedu pack #2|8|41|2347.63
6012007|importobrand #7|9|10|2347.52
3004001|edu packexporti #1|18|14|2347.50
10004001|edu packunivamalg #1|9|5|2345.85
7006003|corpbrand #3|9|15|2345.31
2004002|edu packimporto #2|18|30|2344.32
5003001|exportischolar #1|9|46|2343.60
6015006|scholarbrand #6|17|18|2343.29
8013009|exportimaxi #9|19|23|2342.90
7015009|scholarnameless #9|17|49|2341.56
7007010|brandbrand #10|8|3|2341.44
9014011|edu packunivamalg #11|9|0|2339.20
4004002|edu packedu pack #2|17|33|2338.44
10016017|corpamalgamalg #17|18|42|2336.82
10012005|importoamalgamalg #5|18|21|2336.40
10001017|amalgunivamalg #17|9|13|2336.32
1004001|edu packamalg #1|17|20|2336.00
7009003|maxibrand #3|18|6|2335.95
5001002|amalgscholar #2|9|56|2335.42
9006011|corpmaxi #11|17|59|2335.33
5001001|amalgscholar #1|8|25|2335.19
4002001|importoedu pack #1|19|7|2334.96
6003007|exporticorp #7|8|57|2332.40
6012003|importobrand #3|17|57|2331.80
6004004|edu packcorp #4|7|28|2330.25
5001002|amalgscholar #2|17|54|2330.14
3001002|amalgexporti #2|19|5|2329.86
2004002|edu packimporto #2|7|25|2329.60
4004001|edu packedu pack #1|17|37|2329.00
5001002|amalgscholar #2|17|33|2328.62
2001001|amalgimporto #1|19|35|2328.10
8009005|maxinameless #5|9|14|2326.93
3001001|amalgexporti #1|18|3|2325.76
8003009|exportinameless #9|18|9|2322.50
8005003|scholarnameless #3|19|1|2321.28
1002001|importoamalg #1|18|56|2321.00
2003002|exportiimporto #2|18|0|2320.50
3002002|importoexporti #2|17|34|2320.04
2002002|importoimporto #2|17|18|2319.78
6001001|amalgcorp #1|9|6|2318.86
7006009|corpbrand #9|6|48|2318.45
6015004|scholarbrand #4|6|22|2317.56
7004007|edu packbrand #7|17|12|2317.44
6010004|univbrand #4|17|48|2317.10
8010001|univmaxi #1|18|45|2315.34
9004003|edu packmaxi #3|9|24|2314.86
2002001|importoimporto #1|6|42|2314.24
6006007|corpcorp #7|17|35|2312.97
10014001|edu packamalgamalg #1|18|0|2311.96
10003016|exportiunivamalg #16|8|8|2310.80
5001002|amalgscholar #2|18|8|2310.12
3002001|importoexporti #1|8|53|2308.00
10014001|edu packamalgamalg #1|6|32|2307.89
2004002|edu packimporto #2|9|27|2307.84
6002001|importocorp #1|6|24|2307.00
2002001|importoimporto #1|17|21|2305.37
10015001|scholaramalgamalg #1|17|4|2304.40
7001005|amalgbrand #5|17|59|2304.00
8012004|importomaxi #4|17|17|2304.00
1003001|exportiamalg #1|7|22|2302.96
8005009|scholarnameless #9|9|18|2302.56
7013007|exportinameless #7|8|59|2301.44
10015009|scholaramalgamalg #9|17|34|2298.96
8008004|namelessnameless #4|17|25|2298.90
5002002|importoscholar #2|8|8|2298.27
2001001|amalgimporto #1|17|28|2296.35
6016006|corpbrand #6|8|33|2296.14
8004005|edu packnameless #5|9|8|2296.14
1004002|edu packamalg #2|17|53|2296.00
10011004|amalgamalgamalg #4|8|40|2295.00
4004001|edu packedu pack #1|19|36|2294.25
5004001|edu packscholar #1|19|7|2294.14
9009002|maximaxi #2|9|38|2292.96
9011008|amalgunivamalg #8|19|13|2292.50
3001001|amalgexporti #1|19|43|2291.85
3001001|amalgexporti #1|17|17|2290.88
4004001|edu packedu pack #1|19|49|2290.27
6006003|corpcorp #3|18|9|2288.74
3004001|edu packexporti #1|17|12|2288.25
6005008|scholarcorp #8|17|19|2288.00
7003001|exportibrand #1|19|36|2288.00
9016009|corpunivamalg #9|18|0|2286.18
9001011|amalgmaxi #11|18|33|2285.20
4002001|importoedu pack #1|6|3|2284.56
3004001|edu packexporti #1|18|39|2281.51
10009013|maxiunivamalg #13|19|25|2280.96
1001001|amalgamalg #1|17|12|2280.68
6005003|scholarcorp #3|17|24|2278.50
10014001|edu packamalgamalg #1|19|27|2276.79
7010009|univnameless #9|7|4|2275.71
7004007|edu packbrand #7|17|49|2275.52
6003007|exporticorp #7|19|49|2274.94
3004001|edu packexporti #1|18|3|2274.87
9013002|exportiunivamalg #2|17|46|2273.70
8008002|namelessnameless #2|18|0|2273.37
4004001|edu packedu pack #1|9|19|2273.18
4003001|exportiedu pack #1|8|43|2272.54
9014008|edu packunivamalg #8|19|41|2272.12
4004002|edu packedu pack #2|18|38|2271.40
7009003|maxibrand #3|8|6|2271.28
6012005|importobrand #5|19|55|2270.10
5002001|importoscholar #1|18|24|2269.89
3002001|importoexporti #1|9|17|2268.39
9008008|namelessmaxi #8|19|39|2267.46
6010006|univbrand #6|17|34|2266.56
7010001|univnameless #1|8|25|2264.03
4002001|importoedu pack #1|19|32|2263.68
3001001|amalgexporti #1|17|3|2262.87
10012011|importoamalgamalg #11|17|19|2262.33
5003001|exportischolar #1|8|30|2261.87
9011009|amalgunivamalg #9|9|9|2257.32
8011009|amalgmaxi #9|7|48|2256.24
4001002|amalgedu pack #2|17|0|2256.00
7013009|exportinameless #9|8|51|2256.00
6006002|corpcorp #2|17|46|2254.56
10002012|importounivamalg #12|7|43|2253.65
2001002|amalgimporto #2|17|58|2253.00
4002002|importoedu pack #2|17|53|2252.90
1003002|exportiamalg #2|6|27|2251.26
7008009|namelessbrand #9|17|9|2250.32
5003002|exportischolar #2|6|1|2249.40
6015004|scholarbrand #4|19|27|2249.28
5004002|edu packscholar #2|17|6|2248.48
6003003|exporticorp #3|9|19|2247.50
5001001|amalgscholar #1|9|39|2246.40
5003001|exportischolar #1|6|1|2246.32
3002002|importoexporti #2|19|7|2245.72
5004001|edu packscholar #1|19|33|2245.70
5001001|amalgscholar #1|19|57|2244.60
3001001|amalgexporti #1|18|2|2244.24
3001001|amalgexporti #1|8|3|2243.40
7016007|corpnameless #7|18|16|2241.10
1003002|exportiamalg #2|9|16|2240.99
7007010|brandbrand #10|18|41|2240.39
2002001|importoimporto #1|19|24|2238.70
1004002|edu packamalg #2|9|27|2236.90
5001001|amalgscholar #1|19|0|2236.65
7009005|maxibrand #5|17|33|2234.40
10015010|scholaramalgamalg #10|17|36|2233.80
4002001|importoedu pack #1|19|22|2233.29
8015003|scholarmaxi #3|6|5|2231.68
9013011|exportiunivamalg #11|9|5|2231.10
6010006|univbrand #6|9|18|2230.92
8016004|corpmaxi #4|9|30|2230.56
10004015|edu packunivamalg #15|8|53|2229.84
1001002|amalgamalg #2|9|42|2229.81
8004001|edu packnameless #1|9|56|2229.60
6012001|importobrand #1|19|38|2229.24
6004003|edu packcorp #3|9|22|2229.12
4002002|importoedu pack #2|8|48|2228.27
8012004|importomaxi #4|18|27|2227.94
4003001|exportiedu pack #1|7|0|2227.20
3003001|exportiexporti #1|19|58|2226.81
7002009|importobrand #9|17|42|2225.85
5003001|exportischolar #1|9|41|2224.95
5001001|amalgscholar #1|9|27|2224.00
6005001|scholarcorp #1|19|52|2223.76
3002001|importoexporti #1|18|44|2223.60
2001001|amalgimporto #1|6|42|2223.00
10016001|corpamalgamalg #1|18|30|2223.00
10013015|exportiamalgamalg #15|8|40|2222.22
10003016|exportiunivamalg #16|9|19|2221.64
10008012|namelessunivamalg #12|18|28|2221.56
2004002|edu packimporto #2|17|57|2221.32
7012009|importonameless #9|17|57|2219.70
2002001|importoimporto #1|18|53|2219.18
2004001|edu packimporto #1|17|13|2218.52
4002002|importoedu pack #2|18|29|2217.60
8015003|scholarmaxi #3|9|38|2217.54
10010004|univamalgamalg #4|8|28|2217.15
1001001|amalgamalg #1|18|12|2215.88
9009009|maximaxi #9|18|48|2215.36
7011001|amalgnameless #1|18|18|2214.32
10014016|edu packamalgamalg #16|18|20|2212.00
10003011|exportiunivamalg #11|19|52|2210.49
8003009|exportinameless #9|9|25|2209.95
7011008|amalgnameless #8|6|30|2209.32
8007001|brandnameless #1|7|40|2209.32
10009006|maxiunivamalg #6|6|41|2209.27
6006004|corpcorp #4|7|45|2208.40
10002014|importounivamalg #14|18|39|2208.15
5001002|amalgscholar #2|17|53|2206.32
7010008|univnameless #8|8|6|2205.90
4002001|importoedu pack #1|9|39|2205.77
4004001|edu packedu pack #1|18|18|2205.46
4001001|amalgedu pack #1|9|10|2205.36
7008009|namelessbrand #9|19|53|2205.15
10003004|exportiunivamalg #4|9|39|2204.02
3004001|edu packexporti #1|19|2|2201.32
4004002|edu packedu pack #2|6|42|2200.76
10005013|scholarunivamalg #13|9|34|2200.32
6005001|scholarcorp #1|17|48|2200.22
1002002|importoamalg #2|9|19|2199.96
8010009|univmaxi #9|6|3|2196.81
2003002|exportiimporto #2|19|37|2196.74
1001001|amalgamalg #1|6|18|2195.01
7016001|corpnameless #1|18|28|2194.17
4002002|importoedu pack #2|9|30|2193.55
5004001|edu packscholar #1|17|41|2193.04
3001001|amalgexporti #1|19|25|2192.96
10012010|importoamalgamalg #10|18|25|2192.68
1004001|edu packamalg #1|9|48|2190.51
3002001|importoexporti #1|17|25|2189.60
6015005|scholarbrand #5|18|51|2189.53
3004001|edu packexporti #1|9|34|2188.55
8011009|amalgmaxi #9|6|4|2187.80
10011014|amalgamalgamalg #14|18|23|2187.47
9015011|scholarunivamalg #11|18|20|2187.35
9004008|edu packmaxi #8|18|22|2187.13
10003008|exportiunivamalg #8|18|55|2186.80
1004001|edu packamalg #1|7|21|2186.69
7012010|importonameless #10|17|16|2186.38
10006013|corpunivamalg #13|19|22|2186.38
3001002|amalgexporti #2|7|27|2186.24
1004002|edu packamalg #2|19|56|2183.40
3001001|amalgexporti #1|9|4|2182.14
4002002|importoedu pack #2|19|57|2180.16
10010013|univamalgamalg #13|19|27|2179.17
2004002|edu packimporto #2|19|0|2178.80
8008003|namelessnameless #3|17|54|2177.70
3002001|importoexporti #1|18|11|2177.44
7016001|corpnameless #1|17|37|2175.60
8012001|importomaxi #1|17|23|2175.14
5002001|importoscholar #1|19|59|2173.50
8010009|univmaxi #9|19|7|2172.24
1004002|edu packamalg #2|9|1|2172.12
3001001|amalgexporti #1|19|42|2171.77
9015003|scholarunivamalg #3|9|33|2171.52
6009003|maxicorp #3|8|56|2169.42
3003002|exportiexporti #2|18|2|2169.00
5004001|edu packscholar #1|18|45|2168.84
8008009|namelessnameless #9|8|44|2168.67
10001004|amalgunivamalg #4|17|10|2166.08
5002001|importoscholar #1|9|52|2163.33
3001001|amalgexporti #1|18|27|2163.20
6010002|univbrand #2|17|49|2162.00
6012002|importobrand #2|18|6|2161.18
6011003|amalgbrand #3|8|12|2159.43
1001001|amalgamalg #1|18|54|2158.22
1001001|amalgamalg #1|18|18|2156.96
9007008|brandmaxi #8|19|58|2156.96
7009010|maxibrand #10|17|35|2156.28
9009002|maximaxi #2|9|0|2156.25
9015005|scholarunivamalg #5|8|53|2156.00
9002011|importomaxi #11|19|6|2155.68
5002001|importoscholar #1|19|13|2154.92
2004002|edu packimporto #2|19|45|2154.10
4001002|amalgedu pack #2|19|55|2153.76
10006009|corpunivamalg #9|19|28|2153.36
10002007|importounivamalg #7|17|32|2153.06
10007002|brandunivamalg #2|18|29|2151.16
5004001|edu packscholar #1|19|42|2150.72
10002011|importounivamalg #11|17|32|2150.64
7008009|namelessbrand #9|17|39|2150.04
7003001|exportibrand #1|17|18|2149.92
4001001|amalgedu pack #1|9|58|2147.66
4001002|amalgedu pack #2|9|38|2145.66
7014002|edu packnameless #2|19|39|2144.72
2003002|exportiimporto #2|17|0|2143.37
6016001|corpbrand #1|18|40|2142.10
4004002|edu packedu pack #2|18|20|2142.00
4001001|amalgedu pack #1|18|36|2141.14
2004001|edu packimporto #1|18|1|2139.84
10010001|univamalgamalg #1|9|47|2139.74
10006003|corpunivamalg #3|19|47|2139.50
2002002|importoimporto #2|7|15|2137.50
3002001|importoexporti #1|19|47|2136.89
5001001|amalgscholar #1|17|43|2136.89
7016001|corpnameless #1|18|53|2136.15
9008002|namelessmaxi #2|9|58|2135.85
7001005|amalgbrand #5|19|22|2135.59
6012005|importobrand #5|19|38|2134.00
4001001|amalgedu pack #1|17|34|2133.84
9015002|scholarunivamalg #2|19|35|2132.55
2001002|amalgimporto #2|19|17|2132.26
3001002|amalgexporti #2|7|20|2131.11
4001002|amalgedu pack #2|8|25|2130.24
4004002|edu packedu pack #2|8|55|2129.50
9003008|exportimaxi #8|17|0|2128.64
9009002|maximaxi #2|9|44|2127.84
8009009|maxinameless #9|18|33|2127.58
9002011|importomaxi #11|18|50|2127.29
1004001|edu packamalg #1|6|33|2127.16
3002002|importoexporti #2|9|19|2126.81
4001001|amalgedu pack #1|8|48|2126.40
9011008|amalgunivamalg #8|17|31|2126.35
4004001|edu packedu pack #1|9|33|2124.60
6004004|edu packcorp #4|18|23|2124.30
10006013|corpunivamalg #13|17|16|2122.80
4003002|exportiedu pack #2|18|9|2121.52
9002003|importomaxi #3|19|51|2121.06
2002002|importoimporto #2|19|20|2120.25
1004002|edu packamalg #2|18|21|2119.64
9004008|edu packmaxi #8|17|49|2119.32
9001005|amalgmaxi #5|17|35|2117.87
8005005|scholarnameless #5|9|18|2117.28
2003002|exportiimporto #2|17|46|2116.98
4002002|importoedu pack #2|19|38|2116.08
7012009|importonameless #9|17|40|2116.00
10011014|amalgamalgamalg #14|18|14|2115.75
3002002|importoexporti #2|9|38|2114.84
2001001|amalgimporto #1|18|6|2114.70
2001001|amalgimporto #1|18|45|2113.96
8015007|scholarmaxi #7|19|20|2112.88
10003007|exportiunivamalg #7|7|21|2112.11
8005005|scholarnameless #5|18|48|2111.90
4004001|edu packedu pack #1|8|41|2110.97
8003009|exportinameless #9|9|9|2110.68
8009009|maxinameless #9|19|30|2110.09
8005009|scholarnameless #9|19|10|2109.04
10005010|scholarunivamalg #10|9|43|2108.97
8002009|importonameless #9|9|1|2108.70
6010005|univbrand #5|17|12|2107.98
10011004|amalgamalgamalg #4|6|3|2107.68
1003002|exportiamalg #2|17|46|2107.50
3002002|importoexporti #2|18|17|2107.20
10012004|importoamalgamalg #4|18|41|2107.14
10007002|brandunivamalg #2|8|16|2107.04
9007009|brandmaxi #9|7|47|2106.40
3002002|importoexporti #2|19|28|2106.15
9003011|exportimaxi #11|8|8|2106.00
5003001|exportischolar #1|7|25|2105.76
9003005|exportimaxi #5|18|24|2105.02
5002001|importoscholar #1|18|21|2104.81
2002001|importoimporto #1|17|55|2103.90
9004011|edu packmaxi #11|17|14|2103.13
4003001|exportiedu pack #1|19|19|2103.06
8012001|importomaxi #1|17|43|2102.76
10015003|scholaramalgamalg #3|19|35|2102.31
9008005|namelessmaxi #5|9|15|2101.68
3002001|importoexporti #1|17|10|2101.15
3003002|exportiexporti #2|17|15|2100.43
6016008|corpbrand #8|18|49|2100.12
2001002|amalgimporto #2|9|4|2099.50
9006011|corpmaxi #11|8|49|2099.50
1003001|exportiamalg #1|18|50|2098.80
6001007|amalgcorp #7|9|43|2098.24
2004001|edu packimporto #1|19|29|2096.86
3003001|exportiexporti #1|19|48|2096.17
3003002|exportiexporti #2|9|19|2095.86
7002009|importobrand #9|17|10|2095.65
9007005|brandmaxi #5|19|13|2094.50
6010002|univbrand #2|9|12|2093.64
9006009|corpmaxi #9|19|20|2092.43
8015007|scholarmaxi #7|8|34|2092.30
4003001|exportiedu pack #1|19|54|2091.90
4002001|importoedu pack #1|17|25|2090.88
7016005|corpnameless #5|18|37|2090.56
7015009|scholarnameless #9|19|59|2088.90
5003001|exportischolar #1|18|18|2088.68
1004001|edu packamalg #1|9|41|2088.00
8004003|edu packnameless #3|17|26|2087.22
7003002|exportibrand #2|19|26|2087.05
1001002|amalgamalg #2|9|12|2086.68
2003002|exportiimporto #2|6|38|2086.56
10016004|corpamalgamalg #4|19|2|2086.40
9009009|maximaxi #9|9|57|2086.08
3004002|edu packexporti #2|18|24|2083.20
2003002|exportiimporto #2|18|27|2082.80
8002009|importonameless #9|17|9|2082.80
7009010|maxibrand #10|19|34|2082.54
6011008|amalgbrand #8|19|44|2081.62
8011008|amalgmaxi #8|19|30|2080.88
7003003|exportibrand #3|9|47|2080.86
1001001|amalgamalg #1|19|52|2080.65
6008003|namelesscorp #3|7|58|2080.65
9009005|maximaxi #5|17|3|2078.32
8016004|corpmaxi #4|6|20|2076.66
1002001|importoamalg #1|7|23|2075.83
5001001|amalgscholar #1|19|38|2075.25
4001002|amalgedu pack #2|18|6|2075.18
1001001|amalgamalg #1|17|53|2074.18
3003001|exportiexporti #1|18|55|2073.78
3001002|amalgexporti #2|8|50|2073.66
10016008|corpamalgamalg #8|9|50|2073.12
3003001|exportiexporti #1|18|28|2070.90
6012001|importobrand #1|18|34|2070.90
7012003|importonameless #3|9|46|2070.90
1001002|amalgamalg #2|9|27|2068.62
6015005|scholarbrand #5|18|0|2068.36
6015008|scholarbrand #8|18|31|2065.96
6012007|importobrand #7|18|31|2065.35
1001002|amalgamalg #2|19|38|2064.60
10015003|scholaramalgamalg #3|9|53|2063.67
1001001|amalgamalg #1|17|7|2063.05
9001003|amalgmaxi #3|18|48|2062.56
7013009|exportinameless #9|19|29|2059.68
8004003|edu packnameless #3|19|6|2058.19
2002001|importoimporto #1|9|36|2057.95
7008006|namelessbrand #6|18|3|2055.80
2004001|edu packimporto #1|18|20|2054.97
6003007|exporticorp #7|18|11|2054.97
4004001|edu packedu pack #1|17|51|2054.43
4003001|exportiedu pack #1|17|13|2054.00
7013007|exportinameless #7|19|13|2053.42
7009010|maxibrand #10|17|54|2053.22
7002009|importobrand #9|8|43|2051.25
5002001|importoscholar #1|9|58|2049.58
2001002|amalgimporto #2|9|54|2049.07
7004004|edu packbrand #4|7|44|2048.48
3003001|exportiexporti #1|7|25|2048.01
4001001|amalgedu pack #1|7|29|2048.01
9014002|edu packunivamalg #2|17|41|2047.50
7012003|importonameless #3|9|45|2047.06
2004001|edu packimporto #1|6|42|2046.00
6014004|edu packbrand #4|8|17|2045.08
6011007|amalgbrand #7|18|6|2044.80
4003001|exportiedu pack #1|17|55|2044.64
3001001|amalgexporti #1|8|18|2044.17
2003002|exportiimporto #2|6|42|2043.90
5003002|exportischolar #2|17|47|2043.78
7001004|amalgbrand #4|9|13|2043.34
8016009|corpmaxi #9|8|0|2043.00
7013009|exportinameless #9|18|22|2042.48
10003011|exportiunivamalg #11|19|25|2041.94
10008002|namelessunivamalg #2|19|32|2041.81
4002001|importoedu pack #1|8|37|2041.21
8008003|namelessnameless #3|8|7|2040.54
9008002|namelessmaxi #2|18|56|2039.97
7005006|scholarbrand #6|18|24|2038.20
7012009|importonameless #9|19|8|2038.20
8007001|brandnameless #1|8|4|2038.14
1002001|importoamalg #1|19|40|2038.00
9007009|brandmaxi #9|17|17|2037.86
1003002|exportiamalg #2|17|7|2036.44
2001002|amalgimporto #2|17|40|2034.90
4002001|importoedu pack #1|19|42|2033.46
6011008|amalgbrand #8|8|19|2033.10
7009010|maxibrand #10|17|15|2032.78
6012005|importobrand #5|18|1|2032.67
1002002|importoamalg #2|8|38|2031.75
1001002|amalgamalg #2|19|7|2031.65
6012008|importobrand #8|18|43|2031.26
7009001|maxibrand #1|9|1|2031.00
7004009|edu packbrand #9|18|14|2030.34
7013009|exportinameless #9|6|22|2030.30
10016004|corpamalgamalg #4|19|40|2028.64
6011001|amalgbrand #1|17|18|2028.60
9006011|corpmaxi #11|6|43|2028.60
4004001|edu packedu pack #1|17|18|2028.47
1003001|exportiamalg #1|19|51|2027.52
5004001|edu packscholar #1|18|18|2027.35
10007014|brandunivamalg #14|7|5|2027.30
6012008|importobrand #8|8|35|2027.10
2002001|importoimporto #1|8|15|2026.80
4002001|importoedu pack #1|6|4|2026.12
3003001|exportiexporti #1|9|14|2025.30
8003010|exportinameless #10|8|35|2025.29
10016001|corpamalgamalg #1|9|1|2025.21
3002002|importoexporti #2|18|28|2023.20
4004001|edu packedu pack #1|17|2|2022.71
8009005|maxinameless #5|9|21|2022.36
8010005|univmaxi #5|19|21|2021.94
8016003|corpmaxi #3|17|56|2021.24
6008003|namelesscorp #3|9|35|2020.78
3003001|exportiexporti #1|18|29|2020.50
7009005|maxibrand #5|19|13|2019.42
10013003|exportiamalgamalg #3|19|50|2018.80
7008009|namelessbrand #9|17|48|2017.60
3001002|amalgexporti #2|19|45|2017.00
9009003|maximaxi #3|8|12|2016.00
5002002|importoscholar #2|9|1|2015.78
6015005|scholarbrand #5|19|31|2015.70
6009007|maxicorp #7|8|12|2014.76
10007015|brandunivamalg #15|18|1|2012.78
7004007|edu packbrand #7|18|54|2012.15
3001001|amalgexporti #1|9|43|2011.65
2001002|amalgimporto #2|17|32|2011.34
6012002|importobrand #2|17|41|2010.73
8012005|importomaxi #5|17|38|2010.24
6011008|amalgbrand #8|17|30|2009.33
5003001|exportischolar #1|7|33|2009.28
3003001|exportiexporti #1|18|44|2009.23
2003002|exportiimporto #2|8|29|2008.66
8004003|edu packnameless #3|17|56|2005.50
9016009|corpunivamalg #9|9|54|2005.04
10007015|brandunivamalg #15|8|22|2005.03
4004002|edu packedu pack #2|17|54|2002.77
6010006|univbrand #6|19|15|2002.52
1004002|edu packamalg #2|18|42|2002.20
10002012|importounivamalg #12|18|18|2002.00
2003002|exportiimporto #2|8|59|2001.24
9014005|edu packunivamalg #5|18|7|2000.90
7009009|maxibrand #9|8|25|2000.70
6008003|namelesscorp #3|8|35|2000.13
6001007|amalgcorp #7|18|29|1999.92
2003001|exportiimporto #1|19|13|1999.50
9004008|edu packmaxi #8|17|39|1999.46
8004004|edu packnameless #4|8|21|1999.20
2002001|importoimporto #1|18|1|1997.97
10009015|maxiunivamalg #15|18|51|1997.26
3001001|amalgexporti #1|9|37|1995.36
4004001|edu packedu pack #1|9|42|1995.00
8005010|scholarnameless #10|18|26|1994.43
9008011|namelessmaxi #11|9|17|1991.00
5002002|importoscholar #2|19|28|1990.80
1004002|edu packamalg #2|19|36|1990.66
1004001|edu packamalg #1|18|48|1987.29
5004002|edu packscholar #2|6|44|1987.03
6012001|importobrand #1|19|35|1986.92
9011008|amalgunivamalg #8|9|9|1986.56
9003011|exportimaxi #11|8|43|1986.48
6002001|importocorp #1|18|42|1983.66
10012001|importoamalgamalg #1|17|2|1982.82
5003002|exportischolar #2|19|31|1982.76
9014011|edu packunivamalg #11|8|31|1982.68
8003009|exportinameless #9|18|13|1982.40
10012010|importoamalgamalg #10|6|46|1980.18
8009010|maxinameless #10|18|48|1980.16
9006008|corpmaxi #8|19|3|1979.03
7002003|importobrand #3|9|46|1978.88
5004001|edu packscholar #1|18|25|1978.32
10012002|importoamalgamalg #2|19|19|1977.75
8001003|amalgnameless #3|6|35|1976.32
2002001|importoimporto #1|19|7|1975.38
4004001|edu packedu pack #1|19|8|1975.24
10010011|univamalgamalg #11|9|6|1975.19
10009013|maxiunivamalg #13|17|56|1974.42
7008007|namelessbrand #7|18|16|1973.95
7004006|edu packbrand #6|19|40|1973.16
6011005|amalgbrand #5|18|25|1972.80
5001001|amalgscholar #1|8|40|1971.84
1001001|amalgamalg #1|7|42|1971.56
3003001|exportiexporti #1|9|48|1971.56
9012011|importounivamalg #11|19|20|1970.13
4002001|importoedu pack #1|9|24|1969.55
5004001|edu packscholar #1|19|12|1969.00
6008003|namelesscorp #3|19|20|1968.40
5002001|importoscholar #1|8|47|1968.12
8007007|brandnameless #7|19|58|1967.68
7009005|maxibrand #5|9|21|1965.58
10012017|importoamalgamalg #17|7|26|1964.97
9009005|maximaxi #5|9|42|1964.70
10014001|edu packamalgamalg #1|8|53|1964.60
4004001|edu packedu pack #1|8|16|1964.43
7011008|amalgnameless #8|6|26|1964.28
3004001|edu packexporti #1|19|50|1961.09
10015005|scholaramalgamalg #5|9|23|1960.80
2004002|edu packimporto #2|9|17|1959.38
6001007|amalgcorp #7|8|43|1958.22
2003002|exportiimporto #2|17|10|1957.46
7001001|amalgbrand #1|17|55|1957.06
5002002|importoscholar #2|17|2|1954.86
6009003|maxicorp #3|6|49|1954.44
8008007|namelessnameless #7|19|8|1950.58
10006013|corpunivamalg #13|17|46|1948.22
3002001|importoexporti #1|19|45|1948.05
2002002|importoimporto #2|9|0|1947.66
7002010|importobrand #10|17|8|1947.50
9008005|namelessmaxi #5|9|53|1944.95
7009005|maxibrand #5|19|59|1944.65
8012010|importomaxi #10|19|5|1944.32
3001001|amalgexporti #1|19|30|1942.92
6015006|scholarbrand #6|9|8|1942.50
2004001|edu packimporto #1|19|21|1941.07
10004015|edu packunivamalg #15|9|7|1940.59
7001005|amalgbrand #5|8|44|1938.88
9002003|importomaxi #3|19|46|1938.51
8006009|corpnameless #9|7|32|1938.44
1004002|edu packamalg #2|19|42|1938.30
7012010|importonameless #10|9|40|1938.06
7011001|amalgnameless #1|17|18|1937.59
10013003|exportiamalgamalg #3|17|23|1933.38
1003001|exportiamalg #1|17|20|1932.00
7001005|amalgbrand #5|19|32|1930.02
6009003|maxicorp #3|6|8|1929.40
6008003|namelesscorp #3|6|56|1927.58
7011001|amalgnameless #1|19|13|1926.90
9003011|exportimaxi #11|19|17|1926.72
5004002|edu packscholar #2|17|44|1926.05
1003001|exportiamalg #1|19|18|1924.26
10007005|brandunivamalg #5|19|31|1924.00
6016008|corpbrand #8|19|50|1921.80
2003002|exportiimporto #2|19|50|1920.64
10005001|scholarunivamalg #1|18|45|1920.60
9008008|namelessmaxi #8|18|8|1917.57
3003002|exportiexporti #2|18|40|1917.19
10006017|corpunivamalg #17|19|3|1916.10
7008007|namelessbrand #7|9|26|1914.30
5001001|amalgscholar #1|17|12|1914.22
9012011|importounivamalg #11|7|10|1912.50
6012008|importobrand #8|17|58|1912.35
8010006|univmaxi #6|17|59|1912.35
8002009|importonameless #9|19|45|1912.30
6003005|exporticorp #5|17|35|1911.71
10014007|edu packamalgamalg #7|9|17|1911.65
3004002|edu packexporti #2|17|17|1909.50
3002001|importoexporti #1|9|10|1908.72
1001001|amalgamalg #1|18|40|1908.55
6008007|namelesscorp #7|19|54|1907.82
7008005|namelessbrand #5|17|30|1906.24
8008003|namelessnameless #3|7|31|1906.24
7001007|amalgbrand #7|19|45|1904.86
7010003|univnameless #3|19|6|1904.68
1001001|amalgamalg #1|19|15|1903.05
4002002|importoedu pack #2|19|0|1900.92
9013009|exportiunivamalg #9|9|31|1900.21
8008007|namelessnameless #7|9|24|1899.48
10005013|scholarunivamalg #13|19|47|1899.24
10016003|corpamalgamalg #3|19|12|1898.80
8012010|importomaxi #10|8|4|1898.55
8011009|amalgmaxi #9|9|48|1897.20
9012003|importounivamalg #3|19|26|1896.12
8003003|exportinameless #3|8|21|1895.92
3001001|amalgexporti #1|9|59|1895.60
9006011|corpmaxi #11|9|45|1895.04
6004003|edu packcorp #3|18|2|1894.05
5003001|exportischolar #1|19|9|1892.02
1002002|importoamalg #2|18|39|1890.35
1003001|exportiamalg #1|19|53|1890.33
6016003|corpbrand #3|18|41|1889.55
2004001|edu packimporto #1|18|3|1888.20
1002002|importoamalg #2|19|31|1888.12
2002001|importoimporto #1|9|18|1888.00
4004002|edu packedu pack #2|7|24|1888.00
9001008|amalgmaxi #8|18|55|1887.84
4003001|exportiedu pack #1|17|20|1887.50
8005005|scholarnameless #5|17|16|1887.32
8011009|amalgmaxi #9|6|49|1885.52
9008002|namelessmaxi #2|19|33|1885.24
1003002|exportiamalg #2|17|39|1883.40
6015004|scholarbrand #4|19|20|1882.77
8015005|scholarmaxi #5|17|2|1882.50
4003001|exportiedu pack #1|9|25|1881.23
7002009|importobrand #9|6|40|1880.00
4001002|amalgedu pack #2|18|4|1879.03
5004001|edu packscholar #1|18|34|1878.75
9004011|edu packmaxi #11|17|49|1877.79
3003001|exportiexporti #1|18|40|1877.40
4004002|edu packedu pack #2|6|52|1876.50
5003002|exportischolar #2|19|51|1876.50
2001002|amalgimporto #2|18|7|1875.72
7001007|amalgbrand #7|19|11|1875.68
4003001|exportiedu pack #1|9|52|1875.16
1001001|amalgamalg #1|9|47|1874.40
1003001|exportiamalg #1|8|58|1873.80
4001002|amalgedu pack #2|19|8|1873.59
6001007|amalgcorp #7|19|59|1873.56
8001004|amalgnameless #4|9|53|1872.66
7011008|amalgnameless #8|17|28|1871.76
5002002|importoscholar #2|6|2|1871.35
4001002|amalgedu pack #2|9|30|1869.66
8004004|edu packnameless #4|17|47|1869.56
10009013|maxiunivamalg #13|17|48|1868.08
3004001|edu packexporti #1|17|34|1867.60
7015002|scholarnameless #2|7|43|1867.60
3002001|importoexporti #1|18|13|1866.96
9006011|corpmaxi #11|17|41|1866.48
7009009|maxibrand #9|19|1|1864.80
10007015|brandunivamalg #15|9|49|1864.80
9001008|amalgmaxi #8|18|7|1864.35
9015009|scholarunivamalg #9|17|38|1863.00
10016004|corpamalgamalg #4|17|43|1862.33
7009010|maxibrand #10|8|20|1861.75
8002009|importonameless #9|18|41|1861.60
8005003|scholarnameless #3|19|38|1861.38
7015002|scholarnameless #2|6|27|1860.93
9007008|brandmaxi #8|8|43|1859.80
2002001|importoimporto #1|19|10|1859.04
5002001|importoscholar #1|18|18|1857.90
8004005|edu packnameless #5|8|11|1855.14
3003002|exportiexporti #2|9|40|1854.72
10009008|maxiunivamalg #8|9|43|1854.51
10003008|exportiunivamalg #8|18|18|1854.27
3003001|exportiexporti #1|17|57|1853.67
3001001|amalgexporti #1|18|47|1853.64
9005009|scholarmaxi #9|18|23|1852.74
10016008|corpamalgamalg #8|19|0|1852.74
7012010|importonameless #10|17|12|1852.39
6010002|univbrand #2|6|35|1850.94
4003001|exportiedu pack #1|17|1|1850.40
8008005|namelessnameless #5|18|0|1849.50
7012005|importonameless #5|9|34|1848.60
4002001|importoedu pack #1|8|4|1847.76
2002002|importoimporto #2|17|0|1846.72
4001002|amalgedu pack #2|8|59|1845.69
10010017|univamalgamalg #17|7|17|1845.09
10010013|univamalgamalg #13|17|15|1845.00
7012010|importonameless #10|17|15|1843.76
4002002|importoedu pack #2|9|46|1843.62
5003001|exportischolar #1|17|23|1843.20
2004002|edu packimporto #2|19|51|1843.00
5004001|edu packscholar #1|7|20|1842.50
1001001|amalgamalg #1|7|37|1842.00
6006007|corpcorp #7|9|13|1841.91
9006011|corpmaxi #11|17|15|1840.80
9001011|amalgmaxi #11|18|11|1840.08
3001002|amalgexporti #2|18|38|1839.20
9011008|amalgunivamalg #8|8|2|1838.55
9007005|brandmaxi #5|8|13|1836.35
8008003|namelessnameless #3|17|28|1836.25
8014005|edu packmaxi #5|7|22|1834.48
2003002|exportiimporto #2|17|18|1833.96
8005005|scholarnameless #5|17|36|1833.70
2003002|exportiimporto #2|8|28|1833.43
10015004|scholaramalgamalg #4|9|5|1832.36
8013004|exportimaxi #4|19|27|1831.95
8016003|corpmaxi #3|8|3|1831.78
7010004|univnameless #4|9|55|1830.80
1001001|amalgamalg #1|17|40|1830.40
10002007|importounivamalg #7|19|7|1829.65
7014001|edu packnameless #1|17|10|1829.10
3004001|edu packexporti #1|9|46|1828.80
10007005|brandunivamalg #5|18|53|1828.05
6003007|exporticorp #7|18|20|1827.76
10013015|exportiamalgamalg #15|8|0|1825.76
10008002|namelessunivamalg #2|17|25|1825.46
7013009|exportinameless #9|17|29|1825.28
8008003|namelessnameless #3|19|19|1824.95
5001002|amalgscholar #2|8|19|1824.36
8008005|namelessnameless #5|9|52|1823.60
5001001|amalgscholar #1|17|47|1823.36
7015003|scholarnameless #3|18|22|1823.31
10003007|exportiunivamalg #7|7|46|1823.08
2001001|amalgimporto #1|9|16|1822.45
7005010|scholarbrand #10|7|27|1821.40
7009005|maxibrand #5|17|12|1820.00
10016001|corpamalgamalg #1|17|8|1819.74
10011009|amalgamalgamalg #9|17|57|1818.72
2004002|edu packimporto #2|18|21|1818.70
8003010|exportinameless #10|17|0|1818.60
6014007|edu packbrand #7|18|13|1818.52
2004001|edu packimporto #1|6|45|1817.76
7010001|univnameless #1|18|5|1817.20
4002001|importoedu pack #1|19|10|1816.98
6001001|amalgcorp #1|17|50|1815.51
3003002|exportiexporti #2|18|9|1815.45
4001001|amalgedu pack #1|9|26|1814.12
9002011|importomaxi #11|18|23|1813.28
8004009|edu packnameless #9|19|38|1812.60
6008003|namelesscorp #3|17|59|1812.04
10016006|corpamalgamalg #6|8|30|1810.56
9001005|amalgmaxi #5|19|35|1810.08
10014016|edu packamalgamalg #16|17|37|1807.28
10011014|amalgamalgamalg #14|17|4|1807.26
5001001|amalgscholar #1|19|16|1806.48
9010009|univunivamalg #9|8|38|1806.06
5001001|amalgscholar #1|17|17|1805.59
7013009|exportinameless #9|6|46|1805.31
9012008|importounivamalg #8|18|21|1804.88
5004001|edu packscholar #1|8|56|1802.80
10016001|corpamalgamalg #1|18|5|1800.64
2003002|exportiimporto #2|17|36|1800.12
2002002|importoimporto #2|19|12|1799.40
9012011|importounivamalg #11|8|42|1799.40
4004002|edu packedu pack #2|18|48|1797.69
5001002|amalgscholar #2|9|48|1797.28
1001002|amalgamalg #2|17|0|1797.25
8005003|scholarnameless #3|8|55|1796.60
6012003|importobrand #3|19|17|1794.55
3003002|exportiexporti #2|18|39|1793.66
10016009|corpamalgamalg #9|18|13|1792.42
10015010|scholaramalgamalg #10|18|11|1792.08
3004001|edu packexporti #1|18|49|1788.74
6001007|amalgcorp #7|19|55|1787.71
5001002|amalgscholar #2|19|21|1786.89
5001001|amalgscholar #1|17|7|1786.46
5003001|exportischolar #1|9|59|1786.40
10012010|importoamalgamalg #10|17|37|1785.42
4002001|importoedu pack #1|19|14|1784.25
5004001|edu packscholar #1|9|40|1783.92
9012008|importounivamalg #8|19|57|1783.53
3004001|edu packexporti #1|17|0|1782.69
2002002|importoimporto #2|8|26|1781.18
NULL|NULL|8|58|1779.42
8010009|univmaxi #9|17|23|1779.25
2001002|amalgimporto #2|19|10|1777.33
10010001|univamalgamalg #1|19|37|1776.06
8005001|scholarnameless #1|17|36|1775.68
6015004|scholarbrand #4|8|12|1775.60
10007002|brandunivamalg #2|17|46|1775.60
4001001|amalgedu pack #1|17|48|1774.66
7009005|maxibrand #5|9|42|1774.64
6015005|scholarbrand #5|19|47|1773.90
8004005|edu packnameless #5|19|56|1773.44
10004015|edu packunivamalg #15|9|1|1772.30
4003001|exportiedu pack #1|19|47|1772.25
10012004|importoamalgamalg #4|9|45|1772.19
8001003|amalgnameless #3|17|39|1771.77
10002011|importounivamalg #11|19|7|1770.08
7009003|maxibrand #3|17|40|1769.04
6002001|importocorp #1|19|28|1768.52
3003001|exportiexporti #1|9|20|1767.32
2001001|amalgimporto #1|18|25|1766.80
3004001|edu packexporti #1|17|57|1765.48
10009013|maxiunivamalg #13|17|38|1765.29
3004002|edu packexporti #2|17|30|1765.00
8004001|edu packnameless #1|8|53|1764.18
7009005|maxibrand #5|19|11|1763.80
10016013|corpamalgamalg #13|9|1|1763.68
2004002|edu packimporto #2|17|11|1761.96
6015008|scholarbrand #8|19|51|1761.75
4002002|importoedu pack #2|19|28|1761.27
10009009|maxiunivamalg #9|17|54|1759.80
4003001|exportiedu pack #1|6|15|1759.68
4003001|exportiedu pack #1|9|46|1758.85
1001001|amalgamalg #1|7|18|1758.20
4002002|importoedu pack #2|19|11|1757.49
3001001|amalgexporti #1|19|3|1756.43
10001004|amalgunivamalg #4|9|23|1756.43
10016001|corpamalgamalg #1|8|9|1756.08
4003001|exportiedu pack #1|18|51|1755.80
9015009|scholarunivamalg #9|9|35|1755.36
8009005|maxinameless #5|17|41|1754.22
3004001|edu packexporti #1|19|10|1751.40
10008002|namelessunivamalg #2|19|42|1750.40
4004002|edu packedu pack #2|17|40|1749.44
5001001|amalgscholar #1|18|4|1749.44
10008002|namelessunivamalg #2|18|35|1749.44
8010006|univmaxi #6|9|38|1748.69
8016004|corpmaxi #4|19|23|1748.69
9001008|amalgmaxi #8|19|21|1748.50
4001001|amalgedu pack #1|17|30|1747.26
8005010|scholarnameless #10|18|23|1746.39
2002001|importoimporto #1|19|17|1745.92
9012011|importounivamalg #11|17|19|1745.50
2003002|exportiimporto #2|8|13|1743.42
5001002|amalgscholar #2|8|3|1743.24
10002014|importounivamalg #14|18|22|1742.76
8008007|namelessnameless #7|18|32|1742.52
10012004|importoamalgamalg #4|17|49|1741.78
8010009|univmaxi #9|18|19|1741.20
2004002|edu packimporto #2|9|23|1740.64
1004001|edu packamalg #1|18|42|1740.34
5003001|exportischolar #1|19|44|1738.06
6001007|amalgcorp #7|18|36|1738.00
3004001|edu packexporti #1|9|26|1736.28
6011008|amalgbrand #8|19|31|1735.36
10013013|exportiamalgamalg #13|17|6|1735.16
6016008|corpbrand #8|18|54|1734.72
10010008|univamalgamalg #8|9|26|1734.43
6008002|namelesscorp #2|17|5|1733.28
1002001|importoamalg #1|18|42|1731.84
8005009|scholarnameless #9|19|34|1731.80
8003003|exportinameless #3|17|34|1731.66
1004002|edu packamalg #2|9|19|1730.28
1004002|edu packamalg #2|19|20|1730.27
7009005|maxibrand #5|17|4|1730.10
1004002|edu packamalg #2|18|31|1729.89
2001001|amalgimporto #1|9|48|1729.76
3001001|amalgexporti #1|18|10|1728.99
2002002|importoimporto #2|17|35|1728.40
6014002|edu packbrand #2|9|33|1728.00
1002001|importoamalg #1|18|59|1727.74
1002002|importoamalg #2|7|43|1726.70
9008005|namelessmaxi #5|19|43|1725.84
7002003|importobrand #3|19|31|1725.33
2002002|importoimporto #2|7|39|1724.25
3003001|exportiexporti #1|17|22|1723.96
7001008|amalgbrand #8|7|3|1722.55
6003007|exporticorp #7|6|36|1722.48
5001002|amalgscholar #2|18|47|1722.00
10004015|edu packunivamalg #15|7|23|1721.76
3002002|importoexporti #2|9|17|1721.29
4001001|amalgedu pack #1|19|51|1720.08
9008002|namelessmaxi #2|9|42|1718.72
1001001|amalgamalg #1|6|14|1718.17
4001002|amalgedu pack #2|17|12|1717.71
8008005|namelessnameless #5|9|28|1716.48
10016013|corpamalgamalg #13|18|57|1716.48
3001002|amalgexporti #2|18|3|1715.84
6015008|scholarbrand #8|17|27|1712.36
9011009|amalgunivamalg #9|19|2|1712.28
3002001|importoexporti #1|17|33|1711.16
3003002|exportiexporti #2|17|3|1711.04
7010004|univnameless #4|7|35|1710.00
7013001|exportinameless #1|18|3|1709.28
5001002|amalgscholar #2|17|35|1708.10
6012002|importobrand #2|19|46|1707.18
4002002|importoedu pack #2|19|52|1707.02
1001001|amalgamalg #1|18|34|1706.40
8005009|scholarnameless #9|7|42|1705.95
7001009|amalgbrand #9|18|47|1705.68
9009002|maximaxi #2|8|46|1705.41
7012009|importonameless #9|8|18|1704.56
7006004|NULL|18|39|1704.30
1004001|edu packamalg #1|8|28|1704.22
8013004|exportimaxi #4|17|35|1703.45
10009006|maxiunivamalg #6|18|21|1702.83
8001007|amalgnameless #7|8|54|1702.34
4004002|edu packedu pack #2|18|8|1701.80
9015011|scholarunivamalg #11|8|44|1700.97
10003007|exportiunivamalg #7|19|57|1700.68
10012017|importoamalgamalg #17|8|50|1700.68
1001001|amalgamalg #1|7|55|1699.48
8014005|edu packmaxi #5|19|49|1698.84
4002002|importoedu pack #2|17|52|1698.18
6005008|scholarcorp #8|17|53|1697.40
1001001|amalgamalg #1|17|54|1697.02
7006005|corpbrand #5|8|18|1696.95
10014007|edu packamalgamalg #7|19|10|1696.52
10011017|amalgamalgamalg #17|6|58|1696.00
6008002|namelesscorp #2|18|20|1694.82
9002003|importomaxi #3|18|5|1694.56
5003002|exportischolar #2|18|16|1693.44
2004002|edu packimporto #2|7|55|1693.20
4004002|edu packedu pack #2|8|34|1692.90
5001001|amalgscholar #1|17|39|1692.60
10007005|brandunivamalg #5|17|4|1692.18
8010009|univmaxi #9|8|30|1691.98
1003001|exportiamalg #1|18|11|1690.08
10004001|edu packunivamalg #1|17|59|1688.96
1003002|exportiamalg #2|18|0|1688.88
4004001|edu packedu pack #1|6|54|1688.49
8008009|namelessnameless #9|18|36|1687.70
6007003|brandcorp #3|19|0|1686.75
6016005|corpbrand #5|9|13|1685.90
1001001|amalgamalg #1|9|51|1685.72
4004001|edu packedu pack #1|7|47|1685.67
6010002|univbrand #2|18|3|1685.63
6015005|scholarbrand #5|9|55|1685.20
10002011|importounivamalg #11|8|21|1685.20
2001002|amalgimporto #2|17|37|1685.08
9007003|brandmaxi #3|18|17|1684.54
4002001|importoedu pack #1|18|8|1683.50
8005009|scholarnameless #9|19|32|1682.88
2003001|exportiimporto #1|18|36|1682.27
3003001|exportiexporti #1|18|0|1681.02
2001001|amalgimporto #1|18|3|1680.03
1001002|amalgamalg #2|8|58|1678.96
5003001|exportischolar #1|8|59|1678.65
10016001|corpamalgamalg #1|9|31|1678.50
1004002|edu packamalg #2|17|24|1678.38
8005009|scholarnameless #9|19|55|1677.60
2001001|amalgimporto #1|17|8|1677.12
9011008|amalgunivamalg #8|17|14|1673.46
4002001|importoedu pack #1|18|13|1672.03
3004002|edu packexporti #2|9|26|1671.84
6006003|corpcorp #3|18|6|1671.84
6005003|scholarcorp #3|9|10|1670.90
1001001|amalgamalg #1|19|37|1670.72
3002001|importoexporti #1|17|43|1670.13
4004001|edu packedu pack #1|17|29|1670.08
7011008|amalgnameless #8|9|24|1669.80
9011008|amalgunivamalg #8|18|43|1667.64
6012005|importobrand #5|8|42|1667.60
10003004|exportiunivamalg #4|18|36|1666.68
2003001|exportiimporto #1|6|22|1665.04
2004001|edu packimporto #1|7|27|1665.00
9015011|scholarunivamalg #11|18|0|1664.78
4001001|amalgedu pack #1|17|21|1664.65
9014008|edu packunivamalg #8|19|31|1664.40
5002002|importoscholar #2|7|43|1664.00
7012003|importonameless #3|8|46|1662.50
3003002|exportiexporti #2|17|54|1661.74
10006013|corpunivamalg #13|18|44|1659.68
9001008|amalgmaxi #8|7|12|1658.70
10004015|edu packunivamalg #15|19|19|1658.58
4002001|importoedu pack #1|18|35|1658.34
2001001|amalgimporto #1|18|43|1657.28
3002001|importoexporti #1|18|28|1655.85
7004009|edu packbrand #9|8|0|1655.01
3001001|amalgexporti #1|9|30|1653.40
10015017|scholaramalgamalg #17|17|31|1653.29
6013006|exportibrand #6|9|57|1652.40
7016001|corpnameless #1|9|25|1651.63
3003001|exportiexporti #1|9|42|1651.30
7012005|importonameless #5|18|49|1651.20
2002001|importoimporto #1|8|35|1650.88
5002001|importoscholar #1|17|53|1650.40
1003001|exportiamalg #1|18|40|1649.58
3001001|amalgexporti #1|9|23|1648.58
9014011|edu packunivamalg #11|18|12|1648.44
5003001|exportischolar #1|19|10|1647.80
4003001|exportiedu pack #1|19|36|1647.68
7006005|corpbrand #5|7|15|1646.46
10016008|corpamalgamalg #8|8|14|1646.36
8015006|scholarmaxi #6|8|30|1645.98
8005001|scholarnameless #1|19|33|1645.92
2003002|exportiimporto #2|9|6|1645.74
7009003|maxibrand #3|17|27|1645.60
10003014|exportiunivamalg #14|9|49|1645.57
6002003|importocorp #3|9|0|1644.56
3004002|edu packexporti #2|18|22|1644.48
4004002|edu packedu pack #2|9|41|1644.30
10016001|corpamalgamalg #1|19|6|1643.85
1003002|exportiamalg #2|6|43|1643.04
9006011|corpmaxi #11|9|15|1642.96
7003005|exportibrand #5|8|55|1642.83
3003001|exportiexporti #1|19|0|1641.60
4002001|importoedu pack #1|6|28|1641.60
10011014|amalgamalgamalg #14|8|58|1640.64
10001004|amalgunivamalg #4|17|53|1638.97
4002001|importoedu pack #1|18|53|1638.33
10016001|corpamalgamalg #1|7|35|1636.80
4001001|amalgedu pack #1|9|29|1636.71
2002001|importoimporto #1|17|36|1636.38
6001008|amalgcorp #8|9|15|1636.38
1004001|edu packamalg #1|18|44|1636.22
7001007|amalgbrand #7|18|7|1635.81
8004009|edu packnameless #9|19|1|1635.20
10003004|exportiunivamalg #4|8|35|1634.85
2001001|amalgimporto #1|17|51|1634.66
9013008|exportiunivamalg #8|17|46|1633.74
2002001|importoimporto #1|17|20|1632.60
6006004|corpcorp #4|19|21|1632.00
2002001|importoimporto #1|19|31|1630.65
3002002|importoexporti #2|19|9|1630.56
10008009|namelessunivamalg #9|19|17|1630.17
2001001|amalgimporto #1|8|50|1629.80
4003001|exportiedu pack #1|19|56|1629.31
2004002|edu packimporto #2|19|42|1628.48
5003002|exportischolar #2|19|17|1628.48
1001002|amalgamalg #2|17|44|1627.41
9006008|corpmaxi #8|17|6|1627.20
9007005|brandmaxi #5|19|45|1627.10
4004001|edu packedu pack #1|9|36|1625.73
2001001|amalgimporto #1|8|48|1624.26
4001001|amalgedu pack #1|19|26|1623.42
3002002|importoexporti #2|6|7|1622.50
1003002|exportiamalg #2|19|39|1622.43
9001008|amalgmaxi #8|17|2|1621.84
7004009|edu packbrand #9|17|4|1621.64
4003001|exportiedu pack #1|19|46|1618.41
9011008|amalgunivamalg #8|17|1|1617.30
5001002|amalgscholar #2|17|11|1617.00
10003011|exportiunivamalg #11|17|20|1616.44
8009010|maxinameless #10|17|26|1615.80
10013013|exportiamalgamalg #13|9|50|1615.60
2003002|exportiimporto #2|9|58|1615.06
4003001|exportiedu pack #1|9|14|1614.68
9001008|amalgmaxi #8|19|8|1614.06
3003002|exportiexporti #2|19|14|1613.56
8015008|scholarmaxi #8|19|2|1613.20
6006007|corpcorp #7|18|32|1611.00
10011017|amalgamalgamalg #17|9|41|1609.92
2001001|amalgimporto #1|17|5|1609.60
10015001|scholaramalgamalg #1|18|35|1609.20
2001001|amalgimporto #1|7|42|1607.97
6005001|scholarcorp #1|17|31|1607.60
10010013|univamalgamalg #13|19|52|1607.54
7011001|amalgnameless #1|9|14|1606.35
5003002|exportischolar #2|19|48|1606.32
8010006|univmaxi #6|17|22|1605.50
6012004|importobrand #4|17|19|1605.40
3001001|amalgexporti #1|17|4|1603.20
9006008|corpmaxi #8|19|2|1602.24
6014002|edu packbrand #2|6|53|1600.20
9006009|corpmaxi #9|17|7|1600.20
9016009|corpunivamalg #9|17|40|1599.80
3003002|exportiexporti #2|17|58|1599.54
5003002|exportischolar #2|7|19|1599.48
9003003|exportimaxi #3|9|50|1598.87
9014003|edu packunivamalg #3|18|56|1597.40
5003002|exportischolar #2|9|47|1595.28
6015008|scholarbrand #8|9|3|1595.16
9002003|importomaxi #3|18|51|1593.60
9014008|edu packunivamalg #8|19|32|1592.00
9003011|exportimaxi #11|19|8|1590.75
4002001|importoedu pack #1|17|51|1590.64
7001005|amalgbrand #5|17|52|1589.61
3004002|edu packexporti #2|17|23|1589.22
10012017|importoamalgamalg #17|19|58|1588.86
9011009|amalgunivamalg #9|7|39|1587.12
8005003|scholarnameless #3|19|34|1586.96
6003007|exporticorp #7|9|10|1586.80
3003002|exportiexporti #2|17|46|1584.96
2001001|amalgimporto #1|19|37|1584.10
1002001|importoamalg #1|19|42|1583.86
2001001|amalgimporto #1|9|5|1582.49
9012003|importounivamalg #3|17|0|1582.02
6004004|edu packcorp #4|17|54|1581.79
2004002|edu packimporto #2|19|15|1581.00
7005006|scholarbrand #6|9|23|1580.64
8015008|scholarmaxi #8|6|32|1580.51
2004002|edu packimporto #2|8|4|1579.84
5004002|edu packscholar #2|18|37|1579.47
4003002|exportiedu pack #2|18|52|1579.30
8010009|univmaxi #9|19|28|1576.38
10007014|brandunivamalg #14|7|54|1576.26
4002001|importoedu pack #1|9|7|1575.42
6014004|edu packbrand #4|19|6|1575.09
9009003|maximaxi #3|19|52|1574.95
6014006|edu packbrand #6|17|45|1573.77
10009006|maxiunivamalg #6|17|30|1573.60
6006007|corpcorp #7|19|18|1572.16
2003001|exportiimporto #1|9|1|1571.05
7008005|namelessbrand #5|18|24|1570.80
10016003|corpamalgamalg #3|9|53|1569.95
6008002|namelesscorp #2|19|36|1569.60
5001001|amalgscholar #1|9|28|1569.40
5001002|amalgscholar #2|17|48|1569.27
10003015|exportiunivamalg #15|19|25|1568.98
10012006|importoamalgamalg #6|18|49|1568.91
4003001|exportiedu pack #1|17|47|1568.64
4004002|edu packedu pack #2|17|18|1567.32
5004001|edu packscholar #1|8|55|1566.53
10016017|corpamalgamalg #17|6|4|1565.44
2004001|edu packimporto #1|17|7|1564.78
10006013|corpunivamalg #13|17|15|1564.57
1001002|amalgamalg #2|19|9|1564.16
2001002|amalgimporto #2|18|15|1563.90
4003001|exportiedu pack #1|19|22|1563.55
6015005|scholarbrand #5|17|40|1563.24
1004001|edu packamalg #1|17|57|1562.40
8015006|scholarmaxi #6|9|46|1561.80
6015008|scholarbrand #8|18|46|1561.46
4003002|exportiedu pack #2|6|2|1561.42
5003001|exportischolar #1|19|40|1560.32
6012008|importobrand #8|9|4|1560.00
7010004|univnameless #4|18|3|1558.92
1001002|amalgamalg #2|17|38|1558.67
2001001|amalgimporto #1|17|2|1558.56
6002005|importocorp #5|6|47|1557.88
5001002|amalgscholar #2|19|4|1557.58
1002001|importoamalg #1|19|50|1557.56
6014006|edu packbrand #6|17|1|1557.24
4004001|edu packedu pack #1|19|51|1556.64
5001002|amalgscholar #2|9|33|1555.50
8009003|maxinameless #3|17|11|1555.29
7009009|maxibrand #9|9|36|1555.00
6015008|scholarbrand #8|8|12|1554.80
9004008|edu packmaxi #8|17|0|1554.00
5004001|edu packscholar #1|9|17|1553.48
3003001|exportiexporti #1|17|56|1552.88
6016003|corpbrand #3|9|53|1552.52
7008005|namelessbrand #5|19|38|1552.04
4002001|importoedu pack #1|17|57|1551.55
6014007|edu packbrand #7|9|5|1550.90
5002001|importoscholar #1|17|3|1550.64
10009009|maxiunivamalg #9|18|36|1549.72
8015005|scholarmaxi #5|8|16|1549.56
8012001|importomaxi #1|9|9|1548.98
8015003|scholarmaxi #3|19|19|1548.72
7009001|maxibrand #1|8|38|1548.00
7010004|univnameless #4|6|13|1547.60
4002002|importoedu pack #2|17|29|1547.14
6014007|edu packbrand #7|9|10|1546.02
10013003|exportiamalgamalg #3|9|48|1545.75
4001002|amalgedu pack #2|7|36|1545.46
1001001|amalgamalg #1|17|51|1545.08
1004001|edu packamalg #1|17|0|1543.92
5003002|exportischolar #2|19|44|1543.34
6014006|edu packbrand #6|18|3|1541.60
4003001|exportiedu pack #1|8|19|1540.69
10016004|corpamalgamalg #4|9|23|1540.26
7002008|importobrand #8|9|0|1540.08
8012001|importomaxi #1|17|20|1540.08
1003001|exportiamalg #1|7|54|1540.00
7006008|corpbrand #8|6|3|1538.81
9012003|importounivamalg #3|18|14|1538.54
5001002|amalgscholar #2|9|9|1536.96
10015003|scholaramalgamalg #3|18|26|1536.44
2001001|amalgimporto #1|17|12|1535.60
7015009|scholarnameless #9|9|1|1535.12
7015002|scholarnameless #2|18|8|1535.10
8004001|edu packnameless #1|18|5|1535.04
10016007|corpamalgamalg #7|17|57|1534.20
10016002|corpamalgamalg #2|19|42|1533.82
6006007|corpcorp #7|8|8|1533.70
4001001|amalgedu pack #1|17|23|1533.23
8012004|importomaxi #4|17|16|1532.44
10012010|importoamalgamalg #10|9|35|1531.52
2001001|amalgimporto #1|7|7|1531.14
10003016|exportiunivamalg #16|17|27|1530.76
3003001|exportiexporti #1|19|50|1529.82
1003002|exportiamalg #2|17|44|1528.35
10012002|importoamalgamalg #2|19|4|1528.20
9003011|exportimaxi #11|18|42|1527.35
6012001|importobrand #1|18|51|1525.68
2004001|edu packimporto #1|18|46|1525.62
10016003|corpamalgamalg #3|9|41|1524.90
9007003|brandmaxi #3|17|41|1524.71
7007005|brandbrand #5|18|57|1523.20
7007010|brandbrand #10|7|41|1523.17
9015002|scholarunivamalg #2|9|5|1521.94
6015005|scholarbrand #5|17|12|1521.80
3002002|importoexporti #2|6|56|1521.78
2001002|amalgimporto #2|18|3|1521.35
4004001|edu packedu pack #1|7|28|1520.95
4002001|importoedu pack #1|8|28|1519.40
8006009|corpnameless #9|19|31|1518.38
8003010|exportinameless #10|17|58|1517.92
2003002|exportiimporto #2|19|20|1516.96
9015005|scholarunivamalg #5|19|28|1516.52
7001005|amalgbrand #5|19|21|1516.48
6006007|corpcorp #7|8|48|1515.67
2003002|exportiimporto #2|7|39|1515.60
9016008|corpunivamalg #8|8|15|1515.15
9011009|amalgunivamalg #9|8|52|1513.64
8007001|brandnameless #1|17|52|1513.40
7010009|univnameless #9|18|53|1513.26
7004006|edu packbrand #6|18|39|1512.40
9015002|scholarunivamalg #2|7|41|1511.43
7010001|univnameless #1|9|51|1510.32
4003001|exportiedu pack #1|19|41|1510.18
1001002|amalgamalg #2|8|1|1509.86
5003002|exportischolar #2|19|43|1509.80
5003002|exportischolar #2|9|2|1509.77
7010009|univnameless #9|19|17|1509.56
3003001|exportiexporti #1|18|59|1509.12
6003008|exporticorp #8|6|41|1508.76
3004001|edu packexporti #1|8|47|1508.43
9004008|edu packmaxi #8|19|27|1507.50
6012007|importobrand #7|7|3|1507.24
7001005|amalgbrand #5|9|51|1507.22
7010004|univnameless #4|19|13|1506.45
3002001|importoexporti #1|8|32|1503.81
9002011|importomaxi #11|9|24|1503.51
10010017|univamalgamalg #17|18|8|1502.40
9009002|maximaxi #2|17|40|1501.79
8009005|maxinameless #5|9|20|1501.56
9007003|brandmaxi #3|18|48|1500.72
7016005|corpnameless #5|18|18|1499.52
10002014|importounivamalg #14|17|27|1498.80
6010005|univbrand #5|17|48|1496.88
8005009|scholarnameless #9|9|42|1495.91
3002001|importoexporti #1|19|28|1495.68
8011008|amalgmaxi #8|9|45|1495.68
7007010|brandbrand #10|17|30|1495.20
7002008|importobrand #8|17|56|1494.60
6015008|scholarbrand #8|18|51|1493.85
4003001|exportiedu pack #1|18|22|1493.42
4003002|exportiedu pack #2|17|10|1493.31
2002001|importoimporto #1|17|29|1493.28
10008002|namelessunivamalg #2|17|53|1492.65
5003001|exportischolar #1|19|43|1490.06
10015003|scholaramalgamalg #3|17|12|1489.15
9003011|exportimaxi #11|17|22|1488.96
3004002|edu packexporti #2|9|38|1488.57
7008007|namelessbrand #7|17|55|1488.25
2001002|amalgimporto #2|17|48|1487.43
10003011|exportiunivamalg #11|8|18|1487.08
1003001|exportiamalg #1|19|40|1486.32
5003001|exportischolar #1|17|57|1485.92
8004009|edu packnameless #9|8|45|1484.34
4003001|exportiedu pack #1|17|56|1483.70
2002001|importoimporto #1|18|6|1482.64
7016007|corpnameless #7|17|44|1482.00
6014006|edu packbrand #6|18|36|1481.43
1002001|importoamalg #1|17|6|1480.62
2004002|edu packimporto #2|19|29|1480.50
9010009|univunivamalg #9|9|53|1480.14
9002008|importomaxi #8|17|8|1480.05
4004001|edu packedu pack #1|8|25|1479.60
6015006|scholarbrand #6|19|31|1479.20
5004001|edu packscholar #1|8|59|1478.20
8011007|amalgmaxi #7|17|18|1477.40
7013002|exportinameless #2|18|26|1477.00
6013005|exportibrand #5|17|38|1476.86
3004001|edu packexporti #1|17|5|1476.30
6001007|amalgcorp #7|19|34|1475.91
5004002|edu packscholar #2|18|29|1474.99
7006008|corpbrand #8|19|30|1474.85
10015012|scholaramalgamalg #12|9|12|1474.20
10004015|edu packunivamalg #15|9|23|1473.36
5002001|importoscholar #1|9|13|1473.05
8005003|scholarnameless #3|17|50|1472.92
4004001|edu packedu pack #1|19|17|1472.50
4003001|exportiedu pack #1|9|57|1471.96
9016008|corpunivamalg #8|19|38|1471.68
3001002|amalgexporti #2|19|28|1471.26
2004001|edu packimporto #1|18|8|1471.05
7007010|brandbrand #10|19|37|1470.75
9012003|importounivamalg #3|7|32|1470.60
2004002|edu packimporto #2|17|53|1469.98
10009013|maxiunivamalg #13|7|6|1469.46
6012004|importobrand #4|18|56|1469.44
6010002|univbrand #2|18|59|1469.16
10006017|corpunivamalg #17|17|21|1467.75
10008015|namelessunivamalg #15|17|48|1467.04
9014008|edu packunivamalg #8|18|44|1466.92
9012011|importounivamalg #11|19|21|1466.08
3004001|edu packexporti #1|9|30|1465.59
6012001|importobrand #1|18|22|1465.44
9004008|edu packmaxi #8|17|32|1464.64
1001001|amalgamalg #1|19|53|1464.43
3002002|importoexporti #2|9|16|1464.40
1001002|amalgamalg #2|17|47|1462.17
6002003|importocorp #3|19|12|1461.36
5002001|importoscholar #1|9|35|1460.80
7003009|exportibrand #9|19|47|1458.66
7010004|univnameless #4|9|2|1457.83
3002001|importoexporti #1|18|9|1457.24
8016007|corpmaxi #7|19|11|1456.80
7002010|importobrand #10|18|0|1456.14
7007010|brandbrand #10|17|24|1455.40
6015008|scholarbrand #8|17|52|1455.02
10006017|corpunivamalg #17|19|43|1454.10
4001001|amalgedu pack #1|17|12|1452.60
4001001|amalgedu pack #1|18|8|1452.04
6012008|importobrand #8|7|29|1452.00
6005007|scholarcorp #7|19|52|1450.38
7009010|maxibrand #10|6|33|1450.35
9013011|exportiunivamalg #11|19|13|1450.02
8003009|exportinameless #9|17|53|1449.93
1001002|amalgamalg #2|18|9|1449.69
7012010|importonameless #10|9|20|1449.65
6011003|amalgbrand #3|18|32|1449.60
9007005|brandmaxi #5|17|56|1449.18
2004002|edu packimporto #2|19|17|1448.60
3001002|amalgexporti #2|9|52|1448.18
1002001|importoamalg #1|9|38|1448.12
4002001|importoedu pack #1|17|50|1448.03
4002002|importoedu pack #2|17|30|1447.89
4004002|edu packedu pack #2|17|28|1447.80
9015011|scholarunivamalg #11|8|34|1447.23
9007005|brandmaxi #5|18|21|1445.85
2004002|edu packimporto #2|9|1|1445.50
5004001|edu packscholar #1|19|37|1445.04
4001001|amalgedu pack #1|7|35|1444.78
6010005|univbrand #5|9|59|1444.78
9011008|amalgunivamalg #8|18|51|1444.32
10001017|amalgunivamalg #17|9|52|1444.17
6011005|amalgbrand #5|9|2|1443.40
2002001|importoimporto #1|18|56|1443.15
1003002|exportiamalg #2|19|28|1443.08
7010004|univnameless #4|17|18|1442.51
6005001|scholarcorp #1|7|1|1442.16
2002001|importoimporto #1|17|28|1440.72
1003002|exportiamalg #2|17|42|1440.69
4002002|importoedu pack #2|9|53|1438.38
9015002|scholarunivamalg #2|17|7|1438.38
8016006|corpmaxi #6|17|5|1438.32
4001002|amalgedu pack #2|17|52|1438.28
9003008|exportimaxi #8|9|48|1437.78
1002002|importoamalg #2|8|55|1437.73
7001005|amalgbrand #5|17|33|1437.24
8014005|edu packmaxi #5|9|16|1435.18
7001007|amalgbrand #7|19|31|1435.00
10004015|edu packunivamalg #15|8|59|1434.50
6016003|corpbrand #3|19|31|1433.96
6007007|brandcorp #7|18|24|1433.92
4001001|amalgedu pack #1|17|20|1433.04
10016003|corpamalgamalg #3|17|3|1433.04
1001001|amalgamalg #1|18|24|1432.90
7004007|edu packbrand #7|19|38|1432.53
1003001|exportiamalg #1|9|18|1432.13
1003002|exportiamalg #2|19|11|1432.13
6015006|scholarbrand #6|9|25|1432.02
8003009|exportinameless #9|19|8|1432.00
5001001|amalgscholar #1|9|7|1431.27
7010004|univnameless #4|18|0|1429.75
2003001|exportiimporto #1|18|29|1428.84
7016001|corpnameless #1|19|30|1428.80
3001001|amalgexporti #1|8|5|1428.00
3004001|edu packexporti #1|7|22|1427.15
10016009|corpamalgamalg #9|18|49|1426.62
3002001|importoexporti #1|17|21|1426.00
9006011|corpmaxi #11|9|43|1424.64
5004001|edu packscholar #1|17|32|1423.35
7012003|importonameless #3|18|43|1423.08
10016009|corpamalgamalg #9|19|31|1422.77
7008007|namelessbrand #7|18|35|1421.98
3001002|amalgexporti #2|17|3|1420.94
8016009|corpmaxi #9|18|42|1420.16
10010004|univamalgamalg #4|9|38|1419.55
3003001|exportiexporti #1|18|13|1419.00
2003001|exportiimporto #1|9|43|1418.12
10003007|exportiunivamalg #7|18|44|1417.94
2002002|importoimporto #2|19|45|1417.77
10015012|scholaramalgamalg #12|9|37|1417.68
1001002|amalgamalg #2|19|55|1416.58
2001002|amalgimporto #2|17|33|1416.42
4004001|edu packedu pack #1|9|25|1416.42
6008002|namelesscorp #2|9|1|1416.42
8009010|maxinameless #10|7|44|1416.36
6001007|amalgcorp #7|19|52|1415.70
5002001|importoscholar #1|19|16|1415.52
2001002|amalgimporto #2|18|47|1415.25
6012007|importobrand #7|9|35|1415.04
3002001|importoexporti #1|18|49|1414.56
4002001|importoedu pack #1|7|20|1413.35
1004002|edu packamalg #2|18|4|1412.36
8008007|namelessnameless #7|17|54|1412.00
8014004|edu packmaxi #4|8|43|1411.92
9008011|namelessmaxi #11|18|37|1410.15
1004002|edu packamalg #2|17|13|1409.72
9015011|scholarunivamalg #11|9|9|1409.10
8016006|corpmaxi #6|9|43|1408.62
4004001|edu packedu pack #1|8|22|1408.53
8010005|univmaxi #5|8|30|1408.40
10013003|exportiamalgamalg #3|18|48|1408.33
1003001|exportiamalg #1|8|13|1408.20
10010007|univamalgamalg #7|17|46|1405.63
8009005|maxinameless #5|8|46|1404.96
3004001|edu packexporti #1|8|32|1404.90
6001007|amalgcorp #7|7|53|1404.48
9006005|corpmaxi #5|9|53|1404.16
5002001|importoscholar #1|8|1|1404.13
10009013|maxiunivamalg #13|17|30|1404.00
7009005|maxibrand #5|17|48|1403.02
5001001|amalgscholar #1|19|52|1402.62
7016005|corpnameless #5|19|36|1402.08
2003002|exportiimporto #2|8|43|1401.80
9006009|corpmaxi #9|8|53|1401.30
6008005|namelesscorp #5|17|15|1401.28
3004001|edu packexporti #1|9|25|1400.16
2003001|exportiimporto #1|9|42|1400.08
7009010|maxibrand #10|19|36|1399.92
8013009|exportimaxi #9|18|33|1399.00
3002002|importoexporti #2|8|45|1398.60
5002001|importoscholar #1|8|25|1397.76
7006005|corpbrand #5|18|51|1397.55
5004001|edu packscholar #1|8|1|1397.48
9012011|importounivamalg #11|17|27|1397.07
1003002|exportiamalg #2|18|53|1396.98
7002010|importobrand #10|9|10|1396.89
8009003|maxinameless #3|9|51|1396.80
8011007|amalgmaxi #7|8|46|1396.57
4002001|importoedu pack #1|17|24|1396.46
1002001|importoamalg #1|8|4|1396.38
8015008|scholarmaxi #8|17|54|1394.80
3004001|edu packexporti #1|19|44|1394.03
3004001|edu packexporti #1|8|27|1393.90
5001002|amalgscholar #2|8|48|1393.63
3001001|amalgexporti #1|9|0|1392.93
7006009|corpbrand #9|8|0|1392.72
6008003|namelesscorp #3|18|14|1392.13
9014002|edu packunivamalg #2|8|32|1391.96
8008004|namelessnameless #4|8|59|1391.60
9004008|edu packmaxi #8|19|47|1391.50
5003001|exportischolar #1|19|4|1390.80
5001002|amalgscholar #2|17|14|1390.46
4001002|amalgedu pack #2|17|36|1390.04
8013004|exportimaxi #4|7|3|1389.96
10012002|importoamalgamalg #2|7|24|1389.66
4004001|edu packedu pack #1|6|9|1389.43
10003011|exportiunivamalg #11|17|40|1388.24
7013002|exportinameless #2|9|40|1387.76
5002001|importoscholar #1|8|42|1386.10
4002001|importoedu pack #1|17|6|1385.20
5003001|exportischolar #1|8|37|1384.50
9004008|edu packmaxi #8|18|57|1384.15
1001001|amalgamalg #1|8|26|1384.02
10016008|corpamalgamalg #8|19|22|1383.72
6008005|namelesscorp #5|19|26|1382.50
4004002|edu packedu pack #2|7|47|1382.25
9002011|importomaxi #11|18|3|1381.50
9011009|amalgunivamalg #9|19|54|1379.25
6015008|scholarbrand #8|8|24|1378.85
6005001|scholarcorp #1|18|42|1378.50
7001009|amalgbrand #9|19|40|1377.75
2003002|exportiimporto #2|19|32|1377.50
3003002|exportiexporti #2|17|53|1376.76
6001007|amalgcorp #7|19|43|1376.43
10002011|importounivamalg #11|18|36|1375.22
9011009|amalgunivamalg #9|19|11|1375.00
8014005|edu packmaxi #5|18|17|1374.84
7005010|scholarbrand #10|19|1|1373.60
10003011|exportiunivamalg #11|9|47|1373.40
8009009|maxinameless #9|18|4|1372.28
10005013|scholarunivamalg #13|9|48|1371.73
9014008|edu packunivamalg #8|19|22|1368.84
9004008|edu packmaxi #8|7|55|1368.40
3001001|amalgexporti #1|19|59|1367.06
8004003|edu packnameless #3|17|53|1366.17
1003001|exportiamalg #1|19|3|1365.84
1004001|edu packamalg #1|17|22|1365.76
6006003|corpcorp #3|18|42|1365.30
7006001|corpbrand #1|9|41|1365.14
7001008|amalgbrand #8|18|43|1364.58
10009006|maxiunivamalg #6|9|28|1364.13
4004001|edu packedu pack #1|17|33|1364.09
4004001|edu packedu pack #1|9|6|1363.84
9004008|edu packmaxi #8|18|38|1363.67
1004001|edu packamalg #1|9|13|1363.50
4004002|edu packedu pack #2|17|57|1362.42
6005001|scholarcorp #1|9|3|1362.24
2002001|importoimporto #1|8|0|1362.06
4003002|exportiedu pack #2|17|18|1361.83
10010017|univamalgamalg #17|8|33|1361.28
5001001|amalgscholar #1|17|22|1360.68
1002001|importoamalg #1|9|18|1359.84
1003002|exportiamalg #2|8|37|1359.35
3001002|amalgexporti #2|18|57|1359.09
10006008|corpunivamalg #8|8|37|1359.00
8011007|amalgmaxi #7|19|44|1358.50
8006008|corpnameless #8|18|14|1358.28
5001002|amalgscholar #2|19|40|1357.92
6014002|edu packbrand #2|9|20|1357.92
4003002|exportiedu pack #2|19|0|1357.20
10016017|corpamalgamalg #17|18|52|1356.12
2004002|edu packimporto #2|18|39|1355.58
6015006|scholarbrand #6|18|27|1355.46
2002001|importoimporto #1|9|15|1355.20
6012001|importobrand #1|18|31|1354.64
4002001|importoedu pack #1|18|47|1354.32
8013009|exportimaxi #9|7|17|1353.27
3003001|exportiexporti #1|18|57|1353.04
9015011|scholarunivamalg #11|8|36|1352.56
7011008|amalgnameless #8|7|50|1352.40
2001002|amalgimporto #2|17|45|1351.79
10004008|edu packunivamalg #8|17|42|1351.35
6004004|edu packcorp #4|19|6|1350.90
10011004|amalgamalgamalg #4|19|2|1350.90
6015008|scholarbrand #8|17|38|1350.24
10006009|corpunivamalg #9|17|47|1350.00
7003005|exportibrand #5|9|12|1349.92
7013007|exportinameless #7|8|22|1349.84
7005006|scholarbrand #6|17|39|1349.04
6011003|amalgbrand #3|9|18|1347.80
10014007|edu packamalgamalg #7|9|35|1347.30
3002001|importoexporti #1|18|53|1344.64
6016003|corpbrand #3|8|49|1344.21
6008007|namelesscorp #7|8|51|1342.48
8009005|maxinameless #5|19|18|1341.99
3002002|importoexporti #2|19|0|1341.60
10003015|exportiunivamalg #15|19|18|1341.60
6010006|univbrand #6|8|46|1340.90
8008007|namelessnameless #7|17|11|1340.64
2001001|amalgimporto #1|19|42|1340.63
4001002|amalgedu pack #2|7|57|1340.63
2002002|importoimporto #2|17|43|1339.80
5002002|importoscholar #2|19|8|1339.52
7006001|corpbrand #1|9|24|1339.30
8010008|univmaxi #8|9|46|1338.68
3003001|exportiexporti #1|9|32|1338.60
10013013|exportiamalgamalg #13|9|24|1337.72
9013002|exportiunivamalg #2|19|26|1337.68
5004001|edu packscholar #1|8|3|1335.58
5002001|importoscholar #1|9|27|1335.15
8006003|corpnameless #3|9|37|1334.18
5003001|exportischolar #1|18|8|1333.02
10007005|brandunivamalg #5|17|43|1332.92
3001002|amalgexporti #2|8|3|1332.16
8016004|corpmaxi #4|9|52|1331.28
6016003|corpbrand #3|8|14|1331.00
1003001|exportiamalg #1|18|41|1329.48
2004001|edu packimporto #1|9|14|1329.30
2003001|exportiimporto #1|18|31|1329.12
1001001|amalgamalg #1|17|9|1328.46
8010005|univmaxi #5|17|50|1327.83
4003001|exportiedu pack #1|17|16|1327.68
10016017|corpamalgamalg #17|19|56|1326.08
3003002|exportiexporti #2|9|20|1324.40
9001008|amalgmaxi #8|17|43|1324.32
3002001|importoexporti #1|19|5|1324.10
1002001|importoamalg #1|7|4|1324.08
6016005|corpbrand #5|18|15|1323.97
3004002|edu packexporti #2|9|16|1323.92
2001002|amalgimporto #2|17|57|1323.77
4004002|edu packedu pack #2|6|30|1322.38
6016003|corpbrand #3|17|52|1322.38
6005001|scholarcorp #1|6|57|1322.10
9011009|amalgunivamalg #9|19|59|1322.00
9013009|exportiunivamalg #9|19|12|1321.81
6006004|corpcorp #4|9|13|1321.20
6006003|corpcorp #3|18|17|1321.06
6011005|amalgbrand #5|8|30|1321.04
7003001|exportibrand #1|19|45|1320.30
3002001|importoexporti #1|17|58|1319.40
4003001|exportiedu pack #1|17|2|1318.80
6005008|scholarcorp #8|19|38|1317.40
10014016|edu packamalgamalg #16|9|58|1316.75
3003002|exportiexporti #2|9|55|1314.96
4001002|amalgedu pack #2|17|37|1312.83
6016003|corpbrand #3|18|14|1312.24
8004001|edu packnameless #1|6|1|1312.08
6015005|scholarbrand #5|6|24|1311.66
4001001|amalgedu pack #1|7|17|1311.37
1003001|exportiamalg #1|9|10|1309.43
9002011|importomaxi #11|9|31|1308.15
1003002|exportiamalg #2|19|22|1307.78
4004002|edu packedu pack #2|19|17|1307.67
3001001|amalgexporti #1|9|32|1307.44
7010010|univnameless #10|18|35|1306.14
10009006|maxiunivamalg #6|19|6|1305.48
7001009|amalgbrand #9|17|59|1304.10
4001001|amalgedu pack #1|7|21|1303.90
7013009|exportinameless #9|18|50|1303.85
8012010|importomaxi #10|19|30|1303.64
5001001|amalgscholar #1|17|42|1303.20
9007011|brandmaxi #11|19|49|1302.96
8003003|exportinameless #3|19|50|1302.28
4002001|importoedu pack #1|19|0|1302.12
2002001|importoimporto #1|17|52|1301.76
4001001|amalgedu pack #1|17|24|1301.52
3004001|edu packexporti #1|8|43|1301.34
3002001|importoexporti #1|19|33|1299.24
1004002|edu packamalg #2|8|15|1298.99
4003001|exportiedu pack #1|17|39|1298.77
5003001|exportischolar #1|7|55|1298.70
6005001|scholarcorp #1|17|15|1298.59
9001008|amalgmaxi #8|9|35|1297.26
2004002|edu packimporto #2|17|16|1296.45
7015009|scholarnameless #9|19|2|1296.00
10010006|univamalgamalg #6|19|42|1294.78
1001001|amalgamalg #1|19|0|1294.56
2002001|importoimporto #1|17|23|1293.98
4002001|importoedu pack #1|18|18|1293.60
7002008|importobrand #8|17|7|1293.01
10006002|corpunivamalg #2|9|48|1292.85
4002002|importoedu pack #2|17|56|1292.78
8004003|edu packnameless #3|9|32|1292.76
9001008|amalgmaxi #8|9|15|1292.46
5003002|exportischolar #2|18|57|1292.32
8009005|maxinameless #5|18|53|1292.13
4004002|edu packedu pack #2|9|52|1291.92
10016003|corpamalgamalg #3|18|32|1291.50
2002002|importoimporto #2|18|34|1291.20
7008005|namelessbrand #5|17|8|1287.20
3003001|exportiexporti #1|19|27|1286.32
3001001|amalgexporti #1|9|17|1286.01
4004002|edu packedu pack #2|8|39|1285.65
6011003|amalgbrand #3|17|4|1285.02
7003001|exportibrand #1|9|9|1284.80
6014007|edu packbrand #7|9|16|1284.64
4003002|exportiedu pack #2|9|23|1284.09
9011008|amalgunivamalg #8|9|29|1282.40
1002002|importoamalg #2|9|2|1282.12
3003001|exportiexporti #1|17|48|1281.70
10015004|scholaramalgamalg #4|17|0|1281.42
5003002|exportischolar #2|9|26|1280.61
1003002|exportiamalg #2|9|39|1280.37
4003001|exportiedu pack #1|17|43|1279.69
4003001|exportiedu pack #1|19|31|1279.26
4002002|importoedu pack #2|18|42|1278.40
4004001|edu packedu pack #1|17|9|1277.98
9011009|amalgunivamalg #9|17|44|1277.43
5003002|exportischolar #2|8|28|1276.04
5004001|edu packscholar #1|17|5|1276.00
8008004|namelessnameless #4|17|44|1275.96
4001002|amalgedu pack #2|18|47|1275.56
8016003|corpmaxi #3|18|13|1275.51
3002001|importoexporti #1|19|4|1273.36
6004003|edu packcorp #3|17|56|1272.50
10016002|corpamalgamalg #2|19|31|1272.48
7004009|edu packbrand #9|17|53|1272.36
1003002|exportiamalg #2|8|32|1272.00
2003002|exportiimporto #2|18|57|1271.94
2002001|importoimporto #1|17|32|1271.60
6006007|corpcorp #7|7|37|1269.84
8007001|brandnameless #1|18|12|1269.60
5002001|importoscholar #1|18|12|1269.51
4004002|edu packedu pack #2|17|27|1269.10
3002001|importoexporti #1|17|7|1268.50
5003001|exportischolar #1|8|18|1268.10
7014001|edu packnameless #1|18|31|1267.95
6005007|scholarcorp #7|6|58|1267.80
1003002|exportiamalg #2|19|14|1267.72
4004001|edu packedu pack #1|18|27|1267.20
10001017|amalgunivamalg #17|19|36|1267.12
10008012|namelessunivamalg #12|17|56|1266.65
4004001|edu packedu pack #1|7|55|1265.97
10003004|exportiunivamalg #4|17|4|1265.31
9004003|edu packmaxi #3|8|3|1264.20
9012011|importounivamalg #11|19|17|1263.78
9004008|edu packmaxi #8|19|5|1263.36
7010001|univnameless #1|17|3|1262.80
3002001|importoexporti #1|19|41|1262.76
10011009|amalgamalgamalg #9|17|18|1262.30
4002002|importoedu pack #2|8|40|1262.24
4004001|edu packedu pack #1|17|5|1262.08
3003002|exportiexporti #2|18|33|1260.80
3001001|amalgexporti #1|19|57|1260.05
5003002|exportischolar #2|17|39|1259.70
7014002|edu packnameless #2|19|36|1259.30
7016001|corpnameless #1|19|52|1259.06
7013007|exportinameless #7|18|8|1258.70
9003005|exportimaxi #5|8|58|1258.61
9005009|scholarmaxi #9|9|25|1258.47
2002002|importoimporto #2|17|12|1257.41
9006005|corpmaxi #5|7|17|1257.36
6008005|namelesscorp #5|8|3|1256.36
5003002|exportischolar #2|9|48|1256.26
6015006|scholarbrand #6|19|17|1255.50
10011017|amalgamalgamalg #17|19|23|1254.40
3003002|exportiexporti #2|17|44|1254.12
4004001|edu packedu pack #1|19|14|1254.00
8016003|corpmaxi #3|19|4|1252.56
7009005|maxibrand #5|19|12|1251.60
1004001|edu packamalg #1|17|18|1250.55
10006002|corpunivamalg #2|17|44|1250.40
8012001|importomaxi #1|19|15|1249.44
5004001|edu packscholar #1|19|16|1249.03
8005005|scholarnameless #5|9|41|1248.28
10004015|edu packunivamalg #15|9|34|1247.73
5002001|importoscholar #1|9|16|1246.98
9016003|corpunivamalg #3|9|21|1246.00
1004002|edu packamalg #2|18|28|1245.85
7004009|edu packbrand #9|9|14|1245.12
9008005|namelessmaxi #5|17|14|1245.08
5003002|exportischolar #2|19|39|1244.40
10016017|corpamalgamalg #17|18|7|1244.10
1004001|edu packamalg #1|8|41|1243.52
3003002|exportiexporti #2|19|58|1243.48
10003016|exportiunivamalg #16|9|6|1243.44
9015009|scholarunivamalg #9|18|59|1242.69
9007009|brandmaxi #9|19|9|1242.20
6011007|amalgbrand #7|17|4|1241.46
2001002|amalgimporto #2|6|10|1241.37
8008002|namelessnameless #2|8|35|1241.00
3002001|importoexporti #1|19|48|1240.89
9008008|namelessmaxi #8|17|35|1240.75
1002002|importoamalg #2|17|20|1240.70
3002001|importoexporti #1|17|23|1240.32
1002001|importoamalg #1|8|31|1239.84
5002001|importoscholar #1|17|56|1238.28
NULL|NULL|9|14|1237.38
1003001|exportiamalg #1|6|35|1237.32
2004001|edu packimporto #1|17|24|1237.12
7016007|corpnameless #7|17|56|1236.69
10012017|importoamalgamalg #17|17|20|1236.15
2004001|edu packimporto #1|17|3|1235.39
3002002|importoexporti #2|8|33|1235.04
1001002|amalgamalg #2|19|24|1233.95
9013008|exportiunivamalg #8|8|46|1233.68
7012005|importonameless #5|18|27|1232.75
7001007|amalgbrand #7|9|8|1232.00
7011008|amalgnameless #8|8|51|1231.94
10003004|exportiunivamalg #4|18|35|1231.61
1002001|importoamalg #1|8|51|1231.36
4001002|amalgedu pack #2|9|10|1230.60
9014008|edu packunivamalg #8|17|0|1229.50
6016001|corpbrand #1|8|38|1229.48
7001009|amalgbrand #9|18|2|1229.20
2001002|amalgimporto #2|17|41|1229.02
9015011|scholarunivamalg #11|7|6|1227.57
1003001|exportiamalg #1|9|24|1227.28
8012010|importomaxi #10|17|39|1227.28
5001002|amalgscholar #2|19|31|1226.68
5002001|importoscholar #1|18|49|1226.52
6003007|exporticorp #7|9|59|1226.08
5003002|exportischolar #2|17|10|1225.64
3001002|amalgexporti #2|18|18|1224.63
1004001|edu packamalg #1|18|3|1224.60
4004001|edu packedu pack #1|18|28|1224.38
4002001|importoedu pack #1|19|37|1224.30
9010009|univunivamalg #9|17|0|1224.12
9012003|importounivamalg #3|18|18|1224.08
7006008|corpbrand #8|8|3|1223.60
8004009|edu packnameless #9|17|53|1223.00
7001009|amalgbrand #9|9|53|1222.50
7004001|edu packbrand #1|18|8|1222.00
2003002|exportiimporto #2|9|1|1221.83
3003001|exportiexporti #1|7|38|1219.76
9013002|exportiunivamalg #2|9|4|1219.16
6011005|amalgbrand #5|18|4|1218.56
4003001|exportiedu pack #1|8|57|1217.16
2004002|edu packimporto #2|7|33|1215.84
5001001|amalgscholar #1|17|16|1215.39
2003001|exportiimporto #1|19|17|1215.36
1001001|amalgamalg #1|8|6|1215.20
8015007|scholarmaxi #7|17|21|1215.12
1002001|importoamalg #1|18|9|1213.52
6005008|scholarcorp #8|17|18|1212.24
2002001|importoimporto #1|9|26|1211.48
7010010|univnameless #10|17|46|1211.14
1003001|exportiamalg #1|17|2|1211.10
9016005|corpunivamalg #5|18|5|1210.23
10013002|exportiamalgamalg #2|9|3|1210.16
1004002|edu packamalg #2|17|6|1209.60
10015017|scholaramalgamalg #17|19|24|1208.76
7006004|NULL|17|32|1208.70
10011009|amalgamalgamalg #9|18|0|1208.32
7014001|edu packnameless #1|9|18|1208.25
10013003|exportiamalgamalg #3|19|9|1207.50
3003001|exportiexporti #1|17|43|1207.44
8005009|scholarnameless #9|17|29|1207.14
3004002|edu packexporti #2|18|3|1207.01
9015003|scholarunivamalg #3|9|28|1206.80
5004001|edu packscholar #1|19|19|1206.72
3003001|exportiexporti #1|18|33|1206.24
1001001|amalgamalg #1|19|59|1205.70
10010007|univamalgamalg #7|8|37|1205.28
5001002|amalgscholar #2|17|1|1205.05
4001001|amalgedu pack #1|9|38|1204.91
3003001|exportiexporti #1|17|50|1204.32
5002001|importoscholar #1|8|45|1204.16
3002001|importoexporti #1|18|57|1203.64
4001001|amalgedu pack #1|19|49|1203.20
5002002|importoscholar #2|18|3|1203.00
4003001|exportiedu pack #1|8|0|1202.32
9002003|importomaxi #3|18|9|1201.76
4001002|amalgedu pack #2|18|43|1201.68
1003002|exportiamalg #2|19|32|1199.52
1001001|amalgamalg #1|8|58|1199.01
9003005|exportimaxi #5|17|54|1197.93
7002009|importobrand #9|9|56|1197.27
1003002|exportiamalg #2|17|12|1197.05
9013009|exportiunivamalg #9|7|15|1196.91
2004002|edu packimporto #2|9|19|1194.93
3001001|amalgexporti #1|19|55|1194.61
5003001|exportischolar #1|9|54|1192.82
1003002|exportiamalg #2|18|13|1192.10
7001004|amalgbrand #4|7|1|1192.09
10007015|brandunivamalg #15|7|21|1191.68
9013008|exportiunivamalg #8|17|9|1191.42
2004001|edu packimporto #1|8|19|1191.36
7001005|amalgbrand #5|18|3|1191.36
6008005|namelesscorp #5|17|10|1190.98
1001001|amalgamalg #1|17|0|1190.61
8016003|corpmaxi #3|18|23|1190.40
3002001|importoexporti #1|6|41|1190.15
3004002|edu packexporti #2|8|37|1190.02
6001001|amalgcorp #1|17|39|1189.24
2002001|importoimporto #1|17|19|1188.42
9008002|namelessmaxi #2|19|8|1188.22
1001002|amalgamalg #2|18|10|1188.00
5004001|edu packscholar #1|17|26|1187.91
8004003|edu packnameless #3|17|54|1187.90
5003002|exportischolar #2|17|34|1187.30
4004001|edu packedu pack #1|8|33|1187.26
5003002|exportischolar #2|18|55|1186.50
9011009|amalgunivamalg #9|19|18|1186.38
7001009|amalgbrand #9|19|50|1185.60
5004001|edu packscholar #1|19|34|1184.82
4003001|exportiedu pack #1|17|50|1184.40
10016008|corpamalgamalg #8|18|52|1183.98
7001005|amalgbrand #5|17|28|1183.50
7015007|scholarnameless #7|18|29|1183.46
7004008|edu packbrand #8|17|45|1183.28
8009009|maxinameless #9|17|17|1182.94
9006011|corpmaxi #11|19|19|1182.94
8015006|scholarmaxi #6|18|26|1182.81
1004002|edu packamalg #2|9|14|1182.75
3001001|amalgexporti #1|8|17|1182.60
5002002|importoscholar #2|17|8|1182.60
1001002|amalgamalg #2|9|37|1182.24
4004002|edu packedu pack #2|9|27|1181.44
10016001|corpamalgamalg #1|9|11|1181.05
6006004|corpcorp #4|7|54|1180.80
7007004|brandbrand #4|19|13|1180.06
1001001|amalgamalg #1|17|50|1180.00
4002001|importoedu pack #1|7|42|1179.98
1004002|edu packamalg #2|19|35|1179.72
2001002|amalgimporto #2|8|22|1179.33
2004002|edu packimporto #2|19|9|1179.20
8013009|exportimaxi #9|18|10|1179.00
8004005|edu packnameless #5|9|17|1178.84
8010008|univmaxi #8|17|24|1178.62
8007007|brandnameless #7|9|39|1178.10
6003008|exporticorp #8|9|53|1177.24
6005003|scholarcorp #3|19|35|1176.82
9016003|corpunivamalg #3|19|22|1175.25
9015005|scholarunivamalg #5|17|44|1175.04
2002001|importoimporto #1|9|34|1173.48
5001001|amalgscholar #1|9|38|1173.15
10014010|edu packamalgamalg #10|19|38|1172.71
1004002|edu packamalg #2|8|18|1172.68
10011017|amalgamalgamalg #17|19|7|1172.64
3004002|edu packexporti #2|19|34|1172.23
6005001|scholarcorp #1|9|41|1172.18
2003001|exportiimporto #1|18|22|1171.36
6016001|corpbrand #1|8|47|1170.40
1001001|amalgamalg #1|19|55|1169.52
2002002|importoimporto #2|17|49|1169.52
8001001|amalgnameless #1|17|16|1169.47
7004006|edu packbrand #6|19|4|1168.58
2003001|exportiimporto #1|8|29|1168.41
6005001|scholarcorp #1|17|9|1167.95
3002002|importoexporti #2|9|30|1167.74
10012004|importoamalgamalg #4|18|25|1167.04
6014006|edu packbrand #6|17|21|1166.60
7004004|edu packbrand #4|9|9|1166.16
3003001|exportiexporti #1|9|53|1165.86
2001001|amalgimporto #1|9|11|1165.25
4002001|importoedu pack #1|9|46|1164.72
8008009|namelessnameless #9|19|36|1164.40
9014011|edu packunivamalg #11|19|25|1164.36
5002001|importoscholar #1|9|46|1163.35
9015009|scholarunivamalg #9|18|42|1161.76
5003001|exportischolar #1|19|46|1161.60
1004001|edu packamalg #1|17|35|1161.54
10016001|corpamalgamalg #1|18|51|1161.00
2002001|importoimporto #1|18|2|1160.64
2003002|exportiimporto #2|9|24|1159.90
3002002|importoexporti #2|9|25|1158.24
4003001|exportiedu pack #1|17|19|1157.68
8010009|univmaxi #9|17|7|1157.52
8010005|univmaxi #5|19|35|1155.34
2002001|importoimporto #1|18|5|1155.00
10014016|edu packamalgamalg #16|9|16|1154.80
4002002|importoedu pack #2|18|30|1154.64
10009017|maxiunivamalg #17|9|32|1154.46
9003011|exportimaxi #11|8|58|1153.88
10004017|edu packunivamalg #17|17|21|1153.68
10007002|brandunivamalg #2|18|8|1153.38
2004001|edu packimporto #1|7|38|1152.58
2001001|amalgimporto #1|19|51|1151.66
10005013|scholarunivamalg #13|18|4|1151.36
10003011|exportiunivamalg #11|9|15|1150.52
7008009|namelessbrand #9|7|57|1149.54
6011008|amalgbrand #8|17|58|1148.93
2003002|exportiimporto #2|19|53|1148.38
3002001|importoexporti #1|19|37|1148.29
7011008|amalgnameless #8|8|40|1147.38
5003001|exportischolar #1|17|54|1146.85
9016003|corpunivamalg #3|19|25|1146.32
5001002|amalgscholar #2|19|50|1145.86
4004001|edu packedu pack #1|9|34|1145.84
8004001|edu packnameless #1|18|15|1145.37
5003002|exportischolar #2|19|22|1144.00
7012005|importonameless #5|19|11|1144.00
3003002|exportiexporti #2|6|26|1143.92
10015005|scholaramalgamalg #5|17|21|1143.20
5002001|importoscholar #1|9|57|1142.64
9001008|amalgmaxi #8|18|37|1142.64
7010001|univnameless #1|8|13|1142.25
5004001|edu packscholar #1|18|56|1141.98
2002001|importoimporto #1|18|17|1141.55
4002001|importoedu pack #1|9|5|1141.42
10012010|importoamalgamalg #10|17|6|1140.00
9009002|maximaxi #2|19|35|1139.04
10004004|edu packunivamalg #4|9|9|1136.96
6014007|edu packbrand #7|17|16|1136.88
8004001|edu packnameless #1|18|36|1136.45
8005010|scholarnameless #10|19|41|1135.60
4002002|importoedu pack #2|18|13|1135.20
8011007|amalgmaxi #7|19|15|1134.51
4004002|edu packedu pack #2|17|55|1133.35
8012001|importomaxi #1|17|37|1132.20
9012011|importounivamalg #11|19|5|1131.64
9006008|corpmaxi #8|6|41|1131.57
7009001|maxibrand #1|6|30|1131.30
9003005|exportimaxi #5|19|44|1130.24
7009009|maxibrand #9|18|27|1130.22
5003001|exportischolar #1|17|59|1128.96
10010007|univamalgamalg #7|18|29|1128.10
1002002|importoamalg #2|9|30|1127.97
9015011|scholarunivamalg #11|9|28|1127.52
3004001|edu packexporti #1|8|57|1127.50
7004009|edu packbrand #9|9|7|1126.32
1002002|importoamalg #2|8|19|1125.96
3004001|edu packexporti #1|18|4|1125.72
2004002|edu packimporto #2|18|49|1125.44
6016003|corpbrand #3|9|41|1125.23
8005003|scholarnameless #3|9|54|1124.76
9009002|maximaxi #2|6|9|1124.32
9009003|maximaxi #3|18|10|1123.47
9013002|exportiunivamalg #2|17|21|1122.66
7016001|corpnameless #1|17|57|1122.30
7003001|exportibrand #1|19|41|1122.24
1002001|importoamalg #1|17|40|1121.65
6014001|edu packbrand #1|17|38|1120.64
2004002|edu packimporto #2|9|50|1120.36
7016001|corpnameless #1|19|25|1120.25
2001002|amalgimporto #2|8|40|1119.72
10009013|maxiunivamalg #13|8|44|1119.71
5001001|amalgscholar #1|19|39|1119.48
7015002|scholarnameless #2|9|15|1118.88
8006009|corpnameless #9|7|15|1118.78
10006013|corpunivamalg #13|8|46|1118.60
3002001|importoexporti #1|17|28|1118.48
4004002|edu packedu pack #2|17|44|1117.66
6003008|exporticorp #8|18|57|1116.99
9011009|amalgunivamalg #9|18|18|1116.90
1001002|amalgamalg #2|17|20|1116.00
9015003|scholarunivamalg #3|17|18|1115.62
8008004|namelessnameless #4|19|30|1115.04
2003001|exportiimporto #1|17|35|1114.96
2002001|importoimporto #1|17|17|1114.05
8003003|exportinameless #3|17|28|1114.02
7016001|corpnameless #1|19|41|1113.64
2001002|amalgimporto #2|8|25|1113.25
6015005|scholarbrand #5|17|34|1112.40
7003001|exportibrand #1|19|8|1112.00
7011001|amalgnameless #1|19|54|1111.68
4003002|exportiedu pack #2|19|31|1110.90
8005008|scholarnameless #8|8|31|1110.83
6006007|corpcorp #7|7|11|1110.00
6001007|amalgcorp #7|19|11|1109.88
4002002|importoedu pack #2|7|18|1108.71
7001005|amalgbrand #5|17|20|1108.56
10012001|importoamalgamalg #1|18|57|1108.48
3002001|importoexporti #1|19|39|1107.21
3001002|amalgexporti #2|17|45|1107.00
4002002|importoedu pack #2|7|32|1107.00
6016003|corpbrand #3|9|4|1106.28
6012007|importobrand #7|18|3|1106.00
4002001|importoedu pack #1|19|59|1105.20
3004001|edu packexporti #1|19|1|1103.90
2004001|edu packimporto #1|17|47|1103.74
6003007|exporticorp #7|17|19|1103.74
2001002|amalgimporto #2|17|11|1102.89
1004002|edu packamalg #2|17|21|1102.62
4001002|amalgedu pack #2|9|13|1101.26
6009003|maxicorp #3|19|15|1100.88
8013009|exportimaxi #9|8|36|1100.67
4004002|edu packedu pack #2|19|34|1097.40
7009001|maxibrand #1|18|25|1097.25
3003001|exportiexporti #1|7|35|1096.64
5003002|exportischolar #2|9|11|1096.00
2004001|edu packimporto #1|17|18|1094.08
2001002|amalgimporto #2|19|59|1093.92
2001002|amalgimporto #2|8|27|1093.68
3003002|exportiexporti #2|19|10|1092.93
9003005|exportimaxi #5|17|20|1092.72
6015006|scholarbrand #6|18|26|1092.44
2003001|exportiimporto #1|18|21|1092.14
8003010|exportinameless #10|18|28|1091.52
3002001|importoexporti #1|9|8|1091.35
10016003|corpamalgamalg #3|18|41|1090.80
1002002|importoamalg #2|7|1|1090.56
8005008|scholarnameless #8|19|42|1090.44
1001002|amalgamalg #2|17|57|1090.25
10010013|univamalgamalg #13|19|31|1088.78
6009007|maxicorp #7|19|24|1088.70
9002003|importomaxi #3|18|53|1088.59
4004001|edu packedu pack #1|8|8|1088.34
8004003|edu packnameless #3|17|40|1088.34
6014002|edu packbrand #2|19|32|1088.14
8004003|edu packnameless #3|17|44|1086.90
6005008|scholarcorp #8|19|35|1086.30
9011008|amalgunivamalg #8|17|24|1086.21
2004002|edu packimporto #2|9|40|1085.95
1001002|amalgamalg #2|18|30|1085.76
8015008|scholarmaxi #8|17|51|1085.56
2001001|amalgimporto #1|9|25|1085.50
10012004|importoamalgamalg #4|19|34|1084.81
9008002|namelessmaxi #2|19|47|1084.68
8007001|brandnameless #1|17|38|1084.46
1004002|edu packamalg #2|17|25|1083.35
1004002|edu packamalg #2|6|29|1083.04
10014010|edu packamalgamalg #10|19|15|1082.90
3001001|amalgexporti #1|8|13|1080.83
7004006|edu packbrand #6|19|29|1080.66
8011007|amalgmaxi #7|17|48|1080.65
2003002|exportiimporto #2|7|42|1080.60
10001017|amalgunivamalg #17|18|20|1079.20
9013002|exportiunivamalg #2|9|49|1079.13
7014002|edu packnameless #2|9|43|1079.12
6009004|maxicorp #4|19|17|1078.18
2002001|importoimporto #1|9|5|1077.96
4001002|amalgedu pack #2|8|7|1077.96
4002001|importoedu pack #1|18|36|1077.18
9007003|brandmaxi #3|8|14|1076.80
2001001|amalgimporto #1|19|18|1076.10
5004002|edu packscholar #2|18|11|1076.10
10002007|importounivamalg #7|19|26|1075.22
9001011|amalgmaxi #11|8|59|1075.14
1004002|edu packamalg #2|9|47|1074.79
9003008|exportimaxi #8|17|7|1074.48
8010009|univmaxi #9|18|57|1074.46
7003009|exportibrand #9|18|54|1073.80
8008009|namelessnameless #9|19|6|1073.56
9015005|scholarunivamalg #5|18|2|1073.34
10007005|brandunivamalg #5|19|1|1073.12
4004002|edu packedu pack #2|19|52|1072.72
5003002|exportischolar #2|9|34|1071.00
9009002|maximaxi #2|18|23|1070.84
2002001|importoimporto #1|17|0|1069.83
6014004|edu packbrand #4|9|49|1068.36
7001004|amalgbrand #4|17|57|1068.00
9007009|brandmaxi #9|19|59|1067.42
9016009|corpunivamalg #9|9|4|1067.36
4004001|edu packedu pack #1|18|30|1065.96
5001001|amalgscholar #1|18|7|1065.90
5004001|edu packscholar #1|17|14|1065.79
1001002|amalgamalg #2|19|52|1065.26
6006003|corpcorp #3|19|9|1064.70
6016005|corpbrand #5|8|21|1064.36
4002002|importoedu pack #2|18|18|1063.55
7006008|corpbrand #8|18|59|1062.72
6016001|corpbrand #1|17|5|1062.04
10008002|namelessunivamalg #2|8|55|1061.00
10012010|importoamalgamalg #10|9|19|1060.80
8004001|edu packnameless #1|8|7|1060.58
4004002|edu packedu pack #2|17|23|1059.84
8004003|edu packnameless #3|19|17|1059.58
4001001|amalgedu pack #1|8|31|1059.12
4003002|exportiedu pack #2|17|54|1059.00
7002003|importobrand #3|9|54|1058.88
4003002|exportiedu pack #2|17|55|1058.23
4002002|importoedu pack #2|9|27|1057.68
5004001|edu packscholar #1|9|12|1056.89
1004001|edu packamalg #1|19|6|1056.16
6015004|scholarbrand #4|18|20|1055.70
9007009|brandmaxi #9|18|47|1055.70
3003001|exportiexporti #1|6|18|1055.55
7007010|brandbrand #10|17|54|1055.20
7006004|NULL|19|46|1055.01
7008009|namelessbrand #9|9|58|1054.20
1001002|amalgamalg #2|7|47|1053.12
8008003|namelessnameless #3|18|8|1052.45
6011008|amalgbrand #8|18|42|1050.48
4002001|importoedu pack #1|17|20|1050.24
4003001|exportiedu pack #1|7|21|1049.77
1002001|importoamalg #1|17|26|1048.80
9012005|importounivamalg #5|9|18|1048.57
7010008|univnameless #8|19|1|1048.50
1002001|importoamalg #1|8|27|1047.98
1003001|exportiamalg #1|17|48|1047.54
2001002|amalgimporto #2|19|34|1047.48
3002002|importoexporti #2|9|42|1047.33
1004002|edu packamalg #2|17|18|1047.21
3003001|exportiexporti #1|19|4|1046.56
10015001|scholaramalgamalg #1|18|39|1045.81
4002001|importoedu pack #1|8|47|1045.50
5001001|amalgscholar #1|17|21|1045.44
4003002|exportiedu pack #2|8|50|1043.70
4003001|exportiedu pack #1|18|36|1043.52
9012008|importounivamalg #8|8|2|1043.28
4001001|amalgedu pack #1|18|15|1042.58
9003005|exportimaxi #5|17|8|1041.74
5003002|exportischolar #2|9|39|1041.66
8011007|amalgmaxi #7|17|7|1041.00
4004002|edu packedu pack #2|17|11|1040.49
10015004|scholaramalgamalg #4|19|43|1040.29
1002002|importoamalg #2|8|50|1039.92
1001002|amalgamalg #2|19|48|1038.88
8003003|exportinameless #3|18|59|1038.54
3002001|importoexporti #1|18|16|1038.10
6015007|scholarbrand #7|18|17|1037.76
5002001|importoscholar #1|19|19|1037.40
6014002|edu packbrand #2|19|54|1036.44
1003001|exportiamalg #1|17|27|1035.78
5002001|importoscholar #1|18|22|1035.76
10006009|corpunivamalg #9|17|14|1035.45
3002002|importoexporti #2|7|17|1034.85
10010004|univamalgamalg #4|17|46|1034.70
10002007|importounivamalg #7|9|51|1034.00
3002001|importoexporti #1|6|32|1033.83
6014002|edu packbrand #2|17|10|1033.56
2003002|exportiimporto #2|9|21|1032.22
9009002|maximaxi #2|9|4|1030.40
9008008|namelessmaxi #8|6|45|1030.32
2004001|edu packimporto #1|9|13|1029.50
8007010|brandnameless #10|8|8|1029.42
8010009|univmaxi #9|7|46|1027.32
1004001|edu packamalg #1|19|16|1025.42
9008005|namelessmaxi #5|18|8|1024.86
6009002|maxicorp #2|17|7|1024.80
2004001|edu packimporto #1|17|41|1024.48
8015005|scholarmaxi #5|8|30|1024.42
10004015|edu packunivamalg #15|19|58|1023.75
1004002|edu packamalg #2|7|42|1022.54
5004001|edu packscholar #1|9|50|1022.08
8010008|univmaxi #8|18|50|1021.79
9011009|amalgunivamalg #9|17|34|1021.60
10002011|importounivamalg #11|9|0|1021.08
2001002|amalgimporto #2|18|0|1020.00
8005003|scholarnameless #3|8|45|1020.00
3004002|edu packexporti #2|9|15|1019.52
9007003|brandmaxi #3|18|4|1018.08
7006009|corpbrand #9|19|50|1018.02
8003003|exportinameless #3|19|40|1018.02
9002008|importomaxi #8|17|23|1016.80
6008003|namelesscorp #3|9|17|1016.40
9014008|edu packunivamalg #8|19|43|1016.40
2003002|exportiimporto #2|18|23|1015.95
4004001|edu packedu pack #1|18|35|1015.32
7011008|amalgnameless #8|9|40|1014.65
10012010|importoamalgamalg #10|18|29|1014.22
3003002|exportiexporti #2|9|50|1013.76
6010005|univbrand #5|9|36|1013.61
6010004|univbrand #4|8|23|1013.52
7006003|corpbrand #3|8|54|1013.50
2001001|amalgimporto #1|7|36|1013.40
6001008|amalgcorp #8|18|19|1012.77
1003002|exportiamalg #2|8|3|1012.68
2002001|importoimporto #1|18|26|1011.15
6001007|amalgcorp #7|17|18|1010.58
10004008|edu packunivamalg #8|8|6|1010.24
7008009|namelessbrand #9|19|13|1010.07
9001008|amalgmaxi #8|17|50|1010.00
1002001|importoamalg #1|17|41|1009.94
2002001|importoimporto #1|19|19|1009.20
6015008|scholarbrand #8|18|0|1008.91
2003001|exportiimporto #1|7|40|1008.90
1003001|exportiamalg #1|9|7|1008.48
8011007|amalgmaxi #7|7|16|1007.60
1003002|exportiamalg #2|17|52|1007.24
7015009|scholarnameless #9|7|40|1006.23
7012003|importonameless #3|7|5|1005.96
2001001|amalgimporto #1|19|9|1005.16
8006003|corpnameless #3|19|36|1004.90
6001001|amalgcorp #1|18|6|1004.70
8005003|scholarnameless #3|19|45|1004.64
1003002|exportiamalg #2|19|19|1004.40
10016016|corpamalgamalg #16|9|15|1003.72
3001001|amalgexporti #1|17|31|1002.76
4003001|exportiedu pack #1|17|4|1001.88
5003001|exportischolar #1|17|16|1001.88
6014007|edu packbrand #7|9|9|1001.88
10015012|scholaramalgamalg #12|17|33|1001.70
4003001|exportiedu pack #1|17|53|1000.96
1002001|importoamalg #1|18|23|1000.00
5001001|amalgscholar #1|17|18|999.60
1003002|exportiamalg #2|17|8|999.48
8004003|edu packnameless #3|19|32|998.80
1003001|exportiamalg #1|6|36|997.60
8010008|univmaxi #8|17|6|997.50
8009010|maxinameless #10|18|17|997.20
10003004|exportiunivamalg #4|19|25|994.21
8016009|corpmaxi #9|19|13|993.96
6015006|scholarbrand #6|18|29|993.75
9002003|importomaxi #3|17|39|993.54
3002001|importoexporti #1|18|39|992.68
4001001|amalgedu pack #1|9|18|992.47
8004001|edu packnameless #1|17|39|992.16
9001008|amalgmaxi #8|17|33|991.38
3003001|exportiexporti #1|19|37|991.02
5004001|edu packscholar #1|17|6|991.02
10016004|corpamalgamalg #4|9|38|989.83
4001001|amalgedu pack #1|17|14|989.52
3004001|edu packexporti #1|7|11|989.14
7004001|edu packbrand #1|7|28|988.90
1002001|importoamalg #1|8|20|988.78
5003002|exportischolar #2|17|29|988.35
2001002|amalgimporto #2|9|16|988.28
7001009|amalgbrand #9|19|55|986.18
6007007|brandcorp #7|19|20|985.92
7006003|corpbrand #3|18|56|985.92
9003003|exportimaxi #3|17|28|985.53
9001005|amalgmaxi #5|9|21|984.94
5003002|exportischolar #2|17|33|984.86
6009003|maxicorp #3|19|36|984.80
7007010|brandbrand #10|8|28|984.48
7009009|maxibrand #9|17|54|984.00
7007010|brandbrand #10|9|16|983.92
10004001|edu packunivamalg #1|18|59|983.18
1004002|edu packamalg #2|18|11|982.81
7010009|univnameless #9|19|12|981.92
10012010|importoamalgamalg #10|19|7|981.44
1001001|amalgamalg #1|17|33|980.90
2002002|importoimporto #2|18|49|980.64
10012010|importoamalgamalg #10|18|7|980.56
10012004|importoamalgamalg #4|19|12|980.28
5004001|edu packscholar #1|8|17|979.08
3002002|importoexporti #2|17|54|978.68
4001001|amalgedu pack #1|17|32|978.64
7010004|univnameless #4|18|33|978.56
7002008|importobrand #8|19|37|977.59
6008002|namelesscorp #2|19|52|976.99
10001017|amalgunivamalg #17|19|2|976.98
6009003|maxicorp #3|9|40|976.92
7010003|univnameless #3|18|0|976.92
4003002|exportiedu pack #2|8|10|976.80
7014002|edu packnameless #2|8|26|976.68
7004001|edu packbrand #1|17|21|976.64
9005009|scholarmaxi #9|9|32|976.36
3004001|edu packexporti #1|8|37|976.31
8008003|namelessnameless #3|9|44|975.52
9003008|exportimaxi #8|9|36|974.74
4002002|importoedu pack #2|8|50|974.61
4001001|amalgedu pack #1|18|57|974.43
4004001|edu packedu pack #1|17|26|974.08
6003003|exporticorp #3|18|57|973.17
8005005|scholarnameless #5|9|39|973.05
10014016|edu packamalgamalg #16|17|59|973.05
4003001|exportiedu pack #1|18|17|972.51
10002007|importounivamalg #7|18|19|972.50
5003002|exportischolar #2|8|18|971.73
9005009|scholarmaxi #9|19|15|971.55
2003002|exportiimporto #2|6|59|971.10
2002002|importoimporto #2|19|40|970.48
9011008|amalgunivamalg #8|19|4|968.76
10012010|importoamalgamalg #10|17|8|968.38
6015005|scholarbrand #5|18|52|967.60
8012010|importomaxi #10|17|45|967.50
9009009|maximaxi #9|6|28|966.90
10013003|exportiamalgamalg #3|19|51|966.84
2003001|exportiimporto #1|17|14|966.21
7012005|importonameless #5|6|50|966.17
1001001|amalgamalg #1|6|36|965.60
9009005|maximaxi #5|17|12|964.81
9015002|scholarunivamalg #2|18|30|964.20
9011008|amalgunivamalg #8|17|29|964.16
8009003|maxinameless #3|19|57|962.98
4002001|importoedu pack #1|9|38|962.78
8005009|scholarnameless #9|9|22|962.61
6003003|exporticorp #3|19|10|962.40
6011005|amalgbrand #5|18|18|961.80
3003002|exportiexporti #2|17|56|961.50
10016007|corpamalgamalg #7|18|57|960.40
5002001|importoscholar #1|18|14|959.92
7004009|edu packbrand #9|19|53|958.72
6014006|edu packbrand #6|19|7|958.16
9009002|maximaxi #2|17|55|957.44
5003001|exportischolar #1|18|47|957.20
1003002|exportiamalg #2|9|58|957.00
2001002|amalgimporto #2|18|2|956.80
4001001|amalgedu pack #1|19|6|956.39
9007009|brandmaxi #9|8|35|955.88
9004008|edu packmaxi #8|9|51|955.68
1002001|importoamalg #1|7|39|955.37
7011001|amalgnameless #1|18|49|955.26
8001004|amalgnameless #4|18|33|955.00
7012009|importonameless #9|17|51|954.80
6015005|scholarbrand #5|7|16|954.75
2004001|edu packimporto #1|18|58|954.50
8010001|univmaxi #1|17|40|953.55
6005007|scholarcorp #7|18|38|953.29
4002002|importoedu pack #2|19|16|953.28
8002009|importonameless #9|18|43|953.12
1003001|exportiamalg #1|19|42|952.38
8011009|amalgmaxi #9|19|42|951.60
1002001|importoamalg #1|18|48|951.00
6012008|importobrand #8|19|5|950.40
10006013|corpunivamalg #13|6|37|950.00
2001002|amalgimporto #2|19|16|949.08
7016007|corpnameless #7|8|11|948.66
9013002|exportiunivamalg #2|19|18|948.42
6005001|scholarcorp #1|19|4|948.29
4001002|amalgedu pack #2|17|57|948.00
2002001|importoimporto #1|8|13|947.80
5002001|importoscholar #1|8|31|946.08
9016008|corpunivamalg #8|19|42|946.04
10009015|maxiunivamalg #15|19|14|945.98
8001003|amalgnameless #3|17|44|944.64
6004004|edu packcorp #4|8|55|943.20
3003001|exportiexporti #1|18|16|943.08
5001001|amalgscholar #1|18|24|943.00
9003005|exportimaxi #5|7|51|942.40
1004001|edu packamalg #1|18|38|941.78
10014016|edu packamalgamalg #16|19|50|941.78
9013009|exportiunivamalg #9|19|15|941.62
5003002|exportischolar #2|9|4|941.50
10012005|importoamalgamalg #5|18|7|940.90
9002011|importomaxi #11|9|56|940.68
6013005|exportibrand #5|19|22|940.50
10013003|exportiamalgamalg #3|17|57|940.24
6016001|corpbrand #1|19|28|939.96
9012003|importounivamalg #3|9|6|939.96
3004001|edu packexporti #1|19|49|938.65
2002002|importoimporto #2|18|10|938.40
1003001|exportiamalg #1|7|27|937.60
5003002|exportischolar #2|19|15|937.30
7012003|importonameless #3|17|37|937.13
9009002|maximaxi #2|18|54|936.36
3004001|edu packexporti #1|9|44|935.82
1004001|edu packamalg #1|9|14|934.56
6006007|corpcorp #7|19|52|934.56
7001009|amalgbrand #9|17|12|934.56
10006008|corpunivamalg #8|19|35|933.12
10015005|scholaramalgamalg #5|18|18|933.10
6015005|scholarbrand #5|17|24|932.99
7013002|exportinameless #2|9|55|932.48
4001001|amalgedu pack #1|17|13|932.36
10013015|exportiamalgamalg #15|7|36|931.66
9010009|univunivamalg #9|17|4|931.61
8014004|edu packmaxi #4|19|48|931.35
1002002|importoamalg #2|19|55|931.24
9002011|importomaxi #11|6|4|931.12
9006002|corpmaxi #2|7|25|930.72
7016001|corpnameless #1|17|3|930.62
6003003|exporticorp #3|18|44|930.00
9008005|namelessmaxi #5|9|44|929.50
4001001|amalgedu pack #1|6|21|929.28
5003001|exportischolar #1|17|33|928.56
5003002|exportischolar #2|18|3|928.48
7004009|edu packbrand #9|7|5|928.32
2004001|edu packimporto #1|18|42|927.84
5002001|importoscholar #1|6|0|927.08
7002008|importobrand #8|18|55|926.64
1001001|amalgamalg #1|7|43|925.34
6015008|scholarbrand #8|8|26|925.30
1004001|edu packamalg #1|19|17|925.12
4001001|amalgedu pack #1|19|43|922.74
5001002|amalgscholar #2|18|48|922.68
4004001|edu packedu pack #1|8|2|922.50
8011008|amalgmaxi #8|17|45|921.45
5001002|amalgscholar #2|8|49|921.36
9007003|brandmaxi #3|9|11|921.36
6012002|importobrand #2|9|45|921.12
3004002|edu packexporti #2|19|32|919.88
2004002|edu packimporto #2|17|6|919.27
7004006|edu packbrand #6|6|21|918.90
10004004|edu packunivamalg #4|9|54|918.84
7012010|importonameless #10|18|25|918.54
3004002|edu packexporti #2|19|23|918.34
6011005|amalgbrand #5|17|1|918.27
7016001|corpnameless #1|18|19|918.06
6012003|importobrand #3|9|3|917.28
9008002|namelessmaxi #2|8|15|916.20
9012005|importounivamalg #5|9|47|916.08
1003002|exportiamalg #2|9|8|915.99
8014005|edu packmaxi #5|8|20|915.85
10016009|corpamalgamalg #9|19|47|915.72
2002001|importoimporto #1|19|54|915.64
6003003|exporticorp #3|18|52|915.53
4003002|exportiedu pack #2|6|28|915.20
8008003|namelessnameless #3|18|23|914.50
9013011|exportiunivamalg #11|18|37|914.20
4004001|edu packedu pack #1|9|18|913.95
10003004|exportiunivamalg #4|18|16|913.92
5003002|exportischolar #2|17|41|913.73
9006005|corpmaxi #5|18|29|913.20
5004001|edu packscholar #1|17|18|913.19
4002001|importoedu pack #1|17|46|913.14
8002009|importonameless #9|18|36|912.79
7007004|brandbrand #4|9|0|912.76
6014001|edu packbrand #1|8|17|912.00
8013007|exportimaxi #7|17|36|911.80
6012003|importobrand #3|9|34|911.49
7008005|namelessbrand #5|17|13|910.00
5004001|edu packscholar #1|9|59|909.86
6003003|exporticorp #3|7|31|909.65
10011009|amalgamalgamalg #9|8|49|909.50
7007005|brandbrand #5|19|2|909.33
1004001|edu packamalg #1|17|25|909.30
10008015|namelessunivamalg #15|8|9|909.30
8010009|univmaxi #9|8|44|908.70
3004002|edu packexporti #2|17|7|908.18
6014004|edu packbrand #4|8|44|907.94
2001002|amalgimporto #2|17|17|907.74
4003001|exportiedu pack #1|18|33|907.56
3004002|edu packexporti #2|7|17|907.40
10012004|importoamalgamalg #4|17|17|907.40
10004015|edu packunivamalg #15|17|27|907.20
8012004|importomaxi #4|9|52|906.36
2001002|amalgimporto #2|17|54|906.30
1002001|importoamalg #1|19|24|906.24
6015006|scholarbrand #6|18|0|905.74
6008002|namelesscorp #2|17|19|904.65
8016004|corpmaxi #4|8|34|904.40
4003001|exportiedu pack #1|9|23|903.42
6004004|edu packcorp #4|9|14|903.42
9013009|exportiunivamalg #9|9|50|902.59
3001002|amalgexporti #2|9|35|902.16
10005013|scholarunivamalg #13|19|57|901.50
3004002|edu packexporti #2|9|4|901.34
4004001|edu packedu pack #1|9|54|901.14
1004002|edu packamalg #2|19|43|900.90
5004001|edu packscholar #1|8|54|900.84
8009009|maxinameless #9|19|24|900.03
10011004|amalgamalgamalg #4|9|13|898.04
9004008|edu packmaxi #8|8|39|897.09
2003002|exportiimporto #2|18|9|896.91
6015006|scholarbrand #6|9|13|896.40
4004002|edu packedu pack #2|17|42|896.10
10001017|amalgunivamalg #17|17|21|896.08
7002008|importobrand #8|19|5|895.56
10012010|importoamalgamalg #10|17|38|895.52
10013003|exportiamalgamalg #3|6|38|895.31
10007014|brandunivamalg #14|17|41|895.16
10012005|importoamalgamalg #5|19|34|894.90
4001001|amalgedu pack #1|17|17|894.82
2003001|exportiimporto #1|19|32|894.81
4002002|importoedu pack #2|7|24|894.62
1004002|edu packamalg #2|18|33|894.48
1002002|importoamalg #2|17|18|893.95
9011009|amalgunivamalg #9|17|51|893.39
2002001|importoimporto #1|17|6|893.28
5003002|exportischolar #2|19|33|892.44
2001002|amalgimporto #2|9|13|892.33
5003001|exportischolar #1|18|10|892.32
5004002|edu packscholar #2|9|37|891.99
10009017|maxiunivamalg #17|18|36|891.91
10016001|corpamalgamalg #1|7|17|891.87
2002002|importoimporto #2|9|3|891.02
5004002|edu packscholar #2|9|13|889.68
3003001|exportiexporti #1|18|46|889.63
4001001|amalgedu pack #1|9|14|889.38
1004001|edu packamalg #1|9|1|888.58
3004001|edu packexporti #1|18|5|888.52
10003011|exportiunivamalg #11|7|6|888.38
4004002|edu packedu pack #2|17|6|887.60
1001002|amalgamalg #2|18|54|887.20
8005006|scholarnameless #6|18|40|886.88
7005007|scholarbrand #7|19|8|886.80
8005006|scholarnameless #6|9|48|886.20
9007003|brandmaxi #3|17|12|886.16
2001001|amalgimporto #1|7|20|885.50
10003011|exportiunivamalg #11|7|3|885.50
10016007|corpamalgamalg #7|18|36|885.43
2002001|importoimporto #1|6|24|885.08
10006003|corpunivamalg #3|9|18|884.10
8003003|exportinameless #3|17|4|884.08
2001002|amalgimporto #2|19|26|884.00
3002001|importoexporti #1|9|28|884.00
2001002|amalgimporto #2|17|31|883.74
5003002|exportischolar #2|7|14|882.76
7015009|scholarnameless #9|17|50|882.50
1002001|importoamalg #1|7|50|882.20
5001001|amalgscholar #1|18|9|881.98
1003002|exportiamalg #2|17|13|881.86
3002002|importoexporti #2|6|2|880.95
1003002|exportiamalg #2|8|1|880.78
6011001|amalgbrand #1|8|57|880.74
6015006|scholarbrand #6|17|10|880.53
1001002|amalgamalg #2|19|49|880.46
4001001|amalgedu pack #1|8|33|880.44
8001004|amalgnameless #4|19|42|880.26
5002002|importoscholar #2|18|18|879.62
7001005|amalgbrand #5|17|5|879.12
3004002|edu packexporti #2|17|8|878.25
5003001|exportischolar #1|6|44|877.40
8010009|univmaxi #9|18|9|877.02
8009009|maxinameless #9|17|8|877.00
9011008|amalgunivamalg #8|7|20|876.96
9014008|edu packunivamalg #8|9|44|876.48
1004002|edu packamalg #2|17|14|875.52
5002001|importoscholar #1|19|42|875.50
1002001|importoamalg #1|18|8|874.95
2001001|amalgimporto #1|9|46|873.60
2003001|exportiimporto #1|18|57|873.60
9008011|namelessmaxi #11|9|2|873.00
10003004|exportiunivamalg #4|17|6|872.48
8008004|namelessnameless #4|19|54|872.40
5002001|importoscholar #1|18|6|871.68
4004001|edu packedu pack #1|18|17|871.04
2003002|exportiimporto #2|19|0|869.76
5001001|amalgscholar #1|17|28|869.60
3003001|exportiexporti #1|9|11|868.68
5004001|edu packscholar #1|8|43|867.56
3004001|edu packexporti #1|8|22|867.52
3001001|amalgexporti #1|7|42|867.12
9016003|corpunivamalg #3|8|7|866.53
8016007|corpmaxi #7|19|59|866.32
9010009|univunivamalg #9|18|25|865.40
4002001|importoedu pack #1|17|44|864.78
1002002|importoamalg #2|17|31|864.51
1003001|exportiamalg #1|9|17|864.50
10016008|corpamalgamalg #8|7|27|864.12
1004001|edu packamalg #1|18|33|864.07
7009003|maxibrand #3|18|16|863.75
8012006|importomaxi #6|19|1|863.42
6016003|corpbrand #3|9|46|863.37
10015017|scholaramalgamalg #17|18|53|862.65
8008005|namelessnameless #5|7|9|862.56
7008005|namelessbrand #5|8|17|861.84
2003002|exportiimporto #2|17|59|861.83
6015008|scholarbrand #8|8|37|860.44
1001002|amalgamalg #2|9|3|860.40
8015008|scholarmaxi #8|9|51|860.00
8005005|scholarnameless #5|18|46|858.88
7016001|corpnameless #1|6|56|858.78
10011004|amalgamalgamalg #4|9|18|858.72
8003003|exportinameless #3|17|3|858.36
9001003|amalgmaxi #3|8|46|858.00
5004001|edu packscholar #1|7|21|857.82
7014002|edu packnameless #2|18|5|857.71
8008003|namelessnameless #3|17|17|857.25
2002002|importoimporto #2|19|4|857.22
4001001|amalgedu pack #1|17|37|855.91
8001003|amalgnameless #3|18|44|855.90
8015005|scholarmaxi #5|19|11|855.03
1002002|importoamalg #2|9|26|854.82
4002002|importoedu pack #2|19|1|854.70
7006001|corpbrand #1|8|34|854.34
2004002|edu packimporto #2|18|35|853.20
1004001|edu packamalg #1|19|41|853.12
9007003|brandmaxi #3|17|53|852.31
4003001|exportiedu pack #1|17|48|852.24
7010001|univnameless #1|9|32|851.04
6004003|edu packcorp #3|9|35|850.56
10006009|corpunivamalg #9|9|14|850.28
8011007|amalgmaxi #7|17|16|849.64
1003001|exportiamalg #1|17|38|849.42
9004003|edu packmaxi #3|18|21|849.40
9013011|exportiunivamalg #11|19|53|849.24
10004008|edu packunivamalg #8|18|39|849.06
4002001|importoedu pack #1|9|1|848.96
7016001|corpnameless #1|18|51|848.70
8011007|amalgmaxi #7|9|46|847.33
7008007|namelessbrand #7|19|25|847.28
3004001|edu packexporti #1|9|28|847.08
10015004|scholaramalgamalg #4|9|46|846.30
8009010|maxinameless #10|8|46|846.27
1001001|amalgamalg #1|9|2|845.60
8015005|scholarmaxi #5|19|23|845.50
8010008|univmaxi #8|19|17|844.83
6011005|amalgbrand #5|17|23|844.51
10014016|edu packamalgamalg #16|19|5|843.92
3002001|importoexporti #1|19|49|843.52
2004001|edu packimporto #1|19|53|843.20
10012005|importoamalgamalg #5|9|26|842.58
9015011|scholarunivamalg #11|7|37|842.28
9014005|edu packunivamalg #5|17|51|842.16
9015003|scholarunivamalg #3|17|53|841.20
10011014|amalgamalgamalg #14|17|59|840.88
3002001|importoexporti #1|9|40|840.24
10006017|corpunivamalg #17|9|15|840.15
9006011|corpmaxi #11|18|40|839.42
6012001|importobrand #1|6|55|838.88
4004002|edu packedu pack #2|9|3|838.64
2003001|exportiimporto #1|18|54|838.62
10016017|corpamalgamalg #17|19|13|838.32
6011001|amalgbrand #1|17|24|837.76
10014010|edu packamalgamalg #10|9|50|837.50
7003005|exportibrand #5|19|54|837.36
9014011|edu packunivamalg #11|18|11|837.20
7001005|amalgbrand #5|17|31|836.85
4004002|edu packedu pack #2|17|46|836.64
9008008|namelessmaxi #8|18|44|835.92
4003002|exportiedu pack #2|17|17|835.71
2002001|importoimporto #1|8|45|835.44
9006011|corpmaxi #11|9|55|835.38
8012004|importomaxi #4|18|58|835.12
9009005|maximaxi #5|18|15|835.00
6008005|namelesscorp #5|7|1|834.75
2003002|exportiimporto #2|18|2|834.35
8004005|edu packnameless #5|7|33|834.24
7011008|amalgnameless #8|9|54|834.12
10005014|scholarunivamalg #14|9|49|831.90
2002002|importoimporto #2|17|5|831.68
9011009|amalgunivamalg #9|18|56|831.44
6010006|univbrand #6|6|37|831.04
8001001|amalgnameless #1|17|46|829.90
6009003|maxicorp #3|8|59|829.20
4001001|amalgedu pack #1|19|31|828.64
2003002|exportiimporto #2|17|11|828.45
10004015|edu packunivamalg #15|19|41|828.39
9015011|scholarunivamalg #11|17|55|828.00
7004006|edu packbrand #6|17|28|827.64
2004002|edu packimporto #2|19|25|826.73
5002001|importoscholar #1|19|10|826.54
2002001|importoimporto #1|9|55|826.00
10016004|corpamalgamalg #4|17|59|825.72
10006013|corpunivamalg #13|9|18|825.52
7009003|maxibrand #3|9|6|825.44
1004002|edu packamalg #2|18|54|824.18
8005001|scholarnameless #1|18|19|823.94
7009003|maxibrand #3|19|12|823.60
6016003|corpbrand #3|19|59|823.57
1001001|amalgamalg #1|9|5|823.27
4004002|edu packedu pack #2|9|35|823.13
1003002|exportiamalg #2|8|40|822.60
4004001|edu packedu pack #1|9|20|822.15
2001001|amalgimporto #1|19|53|822.14
3001001|amalgexporti #1|18|22|821.73
5003001|exportischolar #1|9|37|820.82
5003001|exportischolar #1|7|35|820.05
10007015|brandunivamalg #15|19|5|820.04
10016003|corpamalgamalg #3|17|1|820.04
10016008|corpamalgamalg #8|9|3|819.06
7009003|maxibrand #3|8|11|819.00
9008005|namelessmaxi #5|17|32|818.18
10004008|edu packunivamalg #8|17|36|816.90
9008002|namelessmaxi #2|19|34|816.81
7002003|importobrand #3|18|31|816.50
8008004|namelessnameless #4|17|11|816.48
2001002|amalgimporto #2|7|52|816.30
7009009|maxibrand #9|9|34|816.16
3002001|importoexporti #1|19|23|815.92
10014001|edu packamalgamalg #1|19|4|815.92
9006008|corpmaxi #8|17|34|815.49
3001002|amalgexporti #2|17|34|815.43
4003002|exportiedu pack #2|7|36|814.68
9007011|brandmaxi #11|9|40|814.00
7010003|univnameless #3|17|44|813.96
9006011|corpmaxi #11|9|9|813.45
2002001|importoimporto #1|17|24|813.12
9001011|amalgmaxi #11|17|55|812.49
10003008|exportiunivamalg #8|17|28|812.04
6016006|corpbrand #6|19|35|811.72
5002001|importoscholar #1|7|17|811.26
6015007|scholarbrand #7|17|14|810.90
5003002|exportischolar #2|9|31|809.90
9008008|namelessmaxi #8|17|51|809.55
8001007|amalgnameless #7|17|1|809.16
2004002|edu packimporto #2|17|38|808.56
5002001|importoscholar #1|19|45|808.08
5001002|amalgscholar #2|9|11|807.30
4003001|exportiedu pack #1|17|8|807.27
1002001|importoamalg #1|19|54|807.12
3001001|amalgexporti #1|9|50|806.82
7001009|amalgbrand #9|17|17|806.61
8006003|corpnameless #3|17|18|806.52
7001008|amalgbrand #8|19|56|806.12
8006009|corpnameless #9|17|19|805.20
7013009|exportinameless #9|19|2|804.60
6008002|namelesscorp #2|8|50|804.48
4002001|importoedu pack #1|8|32|803.60
6008003|namelesscorp #3|17|15|803.60
7001005|amalgbrand #5|17|25|802.74
4004001|edu packedu pack #1|7|29|802.64
4003001|exportiedu pack #1|19|15|801.84
2004001|edu packimporto #1|7|20|801.36
10015017|scholaramalgamalg #17|9|18|801.24
8003009|exportinameless #9|18|34|801.06
3002001|importoexporti #1|17|46|800.80
10016002|corpamalgamalg #2|7|21|800.80
7015009|scholarnameless #9|9|32|799.20
6015008|scholarbrand #8|18|47|799.00
8004005|edu packnameless #5|17|27|798.75
9014011|edu packunivamalg #11|18|26|798.08
7013002|exportinameless #2|8|44|798.00
10009006|maxiunivamalg #6|8|48|797.13
8004004|edu packnameless #4|19|51|797.04
3002001|importoexporti #1|19|19|796.80
9002003|importomaxi #3|19|59|796.70
2001002|amalgimporto #2|7|59|796.50
9015002|scholarunivamalg #2|19|37|796.32
8003007|exportinameless #7|19|41|795.50
7001007|amalgbrand #7|9|16|795.48
2002001|importoimporto #1|18|55|794.58
6014001|edu packbrand #1|17|14|794.20
2003002|exportiimporto #2|17|31|793.95
7001008|amalgbrand #8|17|26|793.92
10012004|importoamalgamalg #4|9|22|793.52
5003002|exportischolar #2|19|10|793.20
6006003|corpcorp #3|19|43|792.99
7010001|univnameless #1|19|56|792.96
8016004|corpmaxi #4|17|59|792.36
10016008|corpamalgamalg #8|19|47|791.67
7002009|importobrand #9|8|40|790.72
5001001|amalgscholar #1|19|41|790.59
1001001|amalgamalg #1|19|42|790.40
9015005|scholarunivamalg #5|8|37|790.02
3002001|importoexporti #1|18|55|789.09
7015007|scholarnameless #7|17|11|788.90
4003001|exportiedu pack #1|8|55|787.41
2003002|exportiimporto #2|19|19|787.36
9008011|namelessmaxi #11|18|59|787.17
3001001|amalgexporti #1|9|39|786.94
10016001|corpamalgamalg #1|9|27|786.38
7010003|univnameless #3|18|35|785.27
9006009|corpmaxi #9|19|57|785.25
10009013|maxiunivamalg #13|19|1|784.89
8008004|namelessnameless #4|18|22|784.70
6010002|univbrand #2|7|17|784.32
8003009|exportinameless #9|18|17|784.32
6003003|exporticorp #3|8|58|784.00
10009006|maxiunivamalg #6|9|34|784.00
2003002|exportiimporto #2|17|55|783.90
1002002|importoamalg #2|8|2|783.18
4002001|importoedu pack #1|17|11|783.06
2001002|amalgimporto #2|18|58|782.40
10016001|corpamalgamalg #1|18|29|782.23
4003002|exportiedu pack #2|9|44|782.13
2002001|importoimporto #1|18|32|781.84
3001001|amalgexporti #1|17|30|781.83
8011009|amalgmaxi #9|18|33|781.46
1004001|edu packamalg #1|19|42|781.28
10007012|brandunivamalg #12|8|27|780.80
7001005|amalgbrand #5|18|29|780.30
2003001|exportiimporto #1|9|15|780.12
6012008|importobrand #8|17|22|780.00
8010002|univmaxi #2|18|52|779.94
8008007|namelessnameless #7|8|5|779.73
6014001|edu packbrand #1|6|2|779.66
3002001|importoexporti #1|19|59|779.52
10006003|corpunivamalg #3|9|10|779.00
4002001|importoedu pack #1|17|28|778.80
5001002|amalgscholar #2|9|16|777.75
2003001|exportiimporto #1|9|19|777.60
7008009|namelessbrand #9|17|6|777.48
5003001|exportischolar #1|8|44|776.97
1003002|exportiamalg #2|9|11|776.40
4004001|edu packedu pack #1|18|3|775.98
9002011|importomaxi #11|9|16|775.26
9014008|edu packunivamalg #8|17|3|774.69
4004001|edu packedu pack #1|19|19|773.63
5002001|importoscholar #1|17|19|773.40
3003002|exportiexporti #2|9|12|773.37
2004002|edu packimporto #2|9|5|772.71
3002001|importoexporti #1|18|10|771.80
2003001|exportiimporto #1|8|58|771.30
1003001|exportiamalg #1|18|59|770.40
3003001|exportiexporti #1|8|47|770.09
9011009|amalgunivamalg #9|17|55|770.04
10010011|univamalgamalg #11|18|14|769.50
6009002|maxicorp #2|18|19|769.35
1001001|amalgamalg #1|17|30|769.23
10012001|importoamalgamalg #1|7|54|769.21
5001001|amalgscholar #1|7|35|768.80
2004002|edu packimporto #2|17|27|768.49
5004001|edu packscholar #1|19|55|767.97
8012006|importomaxi #6|6|54|767.74
2004001|edu packimporto #1|6|22|767.28
9015009|scholarunivamalg #9|6|40|767.16
5002002|importoscholar #2|17|43|766.65
6008007|namelesscorp #7|19|45|766.25
7009003|maxibrand #3|17|18|766.08
7010004|univnameless #4|17|19|766.08
1001001|amalgamalg #1|19|50|764.82
6005003|scholarcorp #3|18|37|764.68
1004001|edu packamalg #1|19|15|763.98
6011003|amalgbrand #3|8|7|763.50
2004001|edu packimporto #1|8|35|763.40
7004009|edu packbrand #9|17|3|763.25
6013006|exportibrand #6|17|41|762.96
10010017|univamalgamalg #17|17|39|762.91
9014002|edu packunivamalg #2|8|8|762.84
9014002|edu packunivamalg #2|17|51|762.84
1001001|amalgamalg #1|9|17|762.52
6015006|scholarbrand #6|19|15|762.28
5002001|importoscholar #1|18|26|761.95
4004001|edu packedu pack #1|17|21|761.92
8007001|brandnameless #1|9|2|761.13
4001002|amalgedu pack #2|18|37|760.86
1001001|amalgamalg #1|9|45|760.14
8004001|edu packnameless #1|19|12|759.98
10008002|namelessunivamalg #2|9|28|759.40
10015013|scholaramalgamalg #13|9|34|759.38
10010017|univamalgamalg #17|7|57|759.00
10003011|exportiunivamalg #11|17|54|758.98
6015007|scholarbrand #7|19|42|758.28
3003002|exportiexporti #2|19|2|758.12
2002001|importoimporto #1|17|30|757.86
5001001|amalgscholar #1|6|49|757.68
4004002|edu packedu pack #2|19|16|757.38
4004001|edu packedu pack #1|9|32|757.20
6006003|corpcorp #3|17|14|757.16
9007005|brandmaxi #5|7|31|756.51
9010009|univunivamalg #9|19|32|756.36
6001007|amalgcorp #7|9|39|756.34
2002001|importoimporto #1|19|33|756.07
6001007|amalgcorp #7|6|44|755.76
8007005|brandnameless #5|17|21|755.55
5001001|amalgscholar #1|8|55|755.30
8004005|edu packnameless #5|7|9|755.25
6004003|edu packcorp #3|9|51|754.22
6008007|namelesscorp #7|18|35|754.17
10015001|scholaramalgamalg #1|8|10|753.96
7010009|univnameless #9|18|38|753.72
10016002|corpamalgamalg #2|17|9|753.00
10016016|corpamalgamalg #16|19|51|752.85
7001005|amalgbrand #5|17|9|752.32
3002001|importoexporti #1|9|56|752.25
6003008|exporticorp #8|18|22|751.96
2002001|importoimporto #1|19|22|751.36
2001002|amalgimporto #2|7|35|751.20
8012010|importomaxi #10|8|58|751.00
5004001|edu packscholar #1|17|53|750.88
7008007|namelessbrand #7|17|33|750.88
9016008|corpunivamalg #8|18|29|750.24
10016001|corpamalgamalg #1|18|47|750.20
7004004|edu packbrand #4|9|48|750.03
7009005|maxibrand #5|8|17|750.00
8008009|namelessnameless #9|8|38|749.07
6016008|corpbrand #8|19|29|748.98
7006008|corpbrand #8|18|29|748.85
10008015|namelessunivamalg #15|9|36|748.66
7002003|importobrand #3|9|2|748.49
2004002|edu packimporto #2|9|55|748.02
3002002|importoexporti #2|17|29|748.00
3003001|exportiexporti #1|18|39|748.00
2001002|amalgimporto #2|7|22|747.78
6003007|exporticorp #7|18|15|747.02
10005010|scholarunivamalg #10|9|39|746.98
3003002|exportiexporti #2|18|45|746.79
6005007|scholarcorp #7|17|46|745.76
3004001|edu packexporti #1|8|10|745.75
2004002|edu packimporto #2|8|48|744.93
7001005|amalgbrand #5|19|17|744.00
5004001|edu packscholar #1|17|59|742.60
1003002|exportiamalg #2|17|21|741.97
1001001|amalgamalg #1|18|51|741.66
3002001|importoexporti #1|6|9|741.24
2001001|amalgimporto #1|9|23|741.12
6008003|namelesscorp #3|18|1|740.66
2004001|edu packimporto #1|8|26|740.46
7011001|amalgnameless #1|8|16|739.64
8004005|edu packnameless #5|6|26|739.55
7005010|scholarbrand #10|17|58|739.44
7007005|brandbrand #5|18|29|739.31
7003001|exportibrand #1|18|23|739.20
6008002|namelesscorp #2|6|47|738.75
7009003|maxibrand #3|19|23|738.36
8008004|namelessnameless #4|9|16|737.84
4001001|amalgedu pack #1|8|44|737.28
10012005|importoamalgamalg #5|19|40|736.58
8014005|edu packmaxi #5|17|23|735.90
7001004|amalgbrand #4|18|25|735.84
6005001|scholarcorp #1|18|43|735.54
8012005|importomaxi #5|7|35|735.42
1003002|exportiamalg #2|19|7|734.88
5001001|amalgscholar #1|17|26|734.40
5004001|edu packscholar #1|9|56|733.98
9002011|importomaxi #11|19|39|733.92
6005008|scholarcorp #8|19|5|733.78
10007002|brandunivamalg #2|18|4|733.50
10009015|maxiunivamalg #15|18|12|733.50
6009002|maxicorp #2|18|45|732.94
6005001|scholarcorp #1|9|29|732.78
4002001|importoedu pack #1|8|1|730.35
4004001|edu packedu pack #1|18|11|730.34
10008013|namelessunivamalg #13|18|6|730.32
4003001|exportiedu pack #1|18|37|729.96
9014011|edu packunivamalg #11|17|55|729.96
10006009|corpunivamalg #9|18|47|729.93
7003002|exportibrand #2|9|13|729.64
2002002|importoimporto #2|8|25|729.60
10016002|corpamalgamalg #2|9|17|728.84
3002001|importoexporti #1|8|12|728.40
5002001|importoscholar #1|9|37|728.29
8013007|exportimaxi #7|17|7|728.06
3003001|exportiexporti #1|6|38|725.76
1004001|edu packamalg #1|7|31|724.74
3003002|exportiexporti #2|18|7|724.71
8005005|scholarnameless #5|18|54|724.00
6008007|namelesscorp #7|19|29|723.60
5002001|importoscholar #1|17|50|723.58
7002009|importobrand #9|8|59|723.24
8008007|namelessnameless #7|19|27|722.43
1003001|exportiamalg #1|17|22|722.16
10014001|edu packamalgamalg #1|9|56|722.12
6001001|amalgcorp #1|17|16|722.00
5004002|edu packscholar #2|9|11|721.92
10009006|maxiunivamalg #6|17|31|721.92
8007007|brandnameless #7|19|25|721.82
6016005|corpbrand #5|18|45|721.00
6005001|scholarcorp #1|8|41|720.94
3002001|importoexporti #1|8|26|720.75
2002002|importoimporto #2|18|1|720.60
10013002|exportiamalgamalg #2|17|21|719.37
6004004|edu packcorp #4|9|46|718.52
10015009|scholaramalgamalg #9|17|0|717.57
8013007|exportimaxi #7|19|21|717.36
9003005|exportimaxi #5|18|27|717.24
3002001|importoexporti #1|9|11|716.50
7015003|scholarnameless #3|17|35|716.45
9004011|edu packmaxi #11|9|47|716.00
4002001|importoedu pack #1|19|20|715.92
6010002|univbrand #2|9|17|715.17
9009005|maximaxi #5|19|59|715.05
1004001|edu packamalg #1|9|27|715.00
2004002|edu packimporto #2|17|41|714.90
7007010|brandbrand #10|17|7|714.68
5003001|exportischolar #1|19|42|713.66
2003001|exportiimporto #1|9|41|713.58
5003001|exportischolar #1|8|22|713.16
10010011|univamalgamalg #11|19|24|712.80
6003003|exporticorp #3|19|8|712.08
9007003|brandmaxi #3|9|9|710.95
9011008|amalgunivamalg #8|19|42|710.10
5002002|importoscholar #2|9|35|709.92
6016005|corpbrand #5|18|37|709.92
9014005|edu packunivamalg #5|18|38|709.23
9013011|exportiunivamalg #11|19|22|708.84
9003003|exportimaxi #3|9|56|708.75
8009009|maxinameless #9|17|55|708.63
1002001|importoamalg #1|8|42|708.40
3001001|amalgexporti #1|7|5|707.40
5001002|amalgscholar #2|18|55|707.35
5004001|edu packscholar #1|18|2|707.13
1001002|amalgamalg #2|9|7|706.33
10008009|namelessunivamalg #9|19|47|706.05
7009001|maxibrand #1|19|56|705.90
7010010|univnameless #10|6|59|705.64
1004001|edu packamalg #1|17|34|705.28
10012006|importoamalgamalg #6|9|48|705.28
9001008|amalgmaxi #8|8|46|705.06
7002009|importobrand #9|18|35|705.00
5001001|amalgscholar #1|8|20|704.49
8006008|corpnameless #8|7|9|704.45
8014004|edu packmaxi #4|19|3|704.40
2003002|exportiimporto #2|9|19|704.25
9014002|edu packunivamalg #2|17|58|704.20
6015004|scholarbrand #4|17|43|703.95
8010001|univmaxi #1|18|57|701.31
8010009|univmaxi #9|8|36|701.19
5002002|importoscholar #2|17|11|700.96
2004001|edu packimporto #1|18|4|700.56
10014016|edu packamalgamalg #16|8|38|700.20
6003005|exporticorp #5|6|19|699.93
6001002|amalgcorp #2|17|10|699.54
6016006|corpbrand #6|7|14|699.03
3004002|edu packexporti #2|18|58|698.72
4002001|importoedu pack #1|6|46|698.40
7006003|corpbrand #3|17|12|697.95
9008008|namelessmaxi #8|19|13|697.84
2003001|exportiimporto #1|8|47|697.25
5003001|exportischolar #1|18|33|696.66
6011003|amalgbrand #3|9|1|696.18
8016009|corpmaxi #9|19|15|695.80
3004002|edu packexporti #2|18|25|695.60
2003002|exportiimporto #2|8|24|695.25
10007012|brandunivamalg #12|18|59|695.20
7016001|corpnameless #1|9|30|695.13
10012011|importoamalgamalg #11|18|4|694.40
5001001|amalgscholar #1|17|44|693.69
10016009|corpamalgamalg #9|17|16|693.12
7009009|maxibrand #9|18|29|692.80
10016013|corpamalgamalg #13|8|24|692.73
2001002|amalgimporto #2|17|6|692.48
7001004|amalgbrand #4|18|59|692.40
7007005|brandbrand #5|9|37|691.90
9004003|edu packmaxi #3|7|43|691.81
7012009|importonameless #9|17|26|691.39
6001007|amalgcorp #7|6|46|691.38
9001005|amalgmaxi #5|17|34|691.20
3004001|edu packexporti #1|9|11|690.97
6005001|scholarcorp #1|9|38|690.54
6011005|amalgbrand #5|19|22|690.20
5004001|edu packscholar #1|9|52|689.60
2004002|edu packimporto #2|6|45|688.64
5004002|edu packscholar #2|9|17|688.56
6003003|exporticorp #3|17|26|687.84
1002001|importoamalg #1|17|54|686.90
3002001|importoexporti #1|8|30|686.20
7015002|scholarnameless #2|18|25|685.41
10015004|scholaramalgamalg #4|19|30|685.29
3001002|amalgexporti #2|17|37|685.08
4003001|exportiedu pack #1|17|11|684.84
7001004|amalgbrand #4|17|24|684.84
1001002|amalgamalg #2|8|5|683.15
1002001|importoamalg #1|8|48|683.05
3001001|amalgexporti #1|19|12|683.00
7012009|importonameless #9|17|24|682.88
4001002|amalgedu pack #2|19|41|682.80
8008004|namelessnameless #4|17|14|682.72
1004002|edu packamalg #2|18|9|682.64
10011014|amalgamalgamalg #14|18|37|682.56
7012010|importonameless #10|18|15|682.43
2003001|exportiimporto #1|6|54|682.38
2003002|exportiimporto #2|17|27|682.22
10015012|scholaramalgamalg #12|9|39|682.00
9006009|corpmaxi #9|8|48|681.21
2003001|exportiimporto #1|17|27|681.12
3004002|edu packexporti #2|7|24|681.10
7012009|importonameless #9|8|21|680.40
9007003|brandmaxi #3|17|43|680.34
8008007|namelessnameless #7|17|9|680.29
6012005|importobrand #5|8|39|680.16
5003001|exportischolar #1|18|5|679.00
10014001|edu packamalgamalg #1|6|37|678.70
5003002|exportischolar #2|17|7|678.15
5002002|importoscholar #2|9|21|677.92
6015008|scholarbrand #8|18|12|677.60
5001001|amalgscholar #1|17|51|677.10
6009004|maxicorp #4|18|40|676.73
6010002|univbrand #2|7|19|676.36
8008002|namelessnameless #2|17|7|676.20
10016004|corpamalgamalg #4|18|47|675.62
4001001|amalgedu pack #1|18|32|675.00
1003001|exportiamalg #1|7|13|674.94
5003002|exportischolar #2|18|27|674.89
8005009|scholarnameless #9|19|14|674.79
9007011|brandmaxi #11|8|5|674.75
1003001|exportiamalg #1|18|43|674.70
10016001|corpamalgamalg #1|18|3|674.13
7005007|scholarbrand #7|19|34|671.92
6004003|edu packcorp #3|9|26|671.55
10012001|importoamalgamalg #1|9|26|671.30
10015010|scholaramalgamalg #10|17|7|670.80
5002001|importoscholar #1|17|16|670.76
4004001|edu packedu pack #1|19|24|670.53
8012010|importomaxi #10|17|33|670.20
7011008|amalgnameless #8|19|0|669.90
10013003|exportiamalgamalg #3|8|39|669.12
4001001|amalgedu pack #1|17|35|669.03
4002001|importoedu pack #1|9|15|668.36
5002001|importoscholar #1|19|52|667.92
10002014|importounivamalg #14|19|19|667.87
9003008|exportimaxi #8|9|30|667.40
8004005|edu packnameless #5|9|26|667.31
5003001|exportischolar #1|19|22|666.85
10015004|scholaramalgamalg #4|18|44|666.80
3004001|edu packexporti #1|19|53|666.75
1003002|exportiamalg #2|9|32|666.72
10015012|scholaramalgamalg #12|17|32|666.40
1001002|amalgamalg #2|19|10|665.56
8011007|amalgmaxi #7|19|4|665.40
7005010|scholarbrand #10|17|40|664.56
6015008|scholarbrand #8|17|20|664.43
1001002|amalgamalg #2|18|27|664.35
10014007|edu packamalgamalg #7|19|30|664.32
9014003|edu packunivamalg #3|19|54|663.56
5001001|amalgscholar #1|19|31|662.63
5002002|importoscholar #2|17|58|661.94
6015005|scholarbrand #5|17|52|661.94
5001002|amalgscholar #2|17|23|661.05
4003002|exportiedu pack #2|18|39|661.02
7009005|maxibrand #5|18|39|660.40
2003002|exportiimporto #2|8|21|660.10
1001002|amalgamalg #2|17|40|659.82
9015011|scholarunivamalg #11|19|24|659.40
10016009|corpamalgamalg #9|9|54|659.03
2002001|importoimporto #1|18|12|656.64
9010009|univunivamalg #9|19|0|656.48
9015011|scholarunivamalg #11|18|26|656.18
3003002|exportiexporti #2|9|1|655.76
9011008|amalgunivamalg #8|19|5|655.40
2004002|edu packimporto #2|19|11|654.72
6016005|corpbrand #5|17|29|653.76
9014008|edu packunivamalg #8|8|41|653.41
3001001|amalgexporti #1|9|10|652.86
9004003|edu packmaxi #3|8|20|652.68
6005001|scholarcorp #1|17|1|652.50
6003007|exporticorp #7|7|7|652.29
7007004|brandbrand #4|19|6|651.20
3004002|edu packexporti #2|8|17|650.40
1001001|amalgamalg #1|8|46|649.98
7001007|amalgbrand #7|17|37|649.23
2002002|importoimporto #2|8|30|648.90
5004001|edu packscholar #1|18|13|648.78
5001001|amalgscholar #1|6|15|648.76
7012010|importonameless #10|19|14|648.27
10009008|maxiunivamalg #8|17|58|648.00
6014001|edu packbrand #1|17|4|647.90
7014002|edu packnameless #2|18|43|646.60
7015009|scholarnameless #9|9|45|646.10
6014006|edu packbrand #6|18|27|646.02
5001001|amalgscholar #1|8|15|646.00
NULL|NULL|8|52|645.84
10005001|scholarunivamalg #1|18|25|645.70
4004002|edu packedu pack #2|9|16|645.48
3003001|exportiexporti #1|18|1|645.15
2001001|amalgimporto #1|17|35|644.65
8010002|univmaxi #2|8|23|643.37
8001001|amalgnameless #1|19|57|643.08
3004001|edu packexporti #1|17|52|642.88
8009005|maxinameless #5|7|41|642.84
9003005|exportimaxi #5|6|48|642.60
2003002|exportiimporto #2|17|33|642.48
7008006|namelessbrand #6|18|15|642.30
7009009|maxibrand #9|17|40|642.00
8001001|amalgnameless #1|17|43|641.58
9007008|brandmaxi #8|19|36|641.11
1004001|edu packamalg #1|7|24|640.92
3001001|amalgexporti #1|6|40|640.17
2001002|amalgimporto #2|18|50|640.03
6011003|amalgbrand #3|19|36|640.00
3003001|exportiexporti #1|18|53|639.89
4004001|edu packedu pack #1|7|15|639.89
5002002|importoscholar #2|17|39|639.45
2004001|edu packimporto #1|9|46|638.96
2003001|exportiimporto #1|9|20|638.27
7004009|edu packbrand #9|8|11|638.12
10010004|univamalgamalg #4|6|29|637.98
6008005|namelesscorp #5|17|6|637.84
2002002|importoimporto #2|19|17|637.56
7001001|amalgbrand #1|8|19|637.50
9002003|importomaxi #3|18|2|637.50
10012011|importoamalgamalg #11|17|54|636.74
8008009|namelessnameless #9|19|31|636.61
5002001|importoscholar #1|19|12|636.40
7011008|amalgnameless #8|18|0|635.72
7012009|importonameless #9|17|45|635.04
1003001|exportiamalg #1|18|37|634.92
10016001|corpamalgamalg #1|17|39|634.59
9015003|scholarunivamalg #3|17|32|633.92
2002001|importoimporto #1|19|47|633.78
8008003|namelessnameless #3|9|19|633.36
9011008|amalgunivamalg #8|18|28|633.28
10009017|maxiunivamalg #17|9|9|633.20
2002002|importoimporto #2|8|1|633.07
6010002|univbrand #2|19|52|633.00
4001001|amalgedu pack #1|19|35|632.15
7003002|exportibrand #2|8|29|631.63
2001001|amalgimporto #1|7|30|631.21
2004001|edu packimporto #1|9|4|630.96
8004009|edu packnameless #9|8|33|630.80
9012005|importounivamalg #5|19|12|630.00
7009003|maxibrand #3|17|16|629.88
8016001|corpmaxi #1|9|41|629.55
4003001|exportiedu pack #1|8|16|629.37
8016007|corpmaxi #7|9|6|628.48
4001001|amalgedu pack #1|17|19|628.26
4003002|exportiedu pack #2|8|29|628.00
9013011|exportiunivamalg #11|18|40|627.21
9011008|amalgunivamalg #8|17|13|627.03
3003001|exportiexporti #1|9|56|627.00
5002001|importoscholar #1|7|58|626.56
9012005|importounivamalg #5|18|48|625.86
9005009|scholarmaxi #9|8|12|625.78
10004001|edu packunivamalg #1|19|26|625.67
7010003|univnameless #3|18|54|625.19
7002009|importobrand #9|19|51|625.10
10013002|exportiamalgamalg #2|17|49|625.00
2001001|amalgimporto #1|7|15|624.80
1003001|exportiamalg #1|17|50|624.48
2004002|edu packimporto #2|8|50|622.75
9013009|exportiunivamalg #9|18|40|622.20
2001001|amalgimporto #1|17|42|621.67
10015005|scholaramalgamalg #5|18|0|621.39
9015011|scholarunivamalg #11|19|29|621.16
6001008|amalgcorp #8|8|15|620.64
3001002|amalgexporti #2|7|58|620.48
2004002|edu packimporto #2|17|22|620.10
3004002|edu packexporti #2|8|39|619.52
10014007|edu packamalgamalg #7|18|28|619.22
7008009|namelessbrand #9|19|24|618.75
8014005|edu packmaxi #5|17|29|618.75
8011009|amalgmaxi #9|19|37|618.47
8011007|amalgmaxi #7|8|43|618.31
10013013|exportiamalgamalg #13|17|5|618.20
3003002|exportiexporti #2|18|54|616.98
4003001|exportiedu pack #1|18|28|616.69
5001002|amalgscholar #2|18|21|616.49
2003001|exportiimporto #1|17|58|615.82
4002002|importoedu pack #2|18|43|614.88
5004001|edu packscholar #1|17|37|614.75
3002002|importoexporti #2|8|9|614.25
1003002|exportiamalg #2|8|10|614.13
3004002|edu packexporti #2|7|10|613.98
7002009|importobrand #9|18|45|613.98
1003002|exportiamalg #2|18|4|613.83
3004001|edu packexporti #1|9|2|613.80
9002003|importomaxi #3|17|23|613.20
9011008|amalgunivamalg #8|19|14|613.20
2002001|importoimporto #1|19|28|613.19
6006002|corpcorp #2|19|52|613.00
6015007|scholarbrand #7|8|10|612.60
7004009|edu packbrand #9|18|39|612.02
1003002|exportiamalg #2|9|4|612.00
8004003|edu packnameless #3|18|45|612.00
7001001|amalgbrand #1|18|39|611.84
3004001|edu packexporti #1|8|26|610.50
1003001|exportiamalg #1|17|16|609.83
2001001|amalgimporto #1|19|20|609.00
4003002|exportiedu pack #2|18|55|609.00
9009009|maximaxi #9|17|39|609.00
6015008|scholarbrand #8|8|22|608.60
10016016|corpamalgamalg #16|8|26|608.52
9009005|maximaxi #5|17|52|608.31
1001002|amalgamalg #2|17|43|608.04
6014004|edu packbrand #4|19|24|607.32
10009009|maxiunivamalg #9|9|51|607.32
10016013|corpamalgamalg #13|19|55|607.29
5001002|amalgscholar #2|19|36|606.69
3003002|exportiexporti #2|9|26|606.32
2002002|importoimporto #2|9|44|605.64
10010008|univamalgamalg #8|18|26|605.64
9001011|amalgmaxi #11|18|29|605.13
1003002|exportiamalg #2|17|49|604.20
3002001|importoexporti #1|9|16|603.72
7014002|edu packnameless #2|9|7|603.57
1003002|exportiamalg #2|8|8|603.18
7015009|scholarnameless #9|8|37|602.98
1003002|exportiamalg #2|19|59|602.95
2002001|importoimporto #1|8|7|602.28
3003002|exportiexporti #2|18|36|601.73
2004002|edu packimporto #2|17|34|601.44
7015003|scholarnameless #3|17|5|601.44
7010001|univnameless #1|17|56|601.38
7015009|scholarnameless #9|9|0|600.60
6012003|importobrand #3|19|35|600.47
10012017|importoamalgamalg #17|19|55|600.30
7001005|amalgbrand #5|9|41|600.21
8012004|importomaxi #4|17|39|600.21
9001003|amalgmaxi #3|19|36|599.36
1002001|importoamalg #1|17|59|598.56
6011005|amalgbrand #5|17|0|597.84
6001002|amalgcorp #2|8|31|597.60
1001002|amalgamalg #2|18|14|597.50
10016002|corpamalgamalg #2|17|14|596.84
7016005|corpnameless #5|19|26|596.40
9016005|corpunivamalg #5|18|57|596.24
5003002|exportischolar #2|19|24|595.68
9004008|edu packmaxi #8|8|17|595.66
6015005|scholarbrand #5|9|7|595.20
4001002|amalgedu pack #2|17|28|594.15
9007011|brandmaxi #11|18|50|594.09
10016008|corpamalgamalg #8|19|10|594.09
5004001|edu packscholar #1|17|3|593.95
9009002|maximaxi #2|18|48|593.68
9001005|amalgmaxi #5|19|11|593.03
3002001|importoexporti #1|9|21|592.80
10010007|univamalgamalg #7|9|24|592.36
4001002|amalgedu pack #2|8|43|592.20
10002007|importounivamalg #7|8|24|591.09
9002011|importomaxi #11|17|48|590.89
4004002|edu packedu pack #2|19|8|590.88
2004002|edu packimporto #2|9|28|590.84
6005003|scholarcorp #3|17|46|590.79
5002002|importoscholar #2|18|30|590.44
1001001|amalgamalg #1|18|2|590.32
1001001|amalgamalg #1|19|36|589.25
7013009|exportinameless #9|9|16|589.00
10004017|edu packunivamalg #17|17|53|588.80
2003001|exportiimporto #1|18|0|588.47
9001011|amalgmaxi #11|17|39|588.16
9013002|exportiunivamalg #2|17|1|587.88
4004001|edu packedu pack #1|19|11|585.36
4004001|edu packedu pack #1|9|21|585.00
2001001|amalgimporto #1|8|40|584.43
8007010|brandnameless #10|19|46|583.88
2002001|importoimporto #1|17|51|583.80
6002003|importocorp #3|18|10|583.74
7008007|namelessbrand #7|17|2|583.55
5004001|edu packscholar #1|17|46|583.10
7004007|edu packbrand #7|17|40|583.02
9007003|brandmaxi #3|18|34|582.66
3004001|edu packexporti #1|7|30|582.25
6005003|scholarcorp #3|17|32|581.04
10009001|maxiunivamalg #1|19|27|580.97
5004002|edu packscholar #2|8|9|580.56
2004002|edu packimporto #2|18|44|580.28
9003003|exportimaxi #3|17|13|579.86
3001002|amalgexporti #2|18|11|579.78
4004001|edu packedu pack #1|18|39|579.60
10016001|corpamalgamalg #1|9|21|579.12
1002002|importoamalg #2|8|46|579.04
7011008|amalgnameless #8|9|47|579.04
6014007|edu packbrand #7|18|31|578.64
1002001|importoamalg #1|19|27|578.46
1003001|exportiamalg #1|18|53|578.26
6006007|corpcorp #7|19|53|577.80
10016001|corpamalgamalg #1|19|17|577.66
7003001|exportibrand #1|7|40|577.65
1002001|importoamalg #1|19|41|577.61
2004002|edu packimporto #2|18|56|577.22
2004002|edu packimporto #2|7|20|577.20
9004011|edu packmaxi #11|17|21|576.72
7006008|corpbrand #8|19|47|576.65
6016003|corpbrand #3|18|37|576.60
2003002|exportiimporto #2|17|7|576.38
1002001|importoamalg #1|6|23|576.00
4002001|importoedu pack #1|17|43|575.96
9015009|scholarunivamalg #9|18|57|575.89
8004005|edu packnameless #5|8|33|575.61
4004002|edu packedu pack #2|8|53|575.60
6008007|namelesscorp #7|19|41|575.28
1003002|exportiamalg #2|9|53|574.50
1001002|amalgamalg #2|18|40|574.08
7006008|corpbrand #8|18|23|573.72
1003002|exportiamalg #2|19|16|573.44
10006008|corpunivamalg #8|8|8|573.16
10008009|namelessunivamalg #9|18|52|573.12
3002002|importoexporti #2|8|5|572.93
4001002|amalgedu pack #2|8|6|572.85
10002012|importounivamalg #12|17|57|572.46
9008005|namelessmaxi #5|9|54|572.40
7016001|corpnameless #1|7|27|571.90
3002001|importoexporti #1|19|35|571.41
9011009|amalgunivamalg #9|18|33|570.90
5004001|edu packscholar #1|9|51|570.38
3004002|edu packexporti #2|8|15|570.24
4003001|exportiedu pack #1|19|5|570.11
10010017|univamalgamalg #17|17|27|569.92
3004002|edu packexporti #2|18|30|569.52
8013004|exportimaxi #4|17|10|569.50
8014005|edu packmaxi #5|19|53|569.40
8016004|corpmaxi #4|17|16|569.17
9011009|amalgunivamalg #9|19|7|569.10
5003001|exportischolar #1|8|11|568.69
5001001|amalgscholar #1|18|8|568.67
10011017|amalgamalgamalg #17|8|52|568.08
3003001|exportiexporti #1|9|58|567.82
2004001|edu packimporto #1|17|48|567.27
9015005|scholarunivamalg #5|18|0|567.00
9013009|exportiunivamalg #9|17|57|566.50
7008009|namelessbrand #9|17|14|566.10
6016008|corpbrand #8|7|10|565.89
4004001|edu packedu pack #1|8|17|565.36
4002001|importoedu pack #1|9|44|565.32
9015011|scholarunivamalg #11|17|24|565.21
1001002|amalgamalg #2|9|31|564.72
7015002|scholarnameless #2|17|46|563.84
6008003|namelesscorp #3|9|13|563.36
5003002|exportischolar #2|19|32|563.22
3002001|importoexporti #1|9|20|562.92
1002001|importoamalg #1|18|37|562.17
8008005|namelessnameless #5|19|43|562.02
5004001|edu packscholar #1|8|52|561.68
10005014|scholarunivamalg #14|18|12|561.47
7009003|maxibrand #3|8|4|561.36
7007010|brandbrand #10|17|56|560.25
8015003|scholarmaxi #3|8|35|560.24
6012001|importobrand #1|17|34|560.16
2003002|exportiimporto #2|18|12|560.07
2001002|amalgimporto #2|6|42|559.98
2002001|importoimporto #1|9|42|559.68
7014002|edu packnameless #2|18|34|559.64
4004001|edu packedu pack #1|17|34|558.88
8004005|edu packnameless #5|17|53|558.72
5001001|amalgscholar #1|17|3|558.25
10015010|scholaramalgamalg #10|19|39|558.00
2004001|edu packimporto #1|17|36|557.60
9005009|scholarmaxi #9|18|18|557.50
3001001|amalgexporti #1|18|54|557.33
4003001|exportiedu pack #1|8|7|556.95
10012002|importoamalgamalg #2|17|28|556.85
6006002|corpcorp #2|8|15|556.80
2004001|edu packimporto #1|19|40|555.84
7011008|amalgnameless #8|7|40|555.75
9011008|amalgunivamalg #8|8|8|555.56
4004001|edu packedu pack #1|8|34|555.39
2001001|amalgimporto #1|17|0|554.34
8014004|edu packmaxi #4|9|27|554.12
5001001|amalgscholar #1|19|53|553.85
9014011|edu packunivamalg #11|17|9|553.84
3003001|exportiexporti #1|8|16|553.80
5001001|amalgscholar #1|19|37|553.56
4003002|exportiedu pack #2|17|25|553.44
4004001|edu packedu pack #1|18|41|553.41
8001004|amalgnameless #4|17|41|553.32
3003001|exportiexporti #1|18|47|552.72
1002002|importoamalg #2|17|32|552.70
7016007|corpnameless #7|6|24|552.00
3004001|edu packexporti #1|17|8|550.80
10015004|scholaramalgamalg #4|8|12|549.93
7010001|univnameless #1|19|52|549.90
5004002|edu packscholar #2|19|16|549.70
6006004|corpcorp #4|19|7|549.36
5001001|amalgscholar #1|8|11|548.78
4002002|importoedu pack #2|7|6|548.76
5003001|exportischolar #1|7|48|548.68
10006008|corpunivamalg #8|9|56|548.00
7016001|corpnameless #1|17|43|547.05
9011009|amalgunivamalg #9|19|53|546.98
4003001|exportiedu pack #1|19|1|546.92
9009002|maximaxi #2|19|4|545.49
6008002|namelesscorp #2|17|16|545.44
9003011|exportimaxi #11|19|5|544.98
6012002|importobrand #2|19|50|544.50
1003002|exportiamalg #2|7|0|544.40
4003002|exportiedu pack #2|17|50|543.66
10011014|amalgamalgamalg #14|19|24|542.64
7003009|exportibrand #9|9|53|542.00
8008003|namelessnameless #3|17|19|541.80
10012010|importoamalgamalg #10|19|18|541.44
4004001|edu packedu pack #1|18|8|541.32
2001001|amalgimporto #1|19|29|540.99
7011008|amalgnameless #8|17|47|540.96
10007002|brandunivamalg #2|17|28|540.72
5001001|amalgscholar #1|9|0|540.52
4003001|exportiedu pack #1|19|57|540.20
10015001|scholaramalgamalg #1|8|16|539.44
8002009|importonameless #9|19|47|538.85
6016006|corpbrand #6|9|14|538.16
6012002|importobrand #2|9|26|536.82
7005007|scholarbrand #7|17|7|536.56
1001002|amalgamalg #2|19|50|536.40
6007007|brandcorp #7|7|32|535.86
7016001|corpnameless #1|8|41|535.48
9015002|scholarunivamalg #2|6|35|535.41
7009005|maxibrand #5|9|8|535.20
7013002|exportinameless #2|19|23|534.93
10004004|edu packunivamalg #4|17|4|534.72
10016007|corpamalgamalg #7|18|11|534.65
9007008|brandmaxi #8|18|7|534.60
8014004|edu packmaxi #4|17|51|534.38
1002001|importoamalg #1|7|17|534.32
5004002|edu packscholar #2|8|18|533.80
8005006|scholarnameless #6|6|48|533.70
5004001|edu packscholar #1|17|52|533.40
2002001|importoimporto #1|18|52|533.00
8009005|maxinameless #5|9|4|531.83
10010004|univamalgamalg #4|17|50|531.72
6009003|maxicorp #3|18|28|531.63
9015011|scholarunivamalg #11|7|8|531.60
3001001|amalgexporti #1|19|10|531.42
9012003|importounivamalg #3|19|15|530.98
1002001|importoamalg #1|7|13|530.40
1002002|importoamalg #2|17|43|530.37
10011004|amalgamalgamalg #4|7|46|530.37
10006008|corpunivamalg #8|7|13|529.92
1003001|exportiamalg #1|17|35|529.04
7013007|exportinameless #7|17|38|528.54
8014004|edu packmaxi #4|19|7|528.36
9007003|brandmaxi #3|7|28|528.22
9003008|exportimaxi #8|19|14|527.60
6001007|amalgcorp #7|9|38|527.25
6012002|importobrand #2|19|19|526.83
6015008|scholarbrand #8|17|26|526.68
2002001|importoimporto #1|8|23|526.50
10009013|maxiunivamalg #13|18|39|526.26
5004002|edu packscholar #2|17|38|525.23
4002001|importoedu pack #1|18|59|524.40
10009006|maxiunivamalg #6|17|45|524.40
7002009|importobrand #9|9|41|524.34
6015007|scholarbrand #7|19|31|523.83
10012010|importoamalgamalg #10|17|35|523.80
3003001|exportiexporti #1|9|55|523.60
9012003|importounivamalg #3|19|1|523.28
6008002|namelesscorp #2|18|8|523.27
10010001|univamalgamalg #1|17|39|523.25
4003001|exportiedu pack #1|19|10|523.18
4002001|importoedu pack #1|18|45|523.12
10014001|edu packamalgamalg #1|9|15|523.00
1001002|amalgamalg #2|8|12|522.92
10010007|univamalgamalg #7|18|24|522.41
8006008|corpnameless #8|9|16|522.20
2001001|amalgimporto #1|8|29|521.90
4004002|edu packedu pack #2|17|51|521.64
5001002|amalgscholar #2|8|16|521.43
1001002|amalgamalg #2|9|22|521.36
10009017|maxiunivamalg #17|9|16|521.33
3003002|exportiexporti #2|17|8|520.72
4001002|amalgedu pack #2|18|23|520.63
6010002|univbrand #2|17|46|520.49
6015005|scholarbrand #5|9|17|520.20
6016003|corpbrand #3|19|16|520.20
9014008|edu packunivamalg #8|17|37|519.88
9005009|scholarmaxi #9|9|15|519.76
5002001|importoscholar #1|19|30|519.25
4001002|amalgedu pack #2|7|29|519.20
8004009|edu packnameless #9|8|34|519.04
7009005|maxibrand #5|9|49|518.80
10002011|importounivamalg #11|19|45|518.77
10016002|corpamalgamalg #2|17|26|518.76
6008003|namelesscorp #3|18|10|518.18
9013009|exportiunivamalg #9|17|27|518.07
5003001|exportischolar #1|19|51|517.86
7011008|amalgnameless #8|17|54|517.80
6008003|namelesscorp #3|17|27|517.56
7003001|exportibrand #1|18|48|517.09
6011008|amalgbrand #8|9|50|516.80
1001001|amalgamalg #1|17|56|516.76
9005009|scholarmaxi #9|19|7|516.60
4003001|exportiedu pack #1|9|13|516.00
7010009|univnameless #9|17|13|515.34
8005003|scholarnameless #3|17|47|515.27
2002001|importoimporto #1|9|40|515.20
1002002|importoamalg #2|18|24|514.29
10009015|maxiunivamalg #15|18|37|513.85
2002001|importoimporto #1|6|36|513.36
3004002|edu packexporti #2|9|48|513.30
4001001|amalgedu pack #1|9|4|512.96
9009002|maximaxi #2|7|1|512.46
4003001|exportiedu pack #1|9|0|512.40
10010007|univamalgamalg #7|9|52|512.40
6014002|edu packbrand #2|19|14|512.25
5002001|importoscholar #1|17|23|512.04
10016004|corpamalgamalg #4|8|31|511.20
2003001|exportiimporto #1|17|11|511.00
6015004|scholarbrand #4|9|8|511.00
3003002|exportiexporti #2|8|13|510.60
8009010|maxinameless #10|18|50|510.58
9016008|corpunivamalg #8|19|54|510.50
3001001|amalgexporti #1|9|3|510.03
3002001|importoexporti #1|18|50|509.88
10008002|namelessunivamalg #2|8|5|509.62
2002001|importoimporto #1|19|6|509.60
5001001|amalgscholar #1|19|55|509.32
4004001|edu packedu pack #1|18|38|509.24
8007010|brandnameless #10|17|12|508.98
9015011|scholarunivamalg #11|17|52|508.81
7010010|univnameless #10|17|22|508.42
5001001|amalgscholar #1|17|27|508.04
4002001|importoedu pack #1|9|29|507.86
3001001|amalgexporti #1|19|28|507.79
8005001|scholarnameless #1|19|39|507.36
7012010|importonameless #10|9|0|507.20
3001001|amalgexporti #1|7|3|507.15
2001002|amalgimporto #2|9|15|507.06
2004001|edu packimporto #1|19|16|506.52
6008002|namelesscorp #2|18|7|506.40
10004004|edu packunivamalg #4|6|52|506.40
1004002|edu packamalg #2|19|2|505.42
7016001|corpnameless #1|19|20|505.34
8009005|maxinameless #5|17|52|505.05
2001002|amalgimporto #2|18|20|504.80
1001001|amalgamalg #1|8|38|504.72
4001002|amalgedu pack #2|7|55|504.00
10009013|maxiunivamalg #13|9|0|503.28
2001002|amalgimporto #2|19|30|502.92
3001001|amalgexporti #1|17|57|502.82
5001001|amalgscholar #1|9|34|502.74
9014008|edu packunivamalg #8|9|6|501.93
10006017|corpunivamalg #17|19|12|501.75
5004001|edu packscholar #1|9|30|501.60
9002003|importomaxi #3|9|34|501.40
9011009|amalgunivamalg #9|7|50|501.30
3004001|edu packexporti #1|7|41|501.20
7007010|brandbrand #10|18|1|500.94
7010004|univnameless #4|19|37|500.94
7003002|exportibrand #2|17|22|500.85
7005007|scholarbrand #7|18|28|499.31
1002001|importoamalg #1|8|12|498.96
3004002|edu packexporti #2|9|53|498.96
9007005|brandmaxi #5|18|45|498.96
4003001|exportiedu pack #1|8|13|498.95
9007011|brandmaxi #11|19|36|497.75
3003001|exportiexporti #1|7|20|497.60
4002001|importoedu pack #1|6|14|497.45
9001011|amalgmaxi #11|7|47|497.34
9006008|corpmaxi #8|9|15|496.98
3004002|edu packexporti #2|17|6|496.80
2004001|edu packimporto #1|6|1|495.00
10011017|amalgamalgamalg #17|17|49|495.00
7006008|corpbrand #8|9|48|494.95
7009010|maxibrand #10|17|13|494.67
9012005|importounivamalg #5|19|22|494.28
8010009|univmaxi #9|9|41|494.00
2004002|edu packimporto #2|9|43|493.68
8005009|scholarnameless #9|19|8|493.68
3001001|amalgexporti #1|17|35|493.30
10004008|edu packunivamalg #8|18|46|493.20
2003001|exportiimporto #1|18|42|493.11
6001001|amalgcorp #1|9|55|492.90
4002001|importoedu pack #1|18|22|492.66
3004001|edu packexporti #1|9|36|492.65
2004001|edu packimporto #1|8|44|492.57
7015007|scholarnameless #7|18|57|492.03
1002002|importoamalg #2|6|43|491.40
4001001|amalgedu pack #1|19|47|490.60
7003005|exportibrand #5|19|49|490.36
2002002|importoimporto #2|18|5|490.11
6008007|namelesscorp #7|19|44|490.10
2003001|exportiimporto #1|17|13|489.94
10010017|univamalgamalg #17|8|21|489.78
9011008|amalgunivamalg #8|17|57|489.72
10009017|maxiunivamalg #17|19|4|489.09
6007003|brandcorp #3|19|7|488.92
5004001|edu packscholar #1|8|53|488.91
3004001|edu packexporti #1|7|12|488.48
4004002|edu packedu pack #2|9|26|488.33
8009010|maxinameless #10|18|30|488.24
10016001|corpamalgamalg #1|17|24|488.24
6003003|exporticorp #3|9|44|488.04
1004001|edu packamalg #1|9|55|487.92
3002001|importoexporti #1|19|22|487.78
3001002|amalgexporti #2|8|30|486.50
10016009|corpamalgamalg #9|19|42|486.40
6006003|corpcorp #3|17|49|486.38
1004001|edu packamalg #1|19|12|486.20
1002002|importoamalg #2|19|45|486.08
9014005|edu packunivamalg #5|9|1|486.08
1001002|amalgamalg #2|18|21|486.02
1001002|amalgamalg #2|19|51|484.80
8008003|namelessnameless #3|19|41|484.80
4001001|amalgedu pack #1|9|7|484.26
7016005|corpnameless #5|17|56|484.20
5003001|exportischolar #1|19|3|483.42
8004003|edu packnameless #3|18|30|483.30
3003001|exportiexporti #1|17|55|483.21
5003001|exportischolar #1|9|31|483.20
10015009|scholaramalgamalg #9|19|5|483.12
3003001|exportiexporti #1|19|10|482.82
6012005|importobrand #5|19|47|482.09
1004002|edu packamalg #2|17|51|481.95
7001005|amalgbrand #5|19|6|481.46
1002002|importoamalg #2|17|47|481.44
10010013|univamalgamalg #13|9|1|481.44
1002001|importoamalg #1|18|15|481.40
9012011|importounivamalg #11|9|20|481.12
9011008|amalgunivamalg #8|17|11|481.06
5001001|amalgscholar #1|9|51|480.96
7004004|edu packbrand #4|18|46|480.92
5002001|importoscholar #1|9|10|480.24
3003001|exportiexporti #1|17|44|480.18
2003002|exportiimporto #2|8|32|480.16
6007007|brandcorp #7|8|29|479.84
7007010|brandbrand #10|9|17|479.75
1004002|edu packamalg #2|17|37|479.52
9013011|exportiunivamalg #11|17|47|478.72
7013007|exportinameless #7|18|54|478.08
2002002|importoimporto #2|9|59|478.04
9002008|importomaxi #8|17|7|477.40
6015006|scholarbrand #6|18|42|477.00
3004001|edu packexporti #1|7|56|476.90
8003003|exportinameless #3|17|23|476.82
8009009|maxinameless #9|17|36|476.56
10002012|importounivamalg #12|17|2|476.52
4002002|importoedu pack #2|17|50|476.25
7015009|scholarnameless #9|18|43|475.86
6008005|namelesscorp #5|19|43|475.50
8011007|amalgmaxi #7|9|54|475.20
1001001|amalgamalg #1|18|9|474.61
10006013|corpunivamalg #13|19|45|474.34
6014006|edu packbrand #6|9|39|474.32
3004001|edu packexporti #1|17|43|474.09
6010004|univbrand #4|19|25|474.00
2003002|exportiimporto #2|18|25|473.49
3002002|importoexporti #2|19|33|473.06
9003005|exportimaxi #5|7|21|473.00
6002005|importocorp #5|19|25|472.78
6011007|amalgbrand #7|18|24|472.75
4004001|edu packedu pack #1|6|32|472.68
5002001|importoscholar #1|19|56|472.40
10007012|brandunivamalg #12|17|29|472.40
9003003|exportimaxi #3|18|35|472.16
6015008|scholarbrand #8|9|40|472.05
1001001|amalgamalg #1|19|26|471.00
4001002|amalgedu pack #2|18|42|470.64
10013013|exportiamalgamalg #13|9|20|470.60
2004001|edu packimporto #1|8|38|470.52
5001001|amalgscholar #1|19|54|470.40
6009003|maxicorp #3|17|42|470.40
8013004|exportimaxi #4|17|42|470.40
3003002|exportiexporti #2|9|33|470.11
10011004|amalgamalgamalg #4|17|6|470.00
3002002|importoexporti #2|19|23|469.71
2004001|edu packimporto #1|9|47|469.20
6009004|maxicorp #4|17|33|469.20
9004008|edu packmaxi #8|19|24|468.92
10009017|maxiunivamalg #17|18|4|468.60
9012003|importounivamalg #3|17|50|467.50
1003001|exportiamalg #1|18|16|466.50
9013009|exportiunivamalg #9|18|30|466.44
2003002|exportiimporto #2|17|54|466.20
10016009|corpamalgamalg #9|9|49|466.02
2004001|edu packimporto #1|17|50|465.52
10012006|importoamalgamalg #6|8|41|465.47
7002003|importobrand #3|17|14|465.40
8004005|edu packnameless #5|19|39|465.40
1002001|importoamalg #1|9|55|465.12
7001005|amalgbrand #5|18|0|465.12
1002002|importoamalg #2|7|26|464.80
6010006|univbrand #6|17|15|464.60
1002001|importoamalg #1|7|46|464.45
3002002|importoexporti #2|17|10|464.40
7002008|importobrand #8|8|34|464.24
9004008|edu packmaxi #8|19|36|463.92
2003002|exportiimporto #2|17|20|462.80
5003001|exportischolar #1|19|34|462.30
5003001|exportischolar #1|17|44|462.21
5003001|exportischolar #1|7|52|462.00
8008009|namelessnameless #9|7|1|462.00
9005009|scholarmaxi #9|9|44|461.68
7006003|corpbrand #3|17|28|461.54
10015013|scholaramalgamalg #13|8|44|461.50
1004001|edu packamalg #1|9|18|461.40
6001002|amalgcorp #2|9|21|461.30
8005005|scholarnameless #5|17|42|461.30
5002002|importoscholar #2|18|35|460.98
1004002|edu packamalg #2|9|22|460.95
5004002|edu packscholar #2|9|43|460.80
6014006|edu packbrand #6|18|5|460.64
2001002|amalgimporto #2|19|52|460.30
3003001|exportiexporti #1|8|22|459.25
6010004|univbrand #4|18|49|458.64
3003001|exportiexporti #1|6|28|458.37
1001001|amalgamalg #1|19|31|458.16
9002011|importomaxi #11|8|43|457.09
4004002|edu packedu pack #2|6|39|456.57
7003005|exportibrand #5|17|28|455.67
1004001|edu packamalg #1|17|1|455.65
10014016|edu packamalgamalg #16|9|48|455.18
7006003|corpbrand #3|18|6|454.86
7001005|amalgbrand #5|8|8|454.80
8016006|corpmaxi #6|17|42|454.80
1004001|edu packamalg #1|19|24|454.68
2004001|edu packimporto #1|18|26|454.14
6008005|namelesscorp #5|8|54|454.10
10003004|exportiunivamalg #4|18|23|454.08
2004002|edu packimporto #2|17|10|453.96
1002001|importoamalg #1|18|22|453.54
6003003|exporticorp #3|17|12|453.08
4001001|amalgedu pack #1|19|53|452.64
9015002|scholarunivamalg #2|19|24|452.48
7009003|maxibrand #3|17|36|452.18
8005003|scholarnameless #3|8|27|451.98
7007010|brandbrand #10|6|15|451.85
5003002|exportischolar #2|19|25|451.55
1002001|importoamalg #1|17|48|451.44
7004004|edu packbrand #4|17|19|451.44
4002002|importoedu pack #2|9|37|451.26
9014008|edu packunivamalg #8|19|9|451.26
6015006|scholarbrand #6|17|22|451.03
9015002|scholarunivamalg #2|8|59|450.95
10012004|importoamalgamalg #4|17|14|450.69
2001002|amalgimporto #2|17|51|450.45
10015005|scholaramalgamalg #5|18|22|450.24
9003011|exportimaxi #11|18|36|450.16
5004002|edu packscholar #2|18|23|449.10
6003003|exporticorp #3|9|40|448.49
10004015|edu packunivamalg #15|8|44|448.26
10016003|corpamalgamalg #3|6|0|448.02
7006008|corpbrand #8|17|39|447.81
7004009|edu packbrand #9|19|55|447.80
6015005|scholarbrand #5|8|31|447.44
7015009|scholarnameless #9|6|16|447.30
8015007|scholarmaxi #7|9|29|446.60
4001001|amalgedu pack #1|17|1|446.34
6015004|scholarbrand #4|19|56|446.16
9015011|scholarunivamalg #11|18|1|445.92
9014008|edu packunivamalg #8|9|33|445.57
10006002|corpunivamalg #2|19|33|445.57
10016004|corpamalgamalg #4|8|38|445.56
3003001|exportiexporti #1|8|36|445.50
7006005|corpbrand #5|18|19|445.15
6008007|namelesscorp #7|19|17|445.05
4001001|amalgedu pack #1|18|50|444.78
7011001|amalgnameless #1|19|22|444.75
4003002|exportiedu pack #2|19|16|444.69
5004002|edu packscholar #2|17|25|444.69
3003001|exportiexporti #1|17|51|444.24
9009002|maximaxi #2|17|45|443.94
4004002|edu packedu pack #2|8|15|443.68
7001004|amalgbrand #4|17|54|443.61
8003010|exportinameless #10|19|5|443.54
1003002|exportiamalg #2|17|2|443.30
4004001|edu packedu pack #1|18|24|443.18
8005010|scholarnameless #10|8|31|442.96
9016005|corpunivamalg #5|9|23|442.26
7003003|exportibrand #3|9|25|442.17
4003001|exportiedu pack #1|17|17|441.64
4001001|amalgedu pack #1|19|58|441.61
9004008|edu packmaxi #8|19|41|441.36
7016007|corpnameless #7|7|10|441.00
2003002|exportiimporto #2|8|54|440.93
8010009|univmaxi #9|8|31|440.64
2003001|exportiimporto #1|18|24|440.20
10003007|exportiunivamalg #7|17|8|440.20
3004002|edu packexporti #2|9|42|440.00
10010006|univamalgamalg #6|17|21|438.82
8004003|edu packnameless #3|9|23|438.33
NULL|NULL|17|41|438.00
6011001|amalgbrand #1|8|21|437.47
7004004|edu packbrand #4|19|54|437.40
7001005|amalgbrand #5|18|56|436.98
7003005|exportibrand #5|19|33|436.90
9011009|amalgunivamalg #9|6|28|436.84
9013009|exportiunivamalg #9|9|40|436.80
10014007|edu packamalgamalg #7|19|24|436.80
5004001|edu packscholar #1|19|53|436.65
10011004|amalgamalgamalg #4|17|34|436.05
7003002|exportibrand #2|19|33|436.00
5004001|edu packscholar #1|17|55|435.93
3002002|importoexporti #2|18|27|435.84
5004001|edu packscholar #1|8|2|435.53
3003001|exportiexporti #1|17|26|435.24
9016003|corpunivamalg #3|9|58|435.06
7011008|amalgnameless #8|8|6|434.85
2004001|edu packimporto #1|18|38|434.62
4001001|amalgedu pack #1|18|22|434.14
4002002|importoedu pack #2|17|43|433.92
4003001|exportiedu pack #1|19|0|433.44
8015005|scholarmaxi #5|19|38|433.28
4004001|edu packedu pack #1|18|7|433.21
9006011|corpmaxi #11|9|37|432.45
8008003|namelessnameless #3|17|57|432.30
6015006|scholarbrand #6|9|18|431.97
4003002|exportiedu pack #2|7|7|431.68
10012004|importoamalgamalg #4|17|20|431.64
1004001|edu packamalg #1|19|46|431.32
7001001|amalgbrand #1|19|41|431.07
6012007|importobrand #7|17|47|430.56
6012007|importobrand #7|8|30|430.08
4001001|amalgedu pack #1|6|11|429.52
10016002|corpamalgamalg #2|7|43|429.48
7010003|univnameless #3|17|55|428.82
4001002|amalgedu pack #2|19|14|428.55
4002002|importoedu pack #2|17|48|427.80
8011007|amalgmaxi #7|8|22|427.46
3001002|amalgexporti #2|9|7|427.04
6016008|corpbrand #8|17|28|426.59
7005007|scholarbrand #7|9|37|425.88
5001001|amalgscholar #1|19|29|425.70
6008005|namelesscorp #5|19|21|425.60
4001001|amalgedu pack #1|17|51|425.58
6008003|namelesscorp #3|6|27|425.34
9013009|exportiunivamalg #9|17|46|425.32
6008005|namelesscorp #5|18|54|425.29
1001001|amalgamalg #1|17|57|425.25
1003002|exportiamalg #2|19|55|425.15
4002002|importoedu pack #2|18|3|425.00
3002001|importoexporti #1|17|6|424.86
5004002|edu packscholar #2|9|41|424.84
1004001|edu packamalg #1|17|28|424.80
1001002|amalgamalg #2|19|22|424.71
5003001|exportischolar #1|17|41|424.71
5002002|importoscholar #2|17|36|424.62
3003001|exportiexporti #1|19|22|424.56
1001002|amalgamalg #2|17|11|424.55
3001001|amalgexporti #1|17|45|424.08
1001001|amalgamalg #1|18|20|423.75
2002001|importoimporto #1|9|48|423.25
5004001|edu packscholar #1|9|24|422.17
4002002|importoedu pack #2|17|14|422.10
8007005|brandnameless #5|8|0|421.85
3002002|importoexporti #2|9|32|421.47
7013001|exportinameless #1|8|19|421.43
7009003|maxibrand #3|9|30|420.80
4001002|amalgedu pack #2|19|34|420.75
1002002|importoamalg #2|17|55|420.45
1002001|importoamalg #1|19|43|419.64
10009015|maxiunivamalg #15|17|56|418.88
9016003|corpunivamalg #3|18|14|417.56
10005013|scholarunivamalg #13|19|21|417.24
4002001|importoedu pack #1|19|27|416.89
6015008|scholarbrand #8|7|13|416.78
8009003|maxinameless #3|17|35|416.70
8005006|scholarnameless #6|18|47|415.41
9005009|scholarmaxi #9|18|15|414.99
2001001|amalgimporto #1|19|59|414.60
9007003|brandmaxi #3|19|45|414.18
2002001|importoimporto #1|8|2|414.01
10009015|maxiunivamalg #15|17|6|413.95
9001005|amalgmaxi #5|7|10|413.60
1002002|importoamalg #2|7|7|413.25
8008007|namelessnameless #7|9|12|413.25
10007015|brandunivamalg #15|19|58|412.80
6003003|exporticorp #3|9|32|412.65
5004002|edu packscholar #2|19|37|412.25
4003002|exportiedu pack #2|18|43|411.50
1002001|importoamalg #1|19|16|411.36
9006009|corpmaxi #9|19|16|411.12
10005013|scholarunivamalg #13|17|20|411.08
1003002|exportiamalg #2|19|25|411.00
8006008|corpnameless #8|18|16|410.76
4004002|edu packedu pack #2|19|33|410.00
7002009|importobrand #9|19|42|409.37
4003002|exportiedu pack #2|19|15|409.26
1001002|amalgamalg #2|18|47|409.24
5001001|amalgscholar #1|17|20|408.96
10015013|scholaramalgamalg #13|19|27|408.90
6015008|scholarbrand #8|18|10|408.20
6009004|maxicorp #4|17|35|407.99
4004001|edu packedu pack #1|8|54|407.68
9015011|scholarunivamalg #11|17|58|407.56
1001001|amalgamalg #1|18|46|407.00
1001001|amalgamalg #1|9|4|406.98
9016009|corpunivamalg #9|18|31|406.70
10016013|corpamalgamalg #13|6|43|406.70
10006009|corpunivamalg #9|19|35|406.68
9003005|exportimaxi #5|6|30|406.08
5004002|edu packscholar #2|18|40|405.98
7016001|corpnameless #1|19|28|405.84
6003005|exporticorp #5|18|16|405.60
4001001|amalgedu pack #1|18|27|405.49
9012003|importounivamalg #3|8|35|405.36
7008009|namelessbrand #9|17|54|404.94
7016001|corpnameless #1|17|58|404.60
4002001|importoedu pack #1|17|37|404.48
7002008|importobrand #8|6|40|403.42
3002002|importoexporti #2|19|25|402.91
7001005|amalgbrand #5|18|36|402.90
7001001|amalgbrand #1|7|38|402.08
10013003|exportiamalgamalg #3|9|7|402.00
10016006|corpamalgamalg #6|17|15|400.95
7016001|corpnameless #1|9|20|400.62
10009008|maxiunivamalg #8|17|8|400.62
9006011|corpmaxi #11|17|33|400.40
2003002|exportiimporto #2|17|16|399.96
9012011|importounivamalg #11|19|34|399.84
1001001|amalgamalg #1|9|1|399.60
4004001|edu packedu pack #1|8|53|398.72
8009005|maxinameless #5|19|54|398.65
1002001|importoamalg #1|8|40|398.64
3003001|exportiexporti #1|17|30|398.58
10008009|namelessunivamalg #9|18|8|398.52
4004002|edu packedu pack #2|19|13|397.76
10013003|exportiamalgamalg #3|7|21|397.44
5003001|exportischolar #1|17|40|397.15
5003002|exportischolar #2|7|37|396.75
2004002|edu packimporto #2|8|25|396.56
5003001|exportischolar #1|19|47|396.34
3004002|edu packexporti #2|17|24|395.56
2001001|amalgimporto #1|19|10|395.52
4004001|edu packedu pack #1|19|0|395.40
2003001|exportiimporto #1|18|2|395.28
7007005|brandbrand #5|17|15|394.95
7016007|corpnameless #7|9|42|394.42
10016017|corpamalgamalg #17|8|0|394.40
9003008|exportimaxi #8|19|49|394.24
10010013|univamalgamalg #13|17|46|393.96
8012010|importomaxi #10|18|31|393.90
10003008|exportiunivamalg #8|8|52|393.75
7013001|exportinameless #1|8|6|392.50
1002001|importoamalg #1|18|54|392.46
5003001|exportischolar #1|9|35|392.16
7002009|importobrand #9|9|24|392.00
9010009|univunivamalg #9|6|2|391.98
6003007|exporticorp #7|18|59|391.86
9006011|corpmaxi #11|8|48|391.55
2004002|edu packimporto #2|9|24|390.78
3003002|exportiexporti #2|19|0|390.06
8008002|namelessnameless #2|9|23|390.06
6007007|brandcorp #7|6|48|389.97
4001002|amalgedu pack #2|18|59|389.90
6016008|corpbrand #8|17|41|389.55
9010009|univunivamalg #9|19|19|389.55
8010002|univmaxi #2|18|56|389.20
8010009|univmaxi #9|9|9|389.20
3003001|exportiexporti #1|17|13|389.00
10008012|namelessunivamalg #12|7|44|388.89
10008002|namelessunivamalg #2|17|24|388.80
7012009|importonameless #9|9|49|388.64
9007003|brandmaxi #3|17|21|388.24
10016001|corpamalgamalg #1|17|31|387.84
9006002|corpmaxi #2|9|50|387.30
1003002|exportiamalg #2|18|23|386.60
6002005|importocorp #5|19|13|386.57
7010010|univnameless #10|19|27|386.00
6016005|corpbrand #5|17|4|385.30
6005007|scholarcorp #7|9|31|385.24
4002002|importoedu pack #2|19|47|384.93
7010008|univnameless #8|19|3|384.88
7008006|namelessbrand #6|17|25|384.84
6001007|amalgcorp #7|17|13|384.71
7014001|edu packnameless #1|9|11|383.78
8009009|maxinameless #9|9|30|382.80
7005010|scholarbrand #10|17|51|381.45
3003001|exportiexporti #1|9|52|381.12
8012001|importomaxi #1|17|55|381.12
7003001|exportibrand #1|18|59|380.97
3003001|exportiexporti #1|8|42|380.80
1003002|exportiamalg #2|8|52|380.70
8008004|namelessnameless #4|18|39|380.64
10013013|exportiamalgamalg #13|9|21|380.48
10012004|importoamalgamalg #4|9|48|380.34
3004001|edu packexporti #1|8|0|380.25
3004001|edu packexporti #1|17|10|379.75
6014001|edu packbrand #1|18|30|379.62
10004008|edu packunivamalg #8|8|44|379.35
10013013|exportiamalgamalg #13|9|3|379.32
7014009|edu packnameless #9|19|28|379.25
5001002|amalgscholar #2|19|14|379.05
3001002|amalgexporti #2|17|13|378.96
9002003|importomaxi #3|18|49|378.82
5004002|edu packscholar #2|17|49|378.74
6012002|importobrand #2|8|22|378.55
2003002|exportiimporto #2|9|49|378.24
5003001|exportischolar #1|18|21|377.54
10016001|corpamalgamalg #1|8|37|377.52
10012004|importoamalgamalg #4|9|11|377.41
6005001|scholarcorp #1|18|23|377.25
4004001|edu packedu pack #1|18|16|376.70
9006009|corpmaxi #9|7|9|376.56
6007007|brandcorp #7|19|13|376.37
4001001|amalgedu pack #1|19|30|376.20
8002009|importonameless #9|18|5|376.11
10010006|univamalgamalg #6|9|48|375.88
9011008|amalgunivamalg #8|17|6|374.16
5004001|edu packscholar #1|19|15|373.80
1004001|edu packamalg #1|17|29|373.52
3004002|edu packexporti #2|8|57|373.50
3003002|exportiexporti #2|7|22|373.32
10012010|importoamalgamalg #10|9|17|373.32
9009003|maximaxi #3|8|15|372.40
5002001|importoscholar #1|18|50|372.12
5003001|exportischolar #1|18|43|371.82
3002002|importoexporti #2|19|19|371.64
7006004|NULL|18|12|371.52
2002002|importoimporto #2|19|36|371.33
3003002|exportiexporti #2|18|5|371.20
7016001|corpnameless #1|9|51|371.07
6008007|namelesscorp #7|19|59|370.88
7001005|amalgbrand #5|9|27|370.80
6008002|namelesscorp #2|6|17|370.51
8007005|brandnameless #5|19|4|370.50
2003002|exportiimporto #2|18|1|370.44
1003002|exportiamalg #2|17|19|370.26
2002002|importoimporto #2|18|21|370.20
10012011|importoamalgamalg #11|17|27|369.95
6013005|exportibrand #5|8|16|369.80
2001002|amalgimporto #2|19|45|369.75
9016002|corpunivamalg #2|9|16|369.72
8004004|edu packnameless #4|8|6|369.66
1002002|importoamalg #2|17|50|369.60
6005008|scholarcorp #8|19|9|369.60
7006003|corpbrand #3|7|36|369.27
2003002|exportiimporto #2|7|43|368.76
9012011|importounivamalg #11|19|47|368.55
9015011|scholarunivamalg #11|8|59|368.55
9011008|amalgunivamalg #8|9|27|368.52
8015007|scholarmaxi #7|19|31|367.68
9015003|scholarunivamalg #3|18|22|367.22
10003007|exportiunivamalg #7|17|35|367.15
9006011|corpmaxi #11|17|0|366.66
9007005|brandmaxi #5|9|54|366.16
2001002|amalgimporto #2|19|37|365.95
8008003|namelessnameless #3|17|27|365.80
6011001|amalgbrand #1|6|46|365.31
6009004|maxicorp #4|19|58|364.99
9003011|exportimaxi #11|18|16|364.82
6009002|maxicorp #2|18|49|364.80
6008002|namelesscorp #2|6|23|364.78
10013002|exportiamalgamalg #2|8|25|363.37
10006003|corpunivamalg #3|18|30|363.24
8006003|corpnameless #3|19|23|363.12
4001002|amalgedu pack #2|18|16|363.00
4001002|amalgedu pack #2|19|19|362.85
5004001|edu packscholar #1|19|54|362.37
1003001|exportiamalg #1|9|47|362.31
9015002|scholarunivamalg #2|17|11|362.07
7011001|amalgnameless #1|9|2|362.05
10006017|corpunivamalg #17|18|10|361.68
9008008|namelessmaxi #8|6|16|361.62
7009003|maxibrand #3|9|3|361.55
4003001|exportiedu pack #1|17|33|361.49
6008003|namelesscorp #3|18|43|361.08
9003005|exportimaxi #5|7|17|360.99
1003001|exportiamalg #1|19|45|360.64
10007012|brandunivamalg #12|9|4|360.64
7009001|maxibrand #1|19|7|360.40
10004004|edu packunivamalg #4|7|6|360.25
5001002|amalgscholar #2|8|44|359.46
10008009|namelessunivamalg #9|19|55|359.40
6008003|namelesscorp #3|9|33|359.31
9014008|edu packunivamalg #8|19|50|359.28
5004002|edu packscholar #2|18|1|359.12
6002003|importocorp #3|9|44|359.10
10016003|corpamalgamalg #3|17|46|358.26
7009003|maxibrand #3|8|57|358.05
7009009|maxibrand #9|9|57|357.30
1004002|edu packamalg #2|18|2|357.00
8004003|edu packnameless #3|6|2|356.32
9008008|namelessmaxi #8|18|14|356.25
10015005|scholaramalgamalg #5|9|4|356.24
9001011|amalgmaxi #11|8|53|355.95
4003001|exportiedu pack #1|9|47|355.60
2001001|amalgimporto #1|7|12|355.50
6011001|amalgbrand #1|9|10|355.50
4004001|edu packedu pack #1|18|9|354.96
7009005|maxibrand #5|17|23|354.80
8005005|scholarnameless #5|7|47|354.38
5003002|exportischolar #2|9|5|353.93
3001002|amalgexporti #2|9|12|353.80
2004001|edu packimporto #1|7|37|353.79
8002009|importonameless #9|9|24|353.60
1003001|exportiamalg #1|18|9|352.48
8011007|amalgmaxi #7|18|27|352.30
10009013|maxiunivamalg #13|9|48|352.20
4004002|edu packedu pack #2|17|30|352.16
7012010|importonameless #10|17|49|352.16
3003002|exportiexporti #2|17|34|352.00
3002001|importoexporti #1|8|56|351.90
6004003|edu packcorp #3|18|48|351.36
8003009|exportinameless #9|17|56|351.12
3004001|edu packexporti #1|17|11|351.00
9003011|exportimaxi #11|8|23|351.00
2001002|amalgimporto #2|6|45|350.80
1002002|importoamalg #2|19|24|350.61
6016008|corpbrand #8|17|45|350.34
9013011|exportiunivamalg #11|7|33|350.03
1003002|exportiamalg #2|18|19|349.81
5003002|exportischolar #2|18|2|349.44
4001001|amalgedu pack #1|7|54|349.41
7013001|exportinameless #1|9|38|348.72
1001001|amalgamalg #1|19|43|348.16
5004001|edu packscholar #1|9|15|347.90
3004002|edu packexporti #2|8|49|347.40
7001007|amalgbrand #7|9|59|347.36
4001002|amalgedu pack #2|18|46|347.15
5003002|exportischolar #2|18|35|347.12
2002001|importoimporto #1|19|13|347.05
4003001|exportiedu pack #1|8|48|347.00
4002001|importoedu pack #1|18|51|346.74
10006009|corpunivamalg #9|17|48|346.50
3001002|amalgexporti #2|19|20|346.32
1002001|importoamalg #1|19|4|346.18
6013007|exportibrand #7|19|51|346.12
9011008|amalgunivamalg #8|9|58|345.84
9014002|edu packunivamalg #2|6|36|345.60
5001001|amalgscholar #1|17|13|345.46
7003001|exportibrand #1|18|17|345.45
3001002|amalgexporti #2|18|52|345.38
9007008|brandmaxi #8|8|48|345.24
5003001|exportischolar #1|17|24|344.75
3002002|importoexporti #2|17|58|343.90
7016001|corpnameless #1|17|20|343.57
7006008|corpbrand #8|7|27|343.39
8011007|amalgmaxi #7|18|48|343.00
5003001|exportischolar #1|18|13|342.76
6012005|importobrand #5|17|40|342.65
3002001|importoexporti #1|17|24|342.40
4002001|importoedu pack #1|17|18|342.08
8005010|scholarnameless #10|9|48|341.94
7002009|importobrand #9|18|3|341.44
6001007|amalgcorp #7|17|2|341.32
3002001|importoexporti #1|17|31|341.22
6006003|corpcorp #3|19|14|340.32
7005007|scholarbrand #7|9|1|340.00
2001001|amalgimporto #1|9|57|339.90
6002003|importocorp #3|9|9|339.82
2002002|importoimporto #2|17|41|339.66
10009001|maxiunivamalg #1|18|55|339.34
7003009|exportibrand #9|7|27|339.20
4002002|importoedu pack #2|18|0|339.12
9002003|importomaxi #3|18|17|339.00
7006004|NULL|18|15|338.70
9002008|importomaxi #8|18|6|338.66
3003001|exportiexporti #1|19|55|338.36
8005009|scholarnameless #9|19|12|338.04
10006013|corpunivamalg #13|17|19|337.81
1003002|exportiamalg #2|17|50|337.56
4004001|edu packedu pack #1|9|5|337.44
7012003|importonameless #3|8|35|337.28
6014002|edu packbrand #2|8|4|337.05
7010001|univnameless #1|7|20|337.00
8006008|corpnameless #8|18|24|336.96
4003001|exportiedu pack #1|17|0|336.70
2003002|exportiimporto #2|9|35|336.60
1004001|edu packamalg #1|9|35|336.49
2001002|amalgimporto #2|9|30|336.26
6014001|edu packbrand #1|8|8|336.09
6014001|edu packbrand #1|19|41|336.00
7010009|univnameless #9|9|30|335.90
7015003|scholarnameless #3|17|52|335.80
1004001|edu packamalg #1|19|4|335.58
9013008|exportiunivamalg #8|9|52|335.35
1001001|amalgamalg #1|9|39|335.16
3002001|importoexporti #1|9|43|335.00
10012017|importoamalgamalg #17|8|36|334.95
6009007|maxicorp #7|17|48|334.73
2002001|importoimporto #1|9|35|334.05
8008003|namelessnameless #3|18|56|333.97
1002001|importoamalg #1|18|4|333.48
4002001|importoedu pack #1|9|34|332.84
10016008|corpamalgamalg #8|17|43|332.82
6004003|edu packcorp #3|7|7|332.67
3004001|edu packexporti #1|19|21|332.52
8012001|importomaxi #1|19|51|332.29
3002001|importoexporti #1|18|21|332.28
7014002|edu packnameless #2|17|38|332.24
3003001|exportiexporti #1|9|17|332.16
1001001|amalgamalg #1|7|33|331.80
1004001|edu packamalg #1|18|43|331.78
3004002|edu packexporti #2|8|47|331.65
7001004|amalgbrand #4|19|16|331.47
7015002|scholarnameless #2|19|26|331.10
4004001|edu packedu pack #1|17|32|330.77
7012010|importonameless #10|17|14|330.41
6015004|scholarbrand #4|18|0|330.16
5002001|importoscholar #1|17|14|330.11
1004002|edu packamalg #2|9|34|330.00
5004001|edu packscholar #1|18|32|329.76
3001001|amalgexporti #1|8|7|329.70
9003005|exportimaxi #5|17|42|329.70
8009010|maxinameless #10|9|19|329.46
3002001|importoexporti #1|9|26|329.16
10016006|corpamalgamalg #6|19|43|329.00
9014011|edu packunivamalg #11|17|7|328.75
1003001|exportiamalg #1|18|27|328.72
3001001|amalgexporti #1|9|45|328.24
3004001|edu packexporti #1|17|51|328.14
1004002|edu packamalg #2|9|6|328.02
10002011|importounivamalg #11|9|10|327.84
6015005|scholarbrand #5|17|59|327.80
3004001|edu packexporti #1|7|32|327.75
1001002|amalgamalg #2|17|33|327.60
6006002|corpcorp #2|9|23|327.60
10009008|maxiunivamalg #8|9|16|327.60
6016005|corpbrand #5|8|46|327.31
1001002|amalgamalg #2|8|41|327.06
9001008|amalgmaxi #8|8|30|327.06
6003008|exporticorp #8|17|36|327.05
9010009|univunivamalg #9|19|18|327.04
2001002|amalgimporto #2|9|9|326.34
7003005|exportibrand #5|6|32|326.04
7007010|brandbrand #10|9|2|325.95
9006005|corpmaxi #5|17|58|325.78
10015001|scholaramalgamalg #1|17|15|325.40
10006009|corpunivamalg #9|19|23|324.88
10012002|importoamalgamalg #2|18|1|324.84
4004002|edu packedu pack #2|8|31|323.82
8009009|maxinameless #9|17|38|323.61
7014001|edu packnameless #1|17|27|323.46
6011005|amalgbrand #5|19|28|323.18
1004002|edu packamalg #2|18|57|323.17
4004001|edu packedu pack #1|18|2|323.16
6011005|amalgbrand #5|17|54|323.10
6006003|corpcorp #3|17|17|323.00
4001002|amalgedu pack #2|17|45|322.70
2004002|edu packimporto #2|17|55|322.64
9006011|corpmaxi #11|7|39|322.62
8002009|importonameless #9|17|44|322.56
8008002|namelessnameless #2|8|11|322.42
10008015|namelessunivamalg #15|18|59|321.48
6005001|scholarcorp #1|18|19|321.20
7013009|exportinameless #9|19|11|321.10
4002002|importoedu pack #2|8|34|320.75
9004008|edu packmaxi #8|18|30|320.74
1002001|importoamalg #1|19|45|320.42
5003001|exportischolar #1|6|35|320.00
1004002|edu packamalg #2|18|8|319.80
4003001|exportiedu pack #1|18|8|319.62
6010005|univbrand #5|17|43|319.39
4002001|importoedu pack #1|19|54|319.28
4003001|exportiedu pack #1|19|37|319.28
1002001|importoamalg #1|8|55|319.24
1004002|edu packamalg #2|19|13|319.20
8008003|namelessnameless #3|19|22|318.72
7009005|maxibrand #5|18|15|318.24
8005009|scholarnameless #9|9|49|317.72
4004002|edu packedu pack #2|18|31|317.52
1002001|importoamalg #1|9|35|317.40
10009017|maxiunivamalg #17|8|29|316.79
8012006|importomaxi #6|19|17|316.50
6008003|namelesscorp #3|18|49|316.32
7002003|importobrand #3|19|51|316.02
9007003|brandmaxi #3|17|19|315.86
8001004|amalgnameless #4|18|13|315.84
10012004|importoamalgamalg #4|18|5|315.52
2003001|exportiimporto #1|6|6|314.72
2002002|importoimporto #2|7|38|314.70
6001007|amalgcorp #7|19|9|313.95
4003002|exportiedu pack #2|9|13|313.50
6005008|scholarcorp #8|9|5|313.50
2004001|edu packimporto #1|9|45|313.44
10007014|brandunivamalg #14|8|2|312.88
4002001|importoedu pack #1|18|2|312.52
1004002|edu packamalg #2|18|39|312.48
1004001|edu packamalg #1|18|15|312.40
6012005|importobrand #5|18|42|312.06
9004011|edu packmaxi #11|17|7|311.91
3003002|exportiexporti #2|9|46|311.64
6011008|amalgbrand #8|8|41|311.44
5004001|edu packscholar #1|19|40|311.26
8010006|univmaxi #6|9|25|311.19
9009003|maximaxi #3|8|29|310.76
9006005|corpmaxi #5|19|6|310.64
8012006|importomaxi #6|19|50|310.10
8005008|scholarnameless #8|9|50|309.90
10011014|amalgamalgamalg #14|7|31|309.58
1003002|exportiamalg #2|18|59|309.42
8008007|namelessnameless #7|7|53|308.77
7002010|importobrand #10|17|18|307.80
3002002|importoexporti #2|8|46|307.40
3004002|edu packexporti #2|9|3|307.32
7008009|namelessbrand #9|7|3|306.90
10002007|importounivamalg #7|17|18|306.74
2003002|exportiimporto #2|17|53|306.60
6009003|maxicorp #3|18|47|306.44
10016002|corpamalgamalg #2|9|42|306.28
6006007|corpcorp #7|17|28|306.18
10013002|exportiamalgamalg #2|19|58|305.90
1004002|edu packamalg #2|7|14|305.83
2001002|amalgimporto #2|17|4|305.75
6003005|exporticorp #5|18|53|304.98
7014002|edu packnameless #2|19|57|304.92
7006003|corpbrand #3|18|50|304.38
4003001|exportiedu pack #1|19|9|304.22
1003001|exportiamalg #1|18|20|303.78
7001008|amalgbrand #8|19|40|303.68
2002001|importoimporto #1|9|24|303.28
10012005|importoamalgamalg #5|17|8|303.03
9013002|exportiunivamalg #2|19|56|302.40
8004009|edu packnameless #9|17|54|302.22
9013009|exportiunivamalg #9|17|7|302.12
6003005|exporticorp #5|9|7|301.23
4002002|importoedu pack #2|18|57|300.60
8007010|brandnameless #10|19|2|300.60
9006009|corpmaxi #9|8|57|300.53
2004002|edu packimporto #2|18|51|300.16
8004004|edu packnameless #4|17|35|300.16
4001002|amalgedu pack #2|9|0|300.00
3001002|amalgexporti #2|17|6|299.97
9006005|corpmaxi #5|17|13|299.64
2004002|edu packimporto #2|19|3|299.54
9015009|scholarunivamalg #9|19|50|299.51
10009015|maxiunivamalg #15|8|9|299.49
9007005|brandmaxi #5|17|31|299.13
9012005|importounivamalg #5|19|29|299.00
3002001|importoexporti #1|18|26|298.77
1003001|exportiamalg #1|9|27|298.53
6004004|edu packcorp #4|9|28|298.50
9007003|brandmaxi #3|9|27|298.20
10007005|brandunivamalg #5|18|28|297.33
3001001|amalgexporti #1|17|43|297.20
10012011|importoamalgamalg #11|18|38|296.52
3002001|importoexporti #1|8|0|296.45
9001008|amalgmaxi #8|9|9|296.27
5001001|amalgscholar #1|17|19|295.46
7012010|importonameless #10|17|30|295.02
9015009|scholarunivamalg #9|17|46|294.91
9006009|corpmaxi #9|17|18|294.84
5004002|edu packscholar #2|17|43|294.65
1002002|importoamalg #2|8|45|294.54
2004001|edu packimporto #1|18|56|294.52
8011007|amalgmaxi #7|19|40|294.52
10012004|importoamalgamalg #4|19|15|294.00
2001002|amalgimporto #2|6|46|293.60
9011008|amalgunivamalg #8|19|36|293.31
2002001|importoimporto #1|9|10|293.25
1001002|amalgamalg #2|9|44|293.23
10003008|exportiunivamalg #8|9|54|293.10
6011003|amalgbrand #3|9|30|292.44
2002001|importoimporto #1|18|37|292.11
2001002|amalgimporto #2|6|47|292.08
1001002|amalgamalg #2|18|22|291.90
9015009|scholarunivamalg #9|7|55|291.78
3001001|amalgexporti #1|18|53|291.68
6010006|univbrand #6|19|52|290.97
8009005|maxinameless #5|17|44|290.92
6015006|scholarbrand #6|18|56|290.88
10009009|maxiunivamalg #9|17|44|290.13
7001008|amalgbrand #8|19|10|289.85
5004002|edu packscholar #2|19|32|289.40
6011001|amalgbrand #1|19|27|289.32
6007003|brandcorp #3|8|12|289.08
6006007|corpcorp #7|17|16|288.70
8002009|importonameless #9|8|58|288.66
10011017|amalgamalgamalg #17|17|2|288.64
3004002|edu packexporti #2|19|28|288.36
2001001|amalgimporto #1|8|56|288.32
6011008|amalgbrand #8|9|36|288.12
2001001|amalgimporto #1|19|47|287.97
7012009|importonameless #9|18|31|287.91
3002001|importoexporti #1|7|13|287.70
5003001|exportischolar #1|8|0|287.62
10013003|exportiamalgamalg #3|6|40|287.43
9006002|corpmaxi #2|18|27|287.30
4004002|edu packedu pack #2|19|2|287.28
3004001|edu packexporti #1|19|18|287.04
8005001|scholarnameless #1|18|13|287.00
8005009|scholarnameless #9|18|49|286.98
1004001|edu packamalg #1|8|18|286.92
9001003|amalgmaxi #3|6|56|286.75
2001001|amalgimporto #1|18|9|286.44
10007002|brandunivamalg #2|9|22|286.44
10004001|edu packunivamalg #1|18|7|286.09
9006002|corpmaxi #2|18|26|284.80
7011001|amalgnameless #1|17|19|284.68
7007004|brandbrand #4|19|47|284.35
10006017|corpunivamalg #17|19|16|284.16
2003001|exportiimporto #1|9|17|284.13
9003005|exportimaxi #5|18|28|284.00
6003008|exporticorp #8|9|44|283.92
10012005|importoamalgamalg #5|17|30|283.92
7003003|exportibrand #3|17|38|283.80
5003001|exportischolar #1|7|40|283.47
2001002|amalgimporto #2|19|5|283.36
5001001|amalgscholar #1|19|23|283.23
10005013|scholarunivamalg #13|9|23|283.20
4004002|edu packedu pack #2|19|56|282.96
7004004|edu packbrand #4|17|16|282.90
9004011|edu packmaxi #11|19|6|282.88
6001007|amalgcorp #7|9|23|282.87
5002001|importoscholar #1|18|35|282.72
3001001|amalgexporti #1|19|47|282.56
3003002|exportiexporti #2|17|1|282.10
8001001|amalgnameless #1|17|40|282.08
6012002|importobrand #2|9|44|282.00
9009003|maximaxi #3|18|9|282.00
7001005|amalgbrand #5|8|56|281.88
5002002|importoscholar #2|18|26|281.75
4001002|amalgedu pack #2|17|10|281.28
8010005|univmaxi #5|8|14|281.20
9002011|importomaxi #11|8|20|281.00
5003002|exportischolar #2|17|13|280.95
8004005|edu packnameless #5|18|48|280.92
8001001|amalgnameless #1|17|52|280.64
10016013|corpamalgamalg #13|9|52|280.60
2002001|importoimporto #1|19|41|280.17
10008002|namelessunivamalg #2|7|18|279.99
2001002|amalgimporto #2|9|52|279.72
10015001|scholaramalgamalg #1|18|0|279.72
8003009|exportinameless #9|8|35|279.48
7003001|exportibrand #1|9|36|279.40
7016001|corpnameless #1|7|4|278.97
7015003|scholarnameless #3|18|59|278.90
2004002|edu packimporto #2|19|23|278.60
10012010|importoamalgamalg #10|9|54|278.52
4004001|edu packedu pack #1|17|52|278.16
6012002|importobrand #2|19|5|277.95
6016003|corpbrand #3|9|5|277.94
3002001|importoexporti #1|17|42|277.60
7010004|univnameless #4|19|2|277.40
9006005|corpmaxi #5|17|44|277.30
10005013|scholarunivamalg #13|18|33|276.95
7005006|scholarbrand #6|18|54|276.87
4004002|edu packedu pack #2|8|51|276.64
7009009|maxibrand #9|19|16|276.40
10005010|scholarunivamalg #10|9|25|275.70
6005007|scholarcorp #7|9|21|275.36
1004002|edu packamalg #2|8|44|275.22
10012004|importoamalgamalg #4|17|45|275.10
5004002|edu packscholar #2|9|0|275.04
10012011|importoamalgamalg #11|18|24|274.88
7005007|scholarbrand #7|18|47|274.70
5003002|exportischolar #2|19|41|274.35
9005009|scholarmaxi #9|8|26|274.30
2004002|edu packimporto #2|18|33|274.20
8005009|scholarnameless #9|18|10|274.12
7010010|univnameless #10|19|0|272.85
9001008|amalgmaxi #8|19|30|272.68
5003002|exportischolar #2|18|22|272.65
7009001|maxibrand #1|17|36|272.60
10006002|corpunivamalg #2|7|56|272.52
6009004|maxicorp #4|19|57|272.43
9002003|importomaxi #3|19|27|272.34
6005008|scholarcorp #8|18|39|272.25
9013002|exportiunivamalg #2|18|15|272.16
10003014|exportiunivamalg #14|18|25|271.92
7015003|scholarnameless #3|17|34|271.83
1003001|exportiamalg #1|8|50|271.80
8008004|namelessnameless #4|7|18|271.75
5003002|exportischolar #2|19|34|271.35
2004002|edu packimporto #2|17|19|271.32
8008004|namelessnameless #4|18|44|271.15
8008002|namelessnameless #2|9|2|270.97
6009004|maxicorp #4|18|9|270.72
8005009|scholarnameless #9|9|36|270.63
2003001|exportiimporto #1|18|49|270.30
7002003|importobrand #3|19|38|270.27
10015013|scholaramalgamalg #13|18|41|270.27
8012010|importomaxi #10|9|49|269.70
9007011|brandmaxi #11|18|21|268.92
5003002|exportischolar #2|19|12|268.17
10004004|edu packunivamalg #4|19|16|267.66
10012004|importoamalgamalg #4|17|37|267.30
3001001|amalgexporti #1|19|7|267.12
3002001|importoexporti #1|19|24|267.04
7002008|importobrand #8|17|27|267.03
4004002|edu packedu pack #2|19|54|266.88
8015008|scholarmaxi #8|19|3|266.88
8002009|importonameless #9|19|12|266.84
3001001|amalgexporti #1|8|1|266.80
2004001|edu packimporto #1|17|11|266.60
8016009|corpmaxi #9|9|59|266.57
9003011|exportimaxi #11|17|8|266.20
9010009|univunivamalg #9|9|0|266.09
7009005|maxibrand #5|6|51|266.05
9002011|importomaxi #11|8|3|265.93
6006004|corpcorp #4|8|25|265.41
3004001|edu packexporti #1|18|57|265.32
7016001|corpnameless #1|9|12|264.84
2004002|edu packimporto #2|6|24|264.48
7016001|corpnameless #1|8|47|264.18
3004001|edu packexporti #1|17|54|264.16
8005010|scholarnameless #10|18|28|264.04
1001001|amalgamalg #1|9|28|263.83
1004001|edu packamalg #1|19|10|263.20
8012005|importomaxi #5|18|0|262.80
2004001|edu packimporto #1|18|2|262.70
8005001|scholarnameless #1|18|52|262.66
10008012|namelessunivamalg #12|19|9|262.64
3001001|amalgexporti #1|18|57|262.08
8011009|amalgmaxi #9|18|17|262.08
6009002|maxicorp #2|17|0|262.02
9012003|importounivamalg #3|9|30|261.96
2002001|importoimporto #1|18|40|261.80
8009005|maxinameless #5|9|41|261.66
3002002|importoexporti #2|8|43|261.30
4002001|importoedu pack #1|9|2|261.05
2004002|edu packimporto #2|8|45|260.93
10005013|scholarunivamalg #13|8|33|260.88
2003001|exportiimporto #1|9|44|260.61
3001001|amalgexporti #1|6|34|260.40
9015011|scholarunivamalg #11|9|19|260.40
8006009|corpnameless #9|19|11|260.16
5004001|edu packscholar #1|6|52|259.75
9007003|brandmaxi #3|17|39|259.60
8010009|univmaxi #9|17|45|259.16
9006011|corpmaxi #11|17|54|259.15
1001001|amalgamalg #1|17|38|259.11
5002001|importoscholar #1|18|5|259.00
7008009|namelessbrand #9|9|2|258.99
9004011|edu packmaxi #11|17|17|258.72
9002003|importomaxi #3|9|10|258.61
8010005|univmaxi #5|18|35|258.60
3003001|exportiexporti #1|9|12|258.42
4002002|importoedu pack #2|19|12|257.95
9006009|corpmaxi #9|7|42|257.76
7012003|importonameless #3|17|13|257.60
10002012|importounivamalg #12|19|42|257.60
10004004|edu packunivamalg #4|9|46|257.45
6001008|amalgcorp #8|6|25|256.32
9001008|amalgmaxi #8|17|22|255.99
7001005|amalgbrand #5|8|11|255.75
8004005|edu packnameless #5|8|22|255.40
5001001|amalgscholar #1|18|36|255.36
3004001|edu packexporti #1|19|3|255.15
5001001|amalgscholar #1|8|12|254.88
10005014|scholarunivamalg #14|9|25|254.56
5003001|exportischolar #1|19|35|254.40
8009005|maxinameless #5|7|28|253.71
3003001|exportiexporti #1|7|33|253.62
4001001|amalgedu pack #1|19|23|253.56
5001001|amalgscholar #1|9|56|253.50
9015005|scholarunivamalg #5|6|7|253.40
8008009|namelessnameless #9|17|21|253.00
8014005|edu packmaxi #5|7|14|252.84
9011008|amalgunivamalg #8|19|30|252.52
3001001|amalgexporti #1|17|0|252.40
4001001|amalgedu pack #1|7|24|252.05
7001004|amalgbrand #4|18|41|252.00
9016002|corpunivamalg #2|18|24|251.72
4001002|amalgedu pack #2|18|56|251.58
9002003|importomaxi #3|19|14|250.83
10016003|corpamalgamalg #3|19|34|250.71
2002001|importoimporto #1|18|33|250.47
2002001|importoimporto #1|6|8|250.41
10016008|corpamalgamalg #8|19|3|250.40
7012009|importonameless #9|18|52|249.76
6012001|importobrand #1|19|1|249.57
1001001|amalgamalg #1|17|39|249.27
8009009|maxinameless #9|18|1|249.21
6005007|scholarcorp #7|19|7|249.06
9007003|brandmaxi #3|18|58|248.64
10010011|univamalgamalg #11|9|37|247.71
3001001|amalgexporti #1|8|23|247.20
2002001|importoimporto #1|19|8|247.08
2001001|amalgimporto #1|8|2|246.96
4002001|importoedu pack #1|17|5|246.80
2002001|importoimporto #1|6|33|246.50
2002002|importoimporto #2|17|36|246.03
10009017|maxiunivamalg #17|9|44|245.98
10007005|brandunivamalg #5|19|35|245.70
1001002|amalgamalg #2|19|4|245.60
5003001|exportischolar #1|7|44|245.21
9014002|edu packunivamalg #2|19|1|244.92
9015002|scholarunivamalg #2|19|30|244.86
10008015|namelessunivamalg #15|17|52|244.80
8016001|corpmaxi #1|9|33|244.29
7009005|maxibrand #5|9|15|244.00
6006003|corpcorp #3|17|0|243.92
2002001|importoimporto #1|18|9|243.85
8004009|edu packnameless #9|9|32|243.75
1004001|edu packamalg #1|19|3|243.60
7001008|amalgbrand #8|19|35|243.60
8013004|exportimaxi #4|9|22|243.60
7010004|univnameless #4|9|41|243.54
10016001|corpamalgamalg #1|17|42|243.45
6009003|maxicorp #3|18|44|243.00
7016001|corpnameless #1|19|15|242.82
6014007|edu packbrand #7|9|2|242.70
9010009|univunivamalg #9|17|30|242.50
2004002|edu packimporto #2|8|0|242.32
10016016|corpamalgamalg #16|19|9|242.25
6016001|corpbrand #1|9|27|242.10
10016007|corpamalgamalg #7|17|31|242.06
6016003|corpbrand #3|17|57|242.00
4002002|importoedu pack #2|17|5|241.68
2001001|amalgimporto #1|9|28|241.64
7004008|edu packbrand #8|17|4|241.60
8006009|corpnameless #9|9|54|241.60
8012004|importomaxi #4|19|33|241.50
6016005|corpbrand #5|17|17|241.08
10007014|brandunivamalg #14|9|44|241.04
9016003|corpunivamalg #3|9|30|240.66
7006008|corpbrand #8|17|36|240.40
5002002|importoscholar #2|17|48|240.00
9011009|amalgunivamalg #9|9|57|239.94
6002005|importocorp #5|18|36|239.91
8016001|corpmaxi #1|18|43|239.85
10007005|brandunivamalg #5|9|43|239.70
7013002|exportinameless #2|6|7|238.80
7008009|namelessbrand #9|18|33|238.76
4004001|edu packedu pack #1|17|31|238.26
6007003|brandcorp #3|18|18|238.21
6009002|maxicorp #2|17|20|238.14
1003002|exportiamalg #2|9|24|237.80
8015005|scholarmaxi #5|18|45|237.80
5004002|edu packscholar #2|17|34|237.79
9014002|edu packunivamalg #2|18|30|237.60
10005013|scholarunivamalg #13|19|8|237.18
7004009|edu packbrand #9|19|45|237.12
7012010|importonameless #10|19|32|237.12
8013007|exportimaxi #7|17|23|236.98
7010003|univnameless #3|17|17|236.60
7010009|univnameless #9|19|18|236.52
1001001|amalgamalg #1|9|3|236.43
7007010|brandbrand #10|17|35|236.00
7004004|edu packbrand #4|19|31|235.80
3001002|amalgexporti #2|17|10|235.72
7010004|univnameless #4|18|7|235.64
4002002|importoedu pack #2|9|41|235.55
7012010|importonameless #10|19|13|235.20
2003002|exportiimporto #2|6|7|234.96
7013002|exportinameless #2|17|29|234.92
9007003|brandmaxi #3|9|47|234.72
2004001|edu packimporto #1|7|57|234.60
4003001|exportiedu pack #1|18|39|234.23
10003008|exportiunivamalg #8|19|25|234.22
1004002|edu packamalg #2|8|12|234.00
4002001|importoedu pack #1|17|53|234.00
9016002|corpunivamalg #2|19|12|233.52
2003001|exportiimporto #1|19|4|233.50
1003001|exportiamalg #1|17|19|233.41
8006009|corpnameless #9|8|21|233.28
7012005|importonameless #5|9|21|233.10
7008007|namelessbrand #7|8|7|232.85
3004001|edu packexporti #1|18|51|232.76
7006001|corpbrand #1|18|8|232.75
6006007|corpcorp #7|18|41|232.00
9014003|edu packunivamalg #3|19|1|232.00
6005008|scholarcorp #8|19|46|231.93
7004009|edu packbrand #9|9|18|231.84
4001001|amalgedu pack #1|9|11|231.50
10012011|importoamalgamalg #11|17|22|231.41
5002001|importoscholar #1|19|46|231.14
6015004|scholarbrand #4|17|57|231.14
9016005|corpunivamalg #5|17|0|231.14
6001007|amalgcorp #7|17|1|231.00
6002003|importocorp #3|17|50|230.76
4004002|edu packedu pack #2|9|29|230.62
7004009|edu packbrand #9|17|14|230.44
1002002|importoamalg #2|17|41|230.40
9008005|namelessmaxi #5|19|24|230.40
5001001|amalgscholar #1|19|22|230.23
5002002|importoscholar #2|18|27|230.02
6006003|corpcorp #3|8|16|230.00
10012002|importoamalgamalg #2|8|11|229.98
6015007|scholarbrand #7|17|33|229.97
9004003|edu packmaxi #3|9|35|229.97
10009001|maxiunivamalg #1|17|47|229.68
9005009|scholarmaxi #9|9|19|229.50
3001001|amalgexporti #1|6|53|229.32
9008011|namelessmaxi #11|6|38|229.32
3004001|edu packexporti #1|19|6|229.24
9008002|namelessmaxi #2|19|55|228.15
7012003|importonameless #3|6|20|228.12
1004002|edu packamalg #2|9|56|228.00
1004001|edu packamalg #1|6|9|227.96
7014001|edu packnameless #1|18|3|227.57
7001001|amalgbrand #1|19|48|227.50
7015003|scholarnameless #3|19|17|227.34
2004002|edu packimporto #2|19|36|227.28
5003002|exportischolar #2|17|51|227.24
2004001|edu packimporto #1|19|46|226.80
5001001|amalgscholar #1|19|24|226.59
3001002|amalgexporti #2|9|38|226.20
2004001|edu packimporto #1|8|57|226.10
7004009|edu packbrand #9|8|52|226.04
8001003|amalgnameless #3|19|18|225.99
8006008|corpnameless #8|19|4|225.39
2002002|importoimporto #2|9|58|225.16
7009005|maxibrand #5|18|0|225.12
5002001|importoscholar #1|19|49|225.06
9015011|scholarunivamalg #11|19|2|224.70
9015009|scholarunivamalg #9|17|34|224.58
5004002|edu packscholar #2|19|14|224.40
7006004|NULL|7|5|224.40
6010004|univbrand #4|9|48|224.35
5002001|importoscholar #1|17|5|224.28
3003001|exportiexporti #1|6|6|224.18
6015004|scholarbrand #4|18|43|223.96
1004001|edu packamalg #1|9|43|223.60
4002001|importoedu pack #1|6|9|223.56
3004001|edu packexporti #1|18|37|223.50
8011007|amalgmaxi #7|17|39|223.47
1002001|importoamalg #1|9|0|223.44
7009001|maxibrand #1|19|35|223.30
8001001|amalgnameless #1|17|25|223.29
6008007|namelesscorp #7|9|59|223.08
10002014|importounivamalg #14|8|15|223.00
8015008|scholarmaxi #8|19|29|222.96
10012006|importoamalgamalg #6|7|55|222.86
7010001|univnameless #1|18|59|222.60
3002001|importoexporti #1|8|5|222.48
10009009|maxiunivamalg #9|9|57|222.30
8005010|scholarnameless #10|19|38|222.22
7013007|exportinameless #7|17|16|222.09
9006009|corpmaxi #9|19|10|222.00
9004011|edu packmaxi #11|9|27|221.92
5004001|edu packscholar #1|17|34|221.61
1001002|amalgamalg #2|19|25|221.58
4003001|exportiedu pack #1|9|9|221.40
3001002|amalgexporti #2|9|29|221.34
6002003|importocorp #3|8|22|221.10
10006013|corpunivamalg #13|9|24|221.04
10003011|exportiunivamalg #11|18|19|220.14
7012009|importonameless #9|9|12|219.84
5004002|edu packscholar #2|19|31|219.56
3003001|exportiexporti #1|7|8|218.80
10016002|corpamalgamalg #2|17|12|218.54
8009009|maxinameless #9|18|55|218.52
8005008|scholarnameless #8|19|0|218.38
7014002|edu packnameless #2|18|40|218.36
8001007|amalgnameless #7|9|7|217.68
7011008|amalgnameless #8|18|42|217.58
1002002|importoamalg #2|19|2|217.44
10016008|corpamalgamalg #8|17|57|217.28
4001001|amalgedu pack #1|19|9|216.79
4001002|amalgedu pack #2|17|34|216.72
8008005|namelessnameless #5|17|55|216.70
8003003|exportinameless #3|17|45|216.54
3002002|importoexporti #2|8|19|216.30
4004002|edu packedu pack #2|9|11|216.30
6003007|exporticorp #7|19|39|216.30
6005001|scholarcorp #1|19|56|215.60
10007014|brandunivamalg #14|9|48|215.46
5004001|edu packscholar #1|17|35|215.04
10003007|exportiunivamalg #7|8|3|214.90
4002001|importoedu pack #1|8|22|214.72
9012003|importounivamalg #3|18|2|214.41
9012011|importounivamalg #11|9|14|214.41
6007003|brandcorp #3|8|6|214.38
3003001|exportiexporti #1|8|17|214.24
9016008|corpunivamalg #8|9|43|213.60
8008005|namelessnameless #5|9|11|213.51
1001001|amalgamalg #1|18|39|213.12
9006011|corpmaxi #11|19|6|212.97
5003001|exportischolar #1|7|17|212.76
9014011|edu packunivamalg #11|17|40|212.73
7008005|namelessbrand #5|17|58|212.56
3002001|importoexporti #1|19|18|212.32
10016017|corpamalgamalg #17|18|51|212.16
10016017|corpamalgamalg #17|9|58|212.00
6008005|namelesscorp #5|6|26|211.77
5003001|exportischolar #1|9|23|211.32
2002001|importoimporto #1|19|0|211.23
5003001|exportischolar #1|19|38|211.14
10015001|scholaramalgamalg #1|17|33|210.80
2004001|edu packimporto #1|19|27|210.70
1003001|exportiamalg #1|19|37|210.00
9009002|maximaxi #2|9|11|209.95
10015009|scholaramalgamalg #9|18|52|209.58
3002001|importoexporti #1|9|38|209.46
4002001|importoedu pack #1|17|54|209.34
3004001|edu packexporti #1|19|14|209.32
10005010|scholarunivamalg #10|17|43|209.00
1004002|edu packamalg #2|9|4|208.98
1001002|amalgamalg #2|9|59|208.74
9015003|scholarunivamalg #3|6|22|208.74
8009010|maxinameless #10|19|18|208.53
2001002|amalgimporto #2|18|54|208.50
4003001|exportiedu pack #1|8|47|208.43
5002002|importoscholar #2|18|31|208.00
4003001|exportiedu pack #1|17|42|207.75
5001001|amalgscholar #1|9|49|207.69
5001002|amalgscholar #2|19|2|207.46
10003011|exportiunivamalg #11|8|0|207.30
1004002|edu packamalg #2|19|34|207.25
4001001|amalgedu pack #1|18|6|207.20
8016006|corpmaxi #6|17|30|207.10
9008005|namelessmaxi #5|8|26|206.80
2004001|edu packimporto #1|9|58|206.72
6011001|amalgbrand #1|18|55|206.64
9012011|importounivamalg #11|9|29|206.43
4004002|edu packedu pack #2|8|42|206.10
4004002|edu packedu pack #2|18|29|205.95
7004001|edu packbrand #1|9|56|205.92
2001001|amalgimporto #1|18|20|205.16
10016001|corpamalgamalg #1|19|32|205.12
5002001|importoscholar #1|19|29|204.96
8014004|edu packmaxi #4|8|14|204.93
10012002|importoamalgamalg #2|9|25|204.85
5001001|amalgscholar #1|19|9|204.75
5001001|amalgscholar #1|9|47|204.60
9006011|corpmaxi #11|8|56|204.60
9010009|univunivamalg #9|7|59|204.60
7007010|brandbrand #10|18|46|204.12
9002011|importomaxi #11|9|48|204.12
10003007|exportiunivamalg #7|19|19|204.03
2004001|edu packimporto #1|8|15|203.98
6015007|scholarbrand #7|19|38|203.66
6003007|exporticorp #7|9|22|203.63
4003001|exportiedu pack #1|9|54|203.20
4001002|amalgedu pack #2|18|51|203.10
9008008|namelessmaxi #8|18|5|202.80
9012008|importounivamalg #8|7|0|202.80
6008003|namelesscorp #3|18|38|202.38
2001001|amalgimporto #1|8|27|202.00
7010001|univnameless #1|18|8|201.87
1004001|edu packamalg #1|18|10|201.60
9011008|amalgunivamalg #8|17|38|201.55
6016003|corpbrand #3|19|33|201.50
7011001|amalgnameless #1|18|19|201.39
3003002|exportiexporti #2|17|27|201.15
8004009|edu packnameless #9|9|29|201.10
3002001|importoexporti #1|9|30|201.04
4001001|amalgedu pack #1|19|37|200.97
7006003|corpbrand #3|17|13|200.97
3003002|exportiexporti #2|6|1|200.88
8004003|edu packnameless #3|18|48|200.88
6008002|namelesscorp #2|8|45|200.75
4002002|importoedu pack #2|18|46|200.70
1001001|amalgamalg #1|8|2|200.64
6008003|namelesscorp #3|9|19|199.90
7001004|amalgbrand #4|18|51|199.80
10002011|importounivamalg #11|17|18|199.53
2001001|amalgimporto #1|18|37|199.30
4001001|amalgedu pack #1|18|40|199.20
7006005|corpbrand #5|17|55|199.08
7004007|edu packbrand #7|9|57|198.99
7007010|brandbrand #10|17|4|198.44
10011017|amalgamalgamalg #17|9|16|198.39
1001002|amalgamalg #2|19|18|198.34
5004002|edu packscholar #2|9|38|198.11
2002001|importoimporto #1|19|25|198.00
3002001|importoexporti #1|17|17|197.78
8007007|brandnameless #7|19|50|197.28
7010009|univnameless #9|18|26|197.20
4002002|importoedu pack #2|7|27|197.00
7016001|corpnameless #1|8|53|197.00
1003002|exportiamalg #2|17|23|196.80
8007007|brandnameless #7|19|19|196.77
2001002|amalgimporto #2|17|30|196.69
9015005|scholarunivamalg #5|19|18|196.65
7002009|importobrand #9|6|17|196.24
10016003|corpamalgamalg #3|17|24|196.10
10002011|importounivamalg #11|18|12|196.02
6008002|namelesscorp #2|19|30|196.00
4004002|edu packedu pack #2|19|59|195.93
2003002|exportiimporto #2|19|11|195.92
4001001|amalgedu pack #1|9|30|195.86
1002001|importoamalg #1|18|29|195.72
3001002|amalgexporti #2|19|14|195.48
10005010|scholarunivamalg #10|17|21|195.36
8015003|scholarmaxi #3|9|26|195.29
1004001|edu packamalg #1|18|6|195.25
5002001|importoscholar #1|18|45|194.67
6012001|importobrand #1|9|4|194.62
5004001|edu packscholar #1|18|1|194.15
10014016|edu packamalgamalg #16|9|6|193.84
6016005|corpbrand #5|9|26|193.44
9015002|scholarunivamalg #2|6|15|193.20
9006011|corpmaxi #11|8|7|193.04
6003007|exporticorp #7|18|13|192.72
8011009|amalgmaxi #9|18|14|192.36
2002001|importoimporto #1|17|46|191.50
8009005|maxinameless #5|19|31|191.40
7009001|maxibrand #1|18|54|191.36
3002002|importoexporti #2|19|35|191.20
8008007|namelessnameless #7|17|7|191.16
9016002|corpunivamalg #2|19|51|191.07
10012005|importoamalgamalg #5|8|21|190.68
10012001|importoamalgamalg #1|17|17|190.62
5001001|amalgscholar #1|8|28|190.56
3001001|amalgexporti #1|18|5|190.35
2004002|edu packimporto #2|9|9|190.14
9012005|importounivamalg #5|18|53|190.06
8005009|scholarnameless #9|17|25|189.89
6011008|amalgbrand #8|18|59|189.88
1004001|edu packamalg #1|9|29|189.84
10016008|corpamalgamalg #8|18|57|189.83
3003002|exportiexporti #2|18|25|189.72
4001002|amalgedu pack #2|18|33|189.66
6012002|importobrand #2|17|48|189.42
9015011|scholarunivamalg #11|17|27|189.21
7010001|univnameless #1|6|42|189.04
6008007|namelesscorp #7|6|21|189.00
10004015|edu packunivamalg #15|8|41|188.89
3004001|edu packexporti #1|9|33|188.76
6006003|corpcorp #3|17|28|188.48
10002011|importounivamalg #11|9|50|188.40
1001001|amalgamalg #1|19|38|188.36
8014005|edu packmaxi #5|19|0|188.21
1002001|importoamalg #1|19|23|187.95
9003008|exportimaxi #8|9|19|187.85
5001001|amalgscholar #1|17|29|187.68
4003001|exportiedu pack #1|8|50|187.21
5003001|exportischolar #1|18|40|187.11
5003001|exportischolar #1|17|28|186.89
10001017|amalgunivamalg #17|17|10|186.88
5001002|amalgscholar #2|6|20|186.48
5003001|exportischolar #1|19|55|186.42
10014001|edu packamalgamalg #1|8|20|186.28
8012004|importomaxi #4|7|6|186.16
1004001|edu packamalg #1|9|5|186.06
7011008|amalgnameless #8|17|11|186.01
9012005|importounivamalg #5|18|21|185.79
4003001|exportiedu pack #1|19|58|185.76
5001001|amalgscholar #1|9|44|185.70
1002002|importoamalg #2|7|14|184.76
8006008|corpnameless #8|17|20|184.68
7012010|importonameless #10|17|8|184.66
10016008|corpamalgamalg #8|17|18|184.45
9004011|edu packmaxi #11|9|35|184.32
8008003|namelessnameless #3|18|55|184.25
8012005|importomaxi #5|17|11|184.24
3002002|importoexporti #2|17|52|183.96
4001001|amalgedu pack #1|17|28|183.68
8005003|scholarnameless #3|18|39|183.58
7002010|importobrand #10|17|32|183.40
1002001|importoamalg #1|17|19|183.20
6015005|scholarbrand #5|18|24|183.12
6006007|corpcorp #7|18|42|183.04
4004001|edu packedu pack #1|7|51|182.32
7016001|corpnameless #1|9|14|182.16
5001002|amalgscholar #2|17|28|182.10
2001001|amalgimporto #1|18|58|181.62
4004001|edu packedu pack #1|19|45|181.26
1004002|edu packamalg #2|18|53|181.22
6014001|edu packbrand #1|17|41|180.60
3001002|amalgexporti #2|8|23|180.58
4001001|amalgedu pack #1|9|13|180.36
9013008|exportiunivamalg #8|17|39|180.25
9003011|exportimaxi #11|17|38|180.20
6013005|exportibrand #5|18|28|180.00
2003001|exportiimporto #1|8|43|179.85
4003001|exportiedu pack #1|18|3|179.19
3004001|edu packexporti #1|8|17|179.10
9003005|exportimaxi #5|9|35|178.78
8004009|edu packnameless #9|17|17|178.73
5004002|edu packscholar #2|19|15|178.35
8015006|scholarmaxi #6|17|0|178.00
6011008|amalgbrand #8|9|59|177.69
7009009|maxibrand #9|9|28|177.64
9009002|maximaxi #2|9|20|177.48
1003002|exportiamalg #2|17|45|177.40
7015002|scholarnameless #2|6|57|177.24
4003002|exportiedu pack #2|19|36|177.10
7013001|exportinameless #1|17|48|177.04
7011001|amalgnameless #1|9|49|176.94
6006003|corpcorp #3|17|46|176.22
3003001|exportiexporti #1|7|51|176.08
5004001|edu packscholar #1|6|44|175.77
1002001|importoamalg #1|17|35|175.68
2003001|exportiimporto #1|19|58|175.56
5003002|exportischolar #2|19|14|175.56
3001002|amalgexporti #2|18|50|174.95
9006008|corpmaxi #8|8|24|174.76
9015011|scholarunivamalg #11|17|36|174.69
2003002|exportiimporto #2|9|27|174.57
2003002|exportiimporto #2|19|1|174.42
7002003|importobrand #3|19|7|174.42
6008007|namelesscorp #7|17|27|174.25
10011017|amalgamalgamalg #17|19|50|174.24
1001002|amalgamalg #2|9|26|174.00
9007009|brandmaxi #9|18|51|173.90
9013008|exportiunivamalg #8|7|52|173.88
5002002|importoscholar #2|17|15|173.68
3003001|exportiexporti #1|19|5|173.58
6009007|maxicorp #7|17|9|173.40
8001004|amalgnameless #4|17|25|173.14
4003002|exportiedu pack #2|7|21|172.85
5004001|edu packscholar #1|18|10|172.69
5003002|exportischolar #2|6|27|172.64
10016006|corpamalgamalg #6|19|20|172.36
2002002|importoimporto #2|18|35|172.02
8005005|scholarnameless #5|9|49|172.02
9001003|amalgmaxi #3|8|50|171.90
3004001|edu packexporti #1|19|26|171.76
5002002|importoscholar #2|17|54|171.60
5001002|amalgscholar #2|17|42|171.55
8006003|corpnameless #3|9|7|171.36
1004001|edu packamalg #1|19|32|171.26
10007012|brandunivamalg #12|17|59|171.12
5001002|amalgscholar #2|17|0|170.81
9014002|edu packunivamalg #2|17|36|170.61
10010013|univamalgamalg #13|18|2|169.92
9012011|importounivamalg #11|19|55|169.74
3004001|edu packexporti #1|18|29|169.66
10008013|namelessunivamalg #13|18|58|169.33
8008007|namelessnameless #7|19|20|169.20
7001005|amalgbrand #5|17|42|169.10
7003003|exportibrand #3|19|48|168.75
1003001|exportiamalg #1|18|5|168.54
3002001|importoexporti #1|7|18|168.48
5002001|importoscholar #1|18|13|168.48
9011009|amalgunivamalg #9|9|39|168.42
2001002|amalgimporto #2|7|47|168.26
10008015|namelessunivamalg #15|18|34|167.96
10014016|edu packamalgamalg #16|19|40|167.76
7004001|edu packbrand #1|17|26|167.68
5002002|importoscholar #2|17|12|167.40
1001002|amalgamalg #2|18|56|167.24
5003002|exportischolar #2|9|32|166.98
7013007|exportinameless #7|18|57|166.65
3002002|importoexporti #2|17|56|166.40
4004001|edu packedu pack #1|6|33|165.90
5001001|amalgscholar #1|9|1|165.84
4004001|edu packedu pack #1|9|28|165.78
4004002|edu packedu pack #2|8|26|165.76
2002001|importoimporto #1|19|50|165.75
4004002|edu packedu pack #2|17|45|165.72
9014011|edu packunivamalg #11|19|57|165.66
6011003|amalgbrand #3|18|44|165.64
10012005|importoamalgamalg #5|18|10|165.24
1001001|amalgamalg #1|17|32|164.92
6014007|edu packbrand #7|17|39|164.76
8003003|exportinameless #3|8|20|164.64
10002012|importounivamalg #12|8|51|164.62
9003005|exportimaxi #5|8|50|164.45
2004001|edu packimporto #1|18|37|164.35
1003002|exportiamalg #2|8|53|164.12
6008005|namelesscorp #5|9|42|164.05
6006004|corpcorp #4|19|52|164.00
6008003|namelesscorp #3|17|19|163.57
3002002|importoexporti #2|8|23|163.56
10008013|namelessunivamalg #13|17|37|163.54
7013009|exportinameless #9|8|7|163.48
8004009|edu packnameless #9|19|32|163.28
5004001|edu packscholar #1|19|52|163.20
8002009|importonameless #9|19|4|162.40
6016006|corpbrand #6|18|33|161.92
8003010|exportinameless #10|9|51|161.70
5002002|importoscholar #2|9|15|161.60
6016003|corpbrand #3|17|29|161.40
2003002|exportiimporto #2|17|17|161.23
5003001|exportischolar #1|17|55|160.80
10002014|importounivamalg #14|9|31|160.74
9006011|corpmaxi #11|18|47|160.65
10014016|edu packamalgamalg #16|9|11|160.65
8004009|edu packnameless #9|9|50|160.56
9011008|amalgunivamalg #8|19|56|160.24
8008003|namelessnameless #3|17|32|160.20
3001001|amalgexporti #1|9|31|159.96
9012003|importounivamalg #3|17|34|159.90
2004001|edu packimporto #1|9|7|159.88
6012003|importobrand #3|18|48|159.84
10015017|scholaramalgamalg #17|17|53|159.84
5001001|amalgscholar #1|6|3|159.61
2004002|edu packimporto #2|19|49|159.60
3001001|amalgexporti #1|19|4|159.50
1001002|amalgamalg #2|8|17|158.60
10006003|corpunivamalg #3|19|3|158.50
3003001|exportiexporti #1|19|21|158.46
9014005|edu packunivamalg #5|17|47|158.45
8004005|edu packnameless #5|9|24|157.85
4002001|importoedu pack #1|17|3|157.50
9014002|edu packunivamalg #2|17|3|157.25
6001001|amalgcorp #1|17|14|157.14
1002001|importoamalg #1|8|22|156.96
2001002|amalgimporto #2|8|38|156.63
8004005|edu packnameless #5|18|43|156.60
2003001|exportiimporto #1|9|24|156.52
1002001|importoamalg #1|8|44|156.31
9015011|scholarunivamalg #11|18|8|156.00
10009013|maxiunivamalg #13|9|59|155.04
6016006|corpbrand #6|17|55|154.98
1002001|importoamalg #1|7|29|154.80
3001001|amalgexporti #1|19|21|154.00
4001001|amalgedu pack #1|8|51|154.00
7013007|exportinameless #7|8|44|153.78
10011009|amalgamalgamalg #9|18|10|153.78
9012011|importounivamalg #11|9|39|153.37
1001002|amalgamalg #2|17|52|153.36
4004001|edu packedu pack #1|7|52|153.12
10006002|corpunivamalg #2|19|29|152.80
1002002|importoamalg #2|17|36|152.76
10004004|edu packunivamalg #4|19|48|152.76
10009001|maxiunivamalg #1|6|47|152.70
10015010|scholaramalgamalg #10|9|38|152.50
6011001|amalgbrand #1|17|49|152.32
1003002|exportiamalg #2|19|0|152.25
2002001|importoimporto #1|18|22|152.25
2002001|importoimporto #1|18|48|152.00
8005006|scholarnameless #6|18|26|151.94
10006002|corpunivamalg #2|9|6|151.92
9007005|brandmaxi #5|17|36|151.75
3001001|amalgexporti #1|19|48|151.74
9001008|amalgmaxi #8|19|1|151.62
7004006|edu packbrand #6|19|33|151.44
8003010|exportinameless #10|18|33|150.42
8016001|corpmaxi #1|19|40|150.36
10008012|namelessunivamalg #12|7|15|150.36
1003001|exportiamalg #1|19|10|150.34
8010009|univmaxi #9|19|11|150.00
9012003|importounivamalg #3|9|24|149.76
4002001|importoedu pack #1|9|33|149.60
2002001|importoimporto #1|9|30|149.25
9012011|importounivamalg #11|8|11|149.24
1001001|amalgamalg #1|9|22|149.00
7008007|namelessbrand #7|17|30|148.77
9003005|exportimaxi #5|17|51|148.75
2004001|edu packimporto #1|7|2|148.74
1004001|edu packamalg #1|18|40|148.20
8012005|importomaxi #5|17|42|148.05
7003001|exportibrand #1|9|3|147.90
10010013|univamalgamalg #13|9|11|147.66
5001002|amalgscholar #2|18|51|147.63
7015009|scholarnameless #9|17|34|147.30
3001002|amalgexporti #2|17|50|147.20
5003001|exportischolar #1|18|0|147.10
10006013|corpunivamalg #13|17|37|147.06
10009008|maxiunivamalg #8|17|17|147.00
10003014|exportiunivamalg #14|18|34|146.91
10004008|edu packunivamalg #8|18|15|146.90
6005007|scholarcorp #7|8|57|146.88
2004001|edu packimporto #1|19|31|146.78
10005014|scholarunivamalg #14|17|7|146.61
6003005|exporticorp #5|17|53|146.52
7001005|amalgbrand #5|19|30|146.35
6007003|brandcorp #3|17|40|146.08
2004002|edu packimporto #2|9|22|145.60
3002001|importoexporti #1|19|54|145.60
3004001|edu packexporti #1|19|8|145.60
4004002|edu packedu pack #2|7|14|145.35
10003016|exportiunivamalg #16|7|32|145.35
10009013|maxiunivamalg #13|18|55|145.32
8012006|importomaxi #6|9|35|144.96
2002001|importoimporto #1|17|50|144.81
3001002|amalgexporti #2|17|32|144.72
7005006|scholarbrand #6|8|36|144.00
5003001|exportischolar #1|8|17|143.84
8015003|scholarmaxi #3|9|2|143.82
3002001|importoexporti #1|8|47|143.67
6008007|namelesscorp #7|9|26|143.52
5002002|importoscholar #2|17|51|143.44
7012010|importonameless #10|17|41|143.44
8011007|amalgmaxi #7|19|50|143.26
4002001|importoedu pack #1|7|6|143.10
4003001|exportiedu pack #1|17|35|142.84
1002002|importoamalg #2|19|47|142.74
3001001|amalgexporti #1|9|51|142.60
10013002|exportiamalgamalg #2|9|18|142.56
4001002|amalgedu pack #2|19|13|142.50
3001001|amalgexporti #1|8|37|142.17
6007007|brandcorp #7|19|22|142.08
7008006|namelessbrand #6|9|23|141.83
9014011|edu packunivamalg #11|17|17|141.70
1004002|edu packamalg #2|19|38|141.52
6006003|corpcorp #3|17|35|141.51
5003001|exportischolar #1|9|43|141.40
4002001|importoedu pack #1|17|4|141.36
3002001|importoexporti #1|9|37|141.30
8015005|scholarmaxi #5|17|23|141.05
8009010|maxinameless #10|8|23|141.04
8004003|edu packnameless #3|17|38|140.80
6014006|edu packbrand #6|17|29|140.79
3003001|exportiexporti #1|19|36|140.70
7006001|corpbrand #1|19|41|140.70
10007015|brandunivamalg #15|9|27|140.42
3001001|amalgexporti #1|6|21|140.40
10001017|amalgunivamalg #17|6|41|140.40
2003002|exportiimporto #2|17|9|140.22
9007005|brandmaxi #5|18|40|139.84
6001001|amalgcorp #1|19|48|139.76
10009006|maxiunivamalg #6|9|58|139.60
5001002|amalgscholar #2|17|37|139.06
3002001|importoexporti #1|9|24|138.71
10007014|brandunivamalg #14|17|55|138.60
10013013|exportiamalgamalg #13|18|33|138.38
1004001|edu packamalg #1|9|54|138.24
6001008|amalgcorp #8|17|15|137.70
10008002|namelessunivamalg #2|17|47|137.50
7016001|corpnameless #1|9|48|137.37
6010002|univbrand #2|7|35|136.85
6015008|scholarbrand #8|6|22|136.74
5001002|amalgscholar #2|9|14|136.71
1001001|amalgamalg #1|17|10|136.68
10008012|namelessunivamalg #12|19|45|136.16
8016009|corpmaxi #9|7|12|135.60
6016003|corpbrand #3|17|15|135.45
1002001|importoamalg #1|17|34|135.33
3003001|exportiexporti #1|17|18|135.28
10009013|maxiunivamalg #13|17|33|135.18
9013009|exportiunivamalg #9|19|53|134.94
2004002|edu packimporto #2|7|10|134.83
3004001|edu packexporti #1|8|12|134.82
1002001|importoamalg #1|18|41|134.64
1002002|importoamalg #2|17|35|134.32
8008009|namelessnameless #9|19|59|134.19
4003001|exportiedu pack #1|19|52|134.03
8005009|scholarnameless #9|17|11|134.03
7001005|amalgbrand #5|8|48|133.92
5004001|edu packscholar #1|9|43|133.71
9015009|scholarunivamalg #9|7|27|132.86
10016001|corpamalgamalg #1|18|41|132.22
2003001|exportiimporto #1|9|9|132.11
6016003|corpbrand #3|17|45|132.11
5004001|edu packscholar #1|17|42|131.48
NULL|NULL|18|30|131.40
7010001|univnameless #1|19|36|131.25
6015006|scholarbrand #6|8|57|131.10
2001001|amalgimporto #1|17|33|131.04
7008005|namelessbrand #5|9|35|131.04
1003001|exportiamalg #1|17|51|130.90
7012003|importonameless #3|19|7|130.90
10009017|maxiunivamalg #17|18|37|130.82
7004007|edu packbrand #7|18|16|130.80
8004009|edu packnameless #9|6|7|130.77
8001004|amalgnameless #4|17|45|130.67
6012001|importobrand #1|8|36|130.56
2001002|amalgimporto #2|18|33|130.50
6005007|scholarcorp #7|18|6|129.93
5001001|amalgscholar #1|9|55|129.92
6008005|namelesscorp #5|7|18|129.84
4003001|exportiedu pack #1|8|39|129.78
10006017|corpunivamalg #17|19|10|129.60
9014002|edu packunivamalg #2|17|4|129.50
4002001|importoedu pack #1|8|24|129.48
1002001|importoamalg #1|17|14|129.25
9007008|brandmaxi #8|9|41|128.82
9005009|scholarmaxi #9|19|20|128.76
9001008|amalgmaxi #8|19|12|128.59
1001002|amalgamalg #2|18|36|128.52
9008002|namelessmaxi #2|17|1|128.40
6016001|corpbrand #1|19|57|128.34
9008008|namelessmaxi #8|9|48|128.34
8008009|namelessnameless #9|18|25|128.31
8005003|scholarnameless #3|18|34|127.98
2003002|exportiimporto #2|18|45|127.96
8005003|scholarnameless #3|17|29|127.82
4001002|amalgedu pack #2|17|18|127.68
4004001|edu packedu pack #1|9|14|127.40
5001002|amalgscholar #2|9|34|127.30
5004001|edu packscholar #1|18|36|127.00
5003001|exportischolar #1|19|28|126.48
2004001|edu packimporto #1|17|28|126.08
10004015|edu packunivamalg #15|17|51|125.80
10011009|amalgamalgamalg #9|19|47|125.70
2003001|exportiimporto #1|19|45|125.59
4004002|edu packedu pack #2|19|5|125.40
9012005|importounivamalg #5|17|32|125.30
5002002|importoscholar #2|9|36|125.28
9001008|amalgmaxi #8|8|51|125.28
7012009|importonameless #9|8|16|125.05
4004002|edu packedu pack #2|9|58|124.83
7004004|edu packbrand #4|18|58|124.83
1002001|importoamalg #1|17|18|124.80
10012002|importoamalgamalg #2|18|40|124.74
6016006|corpbrand #6|9|40|124.70
3002001|importoexporti #1|7|37|124.64
9006011|corpmaxi #11|17|23|124.56
10006017|corpunivamalg #17|9|14|124.44
10016016|corpamalgamalg #16|19|22|124.40
4001001|amalgedu pack #1|9|28|124.16
3003001|exportiexporti #1|9|43|123.97
1003001|exportiamalg #1|8|33|123.75
5002001|importoscholar #1|19|38|123.60
8010009|univmaxi #9|18|24|123.50
6004003|edu packcorp #3|18|21|122.76
7004006|edu packbrand #6|6|11|122.65
7015009|scholarnameless #9|18|10|122.61
2001002|amalgimporto #2|8|37|122.59
4004002|edu packedu pack #2|9|56|122.31
2003002|exportiimporto #2|17|6|122.22
2002002|importoimporto #2|19|16|122.17
1002002|importoamalg #2|19|34|121.94
8013009|exportimaxi #9|8|41|121.74
3004002|edu packexporti #2|17|59|121.52
6001007|amalgcorp #7|19|51|121.40
9008011|namelessmaxi #11|19|53|121.20
7004009|edu packbrand #9|17|58|120.90
10009013|maxiunivamalg #13|18|42|120.66
6009003|maxicorp #3|18|16|120.64
4003001|exportiedu pack #1|9|32|120.53
8010002|univmaxi #2|9|16|120.50
10008015|namelessunivamalg #15|18|37|120.30
10016016|corpamalgamalg #16|18|30|119.89
6015006|scholarbrand #6|17|39|119.38
6006004|corpcorp #4|18|32|119.34
10013013|exportiamalgamalg #13|7|32|119.34
6005007|scholarcorp #7|19|53|119.31
1003001|exportiamalg #1|18|2|119.20
7001007|amalgbrand #7|8|11|119.10
2001001|amalgimporto #1|17|11|119.04
10016002|corpamalgamalg #2|19|24|119.00
6006007|corpcorp #7|9|29|118.62
5003002|exportischolar #2|9|35|118.56
8003009|exportinameless #9|18|23|118.32
9007008|brandmaxi #8|6|26|118.20
10015001|scholaramalgamalg #1|18|5|118.16
1004002|edu packamalg #2|7|30|118.08
6011001|amalgbrand #1|18|58|117.76
2003002|exportiimporto #2|17|40|117.57
4004002|edu packedu pack #2|18|42|117.42
7005006|scholarbrand #6|17|22|117.00
10008002|namelessunivamalg #2|7|56|116.60
6003008|exporticorp #8|18|3|116.53
6012005|importobrand #5|19|32|116.29
6016001|corpbrand #1|17|3|116.20
9003005|exportimaxi #5|9|48|116.20
9002011|importomaxi #11|19|42|116.10
8001003|amalgnameless #3|19|44|115.94
6012004|importobrand #4|19|11|115.92
8013009|exportimaxi #9|17|55|115.44
10009006|maxiunivamalg #6|18|49|115.15
3004002|edu packexporti #2|19|13|115.08
9004011|edu packmaxi #11|8|49|114.92
1002001|importoamalg #1|19|46|114.80
8004005|edu packnameless #5|18|5|114.56
9002011|importomaxi #11|9|6|114.54
3001002|amalgexporti #2|9|21|114.39
6010005|univbrand #5|19|23|114.21
5002002|importoscholar #2|18|52|114.00
8016009|corpmaxi #9|8|14|113.92
4002001|importoedu pack #1|8|33|113.85
5004001|edu packscholar #1|19|44|113.52
10003008|exportiunivamalg #8|17|31|113.52
6009003|maxicorp #3|17|3|113.40
5003002|exportischolar #2|19|42|113.25
2001001|amalgimporto #1|19|49|113.04
7003003|exportibrand #3|19|18|113.04
10015010|scholaramalgamalg #10|18|48|112.95
8009009|maxinameless #9|7|12|112.86
9010009|univunivamalg #9|19|29|112.75
4003002|exportiedu pack #2|8|1|112.64
10016016|corpamalgamalg #16|6|53|112.64
1004002|edu packamalg #2|9|36|112.58
10013013|exportiamalgamalg #13|9|8|112.48
5003001|exportischolar #1|19|29|112.36
2004002|edu packimporto #2|6|42|112.05
3004001|edu packexporti #1|17|7|111.93
10009006|maxiunivamalg #6|18|20|111.93
6015004|scholarbrand #4|19|13|111.83
3003001|exportiexporti #1|9|49|111.80
10004015|edu packunivamalg #15|18|58|111.70
10012006|importoamalgamalg #6|9|30|111.69
3001001|amalgexporti #1|19|35|111.48
7015002|scholarnameless #2|7|30|111.37
3002001|importoexporti #1|19|1|111.36
7009010|maxibrand #10|17|2|111.00
10007002|brandunivamalg #2|7|27|110.88
1001001|amalgamalg #1|17|27|110.49
2003002|exportiimporto #2|9|34|109.20
8010001|univmaxi #1|9|52|109.20
4002001|importoedu pack #1|9|14|109.06
6015004|scholarbrand #4|17|15|108.80
8004004|edu packnameless #4|8|41|108.69
7011008|amalgnameless #8|7|4|108.52
8004003|edu packnameless #3|19|13|108.30
10006002|corpunivamalg #2|8|30|108.28
2001001|amalgimporto #1|9|0|108.27
2002001|importoimporto #1|17|47|108.24
7015003|scholarnameless #3|19|52|108.12
4003001|exportiedu pack #1|8|5|108.00
4004002|edu packedu pack #2|9|13|108.00
10006017|corpunivamalg #17|6|32|108.00
8004003|edu packnameless #3|17|7|107.92
4002001|importoedu pack #1|17|26|107.44
8014004|edu packmaxi #4|19|58|107.40
7001001|amalgbrand #1|19|52|107.12
6012003|importobrand #3|9|15|107.10
7008006|namelessbrand #6|7|27|106.72
8007001|brandnameless #1|18|42|106.60
1001001|amalgamalg #1|7|48|106.56
8012001|importomaxi #1|17|12|106.21
8005009|scholarnameless #9|18|50|106.05
2003002|exportiimporto #2|9|10|105.78
1004002|edu packamalg #2|19|7|105.60
7016005|corpnameless #5|19|55|105.34
1001002|amalgamalg #2|18|13|105.21
10016006|corpamalgamalg #6|9|35|105.18
10016003|corpamalgamalg #3|7|13|105.16
2001001|amalgimporto #1|19|58|105.07
2001002|amalgimporto #2|9|8|105.02
9003005|exportimaxi #5|18|30|105.00
4004002|edu packedu pack #2|19|53|104.94
4004001|edu packedu pack #1|19|31|104.60
7003002|exportibrand #2|9|23|104.52
10014007|edu packamalgamalg #7|17|42|104.43
3003002|exportiexporti #2|7|30|104.39
6003003|exporticorp #3|17|54|104.04
7001009|amalgbrand #9|17|40|103.93
7015003|scholarnameless #3|8|22|103.92
1004001|edu packamalg #1|19|31|103.80
7015009|scholarnameless #9|9|23|103.74
7006009|corpbrand #9|19|6|103.70
9014011|edu packunivamalg #11|9|38|103.62
10015009|scholaramalgamalg #9|9|28|103.52
9009002|maximaxi #2|18|3|103.50
9010009|univunivamalg #9|17|40|103.40
10015004|scholaramalgamalg #4|18|9|103.29
6009003|maxicorp #3|17|56|102.96
9016009|corpunivamalg #9|19|9|102.92
3003001|exportiexporti #1|19|45|102.50
1002001|importoamalg #1|9|21|102.48
3003001|exportiexporti #1|7|52|102.48
4004001|edu packedu pack #1|17|50|102.41
10015004|scholaramalgamalg #4|9|39|102.20
7009005|maxibrand #5|9|38|102.08
3002001|importoexporti #1|17|5|102.04
3004001|edu packexporti #1|18|20|101.97
6015005|scholarbrand #5|19|19|101.66
9010009|univunivamalg #9|9|8|101.46
2004001|edu packimporto #1|9|27|101.37
8002009|importonameless #9|18|24|101.34
6003005|exporticorp #5|19|3|101.12
8005009|scholarnameless #9|19|17|100.98
8012004|importomaxi #4|7|35|100.71
8006003|corpnameless #3|9|6|100.40
4004001|edu packedu pack #1|9|1|100.32
9006002|corpmaxi #2|8|40|100.32
10002012|importounivamalg #12|17|18|100.32
1003001|exportiamalg #1|17|45|100.17
5001001|amalgscholar #1|19|33|99.84
4003001|exportiedu pack #1|18|50|99.77
4004001|edu packedu pack #1|17|49|99.64
4004001|edu packedu pack #1|6|26|99.56
7013007|exportinameless #7|17|22|99.56
7015007|scholarnameless #7|6|58|99.45
7003001|exportibrand #1|7|53|99.36
9013011|exportiunivamalg #11|17|25|99.36
4002001|importoedu pack #1|7|55|99.20
7004008|edu packbrand #8|6|47|99.00
10015010|scholaramalgamalg #10|19|29|98.90
5001002|amalgscholar #2|19|10|98.56
8008005|namelessnameless #5|17|28|98.23
1001001|amalgamalg #1|9|53|98.01
6003003|exporticorp #3|17|34|97.96
10006003|corpunivamalg #3|18|40|97.79
3004001|edu packexporti #1|17|58|97.65
10010013|univamalgamalg #13|18|37|97.65
8004001|edu packnameless #1|8|8|97.52
2004002|edu packimporto #2|17|51|97.44
3001001|amalgexporti #1|19|46|97.16
7015003|scholarnameless #3|9|33|97.11
8012004|importomaxi #4|18|18|97.09
10010007|univamalgamalg #7|18|40|96.80
8005006|scholarnameless #6|19|30|96.72
6003003|exporticorp #3|8|47|96.60
6003008|exporticorp #8|18|43|96.24
10009009|maxiunivamalg #9|17|6|96.20
9011008|amalgunivamalg #8|18|48|96.04
7001001|amalgbrand #1|9|55|95.88
8005001|scholarnameless #1|17|53|95.55
10005010|scholarunivamalg #10|7|20|95.04
3001002|amalgexporti #2|9|1|95.01
1002001|importoamalg #1|9|41|94.99
3004001|edu packexporti #1|9|12|94.80
10003015|exportiunivamalg #15|7|3|94.59
8009005|maxinameless #5|17|19|94.47
10014010|edu packamalgamalg #10|19|36|94.43
6006007|corpcorp #7|17|42|94.35
6005008|scholarcorp #8|18|45|94.30
10008015|namelessunivamalg #15|8|11|94.14
2003002|exportiimporto #2|18|43|94.05
7003002|exportibrand #2|8|46|94.05
9013008|exportiunivamalg #8|9|34|94.05
8004001|edu packnameless #1|8|0|93.84
10006009|corpunivamalg #9|6|56|93.74
6015007|scholarbrand #7|8|45|93.67
4001001|amalgedu pack #1|19|52|93.12
9003008|exportimaxi #8|17|33|93.06
10007002|brandunivamalg #2|18|50|93.03
6005001|scholarcorp #1|9|45|92.96
7009003|maxibrand #3|9|39|92.76
1004002|edu packamalg #2|6|11|92.68
8003003|exportinameless #3|6|7|92.40
8006008|corpnameless #8|17|32|91.98
6011003|amalgbrand #3|9|47|91.91
9009005|maximaxi #5|19|52|91.80
7008007|namelessbrand #7|9|37|91.30
2001002|amalgimporto #2|17|39|91.20
9014008|edu packunivamalg #8|19|20|90.93
1003001|exportiamalg #1|17|26|90.80
8005008|scholarnameless #8|17|37|90.52
10009015|maxiunivamalg #15|9|53|90.48
6001007|amalgcorp #7|7|23|90.24
3004002|edu packexporti #2|19|48|90.21
6001001|amalgcorp #1|18|1|90.09
6001007|amalgcorp #7|9|19|90.06
3004001|edu packexporti #1|8|31|89.76
6012001|importobrand #1|17|55|89.44
3001002|amalgexporti #2|17|38|89.18
8013007|exportimaxi #7|17|34|88.99
5001002|amalgscholar #2|17|16|88.97
6008003|namelesscorp #3|17|12|88.74
9007005|brandmaxi #5|17|13|88.62
7009003|maxibrand #3|17|52|88.12
7003001|exportibrand #1|9|41|88.00
7001009|amalgbrand #9|19|19|87.99
9012003|importounivamalg #3|19|54|87.98
6012003|importobrand #3|19|19|87.93
10001004|amalgunivamalg #4|19|23|87.89
8004001|edu packnameless #1|17|43|87.80
6001008|amalgcorp #8|18|48|87.00
4004001|edu packedu pack #1|18|5|86.80
5003001|exportischolar #1|19|16|86.80
10015010|scholaramalgamalg #10|19|30|86.80
6008003|namelesscorp #3|7|9|86.70
10014016|edu packamalgamalg #16|8|54|86.52
2001001|amalgimporto #1|18|54|86.06
10013013|exportiamalgamalg #13|9|22|85.98
8004003|edu packnameless #3|18|38|85.94
4003001|exportiedu pack #1|8|52|85.92
6006007|corpcorp #7|19|30|85.85
8003003|exportinameless #3|17|24|85.84
8005005|scholarnameless #5|18|30|85.70
7007010|brandbrand #10|8|38|85.58
10003015|exportiunivamalg #15|17|17|85.55
3001001|amalgexporti #1|18|39|85.54
8016003|corpmaxi #3|17|46|85.41
9011008|amalgunivamalg #8|18|22|85.40
4001001|amalgedu pack #1|9|40|85.26
6012001|importobrand #1|17|4|84.84
10016004|corpamalgamalg #4|8|58|84.84
2002002|importoimporto #2|9|30|84.64
8008009|namelessnameless #9|17|18|84.60
10006013|corpunivamalg #13|18|19|84.60
7016007|corpnameless #7|9|51|84.42
3004001|edu packexporti #1|7|50|84.32
2001001|amalgimporto #1|9|42|84.26
7003003|exportibrand #3|18|23|84.18
8016003|corpmaxi #3|18|46|84.15
6012001|importobrand #1|18|59|84.00
4004002|edu packedu pack #2|17|10|83.99
4002002|importoedu pack #2|17|41|83.98
9006009|corpmaxi #9|19|41|83.60
4001001|amalgedu pack #1|9|19|83.46
5003002|exportischolar #2|17|17|83.20
9001005|amalgmaxi #5|9|43|82.80
9009002|maximaxi #2|19|17|82.77
1001001|amalgamalg #1|17|21|82.56
9003008|exportimaxi #8|9|12|82.53
9007003|brandmaxi #3|18|11|82.39
6014007|edu packbrand #7|18|12|82.17
10004015|edu packunivamalg #15|17|7|82.04
3002001|importoexporti #1|7|49|81.88
9008008|namelessmaxi #8|18|51|81.84
7012009|importonameless #9|17|27|81.60
4001002|amalgedu pack #2|19|2|80.91
4004001|edu packedu pack #1|17|36|80.88
6009002|maxicorp #2|8|40|80.74
9013011|exportiunivamalg #11|19|28|80.33
8009005|maxinameless #5|17|54|80.27
8010006|univmaxi #6|8|46|80.10
2003001|exportiimporto #1|18|47|80.04
8013009|exportimaxi #9|19|47|79.90
8014004|edu packmaxi #4|17|11|79.39
1004001|edu packamalg #1|7|46|79.38
7002009|importobrand #9|18|26|79.36
3002001|importoexporti #1|19|51|78.93
5002001|importoscholar #1|17|46|78.85
3004001|edu packexporti #1|9|13|78.63
5002002|importoscholar #2|17|35|78.54
7004001|edu packbrand #1|17|50|78.40
10014010|edu packamalgamalg #10|19|4|78.30
1004001|edu packamalg #1|18|2|78.18
1004001|edu packamalg #1|17|7|78.00
5002001|importoscholar #1|17|1|77.88
2002001|importoimporto #1|17|13|77.84
7010004|univnameless #4|9|16|77.28
6015005|scholarbrand #5|9|53|76.88
1001001|amalgamalg #1|19|46|76.56
8005010|scholarnameless #10|9|34|76.16
10013013|exportiamalgamalg #13|17|33|76.16
1001001|amalgamalg #1|17|46|76.05
4003001|exportiedu pack #1|19|35|76.02
2004002|edu packimporto #2|9|48|75.84
4003002|exportiedu pack #2|18|25|75.68
7002009|importobrand #9|9|55|75.68
7009005|maxibrand #5|8|49|75.68
1003002|exportiamalg #2|9|23|75.64
10013013|exportiamalgamalg #13|18|1|75.42
1002001|importoamalg #1|9|1|74.88
4002001|importoedu pack #1|6|40|74.80
10009017|maxiunivamalg #17|19|35|74.80
9008011|namelessmaxi #11|17|40|74.76
10004015|edu packunivamalg #15|17|48|74.74
4001001|amalgedu pack #1|6|52|74.64
7012010|importonameless #10|18|44|74.64
4003001|exportiedu pack #1|9|21|74.44
5003002|exportischolar #2|17|58|74.08
8005005|scholarnameless #5|17|56|74.05
2001001|amalgimporto #1|19|8|73.98
10007002|brandunivamalg #2|8|44|73.95
4001001|amalgedu pack #1|19|3|73.92
9001005|amalgmaxi #5|18|55|73.84
10009006|maxiunivamalg #6|19|29|73.75
10011014|amalgamalgamalg #14|7|36|73.55
5004001|edu packscholar #1|18|19|73.18
6012001|importobrand #1|19|51|73.10
6004004|edu packcorp #4|17|22|73.01
8001007|amalgnameless #7|17|16|72.93
2004002|edu packimporto #2|19|1|72.78
1004001|edu packamalg #1|8|14|72.66
9011009|amalgunivamalg #9|7|9|72.32
1004001|edu packamalg #1|6|2|72.00
4002001|importoedu pack #1|9|27|71.76
7010001|univnameless #1|19|49|71.44
10002014|importounivamalg #14|18|10|71.41
6009004|maxicorp #4|18|29|71.40
2004002|edu packimporto #2|18|38|71.39
1001001|amalgamalg #1|9|42|71.37
10002014|importounivamalg #14|19|50|71.37
3003002|exportiexporti #2|18|51|71.28
6003003|exporticorp #3|19|51|71.04
9012005|importounivamalg #5|9|11|71.00
8005003|scholarnameless #3|9|10|70.91
8002009|importonameless #9|18|8|70.87
2004002|edu packimporto #2|19|37|70.72
9014005|edu packunivamalg #5|18|26|70.56
4003001|exportiedu pack #1|17|59|70.21
2003002|exportiimporto #2|19|54|70.20
8005001|scholarnameless #1|19|28|69.93
1002001|importoamalg #1|9|33|69.60
1003001|exportiamalg #1|19|19|69.52
3004002|edu packexporti #2|7|6|69.44
3003001|exportiexporti #1|18|48|69.42
3003001|exportiexporti #1|17|59|69.39
3001001|amalgexporti #1|18|42|69.35
3004001|edu packexporti #1|17|46|69.19
8004004|edu packnameless #4|18|50|69.03
5003002|exportischolar #2|19|4|68.80
5001002|amalgscholar #2|18|7|68.76
4002002|importoedu pack #2|19|32|68.64
5002001|importoscholar #1|19|25|68.57
9007003|brandmaxi #3|17|13|68.32
8011009|amalgmaxi #9|17|29|68.25
9011009|amalgunivamalg #9|18|49|68.25
8005005|scholarnameless #5|17|41|68.15
3003001|exportiexporti #1|18|58|67.94
4003001|exportiedu pack #1|9|7|67.83
1002002|importoamalg #2|18|18|67.20
5004001|edu packscholar #1|9|34|67.06
7014009|edu packnameless #9|18|9|66.98
1002001|importoamalg #1|19|39|66.88
10009006|maxiunivamalg #6|19|32|66.88
7010008|univnameless #8|17|29|66.82
2003001|exportiimporto #1|18|28|66.50
10009017|maxiunivamalg #17|7|57|66.45
6003007|exporticorp #7|9|57|66.30
2001002|amalgimporto #2|8|16|66.24
8004004|edu packnameless #4|19|55|66.07
10016004|corpamalgamalg #4|19|59|66.04
6016005|corpbrand #5|18|27|65.65
6012002|importobrand #2|9|34|65.42
9001005|amalgmaxi #5|18|47|65.28
4001002|amalgedu pack #2|19|42|65.10
7009005|maxibrand #5|7|53|65.00
9002003|importomaxi #3|7|3|65.00
1002002|importoamalg #2|9|47|64.95
9014008|edu packunivamalg #8|18|49|64.95
4004002|edu packedu pack #2|8|35|64.80
4004002|edu packedu pack #2|6|37|64.26
4004002|edu packedu pack #2|17|31|64.23
4002001|importoedu pack #1|7|21|64.11
8015005|scholarmaxi #5|18|11|64.10
9007009|brandmaxi #9|19|12|64.05
9013009|exportiunivamalg #9|19|20|64.04
2002001|importoimporto #1|8|4|64.02
9006009|corpmaxi #9|17|12|63.81
3001002|amalgexporti #2|17|48|63.70
9005009|scholarmaxi #9|19|37|63.60
3003002|exportiexporti #2|18|48|63.58
8001004|amalgnameless #4|19|58|63.54
1003002|exportiamalg #2|17|3|63.50
3003001|exportiexporti #1|8|0|63.36
7007004|brandbrand #4|18|56|62.90
6013005|exportibrand #5|17|0|62.54
2002001|importoimporto #1|8|57|62.50
2004002|edu packimporto #2|6|23|62.37
7011008|amalgnameless #8|19|43|62.35
3002002|importoexporti #2|19|51|62.32
4004002|edu packedu pack #2|9|22|62.16
6001002|amalgcorp #2|9|12|61.65
9015003|scholarunivamalg #3|19|28|61.62
4002001|importoedu pack #1|9|11|61.56
6001007|amalgcorp #7|19|37|61.55
6003008|exporticorp #8|9|51|61.20
8003010|exportinameless #10|8|34|61.16
3003002|exportiexporti #2|8|37|61.06
10009013|maxiunivamalg #13|18|41|61.06
3004001|edu packexporti #1|9|17|61.03
1001001|amalgamalg #1|17|20|61.02
4002001|importoedu pack #1|17|33|60.90
7005006|scholarbrand #6|19|13|60.90
10005014|scholarunivamalg #14|9|14|60.90
9003003|exportimaxi #3|17|24|60.75
8011009|amalgmaxi #9|17|43|60.68
2001001|amalgimporto #1|18|5|60.56
9006009|corpmaxi #9|19|5|60.50
8005009|scholarnameless #9|8|46|60.49
6001001|amalgcorp #1|18|57|60.48
9010009|univunivamalg #9|18|52|60.35
2001001|amalgimporto #1|18|1|60.16
9001011|amalgmaxi #11|8|37|60.05
2001002|amalgimporto #2|17|34|60.04
10012002|importoamalgamalg #2|18|52|60.00
10001004|amalgunivamalg #4|19|26|59.95
10014016|edu packamalgamalg #16|17|19|59.67
6016005|corpbrand #5|6|29|59.40
9015005|scholarunivamalg #5|17|14|59.40
7012010|importonameless #10|19|20|59.20
8003003|exportinameless #3|19|46|59.15
9004003|edu packmaxi #3|9|48|59.04
4004001|edu packedu pack #1|7|57|58.86
1001002|amalgamalg #2|9|19|58.80
2001002|amalgimporto #2|18|40|58.56
6010006|univbrand #6|17|14|58.52
2001001|amalgimporto #1|18|59|58.50
4003001|exportiedu pack #1|17|51|58.50
1003001|exportiamalg #1|17|33|58.46
3001001|amalgexporti #1|9|44|58.44
3004002|edu packexporti #2|18|39|58.14
8015005|scholarmaxi #5|18|3|58.00
1004002|edu packamalg #2|19|1|57.75
8002009|importonameless #9|19|28|57.75
1002001|importoamalg #1|17|23|57.66
3004001|edu packexporti #1|19|47|57.50
9015011|scholarunivamalg #11|8|40|57.22
1004001|edu packamalg #1|17|47|57.09
7009005|maxibrand #5|18|2|56.95
9013008|exportiunivamalg #8|8|47|56.92
5001001|amalgscholar #1|8|58|56.81
2002001|importoimporto #1|9|9|56.80
3003001|exportiexporti #1|17|28|56.55
9006011|corpmaxi #11|18|34|56.50
3004002|edu packexporti #2|9|0|56.44
4002002|importoedu pack #2|9|12|56.40
4001001|amalgedu pack #1|19|5|56.28
2003001|exportiimporto #1|9|23|56.25
9012003|importounivamalg #3|8|46|56.20
6007007|brandcorp #7|6|3|56.00
7006005|corpbrand #5|6|30|55.90
5003002|exportischolar #2|19|50|55.53
6001008|amalgcorp #8|9|57|55.48
7001005|amalgbrand #5|19|48|55.44
4002001|importoedu pack #1|9|0|55.29
1001002|amalgamalg #2|18|44|55.10
5004001|edu packscholar #1|17|1|55.03
7010010|univnameless #10|9|57|55.00
3003001|exportiexporti #1|17|31|54.81
2001002|amalgimporto #2|19|56|54.74
10010007|univamalgamalg #7|8|57|54.56
3004001|edu packexporti #1|9|21|54.30
7009005|maxibrand #5|18|31|53.96
9002003|importomaxi #3|17|15|53.79
1003001|exportiamalg #1|6|5|53.35
4001001|amalgedu pack #1|8|57|53.34
6006003|corpcorp #3|19|21|53.20
10004015|edu packunivamalg #15|9|57|53.10
1001001|amalgamalg #1|18|43|52.96
6003003|exporticorp #3|7|35|52.92
1001001|amalgamalg #1|18|36|52.80
1002001|importoamalg #1|19|25|52.80
2004002|edu packimporto #2|8|13|52.78
4001001|amalgedu pack #1|19|1|52.70
2001002|amalgimporto #2|19|40|52.63
10005001|scholarunivamalg #1|19|49|52.52
6014001|edu packbrand #1|17|7|52.36
1001002|amalgamalg #2|18|39|52.11
3003002|exportiexporti #2|18|41|51.68
3001002|amalgexporti #2|18|4|51.52
4002001|importoedu pack #1|7|27|51.51
9012008|importounivamalg #8|8|41|51.48
5001001|amalgscholar #1|8|52|51.00
1003002|exportiamalg #2|17|16|50.96
1004001|edu packamalg #1|19|51|50.94
7004009|edu packbrand #9|9|28|50.74
8009010|maxinameless #10|17|52|50.63
4003001|exportiedu pack #1|9|28|50.60
10015017|scholaramalgamalg #17|19|6|50.50
8006008|corpnameless #8|17|6|49.95
3001002|amalgexporti #2|9|27|49.92
7001009|amalgbrand #9|9|36|49.92
9011008|amalgunivamalg #8|19|50|49.92
6009007|maxicorp #7|18|19|49.84
6011008|amalgbrand #8|9|26|49.41
4001001|amalgedu pack #1|17|36|49.34
9012005|importounivamalg #5|9|45|49.21
6008003|namelesscorp #3|9|50|49.12
2002001|importoimporto #1|7|16|49.06
6008007|namelesscorp #7|19|38|49.00
4004002|edu packedu pack #2|19|36|48.97
2004001|edu packimporto #1|18|0|48.58
6007003|brandcorp #3|17|19|48.48
6003003|exporticorp #3|8|59|48.45
9008008|namelessmaxi #8|8|31|48.40
10013015|exportiamalgamalg #15|19|28|48.38
5004002|edu packscholar #2|19|45|48.24
9012011|importounivamalg #11|8|21|48.06
10003015|exportiunivamalg #15|17|47|48.01
5003002|exportischolar #2|18|20|47.99
9013009|exportiunivamalg #9|9|18|47.76
6006003|corpcorp #3|8|38|47.68
7013009|exportinameless #9|9|28|47.68
6011003|amalgbrand #3|18|39|47.25
5002002|importoscholar #2|7|33|47.04
10012001|importoamalgamalg #1|9|27|46.86
8005009|scholarnameless #9|8|48|46.80
6016001|corpbrand #1|19|0|46.77
5003001|exportischolar #1|6|0|46.76
6012001|importobrand #1|17|49|46.74
8010006|univmaxi #6|9|19|46.62
6008007|namelesscorp #7|8|22|46.54
7006009|corpbrand #9|18|21|46.50
9015003|scholarunivamalg #3|6|33|46.24
8004005|edu packnameless #5|9|23|46.08
6011001|amalgbrand #1|17|4|46.00
2001001|amalgimporto #1|17|15|45.92
7006009|corpbrand #9|19|11|45.92
3004001|edu packexporti #1|19|40|45.90
4002002|importoedu pack #2|18|9|45.72
8010008|univmaxi #8|19|7|45.60
2002002|importoimporto #2|7|4|45.40
1003002|exportiamalg #2|19|8|45.30
3001001|amalgexporti #1|9|27|45.30
7013007|exportinameless #7|18|47|45.20
5004001|edu packscholar #1|9|41|45.00
9004003|edu packmaxi #3|8|10|44.88
7001009|amalgbrand #9|6|0|44.82
10015017|scholaramalgamalg #17|7|42|44.64
9009002|maximaxi #2|17|6|44.55
4003002|exportiedu pack #2|6|40|44.32
3002002|importoexporti #2|8|39|44.20
6008002|namelesscorp #2|17|55|44.20
8001003|amalgnameless #3|8|0|44.16
4003001|exportiedu pack #1|18|52|44.10
4001001|amalgedu pack #1|8|5|44.07
5004001|edu packscholar #1|18|23|44.02
2002001|importoimporto #1|19|39|43.89
5004001|edu packscholar #1|19|58|43.82
10015003|scholaramalgamalg #3|8|18|43.78
10003014|exportiunivamalg #14|17|23|43.68
2001001|amalgimporto #1|6|37|43.44
4003002|exportiedu pack #2|18|38|43.26
4002001|importoedu pack #1|19|19|43.20
5002001|importoscholar #1|6|26|43.20
7008005|namelessbrand #5|9|56|43.20
6008005|namelesscorp #5|18|47|42.78
6006004|corpcorp #4|17|35|42.77
9003008|exportimaxi #8|18|7|42.60
9014011|edu packunivamalg #11|19|59|42.60
1002002|importoamalg #2|17|23|42.57
1003001|exportiamalg #1|18|23|42.56
7015003|scholarnameless #3|19|42|42.48
3004002|edu packexporti #2|9|49|42.46
10003011|exportiunivamalg #11|19|50|42.21
9011009|amalgunivamalg #9|9|51|41.99
6003007|exporticorp #7|9|12|41.92
6003005|exporticorp #5|9|53|41.90
3001002|amalgexporti #2|9|40|41.83
10002011|importounivamalg #11|17|2|41.76
3003001|exportiexporti #1|19|6|41.72
8005005|scholarnameless #5|7|19|41.70
7016005|corpnameless #5|9|57|41.69
3004001|edu packexporti #1|8|48|41.47
8001001|amalgnameless #1|17|51|41.42
4001001|amalgedu pack #1|18|48|41.30
10009006|maxiunivamalg #6|17|23|41.04
3001002|amalgexporti #2|17|25|41.02
7001004|amalgbrand #4|17|25|40.71
1002001|importoamalg #1|17|5|40.50
8011008|amalgmaxi #8|9|27|40.50
10009009|maxiunivamalg #9|18|35|40.50
9011009|amalgunivamalg #9|18|9|40.32
10008013|namelessunivamalg #13|17|27|40.28
1004002|edu packamalg #2|8|27|40.26
7010010|univnameless #10|18|40|39.76
10010006|univamalgamalg #6|17|5|39.60
6013006|exportibrand #6|19|49|39.52
4003002|exportiedu pack #2|9|45|39.48
5004001|edu packscholar #1|9|6|39.37
4002002|importoedu pack #2|8|3|39.27
4004001|edu packedu pack #1|9|4|39.04
4001002|amalgedu pack #2|9|19|39.00
3002001|importoexporti #1|17|14|38.55
9009002|maximaxi #2|17|19|38.41
4002001|importoedu pack #1|7|36|38.38
8012001|importomaxi #1|19|5|38.35
10005001|scholarunivamalg #1|19|6|38.29
7006005|corpbrand #5|9|22|38.24
10012017|importoamalgamalg #17|17|58|38.22
9001008|amalgmaxi #8|19|53|37.95
9014008|edu packunivamalg #8|9|42|37.80
4002001|importoedu pack #1|9|53|37.72
6006007|corpcorp #7|19|4|37.72
2002002|importoimporto #2|17|48|37.68
8010009|univmaxi #9|18|53|37.44
6003003|exporticorp #3|17|35|37.40
7010003|univnameless #3|18|31|37.36
7010004|univnameless #4|19|41|37.35
9009002|maximaxi #2|17|46|37.26
9012008|importounivamalg #8|19|6|37.20
4004001|edu packedu pack #1|8|1|37.18
10004015|edu packunivamalg #15|17|8|37.18
4004001|edu packedu pack #1|19|5|37.12
10013013|exportiamalgamalg #13|9|54|36.81
6001001|amalgcorp #1|17|8|36.80
1004002|edu packamalg #2|9|55|36.79
2003002|exportiimporto #2|19|14|36.54
5002002|importoscholar #2|18|25|36.30
10007012|brandunivamalg #12|8|16|36.00
1002001|importoamalg #1|18|36|35.97
10010008|univamalgamalg #8|9|2|35.90
8013004|exportimaxi #4|8|55|35.75
5001001|amalgscholar #1|18|45|35.70
1003002|exportiamalg #2|18|42|35.69
8005005|scholarnameless #5|19|37|35.60
6015004|scholarbrand #4|17|39|35.45
10004008|edu packunivamalg #8|19|37|35.36
3003002|exportiexporti #2|19|48|35.15
7008009|namelessbrand #9|6|41|35.15
10010011|univamalgamalg #11|9|42|35.07
8008007|namelessnameless #7|9|18|34.76
6015008|scholarbrand #8|19|9|34.50
8008007|namelessnameless #7|8|13|34.38
10012006|importoamalgamalg #6|9|13|34.35
6012007|importobrand #7|9|56|34.32
10016017|corpamalgamalg #17|9|19|34.22
9010009|univunivamalg #9|18|58|34.20
8004003|edu packnameless #3|17|11|34.02
5003001|exportischolar #1|18|32|33.84
1002001|importoamalg #1|17|24|33.60
1001001|amalgamalg #1|8|40|33.36
3001001|amalgexporti #1|19|22|33.30
2003001|exportiimporto #1|9|2|33.28
8006008|corpnameless #8|18|9|33.24
1003001|exportiamalg #1|19|55|33.15
10015005|scholaramalgamalg #5|8|17|32.90
6006004|corpcorp #4|19|47|32.87
7008006|namelessbrand #6|6|10|32.76
9012003|importounivamalg #3|9|47|32.76
8014005|edu packmaxi #5|18|23|32.50
2004001|edu packimporto #1|17|14|32.49
8010008|univmaxi #8|18|35|32.40
7011008|amalgnameless #8|18|5|32.34
9013009|exportiunivamalg #9|19|29|32.24
3004001|edu packexporti #1|18|46|32.13
8008009|namelessnameless #9|17|58|31.96
4001002|amalgedu pack #2|9|23|31.92
4003001|exportiedu pack #1|19|13|31.90
1004002|edu packamalg #2|17|22|31.79
7006004|NULL|18|16|31.78
1003002|exportiamalg #2|18|50|31.71
8008003|namelessnameless #3|9|45|31.64
9014003|edu packunivamalg #3|17|37|31.56
9011009|amalgunivamalg #9|19|36|31.52
10004001|edu packunivamalg #1|8|42|31.45
4001002|amalgedu pack #2|17|56|31.36
2001001|amalgimporto #1|19|43|30.96
7004006|edu packbrand #6|8|54|30.88
4004001|edu packedu pack #1|9|50|30.72
9005009|scholarmaxi #9|9|31|30.60
10009013|maxiunivamalg #13|19|34|30.58
3001002|amalgexporti #2|9|18|30.44
5001002|amalgscholar #2|9|22|30.42
7012010|importonameless #10|18|41|30.26
6013007|exportibrand #7|17|13|30.09
6016001|corpbrand #1|18|31|30.05
8005009|scholarnameless #9|19|50|29.76
2001001|amalgimporto #1|17|31|29.70
5004002|edu packscholar #2|17|11|29.70
6016008|corpbrand #8|19|28|29.68
3004001|edu packexporti #1|8|18|29.41
2001001|amalgimporto #1|6|34|29.40
10015003|scholaramalgamalg #3|8|31|29.40
10015004|scholaramalgamalg #4|6|16|29.40
7013001|exportinameless #1|17|43|29.15
7002009|importobrand #9|17|7|29.05
10014001|edu packamalgamalg #1|8|59|28.98
3004001|edu packexporti #1|9|53|28.93
9013011|exportiunivamalg #11|17|9|28.84
5004002|edu packscholar #2|7|20|28.56
7003001|exportibrand #1|17|44|28.48
1002001|importoamalg #1|18|19|28.35
7006001|corpbrand #1|17|32|28.35
7006009|corpbrand #9|17|0|28.20
8009005|maxinameless #5|19|19|28.20
10003007|exportiunivamalg #7|18|55|28.18
6003003|exporticorp #3|18|7|28.14
7013009|exportinameless #9|8|40|28.12
9013008|exportiunivamalg #8|8|40|28.05
6006003|corpcorp #3|9|36|27.90
4001001|amalgedu pack #1|9|24|27.88
2001001|amalgimporto #1|19|55|27.46
9014008|edu packunivamalg #8|9|29|27.40
2004001|edu packimporto #1|19|37|27.38
9009009|maximaxi #9|9|35|27.36
5002001|importoscholar #1|19|32|27.20
8008009|namelessnameless #9|18|51|27.01
4004001|edu packedu pack #1|17|35|26.98
9013011|exportiunivamalg #11|17|16|26.94
1004002|edu packamalg #2|18|34|26.70
4001001|amalgedu pack #1|9|20|26.62
5001002|amalgscholar #2|17|25|26.54
4003002|exportiedu pack #2|7|18|26.46
2003001|exportiimporto #1|17|48|26.41
8008004|namelessnameless #4|18|45|26.04
6015005|scholarbrand #5|8|56|25.96
6011008|amalgbrand #8|17|23|25.56
1003002|exportiamalg #2|9|40|25.55
6005003|scholarcorp #3|18|50|25.23
6004004|edu packcorp #4|19|49|25.01
9006009|corpmaxi #9|6|14|24.84
9006011|corpmaxi #11|17|48|24.84
6002003|importocorp #3|7|7|24.75
1001001|amalgamalg #1|7|28|24.57
5004001|edu packscholar #1|19|36|24.33
8005008|scholarnameless #8|17|45|23.69
3003002|exportiexporti #2|19|7|23.43
9011009|amalgunivamalg #9|18|8|23.32
9011008|amalgunivamalg #8|18|24|23.29
9006011|corpmaxi #11|18|1|23.15
1003001|exportiamalg #1|9|11|23.10
6014004|edu packbrand #4|17|17|22.68
6016003|corpbrand #3|19|47|22.47
1004002|edu packamalg #2|8|42|22.31
1004002|edu packamalg #2|19|4|22.22
1003002|exportiamalg #2|9|0|22.14
10009008|maxiunivamalg #8|19|50|21.75
3003001|exportiexporti #1|19|38|21.72
2003001|exportiimporto #1|8|25|21.68
6013005|exportibrand #5|19|8|21.58
1002001|importoamalg #1|8|52|21.36
3004001|edu packexporti #1|17|35|21.36
2001001|amalgimporto #1|19|30|21.20
3002002|importoexporti #2|8|52|21.15
7012010|importonameless #10|17|55|20.85
7013001|exportinameless #1|19|35|20.82
8009005|maxinameless #5|19|15|20.64
1003001|exportiamalg #1|8|39|20.52
9014008|edu packunivamalg #8|17|59|20.52
3004002|edu packexporti #2|6|25|20.46
5001002|amalgscholar #2|19|47|20.40
9006002|corpmaxi #2|19|17|20.05
2002001|importoimporto #1|18|30|20.00
10016003|corpamalgamalg #3|17|43|19.87
8012004|importomaxi #4|19|58|19.72
10007012|brandunivamalg #12|17|34|19.55
9012003|importounivamalg #3|17|22|19.44
10015013|scholaramalgamalg #13|19|8|19.44
6001001|amalgcorp #1|19|29|19.38
8012001|importomaxi #1|17|50|19.32
2004001|edu packimporto #1|19|39|19.12
2001001|amalgimporto #1|19|1|19.09
9008002|namelessmaxi #2|17|16|19.05
6012001|importobrand #1|18|11|18.96
7012005|importonameless #5|19|38|18.86
7001007|amalgbrand #7|19|35|18.81
6003003|exporticorp #3|17|3|18.30
10003007|exportiunivamalg #7|19|3|18.27
10013002|exportiamalgamalg #2|19|44|18.27
3001001|amalgexporti #1|19|56|18.24
6012002|importobrand #2|7|34|18.20
4001001|amalgedu pack #1|18|41|18.17
10003011|exportiunivamalg #11|8|41|18.06
4002001|importoedu pack #1|18|21|18.02
5002002|importoscholar #2|18|48|18.00
10006008|corpunivamalg #8|17|11|17.98
6005008|scholarcorp #8|19|17|17.73
7004008|edu packbrand #8|18|18|17.64
4001001|amalgedu pack #1|19|54|17.60
10011004|amalgamalgamalg #4|18|52|17.22
7008009|namelessbrand #9|7|33|17.20
3002001|importoexporti #1|18|45|17.16
1003002|exportiamalg #2|9|38|17.01
10003007|exportiunivamalg #7|17|16|16.77
4004001|edu packedu pack #1|9|37|16.44
6002001|importocorp #1|9|45|16.41
3003001|exportiexporti #1|17|15|16.40
7005006|scholarbrand #6|17|24|16.20
10010006|univamalgamalg #6|9|10|16.16
10006003|corpunivamalg #3|9|7|16.06
9012003|importounivamalg #3|18|21|15.99
9003005|exportimaxi #5|19|47|15.84
10012006|importoamalgamalg #6|9|59|15.84
5003001|exportischolar #1|9|5|15.75
6001008|amalgcorp #8|18|20|15.75
8008005|namelessnameless #5|8|51|15.75
10007002|brandunivamalg #2|17|16|15.41
9003011|exportimaxi #11|18|54|15.36
5001001|amalgscholar #1|19|27|15.30
9006011|corpmaxi #11|8|55|15.28
6001002|amalgcorp #2|19|56|15.26
6012008|importobrand #8|18|47|15.13
9007011|brandmaxi #11|17|9|14.85
1001002|amalgamalg #2|19|43|14.72
5002002|importoscholar #2|19|40|14.60
6015005|scholarbrand #5|19|49|14.45
9004008|edu packmaxi #8|17|57|14.28
10006013|corpunivamalg #13|18|12|14.16
1001002|amalgamalg #2|19|26|14.08
10003014|exportiunivamalg #14|19|52|14.08
9013008|exportiunivamalg #8|9|57|14.01
10016001|corpamalgamalg #1|19|19|13.87
1003001|exportiamalg #1|17|9|13.86
9010009|univunivamalg #9|18|38|13.86
9012003|importounivamalg #3|8|23|13.86
5003001|exportischolar #1|8|12|13.62
2002001|importoimporto #1|17|15|13.58
1003001|exportiamalg #1|7|35|13.34
1003002|exportiamalg #2|18|18|13.30
10006002|corpunivamalg #2|19|20|13.26
4004001|edu packedu pack #1|8|13|13.23
10004008|edu packunivamalg #8|18|31|13.20
8001004|amalgnameless #4|6|33|13.14
2002001|importoimporto #1|8|6|12.95
10009017|maxiunivamalg #17|8|13|12.87
10003011|exportiunivamalg #11|9|31|12.81
10006017|corpunivamalg #17|19|31|12.78
9002003|importomaxi #3|17|18|12.60
7005010|scholarbrand #10|6|7|12.40
8005003|scholarnameless #3|17|17|12.36
2004002|edu packimporto #2|8|34|12.30
9002003|importomaxi #3|18|10|12.18
5002001|importoscholar #1|9|29|12.10
7004009|edu packbrand #9|9|34|12.00
8007001|brandnameless #1|18|6|11.92
7013001|exportinameless #1|17|41|11.91
6015004|scholarbrand #4|9|57|11.84
2001002|amalgimporto #2|17|43|11.83
3004002|edu packexporti #2|19|47|11.77
6012001|importobrand #1|7|3|11.75
8008009|namelessnameless #9|9|9|11.73
NULL|NULL|19|21|11.72
2001002|amalgimporto #2|8|2|11.56
1002002|importoamalg #2|8|20|11.22
2002001|importoimporto #1|7|50|10.92
2003001|exportiimporto #1|9|50|10.92
7005006|scholarbrand #6|17|54|10.89
9013009|exportiunivamalg #9|9|52|10.67
3004002|edu packexporti #2|9|40|10.53
10014016|edu packamalgamalg #16|7|47|10.36
1001002|amalgamalg #2|7|15|10.32
4001002|amalgedu pack #2|8|40|10.23
1003002|exportiamalg #2|7|11|10.20
6015008|scholarbrand #8|18|1|10.20
4003001|exportiedu pack #1|19|17|9.94
2004002|edu packimporto #2|7|58|9.92
5004001|edu packscholar #1|18|26|9.75
5001001|amalgscholar #1|8|2|9.52
8014004|edu packmaxi #4|19|56|9.35
5001002|amalgscholar #2|9|30|9.27
8001003|amalgnameless #3|8|37|9.24
4002002|importoedu pack #2|19|42|9.18
4003001|exportiedu pack #1|9|26|8.88
10007012|brandunivamalg #12|19|45|8.73
2003001|exportiimporto #1|19|59|8.28
8016009|corpmaxi #9|8|41|8.26
7012009|importonameless #9|19|9|8.20
10003004|exportiunivamalg #4|18|28|7.80
6013007|exportibrand #7|17|53|7.35
5001001|amalgscholar #1|19|11|7.08
10005014|scholarunivamalg #14|19|40|7.07
6015008|scholarbrand #8|9|24|7.00
9001008|amalgmaxi #8|17|6|6.96
7015002|scholarnameless #2|18|28|6.75
8001004|amalgnameless #4|17|0|6.75
5003002|exportischolar #2|9|30|6.46
6007003|brandcorp #3|7|14|6.43
9003008|exportimaxi #8|17|22|6.42
5003001|exportischolar #1|8|9|6.38
7003009|exportibrand #9|8|18|5.89
7009005|maxibrand #5|17|22|5.88
1003001|exportiamalg #1|8|47|5.63
4001001|amalgedu pack #1|18|14|5.58
8016006|corpmaxi #6|17|50|5.50
10012006|importoamalgamalg #6|19|43|5.43
6015004|scholarbrand #4|9|27|5.40
1001002|amalgamalg #2|7|4|5.25
7006004|NULL|9|36|5.20
7012010|importonameless #10|17|23|5.18
8009005|maxinameless #5|17|17|5.13
2004002|edu packimporto #2|19|32|5.10
7009003|maxibrand #3|19|57|5.06
1003002|exportiamalg #2|18|11|4.98
3003001|exportiexporti #1|17|16|4.95
10005001|scholarunivamalg #1|17|53|4.94
8008009|namelessnameless #9|17|51|4.90
5002001|importoscholar #1|8|59|4.86
6013005|exportibrand #5|19|5|4.86
2003001|exportiimporto #1|6|56|4.80
1003001|exportiamalg #1|18|6|4.64
10006008|corpunivamalg #8|19|45|4.60
5004002|edu packscholar #2|6|32|4.56
6003003|exporticorp #3|9|6|4.54
7003001|exportibrand #1|17|17|4.54
6011003|amalgbrand #3|7|37|4.46
9012005|importounivamalg #5|19|37|4.44
9015009|scholarunivamalg #9|9|54|4.16
7001005|amalgbrand #5|9|33|4.08
9011008|amalgunivamalg #8|18|10|4.08
8005006|scholarnameless #6|19|46|4.06
2004001|edu packimporto #1|8|27|4.05
1004001|edu packamalg #1|19|58|3.84
7008006|namelessbrand #6|18|9|3.84
10015005|scholaramalgamalg #5|9|19|3.80
4003002|exportiedu pack #2|8|59|3.78
10008015|namelessunivamalg #15|18|10|3.76
7016001|corpnameless #1|8|33|3.71
2004002|edu packimporto #2|19|39|3.22
2001001|amalgimporto #1|18|39|2.90
9013002|exportiunivamalg #2|17|57|2.80
4003002|exportiedu pack #2|18|34|2.75
6014001|edu packbrand #1|8|21|2.56
9014002|edu packunivamalg #2|18|39|2.52
8011009|amalgmaxi #9|9|19|2.46
8016007|corpmaxi #7|8|50|2.44
2002001|importoimporto #1|19|36|2.22
8008007|namelessnameless #7|19|25|1.88
5004002|edu packscholar #2|18|12|1.67
4001002|amalgedu pack #2|19|40|1.37
4002002|importoedu pack #2|18|37|1.24
8007007|brandnameless #7|9|15|0.66
4003002|exportiedu pack #2|9|39|0.65
1003002|exportiamalg #2|7|8|0.44
9014002|edu packunivamalg #2|9|39|0.44
5002001|importoscholar #1|9|42|0.30
9009002|maximaxi #2|9|8|0.18
1001001|amalgamalg #1|6|5|0.00
1002001|importoamalg #1|6|21|0.00
2001001|amalgimporto #1|17|49|0.00
2001001|amalgimporto #1|18|47|0.00
2001002|amalgimporto #2|9|6|0.00
2002001|importoimporto #1|8|5|0.00
2002001|importoimporto #1|8|19|0.00
2002001|importoimporto #1|17|14|0.00
2002001|importoimporto #1|18|41|0.00
2003001|exportiimporto #1|17|9|0.00
2003001|exportiimporto #1|18|11|0.00
3001001|amalgexporti #1|18|55|0.00
3001002|amalgexporti #2|9|23|0.00
3001002|amalgexporti #2|19|42|0.00
3004001|edu packexporti #1|18|2|0.00
3004002|edu packexporti #2|7|32|0.00
4001001|amalgedu pack #1|19|7|0.00
4001002|amalgedu pack #2|17|41|0.00
4002001|importoedu pack #1|9|45|0.00
4002002|importoedu pack #2|18|17|0.00
4002002|importoedu pack #2|18|36|0.00
4003001|exportiedu pack #1|8|20|0.00
4003001|exportiedu pack #1|9|31|0.00
4003002|exportiedu pack #2|9|46|0.00
4004001|edu packedu pack #1|17|0|0.00
4004002|edu packedu pack #2|9|44|0.00
4004002|edu packedu pack #2|18|57|0.00
5001001|amalgscholar #1|19|49|0.00
5002001|importoscholar #1|8|11|0.00
5002001|importoscholar #1|17|57|0.00
5002002|importoscholar #2|9|25|0.00
5003002|exportischolar #2|19|46|0.00
5003002|exportischolar #2|19|59|0.00
5004001|edu packscholar #1|19|46|0.00
5004002|edu packscholar #2|7|9|0.00
5004002|edu packscholar #2|7|30|0.00
5004002|edu packscholar #2|9|32|0.00
5004002|edu packscholar #2|19|4|0.00
6002005|importocorp #5|9|7|0.00
6002005|importocorp #5|19|52|0.00
6003008|exporticorp #8|17|53|0.00
6005001|scholarcorp #1|19|59|0.00
6005008|scholarcorp #8|8|15|0.00
6009003|maxicorp #3|6|40|0.00
6009003|maxicorp #3|8|37|0.00
6011007|amalgbrand #7|6|39|0.00
6012004|importobrand #4|19|51|0.00
6015005|scholarbrand #5|8|14|0.00
6016003|corpbrand #3|18|52|0.00
7001001|amalgbrand #1|17|39|0.00
7001005|amalgbrand #5|17|50|0.00
7002009|importobrand #9|8|12|0.00
7002009|importobrand #9|17|21|0.00
7003003|exportibrand #3|9|39|0.00
7003003|exportibrand #3|17|5|0.00
7004008|edu packbrand #8|18|25|0.00
7005006|scholarbrand #6|9|5|0.00
7006003|corpbrand #3|18|22|0.00
7007010|brandbrand #10|17|12|0.00
7007010|brandbrand #10|19|43|0.00
7009001|maxibrand #1|17|2|0.00
7011001|amalgnameless #1|8|47|0.00
7013002|exportinameless #2|18|7|0.00
8008003|namelessnameless #3|17|39|0.00
8009003|maxinameless #3|19|48|0.00
8010006|univmaxi #6|18|56|0.00
8011007|amalgmaxi #7|9|40|0.00
8012005|importomaxi #5|9|25|0.00
8014005|edu packmaxi #5|18|41|0.00
8015006|scholarmaxi #6|18|8|0.00
9001011|amalgmaxi #11|8|55|0.00
9003008|exportimaxi #8|17|57|0.00
9005009|scholarmaxi #9|17|30|0.00
9006009|corpmaxi #9|17|20|0.00
9007011|brandmaxi #11|19|34|0.00
9008002|namelessmaxi #2|17|31|0.00
9011008|amalgunivamalg #8|19|9|0.00
9012011|importounivamalg #11|18|40|0.00
9012011|importounivamalg #11|19|22|0.00
9013008|exportiunivamalg #8|6|39|0.00
9013009|exportiunivamalg #9|17|55|0.00
9014011|edu packunivamalg #11|17|14|0.00
9015002|scholarunivamalg #2|9|49|0.00
9015003|scholarunivamalg #3|9|3|0.00
10001017|amalgunivamalg #17|17|47|0.00
10001017|amalgunivamalg #17|19|19|0.00
10004015|edu packunivamalg #15|18|20|0.00
10006002|corpunivamalg #2|9|25|0.00
10006013|corpunivamalg #13|17|1|0.00
10010006|univamalgamalg #6|17|34|0.00
10012010|importoamalgamalg #10|8|23|0.00
10013002|exportiamalgamalg #2|9|45|0.00
10014016|edu packamalgamalg #16|7|59|0.00
10015009|scholaramalgamalg #9|6|6|0.00
