# header l,s
object,polygon
252055,"POLYGON ((30116.589519650654 16139.305312954875, 30115.125053556585 16135.769779048942, 30111.589519650654 16134.305312954875, 30108.053985744722 16135.769779048942, 30106.589519650654 16139.305312954875, 30108.053985744722 16142.840846860809, 30111.589519650654 16144.305312954875, 30115.125053556585 16142.840846860809, 30116.589519650654 16139.305312954875))"
