//===----------------------------------------------------------------------===//
//                         DuckDB
//
// tz_data.cpp
//
// This file is generated by scripts/generate_tz_data.py - do not edit.
// Source: Unicode Consortium time zone dataset (IANA release 2026e)
//===----------------------------------------------------------------------===//

#include "tz_data.hpp"

namespace duckdb {
namespace datetime {

// The zones, their identifiers, the recurring rules and the Windows names are all
// held in one block that is compressed with zstd, and decompressed the first time
// any of them is needed. Compressing them together is a good deal smaller than
// compressing them apart, and there is nothing to be gained from decompressing a
// zone on its own, because the block is kept once it has been decompressed.

const uint8_t TZ_COMPRESSED[] = {
    0x28, 0xB5, 0x2F, 0xFD, 0xA4, 0xF5, 0x32, 0x03, 0x00, 0x04, 0x04, 0x03, 0x7E, 0x0F, 0xC4, 0xC7, 0x0F, 0x31, 0x10, 0x60, 0x1C, 0x01, 0x12, 0xC0,
    0x35, 0x5E, 0x7C, 0x8A, 0x00, 0x24, 0x22, 0x64, 0x27, 0x03, 0x26, 0xA0, 0x15, 0xDF, 0x2C, 0x7C, 0x9A, 0xFF, 0xDE, 0xBC, 0xAC, 0x64, 0x51, 0xF0,
    0xB9, 0x19, 0x8C, 0x44, 0x23, 0x80, 0x86, 0x52, 0xB3, 0x15, 0xD1, 0x3B, 0x92, 0xF5, 0x09, 0x0A, 0xFA, 0xBF, 0x0F, 0xC1, 0x0F, 0xBC, 0x0F, 0xAB,
    0x0F, 0x8B, 0xA3, 0xB1, 0xFF, 0x4B, 0x2C, 0x49, 0x95, 0x30, 0xD6, 0x09, 0x3F, 0xAC, 0x65, 0xE7, 0x8B, 0x37, 0x85, 0x51, 0x02, 0x2F, 0x9C, 0xBA,
    0x1C, 0x0D, 0xDF, 0xCB, 0x37, 0xE0, 0x3A, 0x72, 0x17, 0xB8, 0x39, 0xC7, 0x7B, 0xD9, 0xFC, 0x45, 0xDF, 0xF8, 0x9B, 0x4F, 0x6A, 0xF6, 0x54, 0x5A,
    0x72, 0x26, 0x53, 0x30, 0x41, 0x52, 0x4F, 0xA2, 0xF8, 0xE6, 0xBF, 0x97, 0x7A, 0x27, 0x78, 0xDB, 0x8F, 0xC1, 0x41, 0xFC, 0x9E, 0x10, 0xA2, 0x67,
    0x16, 0x4B, 0xBE, 0xEB, 0xBD, 0xF4, 0x45, 0x45, 0x29, 0x90, 0xD6, 0xB2, 0x1A, 0x56, 0xDC, 0xD6, 0xB4, 0xB1, 0x3C, 0x66, 0xDA, 0xC4, 0x56, 0x40,
    0x93, 0xEA, 0x22, 0x1F, 0xB5, 0x26, 0x5E, 0x5B, 0x53, 0x5F, 0x69, 0x97, 0xB0, 0x46, 0x7F, 0xED, 0x29, 0x3C, 0x84, 0xE9, 0x37, 0xD8, 0xEE, 0x14,
    0xFB, 0x90, 0xBB, 0xDC, 0x70, 0xA7, 0xA1, 0xA2, 0x0E, 0x72, 0x58, 0x03, 0x10, 0x24, 0xF3, 0x56, 0xCA, 0xE6, 0xCC, 0x55, 0x90, 0xD4, 0x02, 0xAE,
    0xD4, 0x7D, 0x2F, 0x07, 0xF8, 0x3D, 0xB0, 0xC6, 0x0C, 0x78, 0xDF, 0x2C, 0x24, 0x6F, 0x08, 0xDA, 0x41, 0x6D, 0xCC, 0x30, 0x16, 0x94, 0x82, 0xA0,
    0x9B, 0xA8, 0x22, 0x24, 0x78, 0xC1, 0x13, 0x7A, 0x50, 0xE7, 0x7D, 0x4E, 0x5E, 0x91, 0x07, 0xF4, 0x1D, 0x4D, 0x75, 0xA7, 0x4C, 0xE6, 0x22, 0xE4,
    0x0B, 0xE4, 0xDD, 0x09, 0x90, 0x59, 0xD0, 0x46, 0x7D, 0xA9, 0x3B, 0x40, 0x88, 0x9C, 0xAA, 0x7A, 0x44, 0xF5, 0x8B, 0x68, 0xF5, 0x8A, 0xDA, 0x86,
    0x46, 0x40, 0x3D, 0x60, 0x71, 0x69, 0x69, 0x69, 0x62, 0x1B, 0xE9, 0x97, 0x00, 0xFF, 0x99, 0x9F, 0x59, 0x8E, 0xA1, 0x63, 0x0D, 0xA3, 0xB4, 0x90,
    0xFD, 0x9B, 0x31, 0x8C, 0xE0, 0xE0, 0x18, 0x38, 0x4D, 0x79, 0x5F, 0x0A, 0xE7, 0xF8, 0xB5, 0xB2, 0x33, 0xB7, 0x8E, 0x01, 0xE5, 0xA4, 0x67, 0x77,
    0x00, 0x32, 0xAD, 0x89, 0x50, 0x05, 0x13, 0x2A, 0x9E, 0x2F, 0x61, 0x1E, 0x1A, 0x70, 0xA2, 0xA6, 0x24, 0x4B, 0x44, 0x69, 0xA6, 0x03, 0x12, 0x30,
    0x12, 0x24, 0x03, 0xE5, 0x02, 0x3B, 0x45, 0x8E, 0xC4, 0x80, 0x18, 0x45, 0xCD, 0x16, 0x59, 0x10, 0xFD, 0x04, 0xD6, 0x82, 0x07, 0x9C, 0x68, 0xA4,
    0x41, 0x08, 0x8D, 0x89, 0x0C, 0x47, 0x87, 0x1C, 0x9D, 0x08, 0x11, 0x79, 0x12, 0x74, 0x1A, 0x03, 0x44, 0x2B, 0xF3, 0x13, 0xA5, 0x40, 0xF9, 0x47,
    0x8C, 0xE4, 0x23, 0x33, 0xD3, 0x43, 0xA0, 0x2B, 0x17, 0xA0, 0x94, 0xC4, 0xA3, 0x40, 0x69, 0x27, 0xCC, 0x2B, 0x80, 0xDB, 0x97, 0x4E, 0x05, 0xBA,
    0x1C, 0x11, 0x13, 0x00, 0xF8, 0xA1, 0x18, 0xDB, 0x48, 0x81, 0xC3, 0x43, 0xBF, 0x11, 0x62, 0x68, 0x63, 0x4E, 0x51, 0xD3, 0x9A, 0xF9, 0x69, 0x78,
    0xC3, 0x99, 0x5E, 0x87, 0x0C, 0xA3, 0xA3, 0xCC, 0xD8, 0x0C, 0xF3, 0x48, 0x04, 0x53, 0xCB, 0xBE, 0x90, 0xAD, 0xB8, 0xD8, 0xBF, 0x2D, 0x73, 0x3E,
    0x65, 0x16, 0x0E, 0x3F, 0xB9, 0x38, 0x44, 0xB8, 0x0F, 0xF8, 0xD7, 0x00, 0x0A, 0x5E, 0x0C, 0x02, 0xA6, 0x54, 0x70, 0xE5, 0x73, 0xC1, 0x2F, 0xAB,
    0x03, 0x2B, 0x4C, 0xDA, 0x7C, 0x79, 0x3F, 0x8C, 0x4F, 0xE7, 0x7A, 0x7E, 0xA8, 0x5F, 0xCD, 0xA2, 0x17, 0x19, 0x6D, 0x78, 0xA3, 0x8A, 0xCE, 0x67,
    0xA0, 0xB0, 0x72, 0xA7, 0x4C, 0x98, 0x08, 0xA6, 0xB7, 0xFC, 0x98, 0x73, 0x94, 0xFF, 0x9B, 0x90, 0x3D, 0x38, 0x78, 0xC8, 0x9D, 0x1F, 0xD9, 0x80,
    0x78, 0xC0, 0xB9, 0x46, 0xDB, 0x1A, 0xEE, 0x49, 0x37, 0x11, 0x42, 0xA2, 0x4B, 0xA6, 0x8C, 0x51, 0xAF, 0xEE, 0x21, 0xC8, 0xB1, 0xFB, 0x96, 0x59,
    0xC9, 0x3E, 0x48, 0x6E, 0xB1, 0x07, 0x20, 0xF3, 0x78, 0xD9, 0x79, 0xF3, 0x02, 0x32, 0x93, 0xB9, 0x43, 0x0D, 0x1B, 0x73, 0x56, 0xBD, 0x48, 0xBE,
    0xAD, 0x8B, 0xC8, 0x76, 0x35, 0x14, 0xF3, 0x6D, 0x0C, 0xD9, 0x92, 0x8C, 0xA2, 0xD6, 0x22, 0x9B, 0xED, 0x0E, 0x7A, 0x13, 0xFC, 0x00, 0x98, 0x18,
    0x46, 0x1F, 0x53, 0x3D, 0x73, 0x1C, 0x6E, 0x21, 0x67, 0x98, 0x08, 0xAF, 0xBF, 0x1D, 0x74, 0x58, 0x11, 0xFD, 0xBB, 0x7D, 0x03, 0xCD, 0xBD, 0x49,
    0x36, 0xF0, 0x3E, 0xCA, 0xF2, 0xB2, 0xB8, 0xD8, 0x3D, 0xFD, 0x6D, 0xDB, 0x2D, 0xF2, 0x31, 0xA5, 0x09, 0x92, 0x29, 0x5B, 0xA0, 0x52, 0x64, 0xAE,
    0x44, 0x91, 0x60, 0xAB, 0x6B, 0x00, 0xA8, 0xDF, 0x73, 0xE1, 0xA1, 0x88, 0x29, 0xC8, 0xBD, 0xD1, 0x04, 0xD7, 0x82, 0x83, 0xDB, 0x4A, 0x98, 0x27,
    0x2C, 0x3E, 0xB0, 0x3A, 0x79, 0x3D, 0x6A, 0x62, 0xE8, 0xC6, 0xC4, 0xCA, 0x96, 0x2D, 0x91, 0x10, 0xB6, 0x40, 0x73, 0xF7, 0xAC, 0x0C, 0x25, 0x4F,
    0x5C, 0xB5, 0x61, 0xC8, 0x24, 0x69, 0x11, 0x68, 0x07, 0x98, 0xCE, 0x76, 0xC8, 0xF9, 0x2C, 0x28, 0x6D, 0x48, 0x02, 0x09, 0x65, 0xDB, 0x4E, 0x63,
    0x1F, 0x2D, 0x61, 0xF1, 0xFA, 0xD7, 0x53, 0x57, 0xDE, 0xD5, 0xC6, 0x4D, 0x6B, 0x13, 0x4C, 0x56, 0x21, 0x4C, 0xAC, 0x32, 0xB0, 0xAB, 0xAD, 0x62,
    0xAB, 0x4A, 0xBE, 0xF7, 0x69, 0x27, 0x07, 0x5B, 0x94, 0x4C, 0x20, 0xB4, 0xBC, 0xD9, 0x66, 0x64, 0xD6, 0x03, 0xA8, 0xA2, 0x22, 0x68, 0x18, 0xD0,
    0xD3, 0x93, 0xD3, 0x73, 0x40, 0x23, 0x6F, 0x9B, 0x84, 0x93, 0x2A, 0xC6, 0x66, 0x4C, 0xB8, 0x48, 0x9B, 0xA3, 0x66, 0x12, 0x11, 0x2B, 0x11, 0xBC,
    0x52, 0x33, 0x16, 0x4B, 0x66, 0x0D, 0x5C, 0x4C, 0xB9, 0x01, 0x97, 0x42, 0x68, 0x2C, 0x4D, 0x60, 0x55, 0xB6, 0x2A, 0xDD, 0x43, 0x0A, 0x21, 0x08,
    0xE9, 0x6B, 0x28, 0x33, 0x49, 0x50, 0x8E, 0x0D, 0x4C, 0x22, 0xB1, 0xD1, 0x36, 0x59, 0x83, 0x45, 0xEE, 0xE6, 0x45, 0xDA, 0x75, 0x90, 0x3C, 0x37,
    0x1E, 0xF1, 0x3D, 0xDE, 0x51, 0x8A, 0x72, 0xEF, 0xA3, 0xD0, 0xC8, 0xB6, 0x0A, 0x44, 0x91, 0x8F, 0x11, 0xC4, 0x94, 0x1F, 0x9E, 0x88, 0x3E, 0x68,
    0xE4, 0xB0, 0xF6, 0xB0, 0xD5, 0xE4, 0xC1, 0xB8, 0xCB, 0x03, 0x86, 0x57, 0x24, 0x0D, 0xA0, 0x88, 0x04, 0x7C, 0xE7, 0x3E, 0xED, 0xB8, 0x9A, 0x45,
    0xBC, 0xB1, 0x0F, 0xE3, 0x82, 0x75, 0x1C, 0xD0, 0xD0, 0x66, 0x68, 0x42, 0x48, 0xEF, 0x42, 0x63, 0x2D, 0x2C, 0x64, 0xC0, 0xC7, 0x88, 0x6B, 0xDD,
    0xE7, 0xFE, 0xFF, 0x7F, 0x77, 0x77, 0x42, 0xFF, 0x66, 0x0C, 0x13, 0xF3, 0x09, 0x14, 0xA0, 0xBE, 0xB2, 0x75, 0xE4, 0x82, 0xEF, 0x1C, 0x35, 0x1B,
    0x00, 0x08, 0xDA, 0xF1, 0x9D, 0x06, 0x1C, 0x1A, 0x9F, 0x17, 0xFC, 0xBB, 0xF9, 0x51, 0xCE, 0x13, 0x2C, 0xDC, 0xA5, 0x38, 0x12, 0x49, 0xF3, 0xCA,
    0x46, 0x57, 0x09, 0x88, 0x0A, 0xA2, 0xE0, 0x93, 0x84, 0x9E, 0x03, 0xC9, 0x3C, 0x26, 0xE0, 0xFC, 0xFF, 0x59, 0x5A, 0x58, 0x7C, 0xE8, 0xC1, 0xC1,
    0x39, 0x24, 0xC4, 0xD1, 0x11, 0xC2, 0xD4, 0xE6, 0xF4, 0xAE, 0xFA, 0xBB, 0x42, 0x07, 0x39, 0x19, 0x04, 0xE2, 0xFC, 0xCA, 0x10, 0x24, 0xC9, 0x70,
    0x3C, 0x80, 0xFC, 0x07, 0xAA, 0x71, 0x6F, 0x66, 0x40, 0x37, 0x2A, 0x79, 0x6D, 0x7C, 0x63, 0xDB, 0xCE, 0x0D, 0xDC, 0xC1, 0x1F, 0x65, 0x63, 0x2A,
    0xB1, 0x46, 0x3F, 0x51, 0x23, 0xC3, 0xD1, 0x20, 0x4B, 0x26, 0x0D, 0x83, 0x10, 0xB4, 0x39, 0x24, 0xFB, 0xEF, 0xC8, 0x19, 0x1E, 0x8D, 0xD9, 0x0F,
    0x2A, 0x65, 0x35, 0x94, 0x3E, 0xD9, 0xA8, 0x4E, 0x3F, 0x46, 0xB9, 0x26, 0x56, 0xEB, 0x12, 0xC6, 0xEA, 0x21, 0xAC, 0xA5, 0x28, 0xE7, 0x05, 0x1C,
    0x1B, 0x65, 0x79, 0xE1, 0xDC, 0x95, 0xE5, 0xF2, 0xC0, 0x72, 0x89, 0x7C, 0x2F, 0xE3, 0xC8, 0x49, 0xCB, 0x26, 0x3E, 0x8C, 0xDB, 0x72, 0x8E, 0x3F,
    0x53, 0x9E, 0x34, 0xFD, 0x54, 0x72, 0xCA, 0xAD, 0xBF, 0x66, 0x0C, 0x54, 0xE5, 0x1B, 0x18, 0xBB, 0xE6, 0x60, 0xE3, 0x34, 0xDE, 0xBC, 0x6E, 0xCC,
    0x93, 0xEF, 0x8D, 0x43, 0x9D, 0x70, 0xA0, 0xBC, 0xC2, 0xD7, 0x53, 0xD6, 0x48, 0x05, 0xC9, 0xB2, 0x9A, 0xAC, 0x63, 0xBB, 0x1B, 0x75, 0x97, 0x76,
    0x4C, 0x32, 0xC1, 0x5D, 0xFE, 0x7F, 0xAD, 0x3D, 0x0B, 0x0B, 0xA4, 0xCD, 0x6E, 0x80, 0xED, 0x4E, 0x5E, 0x89, 0x07, 0x74, 0x1A, 0x4D, 0x75, 0x9B,
    0x4C, 0x66, 0xC9, 0xFA, 0xC2, 0x93, 0xEE, 0xC4, 0x66, 0x17, 0x6C, 0x71, 0x99, 0x04, 0x69, 0x00, 0xCE, 0x85, 0x20, 0xAB, 0xCF, 0x02, 0xDA, 0xDB,
    0xB8, 0xEE, 0x76, 0x62, 0x1A, 0x72, 0x30, 0x8D, 0x09, 0x3D, 0xB9, 0x74, 0x44, 0x92, 0x12, 0x14, 0xD4, 0x44, 0xC0, 0x42, 0x9D, 0x73, 0x33, 0x70,
    0xCB, 0xE9, 0xD6, 0x72, 0x22, 0xC0, 0xE2, 0x40, 0xA4, 0x42, 0xB0, 0x51, 0x07, 0x37, 0x23, 0xCA, 0x03, 0x21, 0x7B, 0xE6, 0xB7, 0x20, 0x63, 0xB7,
    0x33, 0x85, 0xB6, 0x23, 0x07, 0x1C, 0xF4, 0x7C, 0x6C, 0x55, 0xC8, 0x76, 0xB6, 0x31, 0xE2, 0xDA, 0x4D, 0xAD, 0x56, 0x6B, 0x36, 0x38, 0x60, 0x96,
    0x66, 0xF3, 0x68, 0x66, 0x18, 0x6C, 0x1C, 0x98, 0x7C, 0x96, 0x07, 0x9B, 0xF5, 0xCD, 0x96, 0x19, 0x0A, 0x91, 0x29, 0x06, 0x8F, 0x11, 0x61, 0x50,
    0xBB, 0x06, 0x9A, 0x7D, 0x77, 0xF3, 0x0F, 0xA9, 0x19, 0xDF, 0x11, 0x3C, 0x92, 0x75, 0x5E, 0xEC, 0x68, 0x67, 0x72, 0x82, 0x1F, 0x3B, 0x87, 0x5C,
    0xF2, 0x88, 0xFA, 0x8D, 0x91, 0x0C, 0xA3, 0x46, 0xCD, 0xA1, 0x6C, 0x6E, 0x9C, 0xAC, 0x33, 0x51, 0xC9, 0x86, 0x8D, 0xFB, 0xEA, 0xA4, 0x99, 0xC8,
    0x68, 0xAA, 0x79, 0xF6, 0xC9, 0xCE, 0x13, 0xC5, 0xCC, 0x5B, 0x5A, 0x4F, 0x8D, 0xCD, 0x38, 0x8F, 0xBB, 0x83, 0x03, 0x66, 0x29, 0x0A, 0xB5, 0x86,
    0x1C, 0xF2, 0x59, 0xEE, 0xFE, 0x27, 0x6B, 0xC6, 0x6B, 0x98, 0x7C, 0xF8, 0x20, 0x0B, 0x91, 0xA9, 0x4B, 0x2F, 0xCD, 0x60, 0xFB, 0xAE, 0x8E, 0xFA,
    0x25, 0x93, 0xAC, 0x61, 0xCF, 0x62, 0x40, 0x86, 0x62, 0x50, 0x73, 0xB5, 0x91, 0x1B, 0xC0, 0xEC, 0x73, 0xA8, 0x64, 0x1C, 0xC5, 0x9E, 0x17, 0x9A,
    0x61, 0x9C, 0xD5, 0x85, 0x18, 0xC8, 0x40, 0x80, 0x80, 0x30, 0xA9, 0x7E, 0x44, 0x99, 0xF8, 0xBC, 0x42, 0xF6, 0x38, 0x91, 0x20, 0xC0, 0x37, 0x27,
    0xCB, 0x38, 0xED, 0x3E, 0x64, 0x66, 0xA4, 0xDF, 0x9A, 0xCA, 0xC7, 0xEB, 0x73, 0x5F, 0x13, 0xA4, 0xDB, 0xDA, 0xEF, 0x6E, 0xF3, 0x1B, 0x82, 0x3D,
    0x46, 0x13, 0x1E, 0x70, 0x5D, 0xE3, 0xD8, 0x4B, 0x43, 0xC3, 0xC8, 0x4C, 0xE9, 0xDD, 0x6F, 0xBF, 0xBB, 0x92, 0x29, 0x05, 0x50, 0x29, 0xDB, 0xF1,
    0x0A, 0x31, 0x5B, 0x61, 0xF5, 0x61, 0xC9, 0xA1, 0xA6, 0x88, 0x58, 0xFF, 0x8B, 0x8A, 0x99, 0xB6, 0x85, 0x41, 0x42, 0x81, 0xE9, 0x82, 0x20, 0xA3,
    0xA6, 0xED, 0x31, 0x7E, 0xF5, 0x2F, 0xA0, 0x2B, 0x3B, 0x22, 0x33, 0x37, 0xB3, 0x58, 0x6A, 0xF2, 0x90, 0xC2, 0xDD, 0xD1, 0x52, 0xF3, 0x47, 0x6A,
    0x66, 0x10, 0x9D, 0xD5, 0xFF, 0x87, 0xDF, 0x2B, 0x33, 0x2F, 0x8B, 0xED, 0x8A, 0xBC, 0xEB, 0xCC, 0x92, 0xC1, 0x76, 0x5F, 0x3B, 0xF3, 0x68, 0x11,
    0x1F, 0x28, 0xF2, 0x63, 0x8B, 0x55, 0x0B, 0x11, 0xDD, 0xBA, 0x40, 0x81, 0x51, 0xC9, 0x9D, 0xE9, 0xEA, 0xB7, 0xB8, 0xB0, 0x88, 0x01, 0x3F, 0xD7,
    0x67, 0x52, 0x2E, 0x0B, 0xDA, 0xD7, 0xDD, 0x80, 0x03, 0x33, 0x10, 0xCA, 0x2F, 0xFE, 0x0C, 0xBE, 0x38, 0xFC, 0xF9, 0xEB, 0xFE, 0x56, 0x30, 0xB9,
    0x4A, 0x2C, 0xF7, 0xB5, 0x7E, 0x96, 0xA6, 0x1A, 0x59, 0x95, 0xC6, 0x4C, 0xAE, 0xD4, 0xAD, 0x83, 0xC9, 0x8D, 0x4C, 0x6F, 0x9F, 0xFC, 0xC5, 0xFF,
    0x66, 0xEC, 0x69, 0x2E, 0x12, 0x0C, 0x0A, 0x15, 0x66, 0x39, 0x07, 0xE6, 0xAB, 0xE3, 0x0B, 0xD6, 0xC4, 0x57, 0x08, 0x99, 0x3D, 0xD3, 0xC0, 0xBE,
    0x64, 0xC3, 0x81, 0x01, 0x1E, 0x55, 0x69, 0x5F, 0xA0, 0xF4, 0x75, 0x91, 0xCE, 0x6D, 0x48, 0x03, 0x70, 0x7A, 0x10, 0x47, 0x53, 0x51, 0x8C, 0xC6,
    0x82, 0x45, 0x82, 0x92, 0x7B, 0x8C, 0xD1, 0x06, 0x98, 0x43, 0xB1, 0xE0, 0x3F, 0x28, 0xE0, 0xC1, 0xA8, 0x2B, 0x3F, 0xD2, 0x7E, 0x2D, 0x1B, 0x58,
    0x29, 0x12, 0xE5, 0x8B, 0x2A, 0xD5, 0x3B, 0x25, 0x04, 0xAF, 0x27, 0x2A, 0xAF, 0xCE, 0xD6, 0xEE, 0x92, 0xC2, 0xDD, 0xA7, 0x31, 0x99, 0x8A, 0x0B,
    0x86, 0x29, 0x85, 0xBB, 0x53, 0xAC, 0x62, 0x52, 0xB7, 0xE8, 0x50, 0x95, 0xA2, 0x48, 0x77, 0x5C, 0xD2, 0xB2, 0x60, 0x23, 0xB9, 0x7C, 0x46, 0xCA,
    0x0C, 0x3F, 0x4F, 0x08, 0x7A, 0xF2, 0x8D, 0x9E, 0x59, 0x53, 0x9C, 0xC0, 0x06, 0x38, 0xEF, 0x96, 0xCD, 0xA0, 0xDD, 0x22, 0x7A, 0x67, 0x4D, 0x06,
    0x45, 0x88, 0xE4, 0xC8, 0x61, 0x7E, 0x83, 0x91, 0x59, 0xD9, 0x83, 0x89, 0x37, 0x73, 0xD9, 0x5A, 0x6B, 0x39, 0xE3, 0x48, 0x25, 0xAF, 0xE3, 0x10,
    0xC9, 0xC3, 0x21, 0x02, 0x4A, 0x98, 0x53, 0x71, 0xCA, 0x21, 0x18, 0x41, 0x7E, 0x40, 0xF7, 0x49, 0x12, 0x69, 0x64, 0x1D, 0x81, 0x30, 0xEA, 0x0E,
    0x83, 0x8B, 0x64, 0xDF, 0x4A, 0x35, 0x38, 0xF8, 0xF4, 0x8C, 0x46, 0x2B, 0xB0, 0x53, 0x4C, 0xB8, 0x32, 0xEB, 0xAD, 0x36, 0x01, 0xAB, 0x36, 0xDC,
    0x30, 0xF8, 0x0C, 0x5E, 0x00, 0x83, 0x49, 0x01, 0x92, 0x24, 0x54, 0x94, 0x2A, 0xA6, 0x76, 0x3B, 0xA5, 0x4A, 0x29, 0x48, 0xD1, 0x44, 0x50, 0xBC,
    0x44, 0xA0, 0xA8, 0xD4, 0x12, 0xBC, 0x58, 0x78, 0x72, 0x40, 0x23, 0x10, 0x2A, 0xAB, 0x73, 0x11, 0x47, 0xA9, 0x9E, 0xF4, 0x54, 0x94, 0x22, 0x5A,
    0x9C, 0x6E, 0x1B, 0xEF, 0x34, 0x9F, 0x7A, 0x85, 0x3A, 0x41, 0xA9, 0xAE, 0x47, 0xE1, 0x1D, 0x11, 0x02, 0x7D, 0xF1, 0xDB, 0xA2, 0x84, 0x95, 0xDB,
    0x17, 0xDF, 0x45, 0x5E, 0xDF, 0x99, 0x53, 0x5E, 0x4F, 0x4E, 0x5E, 0x34, 0xA6, 0x2A, 0x37, 0x43, 0xFA, 0xAE, 0x99, 0x8E, 0x8A, 0x4B, 0xDC, 0x14,
    0x1A, 0xC1, 0xBC, 0x5A, 0x02, 0x24, 0xB1, 0x37, 0x64, 0x71, 0xC8, 0xC6, 0x5A, 0xD9, 0x81, 0x15, 0xE2, 0x06, 0xEB, 0x33, 0xBB, 0x3F, 0xF1, 0x75,
    0xA5, 0x02, 0x32, 0x44, 0xF6, 0x8E, 0x16, 0xA2, 0x0B, 0x45, 0x79, 0x85, 0xAC, 0x53, 0xE2, 0x84, 0xF1, 0x77, 0x75, 0x02, 0x31, 0x86, 0x5F, 0xF5,
    0x5B, 0xF0, 0x36, 0x79, 0x6B, 0xD0, 0xB3, 0x35, 0x09, 0x1D, 0xC8, 0x6E, 0x43, 0x17, 0xDD, 0x83, 0xE8, 0x4E, 0x76, 0x1C, 0x74, 0xCC, 0x2E, 0x84,
    0x2E, 0xB0, 0x1F, 0xA1, 0x67, 0x6A, 0x2B, 0x54, 0xE8, 0xA4, 0x5A, 0x87, 0xF6, 0xAA, 0x9F, 0x76, 0x75, 0xBA, 0x3A, 0x80, 0x8E, 0xA2, 0x7E, 0xD2,
    0xF5, 0xDA, 0xD6, 0x53, 0xEC, 0x1A, 0x74, 0xC3, 0xFD, 0x4F, 0xCF, 0xDC, 0x71, 0x3A, 0x76, 0x7F, 0x41, 0x03, 0x5B, 0xD9, 0x7F, 0xD0, 0x48, 0x6A,
    0x23, 0x74, 0xD4, 0x95, 0x9A, 0x09, 0x0D, 0x54, 0x87, 0xEA, 0x0A, 0xEA, 0x26, 0xFA, 0xCB, 0x0E, 0xA3, 0x1B, 0xED, 0x47, 0xBA, 0xD6, 0x8E, 0xB6,
    0x43, 0x91, 0x37, 0xEC, 0x69, 0xE4, 0x06, 0x35, 0x4E, 0xE6, 0x50, 0xBF, 0x20, 0xC3, 0xA8, 0x7F, 0x90, 0x19, 0x6B, 0x23, 0xE4, 0xD0, 0x9A, 0xD1,
    0xDC, 0xA4, 0x0E, 0x35, 0x8B, 0xEE, 0xAF, 0x64, 0x27, 0xBB, 0x9C, 0x39, 0x66, 0x3F, 0x32, 0x17, 0xD8, 0xB7, 0xCC, 0x5C, 0x3B, 0x12, 0x39, 0xA9,
    0xEE, 0x22, 0x7B, 0xD5, 0x12, 0xC8, 0x5A, 0xB5, 0x94, 0x39, 0x0B, 0xEC, 0x04, 0xEE, 0xD2, 0x22, 0xCE, 0xF0, 0xED, 0xCF, 0xE0, 0xFF, 0x9B, 0xF1,
    0x04, 0x3B, 0x38, 0xF8, 0x2D, 0xC2, 0xFF, 0x3E, 0x68, 0xBF, 0x9A, 0x12, 0x6B, 0x29, 0x50, 0xBA, 0xB8, 0xFC, 0x76, 0x4B, 0x33, 0x9D, 0xE2, 0xEE,
    0x6A, 0xDE, 0xE3, 0xDC, 0xB1, 0x70, 0xF0, 0xB8, 0x2A, 0x5B, 0x55, 0x7A, 0x56, 0xED, 0x0C, 0x5E, 0x95, 0x2C, 0xF0, 0xEC, 0x51, 0xF0, 0xCB, 0x42,
    0x65, 0x2B, 0x45, 0x15, 0x34, 0xA0, 0x9E, 0x82, 0x51, 0x93, 0x4A, 0xD0, 0x12, 0x85, 0xD4, 0x01, 0xAA, 0x01, 0x81, 0x04, 0x5F, 0xE5, 0x27, 0x0F,
    0x64, 0x04, 0x76, 0x40, 0xC8, 0x75, 0x8C, 0x38, 0x27, 0x3D, 0xC0, 0x03, 0x90, 0x79, 0x4D, 0x84, 0x8D, 0x4C, 0xA8, 0x37, 0xF6, 0x25, 0xCC, 0x51,
    0x03, 0x4E, 0xF4, 0x94, 0x64, 0x9F, 0x28, 0xCD, 0x0C, 0x22, 0x05, 0xCB, 0x98, 0x91, 0x0C, 0x0C, 0x29, 0xB0, 0x83, 0x7B, 0x24, 0xC6, 0x6A, 0x24,
    0x45, 0x53, 0x64, 0x61, 0xB7, 0x26, 0xC0, 0xA6, 0x34, 0xE0, 0x44, 0x2B, 0x0D, 0xE2, 0x8B, 0x4C, 0x64, 0x58, 0x65, 0xE8, 0x31, 0x80, 0x90, 0xE6,
    0x4E, 0xD0, 0xE9, 0x13, 0x10, 0x6D, 0x82, 0x3D, 0x8A, 0xFD, 0x23, 0x96, 0xF3, 0x91, 0xD1, 0xEA, 0x21, 0x50, 0xC2, 0x2C, 0x40, 0xE9, 0xE6, 0x51,
    0x30, 0xB7, 0x13, 0xA6, 0x17, 0xC0, 0xCD, 0x84, 0x4E, 0x85, 0xC1, 0x1C, 0x11, 0x39, 0x00, 0xF8, 0x0D, 0x19, 0xDB, 0xA8, 0xC4, 0xE1, 0xC1, 0x7A,
    0x23, 0xA4, 0xD5, 0xC6, 0x5C, 0x59, 0xD3, 0x5A, 0x85, 0x4C, 0xC3, 0xB7, 0xCE, 0xF4, 0xAE, 0x32, 0x8C, 0x4D, 0x6C, 0x99, 0x31, 0x2F, 0x8C, 0x8B,
    0x0C, 0x30, 0x08, 0x78, 0x5E, 0xB2, 0x12, 0xB8, 0xA0, 0x41, 0xB5, 0xCC, 0xA1, 0x9D, 0x59, 0x38, 0xA4, 0x99, 0xC5, 0x78, 0x51, 0x76, 0x78, 0x85,
    0x14, 0xF9, 0xD7, 0x68, 0x10, 0xBC, 0xA8, 0x06, 0x4C, 0xC9, 0xC1, 0x3E, 0x9D, 0xB3, 0xC9, 0xA1, 0x7E, 0x5C, 0xE7, 0x12, 0x7D, 0x6F, 0x71, 0x58,
    0x9A, 0x57, 0x4C, 0xFF, 0xFF, 0x3A, 0xFF, 0xC3, 0xB0, 0x06, 0x07, 0x7B, 0xB8, 0xD3, 0xFE, 0xFF, 0x2D, 0x2C, 0xE3, 0x98, 0xDC, 0xBA, 0xDB, 0xCD,
    0x87, 0x5A, 0x1B, 0x8F, 0xE5, 0x20, 0xB4, 0x83, 0x83, 0x0F, 0x61, 0xED, 0x49, 0x79, 0x8D, 0x26, 0xA1, 0x46, 0x03, 0xA4, 0x01, 0xD9, 0x46, 0x1A,
    0x01, 0x40, 0xB4, 0x3B, 0xC8, 0xD7, 0x6A, 0x3C, 0x0B, 0x71, 0xC3, 0x2C, 0xC2, 0x28, 0x8A, 0x27, 0x63, 0x41, 0x56, 0xC5, 0x0E, 0x65, 0xC2, 0x8E,
    0x4C, 0x01, 0x2B, 0x82, 0xF4, 0xC5, 0x9B, 0xE3, 0xE5, 0x4A, 0xE3, 0x75, 0xB3, 0xCB, 0xE5, 0xAB, 0xC4, 0xE5, 0x14, 0x60, 0xEB, 0xE7, 0x4B, 0xEB,
    0xEC, 0x29, 0x6B, 0xC1, 0x04, 0xF2, 0x06, 0x1B, 0xEB, 0x2D, 0xC5, 0x15, 0x0C, 0x0D, 0x56, 0x1C, 0xEA, 0xAA, 0x1A, 0xFF, 0x18, 0x00, 0xEE, 0x2D,
    0xE8, 0xDC, 0xA0, 0xC0, 0x51, 0x07, 0xD5, 0x12, 0x17, 0x53, 0xA6, 0xE6, 0xA9, 0x17, 0x1F, 0x51, 0xBA, 0xB2, 0x51, 0x05, 0x40, 0xA1, 0x00, 0xFC,
    0x96, 0x13, 0x78, 0xD9, 0x3E, 0x25, 0xF1, 0x08, 0xEC, 0x5C, 0xF2, 0x1A, 0x0C, 0xD8, 0xA9, 0x44, 0x93, 0x03, 0x15, 0x82, 0x9A, 0xFE, 0x3C, 0xEF,
    0x31, 0xBC, 0xA8, 0xBF, 0x30, 0x16, 0x22, 0xB9, 0x4B, 0xBE, 0x8A, 0x90, 0x78, 0xB9, 0x80, 0x76, 0x6D, 0x5D, 0x19, 0x73, 0x1D, 0xD9, 0x96, 0xB7,
    0xAA, 0x72, 0xAD, 0x3B, 0x1B, 0x17, 0xA4, 0xA0, 0x19, 0x23, 0x26, 0x9F, 0xA2, 0xAA, 0x24, 0x02, 0x87, 0x0B, 0xFA, 0x1F, 0xDC, 0xEF, 0x87, 0x8D,
    0x27, 0x92, 0x9E, 0xE7, 0xF6, 0x4B, 0xC2, 0x93, 0xEA, 0x88, 0xFA, 0xA2, 0xFB, 0x58, 0x93, 0xE7, 0x8F, 0xF2, 0x10, 0x50, 0x16, 0xB5, 0x1D, 0x1B,
    0x87, 0x32, 0x56, 0xE8, 0x8D, 0xD0, 0xAA, 0xF1, 0xAF, 0x04, 0x78, 0xC2, 0xBB, 0x73, 0xC1, 0x0A, 0xDE, 0xCD, 0x4B, 0x67, 0x0A, 0x81, 0xDF, 0xF3,
    0xA9, 0x7E, 0x10, 0x5D, 0x03, 0x97, 0x56, 0x21, 0x12, 0x4D, 0xAD, 0x35, 0xB7, 0x73, 0xD8, 0xF8, 0x50, 0x51, 0x16, 0x12, 0x70, 0x49, 0x3D, 0x99,
    0xE9, 0x16, 0x20, 0x07, 0x39, 0x3A, 0x9A, 0x32, 0x82, 0x12, 0xF7, 0x45, 0x5C, 0x2C, 0x04, 0xD2, 0x4A, 0x07, 0xCC, 0xE9, 0xD1, 0xB8, 0x18, 0x11,
    0x8A, 0xDC, 0xA1, 0x18, 0x34, 0xB8, 0x50, 0xA1, 0x80, 0xA0, 0xC8, 0x11, 0x40, 0x97, 0xB5, 0x3F, 0xA2, 0x8D, 0xFD, 0xAB, 0x9C, 0x13, 0x03, 0x02,
    0x7C, 0x97, 0x78, 0x01, 0x31, 0x55, 0x78, 0x02, 0xB5, 0x9E, 0x98, 0x75, 0xF6, 0x3C, 0x44, 0x95, 0x38, 0x61, 0xE1, 0xB6, 0x13, 0xF8, 0x59, 0xBC,
    0x53, 0xD9, 0x22, 0xC6, 0x3B, 0xB6, 0xD2, 0x71, 0x6C, 0x18, 0x85, 0x88, 0xD1, 0x17, 0xFF, 0x5F, 0x45, 0xC2, 0x8B, 0x0D, 0x67, 0xA0, 0xB2, 0xFC,
    0x16, 0xB6, 0xE2, 0x45, 0x1E, 0x57, 0x75, 0xA5, 0xFE, 0xFF, 0x07, 0x15, 0x90, 0xAD, 0xE3, 0x80, 0xE7, 0x74, 0x63, 0x31, 0x8D, 0x18, 0x26, 0x0C,
    0xE3, 0xD7, 0xFF, 0xC0, 0xA7, 0x7F, 0xCF, 0x17, 0xF0, 0x67, 0xBE, 0xCC, 0x87, 0x29, 0xF0, 0xA3, 0x28, 0x89, 0xC0, 0x9E, 0x28, 0x86, 0x11, 0xA9,
    0x44, 0x70, 0x19, 0x23, 0x3D, 0x79, 0xC7, 0x5C, 0xD7, 0xB6, 0x16, 0xC1, 0xA6, 0xBF, 0xBF, 0xE6, 0xBB, 0x50, 0x09, 0xA4, 0x52, 0x6B, 0xE4, 0x4D,
    0x83, 0x2E, 0x87, 0x61, 0x30, 0x1C, 0x2E, 0xF1, 0x97, 0xBE, 0xD2, 0x4F, 0xFA, 0x04, 0xBE, 0xD0, 0x0F, 0xFA, 0x00, 0x3E, 0x0E, 0x0B, 0x17, 0x5A,
    0xAA, 0x20, 0x64, 0xFE, 0xFF, 0x62, 0xF1, 0x0F, 0xFF, 0xA8, 0xFF, 0xF4, 0x0D, 0x7C, 0xA4, 0x7F, 0xF4, 0x8D, 0x7E, 0xD1, 0xF7, 0xF9, 0xE3, 0x5F,
    0x03, 0x13, 0xF3, 0x59, 0x9C, 0x0C, 0xD1, 0xA0, 0xE0, 0xCD, 0xE8, 0xB1, 0xF5, 0x67, 0xDF, 0x9F, 0xCF, 0x07, 0x6E, 0xFA, 0x67, 0x7E, 0xCB, 0x50,
    0xEE, 0xC6, 0x5B, 0xFB, 0x7F, 0x98, 0xE5, 0x1B, 0xA8, 0x11, 0x6F, 0x01, 0x3F, 0x54, 0x79, 0x17, 0xED, 0xA8, 0x77, 0x36, 0xCD, 0xC0, 0x9F, 0xC7,
    0x6C, 0xDD, 0x16, 0x3C, 0x6E, 0xA7, 0x1D, 0xB3, 0xA1, 0xA7, 0x26, 0xF0, 0x9C, 0xE4, 0xE2, 0x5E, 0x92, 0xB3, 0xC1, 0x7C, 0xDC, 0x62, 0x4B, 0x67,
    0x0A, 0xA0, 0xB7, 0x5D, 0xE2, 0x79, 0x85, 0xED, 0xCD, 0xE7, 0xC1, 0xE6, 0xE1, 0x72, 0xEF, 0xC0, 0x3A, 0x67, 0x32, 0xE1, 0x37, 0x6B, 0x6C, 0xFE,
    0x85, 0x9F, 0xED, 0xB3, 0xBF, 0x91, 0xCC, 0x6F, 0x70, 0xA6, 0xB5, 0x78, 0x22, 0xDA, 0x26, 0xDF, 0xBC, 0xD5, 0xED, 0xF9, 0xD6, 0xE3, 0x1F, 0xD8,
    0x9D, 0x4B, 0xF4, 0xF2, 0x23, 0xA0, 0x6C, 0x42, 0x01, 0xFC, 0xE4, 0xA1, 0x2B, 0xEC, 0xFF, 0xBF, 0x28, 0xFC, 0x9B, 0x3E, 0xD3, 0x1F, 0xDA, 0xE9,
    0xF9, 0x3F, 0xA5, 0x7A, 0x68, 0xA4, 0x2F, 0x34, 0x8C, 0x12, 0x6E, 0x10, 0x05, 0x82, 0xC2, 0xAB, 0x94, 0x42, 0x06, 0x12, 0x59, 0xE4, 0xCF, 0xF2,
    0x5F, 0x58, 0x74, 0x7B, 0x29, 0x3A, 0x8D, 0xE9, 0x5E, 0xB6, 0x04, 0xEB, 0xF9, 0xAA, 0xFF, 0xFF, 0x6F, 0x61, 0xB1, 0xD2, 0xF2, 0xD4, 0x21, 0x12,
    0x01, 0x84, 0xD6, 0x71, 0x4D, 0xC7, 0xE8, 0x74, 0x67, 0x79, 0x60, 0x2F, 0xB4, 0x49, 0xD0, 0x95, 0x09, 0xB1, 0xC9, 0x52, 0x24, 0xAF, 0x01, 0x4E,
    0x18, 0x25, 0x55, 0x9E, 0x24, 0x25, 0x47, 0x54, 0xA0, 0x90, 0x5C, 0xB6, 0xCA, 0x05, 0x6A, 0x7A, 0x8E, 0x82, 0x90, 0x8C, 0x98, 0xA4, 0x8A, 0xAA,
    0xBA, 0x08, 0x90, 0xA9, 0x0D, 0x80, 0x93, 0x40, 0x63, 0xE8, 0x40, 0x94, 0x77, 0x62, 0xFC, 0x57, 0x1E, 0x3F, 0xE2, 0x75, 0xEE, 0xE8, 0x37, 0x62,
    0xEF, 0x0B, 0xD0, 0xA8, 0x9F, 0x01, 0x51, 0x7C, 0xFA, 0x8C, 0xA0, 0x8A, 0xBD, 0xAD, 0x86, 0xDF, 0xC3, 0xA5, 0xD0, 0x50, 0xC3, 0x4D, 0xB8, 0xFA,
    0x01, 0xD7, 0x93, 0x92, 0xFC, 0x1F, 0x66, 0x94, 0x89, 0xE5, 0xFF, 0xFF, 0x79, 0x6B, 0x2D, 0x34, 0xD6, 0xE3, 0xCC, 0xB2, 0x0A, 0x80, 0x49, 0x76,
    0xBA, 0xBC, 0xDD, 0x90, 0x13, 0x75, 0x40, 0x54, 0x13, 0x70, 0x03, 0x70, 0x01, 0xD2, 0xF1, 0x60, 0xD0, 0x43, 0x18, 0x45, 0xC0, 0xE2, 0xBC, 0xF5,
    0xBC, 0xBB, 0x43, 0x1B, 0x8D, 0x8A, 0x13, 0x87, 0x63, 0x87, 0xFB, 0xA5, 0x00, 0x47, 0xBA, 0xF5, 0xE0, 0xC8, 0xFC, 0x56, 0x65, 0xF0, 0x2D, 0x88,
    0x58, 0xA7, 0x22, 0x45, 0xB7, 0x35, 0x70, 0xA3, 0xA7, 0x1C, 0xA1, 0xDB, 0x76, 0xD4, 0x4E, 0xFC, 0x70, 0xD0, 0xA0, 0xAF, 0xCA, 0x15, 0x1B, 0xD3,
    0x94, 0x8F, 0x96, 0xB5, 0x3C, 0x7E, 0x4D, 0x00, 0x9C, 0x1A, 0xD9, 0x1A, 0xAC, 0x17, 0x0D, 0x64, 0x40, 0x83, 0xA9, 0x11, 0x18, 0x3C, 0xA4, 0xB9,
    0x10, 0xB2, 0x86, 0xA2, 0xE5, 0xA1, 0xB0, 0x53, 0xD4, 0x11, 0xDC, 0xA0, 0xED, 0x98, 0xCA, 0xB3, 0x41, 0x5D, 0x37, 0x83, 0xFA, 0x2B, 0xA3, 0x41,
    0x49, 0x06, 0x41, 0xC9, 0x18, 0xAC, 0x59, 0xCC, 0x85, 0xAA, 0x58, 0xD1, 0x0F, 0x58, 0x25, 0x01, 0xB0, 0xAC, 0x25, 0x43, 0x3D, 0x1B, 0x7E, 0x82,
    0x24, 0x7E, 0xA4, 0x43, 0x1C, 0x15, 0x2D, 0x7F, 0x11, 0xC5, 0x06, 0x14, 0xAB, 0x66, 0xEE, 0x8B, 0x86, 0x49, 0xCD, 0xEF, 0xCC, 0x70, 0x61, 0x2F,
    0xD7, 0x84, 0x62, 0xE5, 0xA8, 0x03, 0x39, 0x17, 0xE9, 0x35, 0x0A, 0xF1, 0xD4, 0xF0, 0xA9, 0x6F, 0xC5, 0xCD, 0x7F, 0xE0, 0x01, 0xF2, 0x19, 0x68,
    0xBD, 0x83, 0xFF, 0xB7, 0xFC, 0xFF, 0xBF, 0xBE, 0x38, 0x1C, 0x16, 0xFC, 0x39, 0x3F, 0xE8, 0x0B, 0xAD, 0x4D, 0x58, 0x80, 0x4A, 0x27, 0xD6, 0xAB,
    0x19, 0xA1, 0x68, 0xE0, 0x6A, 0xD9, 0xE0, 0x87, 0x5F, 0x83, 0x0F, 0x54, 0x88, 0xBE, 0x64, 0x7E, 0x6D, 0x64, 0x73, 0x97, 0x63, 0xAE, 0xE1, 0x5B,
    0xCC, 0x85, 0x90, 0xB0, 0xBE, 0x16, 0x2C, 0x08, 0x00, 0x30, 0x00, 0x62, 0x2F, 0xDE, 0x82, 0x17, 0x02, 0xBA, 0x2B, 0xE7, 0x0A, 0x17, 0xDA, 0xD5,
    0x56, 0xD5, 0x9A, 0x16, 0x07, 0xB8, 0x2C, 0x38, 0x0F, 0x67, 0x32, 0xE0, 0x08, 0x1E, 0xCB, 0x83, 0x83, 0xAB, 0xC5, 0x38, 0xAB, 0x18, 0x1F, 0xAA,
    0x3E, 0xF3, 0x18, 0x40, 0xC6, 0x58, 0xC0, 0xE4, 0x86, 0x02, 0x54, 0x47, 0x05, 0x31, 0x94, 0x53, 0x52, 0x4A, 0xED, 0xA9, 0xA4, 0xD5, 0x5B, 0x6A,
    0xE6, 0x31, 0x0A, 0x4B, 0x08, 0x94, 0x81, 0x73, 0x02, 0xB9, 0x23, 0x4F, 0x62, 0xB9, 0x08, 0x4C, 0x50, 0xA9, 0x2F, 0xD4, 0x9C, 0x9D, 0x74, 0x1D,
    0xFE, 0xC0, 0x5F, 0x62, 0x93, 0x26, 0x2D, 0x93, 0x0F, 0x0F, 0x4B, 0xB3, 0x8D, 0x06, 0x8C, 0x60, 0x19, 0xF8, 0x24, 0x92, 0x6C, 0x87, 0x24, 0x09,
    0xED, 0xF6, 0x48, 0x2F, 0x7D, 0x05, 0xAA, 0x8A, 0x1C, 0x1D, 0x35, 0x30, 0x8A, 0x80, 0x54, 0xC4, 0x45, 0x13, 0x18, 0x01, 0x37, 0x60, 0x0E, 0x07,
    0x4D, 0xE3, 0x08, 0x51, 0x6E, 0x37, 0x34, 0x29, 0x54, 0x08, 0x15, 0xA4, 0x8A, 0xE3, 0x40, 0x98, 0xFF, 0x67, 0x4A, 0x95, 0xCF, 0x2B, 0x09, 0x1F,
    0xFC, 0x50, 0x80, 0x2F, 0x98, 0x00, 0x3D, 0x06, 0x8F, 0x4F, 0x80, 0x9D, 0x33, 0x3B, 0xC0, 0xD4, 0xAC, 0x8E, 0x06, 0xA1, 0x9C, 0x35, 0x38, 0x00,
    0x2D, 0x6A, 0x8C, 0xEF, 0x92, 0x70, 0x7A, 0xD0, 0xDD, 0x04, 0x52, 0xB1, 0x01, 0x45, 0x50, 0xE3, 0x48, 0x84, 0xC6, 0xF6, 0xCA, 0x4C, 0x69, 0xD5,
    0x8C, 0x0B, 0x5E, 0x9F, 0x2B, 0x13, 0x63, 0xD4, 0x05, 0x53, 0xA3, 0xFA, 0xB2, 0x05, 0xA0, 0x77, 0x59, 0xD2, 0xD1, 0x32, 0x27, 0xCB, 0x12, 0x26,
    0x24, 0x36, 0xE1, 0x86, 0x87, 0xED, 0x9A, 0x7C, 0xC2, 0xA3, 0x60, 0xBE, 0x49, 0x60, 0xCB, 0x28, 0x57, 0x76, 0xA0, 0xF8, 0x7D, 0xC5, 0xB4, 0xA2,
    0x79, 0xC5, 0xB7, 0x57, 0x41, 0xEF, 0xAC, 0x91, 0xDE, 0x9E, 0x97, 0x2A, 0xC1, 0x5D, 0x55, 0xA4, 0x4E, 0x77, 0x87, 0x00, 0x50, 0x59, 0x2B, 0x9C,
    0xC2, 0xE0, 0x4F, 0x8A, 0x87, 0x9F, 0x28, 0x6F, 0x6E, 0xBA, 0x80, 0x4B, 0x7A, 0x11, 0x47, 0x39, 0x94, 0x1D, 0x12, 0xCF, 0xA5, 0x11, 0x05, 0xB7,
    0xD4, 0xC4, 0xAD, 0x64, 0x86, 0xFF, 0xE4, 0xD6, 0xB7, 0x57, 0xBD, 0x9D, 0xD0, 0x08, 0x61, 0x32, 0xA5, 0x89, 0x89, 0x94, 0x84, 0xFB, 0x94, 0x05,
    0xA3, 0x6D, 0xBA, 0x77, 0x9F, 0x79, 0x88, 0x28, 0x85, 0x51, 0x47, 0xDA, 0x39, 0x65, 0xF4, 0xC7, 0xAC, 0x28, 0x12, 0xA5, 0xD0, 0x50, 0x20, 0xB7,
    0x11, 0x4F, 0x26, 0xA0, 0xBF, 0x50, 0x78, 0x5F, 0x12, 0xE7, 0xCF, 0x18, 0x91, 0x7C, 0x89, 0xCB, 0x32, 0x1F, 0xFF, 0xFF, 0x99, 0xFF, 0x61, 0x98,
    0xFC, 0x1F, 0x44, 0xFF, 0x13, 0xE2, 0xB0, 0x6E, 0x1F, 0x1C, 0xAC, 0x4B, 0x27, 0x63, 0x37, 0x37, 0x1E, 0x2C, 0xB3, 0xFC, 0xFF, 0xC5, 0x2D, 0x61,
    0x71, 0x4B, 0xD8, 0xA5, 0x45, 0x1C, 0x66, 0x41, 0xF0, 0xFF, 0xCD, 0xF8, 0x8B, 0x61, 0x77, 0xCE, 0xE4, 0x7E, 0x00, 0xB9, 0x3C, 0x9D, 0x3A, 0xAD,
    0x3C, 0x07, 0xC4, 0x16, 0x3E, 0xA6, 0xE0, 0x36, 0xC6, 0xC1, 0x7B, 0xBB, 0x61, 0xE4, 0xB2, 0x29, 0x3D, 0xC2, 0xB2, 0xF5, 0xD9, 0x7F, 0x3C, 0x22,
    0x52, 0xE0, 0xF6, 0x5E, 0x09, 0x29, 0xEA, 0x4F, 0x1D, 0x83, 0x39, 0x35, 0x33, 0x32, 0xED, 0xC0, 0x73, 0x66, 0xF1, 0x7F, 0x69, 0x20, 0xD4, 0xD8,
    0x55, 0x46, 0xF7, 0x6C, 0x1B, 0x92, 0x77, 0x06, 0x53, 0xBE, 0x20, 0x46, 0x9D, 0x38, 0x1C, 0x41, 0xA6, 0xE3, 0x40, 0x8E, 0x61, 0x5E, 0xA3, 0xDF,
    0x3B, 0x0A, 0x75, 0x03, 0x84, 0x7E, 0xC0, 0x39, 0xCC, 0x60, 0x83, 0x96, 0x80, 0x47, 0x98, 0x70, 0x1C, 0x5F, 0x78, 0x3D, 0xE0, 0x6D, 0x9F, 0x5D,
    0x00, 0xC5, 0x61, 0xF4, 0x5F, 0xFE, 0xFF, 0x04, 0xFE, 0xFF, 0x61, 0xF1, 0x4B, 0x38, 0x2E, 0x0C, 0xF7, 0xA7, 0x3E, 0xD4, 0x4F, 0xF0, 0x0B, 0x7C,
    0xA0, 0xCF, 0xF3, 0x77, 0xBE, 0xCD, 0xA7, 0xF9, 0x2F, 0xDF, 0xE5, 0x07, 0x07, 0xFF, 0x52, 0x05, 0x2E, 0x09, 0x04, 0x0B, 0x0E, 0x0E, 0x0E, 0xFE,
    0x37, 0xFF, 0x7F, 0xF1, 0xFF, 0x3F, 0xFC, 0xC5, 0xA4, 0x94, 0xFF, 0x43, 0x39, 0xF8, 0x3F, 0x3C, 0xE5, 0xFF, 0xCF, 0xF3, 0x7F, 0xD8, 0xEE, 0x7F,
    0xB1, 0x89, 0xBB, 0x58, 0x0F, 0xA8, 0x9C, 0xE1, 0x4D, 0x91, 0x13, 0x21, 0x65, 0xC3, 0x8C, 0x28, 0x26, 0x68, 0xE8, 0xC2, 0x88, 0xEC, 0x0B, 0x25,
    0xEF, 0x53, 0x3C, 0x13, 0xF5, 0x96, 0xEC, 0x57, 0x27, 0x79, 0x54, 0x27, 0xBB, 0xA9, 0x4E, 0x5E, 0x74, 0x9B, 0xF0, 0x44, 0xE1, 0x71, 0xFA, 0x31,
    0xDF, 0xD4, 0x1F, 0xE0, 0x6B, 0xE3, 0x00, 0x24, 0x09, 0x4B, 0xA2, 0xD5, 0x73, 0x9A, 0xAD, 0xE0, 0xC5, 0x13, 0x96, 0x21, 0xF1, 0xA3, 0x93, 0xC5,
    0xBC, 0x10, 0xCB, 0x03, 0xC5, 0x0D, 0x2B, 0xEB, 0xF7, 0x6A, 0x9E, 0xE0, 0x0A, 0xAC, 0x88, 0xF3, 0x29, 0x5A, 0x77, 0x58, 0xAC, 0xD2, 0x99, 0xAA,
    0x6B, 0x9D, 0xA9, 0xE4, 0x58, 0xD4, 0x0F, 0xB5, 0x46, 0x58, 0x15, 0x18, 0xB1, 0x21, 0x7F, 0xF2, 0x3A, 0xB8, 0x3F, 0x9B, 0xE2, 0x3C, 0x71, 0x16,
    0x74, 0x96, 0xE5, 0xE1, 0x9C, 0x4E, 0x6D, 0x9B, 0x74, 0x72, 0x45, 0xCE, 0x40, 0x68, 0xEE, 0x95, 0x20, 0xB2, 0x41, 0xD0, 0x8C, 0x88, 0x23, 0x13,
    0xC6, 0x23, 0xE6, 0xA6, 0x90, 0xCB, 0xC6, 0x33, 0x6F, 0x59, 0x7B, 0xA4, 0xB2, 0x33, 0xB2, 0xB2, 0x85, 0x4A, 0xBF, 0xE4, 0x54, 0x08, 0x50, 0x2B,
    0xE5, 0x4B, 0x1F, 0x84, 0x41, 0x95, 0x49, 0xA4, 0x1B, 0x49, 0xB8, 0x9D, 0xC8, 0x2F, 0x26, 0xC8, 0xBC, 0x04, 0x8F, 0x76, 0x62, 0xB7, 0xE3, 0x20,
    0x1A, 0xBE, 0xEB, 0x35, 0x35, 0x42, 0x42, 0x01, 0x21, 0x1C, 0x63, 0x44, 0x4D, 0xFB, 0x81, 0x59, 0xC1, 0x87, 0x14, 0xBC, 0x87, 0x6C, 0x5F, 0x0F,
    0x9D, 0x17, 0xFD, 0x0E, 0xFE, 0x47, 0xEF, 0x77, 0x1B, 0xE9, 0x15, 0x6F, 0x0B, 0x40, 0xF0, 0x14, 0x4D, 0x78, 0x5A, 0x7C, 0xF4, 0xFE, 0xF8, 0x93,
    0x7B, 0x08, 0xEF, 0xCB, 0x8D, 0xFF, 0x7F, 0x98, 0x97, 0x96, 0x97, 0xF0, 0xFF, 0x3B, 0x3D, 0x30, 0x31, 0xA4, 0x9F, 0x65, 0x56, 0x40, 0xD5, 0xEA,
    0x73, 0x03, 0x20, 0xDB, 0x34, 0x3B, 0x17, 0xAD, 0xCA, 0xC5, 0xE6, 0x50, 0x63, 0x9F, 0xC1, 0x15, 0x99, 0xF5, 0x41, 0x29, 0xCB, 0xCB, 0x22, 0x5B,
    0xB4, 0x19, 0x1B, 0x94, 0x23, 0x8B, 0x7D, 0x2E, 0x85, 0x41, 0x6A, 0x81, 0x31, 0x09, 0x3B, 0xA3, 0xDE, 0xE6, 0x18, 0x3B, 0x3D, 0xB3, 0xCE, 0xE0,
    0x16, 0xD8, 0xE1, 0x59, 0xCB, 0xCB, 0xC9, 0x9C, 0x45, 0xB6, 0xBB, 0x54, 0x0E, 0x9A, 0x59, 0xB2, 0xAD, 0xA2, 0xC5, 0xEC, 0x0C, 0x6B, 0x09, 0x20,
    0xE1, 0x0D, 0x28, 0xA2, 0xA6, 0x83, 0x40, 0x07, 0x00, 0xBF, 0xA6, 0x1D, 0x00, 0xD6, 0xD8, 0xB8, 0x75, 0x15, 0x47, 0xAE, 0xC2, 0x8D, 0xAD, 0x09,
    0x1B, 0x13, 0x7D, 0x36, 0x3F, 0x39, 0xF5, 0xAB, 0x87, 0x37, 0xB3, 0x3A, 0xA6, 0xB3, 0x30, 0x09, 0x89, 0x6B, 0x0D, 0x98, 0x19, 0x40, 0x2D, 0x9D,
    0x0B, 0xF4, 0x16, 0x07, 0x2C, 0xF6, 0xCF, 0x9A, 0xF6, 0x67, 0x7C, 0xB8, 0xB2, 0x0B, 0xE0, 0x17, 0xF8, 0xAA, 0xF6, 0x05, 0xAA, 0xA2, 0xD3, 0x01,
    0x57, 0xC5, 0x2A, 0x8D, 0xDB, 0x25, 0x76, 0x1B, 0x25, 0xEA, 0x96, 0x46, 0xC5, 0xA8, 0x8C, 0xBA, 0xA4, 0xD1, 0xA1, 0xCE, 0x16, 0x85, 0xA0, 0x4C,
    0x86, 0x40, 0x85, 0x86, 0x3E, 0x63, 0xAA, 0x7A, 0xD2, 0x3A, 0x89, 0x88, 0x76, 0x08, 0x6F, 0x54, 0x58, 0x56, 0x25, 0xF0, 0xA8, 0xE4, 0x1E, 0x10,
    0x11, 0x7C, 0x60, 0x36, 0x21, 0x22, 0x52, 0x04, 0x65, 0x21, 0x8D, 0x54, 0x1A, 0x96, 0x99, 0x92, 0x95, 0x53, 0x24, 0x19, 0x21, 0x41, 0xFC, 0x28,
    0xF2, 0x47, 0xE9, 0xE3, 0x74, 0xAB, 0x07, 0xAD, 0x1B, 0x15, 0x0F, 0x5D, 0x9C, 0xC5, 0xE0, 0xD7, 0x3E, 0xC8, 0xB5, 0xFF, 0x0D, 0xA7, 0x5C, 0xFD,
    0xCF, 0x22, 0x64, 0x2F, 0xC2, 0xD5, 0x17, 0x2A, 0x42, 0x69, 0xDC, 0xCC, 0xCD, 0xE4, 0xC4, 0xED, 0x54, 0xE4, 0x57, 0x17, 0x77, 0x3B, 0x9B, 0xF0,
    0xD4, 0x2A, 0x49, 0xFA, 0xAD, 0x8D, 0x63, 0x79, 0x35, 0x3B, 0x70, 0x05, 0xB6, 0xB1, 0x1A, 0x6A, 0x36, 0xC2, 0x13, 0xF7, 0x89, 0xDB, 0xF8, 0x09,
    0xA6, 0xEB, 0x69, 0x33, 0xDA, 0x89, 0xF3, 0x72, 0xEA, 0xB8, 0xD8, 0xC4, 0xA1, 0xA3, 0x48, 0x02, 0x1F, 0x9A, 0x95, 0x66, 0x22, 0x0D, 0x40, 0xCD,
    0xAF, 0xB2, 0x99, 0x1E, 0x6C, 0x31, 0xAD, 0xFC, 0x5E, 0x0A, 0xBA, 0x5C, 0x06, 0xFD, 0x54, 0x46, 0x56, 0x56, 0x51, 0x9D, 0x27, 0xED, 0xB8, 0x21,
    0x5C, 0x4B, 0x4F, 0xF3, 0x0F, 0xF4, 0x34, 0x87, 0xB6, 0x6D, 0x99, 0xFF, 0xCE, 0x48, 0xE4, 0x37, 0xBB, 0x8B, 0x8C, 0x67, 0x4B, 0x20, 0xCF, 0xB0,
    0xBD, 0xCC, 0x74, 0x66, 0x14, 0x66, 0xDD, 0x8C, 0x69, 0x7E, 0xD1, 0x3D, 0xEB, 0x20, 0xE3, 0x9C, 0xCD, 0x1D, 0x64, 0xC9, 0x81, 0xBF, 0x3F, 0x54,
    0x0A, 0xCC, 0x06, 0x1C, 0x7C, 0x30, 0x2F, 0x9E, 0x63, 0x98, 0xD7, 0x3A, 0xCF, 0x1F, 0x6A, 0x75, 0x34, 0x48, 0x30, 0x03, 0x22, 0x11, 0x90, 0xA4,
    0x7A, 0xFE, 0x4C, 0x44, 0x5F, 0xF1, 0xB0, 0xE6, 0x15, 0x44, 0x8A, 0xB3, 0xAB, 0x8D, 0x9D, 0xD2, 0x20, 0x6C, 0xA5, 0xE2, 0x4E, 0x50, 0x27, 0xB1,
    0xA0, 0x6B, 0xBA, 0x3C, 0x0D, 0x28, 0x9B, 0x53, 0x76, 0xFF, 0x5C, 0x7B, 0x89, 0xAB, 0x05, 0x20, 0x60, 0xEE, 0x80, 0xDB, 0xCB, 0x85, 0xE3, 0xF2,
    0x7A, 0x20, 0x5B, 0xE4, 0x6D, 0x47, 0x8D, 0x1B, 0xF0, 0x6C, 0x1B, 0xA7, 0x81, 0xB6, 0xA1, 0x60, 0x5A, 0x09, 0x58, 0xCD, 0x16, 0x45, 0x5B, 0xFF,
    0xD4, 0x7E, 0x26, 0x1F, 0xBF, 0x48, 0x0B, 0xBE, 0x91, 0x2B, 0x1E, 0x8B, 0x64, 0x2E, 0x44, 0x98, 0x84, 0x9F, 0x36, 0xF4, 0x75, 0x54, 0xFD, 0x6F,
    0x85, 0x58, 0x63, 0xD5, 0x0C, 0x1F, 0xA4, 0x91, 0x2F, 0xF8, 0x30, 0xAF, 0x9D, 0x96, 0x50, 0x3C, 0xBB, 0x06, 0x32, 0xE0, 0xE1, 0x27, 0x57, 0xDE,
    0x27, 0xB4, 0xE4, 0x22, 0x6A, 0x09, 0xB3, 0x34, 0xF6, 0x04, 0x11, 0xB9, 0xA9, 0x69, 0xC8, 0xB7, 0xB0, 0xB4, 0xDA, 0xCC, 0x4F, 0xA0, 0x50, 0x96,
    0xB6, 0x62, 0x79, 0x03, 0x44, 0x94, 0xE6, 0x00, 0xE9, 0x48, 0x34, 0x1D, 0x04, 0xAE, 0x7C, 0xEA, 0x06, 0x00, 0x68, 0xBC, 0xBC, 0x0C, 0xE2, 0xD5,
    0xD6, 0xDD, 0x7D, 0xD9, 0x04, 0xC6, 0x84, 0x89, 0x6E, 0x2C, 0xBB, 0x47, 0x21, 0x4F, 0x29, 0x84, 0x18, 0x84, 0x58, 0xE9, 0xDB, 0x00, 0x2C, 0x20,
    0xF8, 0x78, 0x2E, 0xE7, 0x96, 0x4F, 0xFB, 0x1B, 0x26, 0xB1, 0x71, 0xD3, 0x58, 0x85, 0xBE, 0x1D, 0xE5, 0x22, 0xAC, 0x39, 0x23, 0xF0, 0x1D, 0x1C,
    0x8C, 0xFC, 0x97, 0xF8, 0x11, 0x1C, 0x1C, 0x64, 0x13, 0xC7, 0xE0, 0x11, 0x8B, 0x7D, 0x44, 0x98, 0x84, 0xC6, 0xCB, 0x44, 0xBD, 0x55, 0xCE, 0x43,
    0x30, 0x86, 0x7A, 0x36, 0x3D, 0x83, 0x71, 0x3C, 0x71, 0x98, 0x3A, 0x89, 0x9A, 0xCC, 0x9C, 0x4E, 0x62, 0x9B, 0x5D, 0x49, 0x8A, 0x94, 0x8A, 0xFD,
    0xDD, 0x91, 0x53, 0x8B, 0x2C, 0xC7, 0xE6, 0xA0, 0x5C, 0xD5, 0x54, 0xCA, 0xA1, 0x19, 0xB5, 0xFB, 0x9D, 0x83, 0xFF, 0x6F, 0xFC, 0x18, 0x37, 0x86,
    0xCA, 0x4A, 0x3D, 0xA8, 0x88, 0x32, 0xF8, 0x91, 0xA0, 0x1D, 0x3C, 0x00, 0x10, 0x3D, 0x54, 0xF9, 0x20, 0x3E, 0x61, 0x05, 0x95, 0x84, 0x04, 0x3A,
    0x93, 0xDE, 0x7A, 0xE2, 0xDC, 0xF9, 0xE5, 0x9D, 0xFF, 0xC5, 0xE1, 0x2F, 0xE4, 0xC3, 0x88, 0xA1, 0x89, 0x88, 0x62, 0x30, 0x14, 0xFB, 0x9F, 0xA5,
    0x85, 0x7F, 0x31, 0xCB, 0x35, 0x00, 0x29, 0x95, 0xE3, 0x6B, 0x46, 0x5D, 0x0E, 0x84, 0x06, 0x76, 0x72, 0x80, 0xFF, 0x7F, 0x98, 0x85, 0xC7, 0xD1,
    0x07, 0xD2, 0x64, 0x67, 0xC5, 0xB7, 0x7E, 0x05, 0x36, 0x82, 0xFD, 0x23, 0xEE, 0x62, 0xF3, 0x2D, 0xF7, 0x15, 0x9C, 0x05, 0x07, 0x16, 0x87, 0xE0,
    0x7B, 0x40, 0x4B, 0x47, 0xD7, 0x1C, 0x28, 0xA5, 0x1E, 0x03, 0x9F, 0xC5, 0xC3, 0x97, 0xF1, 0xF9, 0x80, 0x18, 0x01, 0x81, 0x4F, 0x91, 0xEB, 0x33,
    0xE5, 0x85, 0x80, 0x8B, 0x5B, 0xBE, 0x8B, 0xAF, 0xE2, 0x87, 0x68, 0x5C, 0x10, 0xEE, 0xFB, 0x34, 0x80, 0x83, 0x15, 0x83, 0x79, 0x60, 0xCA, 0x20,
    0x27, 0x30, 0x9F, 0x49, 0x14, 0x1E, 0x07, 0x04, 0xF2, 0x02, 0xFF, 0x7F, 0x1A, 0xBC, 0x36, 0xE1, 0x17, 0x3F, 0xC5, 0xE3, 0x67, 0xDA, 0x07, 0x56,
    0xB4, 0x2A, 0x9D, 0x10, 0xBC, 0x59, 0xA6, 0x59, 0x99, 0x0A, 0x3F, 0x32, 0xD1, 0x2A, 0x63, 0x83, 0x19, 0xC4, 0x92, 0xBC, 0x86, 0x41, 0xDA, 0x61,
    0x2C, 0xBD, 0xB0, 0x3C, 0x6C, 0x23, 0x01, 0xF6, 0xDF, 0x99, 0x5C, 0xF7, 0x20, 0xD2, 0x3E, 0xB5, 0x25, 0x51, 0xAF, 0x04, 0xB1, 0x85, 0x54, 0x6D,
    0xB2, 0x5B, 0xD3, 0xD9, 0x41, 0xD5, 0x79, 0xEC, 0x1C, 0xE2, 0xED, 0xEC, 0x64, 0xE3, 0x9D, 0xCB, 0xEC, 0x19, 0xE7, 0x0B, 0x76, 0xA4, 0x9F, 0x7D,
    0xAA, 0x68, 0x0B, 0xA0, 0x35, 0xB3, 0x38, 0x1F, 0xE8, 0x24, 0x17, 0x25, 0x38, 0x6F, 0xA1, 0xBD, 0x45, 0xD9, 0x23, 0x1A, 0xD8, 0xAF, 0x33, 0x56,
    0x92, 0x80, 0xBC, 0x18, 0xD0, 0x9D, 0x1F, 0xA0, 0x38, 0x23, 0x10, 0x3D, 0xA3, 0x39, 0x39, 0x97, 0xC0, 0x41, 0x7E, 0xD4, 0x61, 0x53, 0x30, 0x8F,
    0xD9, 0x7C, 0xE6, 0x0A, 0xB6, 0x05, 0xF2, 0xEF, 0x8B, 0xA9, 0x42, 0xC2, 0xBC, 0xC3, 0xE6, 0x01, 0x23, 0x17, 0xB1, 0xA3, 0x02, 0x98, 0x67, 0x6D,
    0x5A, 0xF2, 0xE6, 0x99, 0xF3, 0xD3, 0xA0, 0x0D, 0x56, 0x4C, 0x02, 0x4C, 0xF9, 0xAF, 0xF4, 0x51, 0xE0, 0xE4, 0x71, 0x56, 0xE4, 0x7B, 0x65, 0xD0,
    0x9B, 0xA4, 0x41, 0xAF, 0x15, 0x57, 0x95, 0xE0, 0x12, 0xB7, 0xCB, 0x39, 0x15, 0xE8, 0x08, 0xEA, 0x21, 0xEE, 0x29, 0x03, 0x2A, 0xA6, 0x9B, 0x34,
    0xA2, 0x83, 0x67, 0xA2, 0x46, 0x13, 0x6C, 0xCB, 0x0C, 0x46, 0x18, 0x80, 0x7D, 0xA2, 0xA2, 0x7D, 0x3E, 0xA8, 0x3B, 0x3F, 0xDE, 0x39, 0xA2, 0x0A,
    0xDA, 0x3F, 0x22, 0x68, 0xE6, 0x49, 0x94, 0x30, 0xB2, 0x5F, 0x1C, 0x0E, 0xA7, 0xF8, 0x28, 0x36, 0xEF, 0xA4, 0x0A, 0x67, 0xB2, 0xBB, 0xCC, 0xB6,
    0x70, 0x5F, 0xB0, 0x57, 0xDC, 0x7E, 0x76, 0xE2, 0x8D, 0x79, 0xE6, 0xE4, 0x61, 0xCF, 0x49, 0x78, 0xDF, 0x33, 0x52, 0x98, 0xEF, 0x39, 0x13, 0xF1,
    0x49, 0xC2, 0x7E, 0x68, 0xF5, 0x06, 0xF8, 0xB1, 0x61, 0x42, 0xB8, 0x79, 0xDC, 0xC9, 0x92, 0xB8, 0xF9, 0x0F, 0xAD, 0x3B, 0x79, 0xAC, 0x3F, 0xC6,
    0x91, 0xA8, 0x1B, 0xAB, 0xB4, 0xA3, 0xEA, 0x1A, 0x65, 0x2A, 0xB9, 0x14, 0xF5, 0xC3, 0x2A, 0x6F, 0xA4, 0xF5, 0x36, 0xC2, 0x63, 0x7F, 0xF6, 0xEA,
    0xED, 0x9F, 0x52, 0x1A, 0xCC, 0x9E, 0xE3, 0x08, 0x9D, 0x1D, 0xAA, 0x38, 0xEB, 0x7C, 0x33, 0x03, 0x5E, 0xC4, 0x26, 0xD4, 0x74, 0xF1, 0x82, 0x48,
    0xDC, 0x97, 0x19, 0xD5, 0x36, 0xB3, 0xEC, 0x8A, 0x19, 0x25, 0xF2, 0x32, 0x07, 0x82, 0xCB, 0x0F, 0xA1, 0xD2, 0x94, 0xA7, 0xAE, 0x6C, 0x09, 0x15,
    0x62, 0xDB, 0x2B, 0xC4, 0xA8, 0x89, 0x99, 0x32, 0x46, 0x40, 0x10, 0x33, 0xAD, 0xC9, 0x1D, 0xB3, 0xA4, 0x86, 0x3B, 0xD2, 0xA8, 0x12, 0xF2, 0x85,
    0xDE, 0xE3, 0x18, 0xBE, 0x3B, 0x02, 0x19, 0xDC, 0x4D, 0xAC, 0x35, 0x5A, 0x76, 0x01, 0xF9, 0x03, 0x66, 0xCC, 0x65, 0xFD, 0x91, 0x09, 0xE8, 0xE3,
    0xF7, 0x44, 0x8F, 0xD1, 0x05, 0x3D, 0x82, 0x0A, 0x17, 0x61, 0xA1, 0x16, 0xAB, 0x2E, 0x13, 0x7F, 0xD3, 0x76, 0xDD, 0xBC, 0x03, 0x88, 0x08, 0x71,
    0x04, 0xDB, 0x61, 0xED, 0xA8, 0x23, 0x87, 0x00, 0x32, 0x8E, 0x55, 0x9D, 0xFA, 0x46, 0xAD, 0xAC, 0xD9, 0x87, 0xFE, 0xC5, 0x5F, 0x31, 0xCC, 0x12,
    0xCA, 0x05, 0x2A, 0x42, 0x49, 0x95, 0x6C, 0xC2, 0xC5, 0xB2, 0x46, 0x2B, 0x09, 0x72, 0xA0, 0x10, 0x4E, 0xDF, 0x24, 0x85, 0xE0, 0x60, 0xC9, 0x24,
    0x0E, 0x4B, 0x78, 0x7E, 0xCF, 0x93, 0x88, 0x5A, 0x3D, 0x05, 0xDA, 0x7C, 0x18, 0x11, 0x8D, 0xA9, 0xA5, 0x7D, 0xC2, 0x39, 0xC9, 0xE5, 0x4B, 0x6B,
    0x7D, 0x98, 0xF0, 0x60, 0x46, 0x67, 0x9C, 0x61, 0xD6, 0x7E, 0x14, 0xE6, 0x70, 0x02, 0xDB, 0x42, 0x29, 0x0E, 0x0E, 0xBE, 0xB4, 0x59, 0xF0, 0xA8,
    0xBD, 0x15, 0x29, 0xF8, 0xE7, 0x0D, 0x00, 0xFF, 0xB0, 0xE4, 0x76, 0xC2, 0x67, 0xB4, 0xDC, 0x65, 0x38, 0x81, 0xFB, 0x02, 0x4E, 0xBE, 0xFD, 0x70,
    0xDC, 0x22, 0x1E, 0x43, 0x9F, 0xC5, 0xA3, 0xB2, 0xE8, 0x63, 0xE0, 0x44, 0x02, 0x0F, 0xD5, 0x30, 0x49, 0xCA, 0x60, 0x5E, 0x5A, 0x5C, 0x48, 0x3F,
    0x49, 0x05, 0xE1, 0x64, 0xEC, 0xDA, 0x58, 0x77, 0x00, 0x3B, 0x2B, 0x8F, 0x07, 0x83, 0x5C, 0xDE, 0x6D, 0xEF, 0xAD, 0xD6, 0xAF, 0x80, 0xDB, 0xFB,
    0x37, 0xEA, 0x56, 0xEF, 0xD7, 0x07, 0x03, 0x59, 0xDE, 0x14, 0x06, 0x0B, 0x79, 0x6B, 0x18, 0x56, 0xE4, 0x51, 0xDD, 0x26, 0xE6, 0xB1, 0xDD, 0x6E,
    0xE6, 0xDD, 0xDD, 0x2A, 0xFE, 0x06, 0xDE, 0x72, 0xFE, 0xEE, 0xB7, 0x49, 0x7E, 0x05, 0x31, 0x84, 0x7F, 0x1F, 0x31, 0x10, 0xFD, 0x9E, 0x31, 0x58,
    0xFD, 0x06, 0xE6, 0x62, 0x18, 0x90, 0x57, 0x83, 0x01, 0x2B, 0xCF, 0x00, 0x06, 0x08, 0x79, 0x36, 0xB7, 0x24, 0xF2, 0x96, 0x6E, 0x6D, 0xE4, 0x85,
    0xDD, 0xE6, 0xFD, 0xDA, 0xDD, 0xDE, 0xF8, 0x0D, 0x01, 0x4B, 0xF9, 0x5B, 0x01, 0xC3, 0xEA, 0x2F, 0xDE, 0xDB, 0x21, 0x4E, 0xF9, 0x3E, 0xD4, 0x33,
    0x8D, 0x9E, 0x57, 0xD4, 0x3D, 0xDF, 0xF0, 0x38, 0x67, 0x26, 0xBE, 0xE9, 0x2C, 0xC6, 0x8F, 0x9D, 0x0F, 0xDC, 0xAE, 0x17, 0xDA, 0x22, 0x7C, 0x76,
    0xB5, 0x79, 0x81, 0x49, 0x68, 0xA3, 0x03, 0x3B, 0xD1, 0x86, 0x02, 0xAC, 0xB0, 0xAD, 0x50, 0x07, 0xBB, 0x6C, 0xCB, 0xC4, 0x04, 0xD3, 0x59, 0x83,
    0x7C, 0x62, 0xB2, 0x9A, 0xAA, 0x7E, 0xBE, 0xC0, 0xB2, 0xEA, 0x4A, 0xF9, 0x2C, 0xE0, 0xCB, 0x0A, 0xE0, 0xB3, 0x87, 0x35, 0x89, 0x0A, 0x18, 0x84,
    0xDF, 0x36, 0x1D, 0xB0, 0x9F, 0x36, 0x04, 0x60, 0x54, 0x6D, 0x67, 0x60, 0x6C, 0x6D, 0x19, 0xC0, 0xEE, 0xDA, 0x4E, 0x39, 0x3F, 0x5F, 0x01, 0xC0,
    0xB4, 0x35, 0xE1, 0xD1, 0x8A, 0xE4, 0x84, 0x55, 0xC6, 0xF3, 0x08, 0x58, 0xCC, 0xAA, 0x92, 0x12, 0x55, 0x0A, 0x05, 0x52, 0xC5, 0x58, 0xC0, 0x50,
    0x57, 0x70, 0xB1, 0x2E, 0xF9, 0x14, 0xFD, 0x41, 0x8C, 0xD0, 0x0A, 0x1A, 0xA1, 0x55, 0x41, 0xC5, 0x8F, 0x49, 0x9F, 0x64, 0x29, 0x9E, 0x3E, 0x32,
    0x3A, 0xE7, 0x00, 0x50, 0x72, 0x2A, 0x80, 0xDC, 0x0C, 0x41, 0xA5, 0x88, 0x9B, 0xA9, 0x66, 0x0D, 0x1D, 0x22, 0x22, 0xA0, 0x2C, 0x9A, 0x29, 0x11,
    0x50, 0x61, 0x12, 0x96, 0x61, 0x58, 0xCD, 0xD3, 0xFB, 0xAB, 0x32, 0x82, 0x89, 0x8D, 0xF9, 0xFF, 0xDB, 0xF8, 0x9E, 0xA2, 0x68, 0xE7, 0x1B, 0x7C,
    0x94, 0x4D, 0xE1, 0x6E, 0x60, 0xF3, 0xDD, 0x1C, 0x6C, 0xC4, 0x5B, 0xED, 0xAC, 0x79, 0x77, 0x38, 0x37, 0xF2, 0x77, 0xF9, 0x5C, 0x84, 0x07, 0x72,
    0x5E, 0x32, 0xCB, 0x03, 0x89, 0x9E, 0x5F, 0x82, 0xF9, 0xDD, 0x16, 0xE2, 0xD3, 0x48, 0x6D, 0x06, 0x7C, 0x87, 0x5B, 0xDB, 0x8D, 0x9F, 0xB1, 0xAD,
    0xEE, 0x24, 0xFB, 0xC1, 0xED, 0x65, 0x8B, 0xB8, 0x95, 0xCE, 0x34, 0xEE, 0xAF, 0xB3, 0xE4, 0x3D, 0xE1, 0x5C, 0x83, 0x4F, 0x71, 0x9E, 0xE4, 0x0D,
    0xCF, 0x6B, 0xA9, 0xFC, 0x87, 0x28, 0xFC, 0xA1, 0x6D, 0xBE, 0x89, 0xD8, 0xA6, 0xB2, 0xF7, 0x2C, 0x12, 0x5B, 0xF7, 0xF7, 0x0E, 0x5F, 0xB1, 0x63,
    0x90, 0xF0, 0x40, 0x76, 0xD2, 0x15, 0x9E, 0x0A, 0xF8, 0x0C, 0xC4, 0x07, 0x9D, 0x15, 0xF0, 0x0B, 0xCE, 0x0E, 0xF8, 0xB6, 0xF3, 0x07, 0x1E, 0xC4,
    0xD9, 0xED, 0x16, 0x3C, 0x87, 0xB8, 0xF1, 0x6C, 0x19, 0xF7, 0x0C, 0x1B, 0xF2, 0x8E, 0xB4, 0xC9, 0xA6, 0xB7, 0x7D, 0x6A, 0xDF, 0x50, 0x6E, 0x2A,
    0x1B, 0xEB, 0xBE, 0x71, 0xCF, 0x2B, 0x68, 0xEF, 0x21, 0xB1, 0xB6, 0x8A, 0x3B, 0xD7, 0x5D, 0x84, 0xF2, 0x34, 0xFF, 0xB3, 0xCF, 0x44, 0x41, 0x14,
    0xB1, 0x1E, 0xA4, 0xFF, 0x59, 0xFE, 0x7A, 0x73, 0x44, 0x78, 0x00, 0xE0, 0x57, 0x1E, 0xDB, 0x00, 0xC4, 0xE1, 0x01, 0x84, 0xBE, 0x11, 0xD2, 0x68,
    0x63, 0x06, 0xAC, 0x69, 0x1D, 0x1D, 0xD3, 0xF0, 0x8D, 0x33, 0xFD, 0x3E, 0xF3, 0x47, 0x65, 0xC6, 0xA4, 0x31, 0xF4, 0x93, 0x97, 0x2C, 0x19, 0x1D,
    0x6D, 0x06, 0x44, 0xDF, 0x8B, 0xFF, 0xFF, 0x8F, 0xBB, 0xA8, 0xAA, 0xC4, 0x08, 0x4C, 0x1E, 0x0E, 0xC7, 0x0D, 0x58, 0xFE, 0x50, 0x35, 0x91, 0x76,
    0xF9, 0x1F, 0x33, 0x4F, 0x33, 0xD1, 0x02, 0x76, 0x9B, 0x68, 0xAA, 0xE3, 0x99, 0xCC, 0xA6, 0x36, 0x4D, 0xAD, 0x59, 0x85, 0x9D, 0xE0, 0x89, 0x59,
    0x47, 0x3B, 0xE3, 0x49, 0x01, 0xED, 0xF1, 0xDB, 0xC2, 0x86, 0x95, 0x5B, 0x02, 0xBE, 0x3C, 0x02, 0xF8, 0xCE, 0xE4, 0xF2, 0x7A, 0xCE, 0xF2, 0xA2,
    0x81, 0x55, 0xB9, 0x59, 0x60, 0xDE, 0x35, 0xE7, 0x54, 0x5C, 0x46, 0x4C, 0xA9, 0x01, 0xC4, 0xAB, 0x9D, 0x21, 0x89, 0x9D, 0x94, 0xC5, 0xE1, 0x1B,
    0x6B, 0x05, 0x81, 0x2D, 0xE4, 0x03, 0xAC, 0xCF, 0x95, 0xF3, 0x2D, 0x8F, 0x2B, 0x95, 0x91, 0x21, 0xB2, 0x65, 0x5D, 0x9B, 0x12, 0xA7, 0xEE, 0xF7,
    0x58, 0x91, 0x0F, 0xE8, 0xFB, 0x49, 0x7E, 0x07, 0x19, 0x15, 0x18, 0x17, 0x54, 0x80, 0xC1, 0xB1, 0x1B, 0x6D, 0xB3, 0x43, 0x6A, 0x9A, 0x80, 0x0B,
    0xC2, 0xAE, 0x02, 0x2E, 0x39, 0x0C, 0xD2, 0x2F, 0xCC, 0x26, 0x0E, 0x55, 0x71, 0xBC, 0x4A, 0xC3, 0xAA, 0xAE, 0x25, 0x01, 0xD6, 0x5C, 0x4C, 0x00,
    0xAA, 0xB8, 0xB3, 0x23, 0xB1, 0x81, 0xED, 0x78, 0x47, 0x54, 0x11, 0x0B, 0x46, 0x58, 0x30, 0xD1, 0x4F, 0x55, 0xD4, 0x00, 0xA4, 0x6C, 0x2C, 0xAF,
    0x90, 0x25, 0xD5, 0xFB, 0xFF, 0xFF, 0xBB, 0x8F, 0xFB, 0xD0, 0x1F, 0x8F, 0xE4, 0xF8, 0xC5, 0x7E, 0xEB, 0x06, 0x81, 0xCF, 0xDD, 0x82, 0xB8, 0x89,
    0xFB, 0x11, 0x8F, 0xC0, 0x9F, 0xF1, 0x9C, 0x6F, 0xCC, 0xC5, 0x09, 0x79, 0xD3, 0xDE, 0x92, 0x5F, 0x02, 0xA5, 0x77, 0xE5, 0x6D, 0x7A, 0x4C, 0xD8,
    0x3B, 0xAC, 0xEF, 0xE0, 0x7B, 0xDB, 0xF5, 0x3D, 0xF7, 0x18, 0x2E, 0x75, 0x57, 0xC0, 0xD5, 0xEE, 0x3E, 0x7C, 0x8A, 0xDF, 0x81, 0xAF, 0xF1, 0x45,
    0x70, 0x0F, 0x7C, 0x62, 0x0F, 0xC8, 0x6F, 0xF6, 0x8D, 0x3C, 0x6D, 0x1F, 0xE3, 0xFE, 0xBD, 0xE3, 0x4D, 0x8A, 0x97, 0xDE, 0xA6, 0xB7, 0xF8, 0x2C,
    0xEE, 0x3D, 0x83, 0xD3, 0xDC, 0x31, 0xB8, 0xBD, 0xD2, 0x4D, 0xD3, 0xD7, 0xF0, 0x4A, 0xBD, 0x01, 0xFE, 0xAB, 0x07, 0xE3, 0x27, 0xF4, 0x75, 0x7C,
    0x8A, 0x7E, 0x8F, 0xB7, 0xC3, 0x75, 0xF0, 0x2A, 0x66, 0x7A, 0xBE, 0x99, 0x7F, 0x88, 0x23, 0xDE, 0x3E, 0xB8, 0xE6, 0x8D, 0x04, 0xBF, 0xF2, 0x29,
    0xF4, 0xCB, 0xBA, 0xA0, 0x67, 0xC2, 0xC0, 0x4A, 0x82, 0xF2, 0x9F, 0x21, 0xBF, 0xD8, 0xDF, 0x56, 0xF8, 0x1E, 0xB7, 0x51, 0x25, 0xF8, 0x55, 0x5C,
    0x12, 0x78, 0x20, 0x64, 0xFF, 0xF6, 0x07, 0xB1, 0xD1, 0x2F, 0xFD, 0x1B, 0x04, 0x5D, 0x44, 0xF9, 0xC6, 0x80, 0xE8, 0xC5, 0x69, 0x13, 0xFC, 0x88,
    0x30, 0x12, 0x11, 0xBB, 0xF8, 0xC3, 0xBD, 0x97, 0xAF, 0x63, 0x02, 0x70, 0xB9, 0x49, 0x1E, 0x54, 0x86, 0xC9, 0x17, 0x94, 0x6B, 0xF6, 0xDF, 0xF2,
    0xE7, 0x60, 0x80, 0x85, 0xFB, 0x32, 0x92, 0x9E, 0x54, 0xC6, 0xA3, 0xA1, 0x57, 0xD4, 0x8C, 0x95, 0x68, 0x03, 0xE3, 0x2F, 0x1A, 0x6C, 0x3C, 0x81,
    0xAE, 0x1B, 0xA7, 0xA0, 0xF7, 0xC6, 0x75, 0xFA, 0x9E, 0xAE, 0xA2, 0xAC, 0x43, 0x3F, 0x2C, 0x9B, 0x75, 0x22, 0x65, 0x59, 0x9D, 0x43, 0xE5, 0xF8,
    0x57, 0x07, 0x6C, 0x1D, 0xF3, 0xB4, 0x63, 0x95, 0x31, 0x30, 0x7D, 0xBA, 0x33, 0x0E, 0xA2, 0xA3, 0x24, 0x18, 0x2F, 0xA0, 0x73, 0xD0, 0xC6, 0x6D,
    0xB4, 0x12, 0x25, 0xA8, 0xDA, 0x38, 0x06, 0x49, 0xC2, 0xD2, 0x68, 0xF5, 0xDC, 0x66, 0x2B, 0xE0, 0x3C, 0x61, 0x08, 0x24, 0x7E, 0x2F, 0x64, 0x31,
    0x65, 0xC4, 0xF2, 0xF8, 0x51, 0x86, 0x95, 0x85, 0x7C, 0x35, 0x97, 0x5D, 0x81, 0x4D, 0x75, 0x1E, 0x48, 0xEB, 0x8E, 0x24, 0xEB, 0x17, 0x3D, 0x12,
    0x85, 0xBA, 0x4A, 0x3B, 0x51, 0x5D, 0xD3, 0x3D, 0x9D, 0x2B, 0x30, 0x0E, 0xF5, 0xFB, 0xA1, 0xBC, 0xB4, 0xBA, 0xA3, 0x52, 0xF0, 0x83, 0xE8, 0x12,
    0x64, 0x70, 0xBD, 0x26, 0x4D, 0x63, 0xCC, 0xD3, 0x92, 0x63, 0x60, 0x1A, 0x75, 0x1C, 0x44, 0xEB, 0x8E, 0x17, 0xD0, 0xA9, 0x65, 0x21, 0x3D, 0x4A,
    0x99, 0x81, 0x3E, 0x2E, 0xBB, 0xE9, 0x07, 0xCA, 0x21, 0x74, 0xB2, 0xB2, 0x0C, 0xDD, 0x42, 0x19, 0x52, 0x17, 0xC3, 0x35, 0x0B, 0x83, 0xA4, 0x11,
    0x66, 0x83, 0x61, 0x8C, 0x2A, 0x49, 0xB3, 0x18, 0xA3, 0xD2, 0x19, 0xCA, 0xBA, 0xDE, 0xA2, 0x8C, 0xA9, 0xF3, 0x28, 0xC3, 0xEA, 0x2E, 0xC6, 0xBE,
    0xBA, 0x8F, 0xF1, 0xDE, 0xA3, 0x83, 0x8E, 0x7F, 0x69, 0xDB, 0xB1, 0xED, 0x0F, 0x1D, 0xE4, 0x32, 0xA6, 0xA2, 0x99, 0x94, 0xD9, 0xE8, 0x06, 0x2F,
    0xE5, 0x3B, 0xDA, 0xA8, 0x1C, 0x48, 0x6B, 0x95, 0x3F, 0xE8, 0x77, 0x39, 0x86, 0xAE, 0x57, 0x76, 0xD4, 0x23, 0x8C, 0x4B, 0xF5, 0x7C, 0x8C, 0xAB,
    0x13, 0x8E, 0x4D, 0x69, 0xCB, 0x31, 0x14, 0xDA, 0x75, 0xCC, 0x66, 0x43, 0x5F, 0x96, 0x97, 0xE8, 0xD7, 0x32, 0xAF, 0xDE, 0x5B, 0x3E, 0xE5, 0xD1,
    0x69, 0x05, 0x94, 0xA1, 0xF4, 0xA8, 0xB2, 0x4C, 0x0F, 0xDD, 0xA0, 0x2C, 0x45, 0x4F, 0x8D, 0xD5, 0xE8, 0xB5, 0x71, 0x07, 0xFA, 0xB6, 0xAC, 0x63,
    0x0C, 0x02, 0x8A, 0x0E, 0xF5, 0x4B, 0x32, 0xD4, 0x71, 0x9A, 0xEB, 0xE7, 0x9A, 0xC2, 0xCA, 0x22, 0x9D, 0x90, 0x32, 0x74, 0x2F, 0xC1, 0xF7, 0x22,
    0x12, 0xEE, 0xFF, 0xDC, 0xDC, 0xD6, 0xAC, 0x1E, 0x2C, 0x1C, 0xFF, 0x00, 0x32, 0xB6, 0xBC, 0x1C, 0x17, 0x01, 0xF4, 0x41, 0xD5, 0x7B, 0x92, 0x34,
    0x4A, 0xC1, 0x14, 0xC0, 0x32, 0x5A, 0xD6, 0x81, 0x2D, 0x17, 0x3D, 0x29, 0x27, 0xF0, 0x2D, 0x97, 0xE5, 0xD9, 0x38, 0xF2, 0xB0, 0xFF, 0xFF, 0x0F,
    0xC5, 0x40, 0x42, 0xD0, 0xED, 0xFF, 0xFF, 0xD2, 0x12, 0x6E, 0x09, 0xB3, 0x5C, 0x56, 0x5A, 0xE2, 0x76, 0xAF, 0x7B, 0x75, 0xB1, 0x03, 0xEA, 0x72,
    0x6A, 0xEA, 0x29, 0x2D, 0x74, 0x49, 0x50, 0x24, 0x08, 0x41, 0x20, 0x47, 0x08, 0xB3, 0x99, 0x83, 0x22, 0xDF, 0x15, 0x96, 0xE4, 0xD4, 0xE2, 0xE2,
    0xFC, 0xC2, 0x20, 0xDC, 0xE5, 0xC1, 0xF1, 0xB0, 0xDB, 0x1F, 0x6C, 0xD8, 0xDF, 0xAA, 0xF4, 0x70, 0x83, 0x41, 0xEA, 0x26, 0xE0, 0xD3, 0x41, 0xE3,
    0xAD, 0x83, 0xA9, 0x25, 0x34, 0xAC, 0x70, 0x1D, 0x96, 0x76, 0xF3, 0xCA, 0x5A, 0xAD, 0xE6, 0x41, 0x20, 0xBB, 0x8D, 0xA2, 0x13, 0xC6, 0x71, 0x01,
    0x99, 0xF2, 0x9B, 0xB6, 0x91, 0x2D, 0x37, 0xE8, 0x82, 0x20, 0x43, 0x11, 0x83, 0xC9, 0x30, 0x53, 0x80, 0x34, 0x37, 0x30, 0xB2, 0xC2, 0xF4, 0xCA,
    0x02, 0x10, 0xAB, 0x45, 0x28, 0x55, 0x2C, 0x44, 0x7B, 0x38, 0xA9, 0x9B, 0x2C, 0x99, 0x43, 0x63, 0xA8, 0x3E, 0xCE, 0xD4, 0x8B, 0xAA, 0x0D, 0x65,
    0x14, 0x0D, 0x17, 0x79, 0xCC, 0xEA, 0xC8, 0x5D, 0x81, 0xAC, 0xD5, 0x15, 0x41, 0xC2, 0x4E, 0xC3, 0x82, 0x19, 0xC5, 0x89, 0x3D, 0xC8, 0x0A, 0xB3,
    0x8E, 0xC2, 0x23, 0x89, 0x9A, 0x97, 0x49, 0x55, 0x36, 0x91, 0x5A, 0x0D, 0x0B, 0x44, 0x39, 0xEA, 0xCD, 0x34, 0xF2, 0x89, 0x2D, 0x32, 0xAB, 0x25,
    0xA0, 0xC0, 0xCA, 0x80, 0x0D, 0x62, 0xDA, 0x04, 0x11, 0x0C, 0x7A, 0x08, 0xFF, 0x15, 0x6A, 0xBC, 0x0A, 0x02, 0xFC, 0x01, 0x2A, 0x85, 0xFB, 0x71,
    0xA4, 0xF2, 0x59, 0x82, 0xD5, 0x63, 0xCA, 0xD6, 0xF3, 0x02, 0x81, 0x47, 0xF7, 0x8E, 0xA7, 0x00, 0x89, 0x1D, 0x00, 0x81, 0x01, 0xBC, 0x6C, 0xE8,
    0x24, 0x81, 0xC8, 0xA9, 0x0B, 0x02, 0x00, 0x4C, 0x70, 0xCC, 0xA7, 0x8A, 0x43, 0xE1, 0xF1, 0x26, 0x87, 0x10, 0x9B, 0x15, 0xE7, 0x9A, 0xCB, 0x23,
    0x34, 0x8B, 0xB9, 0x33, 0xB1, 0x54, 0x64, 0x32, 0x4D, 0x63, 0x80, 0x75, 0x60, 0x90, 0x40, 0x81, 0xA1, 0xB1, 0x7C, 0xF9, 0x36, 0x2E, 0x57, 0x67,
    0xE4, 0x16, 0x7A, 0x89, 0x65, 0x4D, 0x4C, 0x0E, 0x0B, 0x7F, 0xF8, 0x1D, 0x60, 0x83, 0x45, 0x47, 0x81, 0x03, 0x7D, 0xF7, 0x2B, 0xA6, 0x55, 0x20,
    0x02, 0x55, 0x13, 0xAC, 0xA5, 0x0A, 0x48, 0x42, 0xC6, 0x60, 0x2B, 0x1A, 0xA4, 0x41, 0x88, 0x27, 0x6D, 0xC3, 0x99, 0x6B, 0x71, 0x04, 0xF9, 0x39,
    0x32, 0xC9, 0x62, 0x27, 0xA9, 0x00, 0x31, 0x92, 0x00, 0x14, 0x64, 0x1B, 0xFE, 0x98, 0xF5, 0x43, 0x58, 0x91, 0xF7, 0xB8, 0x10, 0x86, 0x9F, 0x83,
    0x39, 0x8F, 0x96, 0x13, 0x07, 0x9C, 0x12, 0x1B, 0x46, 0xFD, 0xD5, 0x45, 0x34, 0x86, 0xF9, 0xFF, 0xAB, 0x70, 0x4C, 0xA0, 0xD9, 0xAA, 0x14, 0x42,
    0x33, 0x49, 0xC3, 0xE4, 0x19, 0x89, 0x06, 0x7F, 0xD3, 0xB0, 0x6D, 0x9E, 0xA5, 0x3B, 0x88, 0x06, 0x5B, 0x2A, 0xEC, 0x3E, 0x64, 0xC2, 0x53, 0x26,
    0xC3, 0x34, 0xE1, 0x6B, 0x8C, 0xCE, 0x46, 0x50, 0x02, 0x9F, 0xEE, 0xDD, 0xF4, 0x58, 0xEE, 0xEB, 0xCB, 0xCB, 0xCE, 0x65, 0xC2, 0x0B, 0x9F, 0x2E,
    0x12, 0xD3, 0xEF, 0xEF, 0x9D, 0xCA, 0x2A, 0x7E, 0xC4, 0x7E, 0x0C, 0xCC, 0xF9, 0x39, 0x6F, 0xC6, 0x43, 0x49, 0xBE, 0x12, 0xA6, 0x71, 0x54, 0xA7,
    0xDA, 0x2F, 0xCE, 0x5A, 0x6D, 0x1E, 0xD4, 0x04, 0x42, 0x9C, 0x57, 0x8D, 0xCD, 0xA0, 0x73, 0xB8, 0x0A, 0xE5, 0xC9, 0xAB, 0x3C, 0xAF, 0xAF, 0xBC,
    0x0A, 0x97, 0x0F, 0xEE, 0x28, 0xC3, 0x30, 0xC1, 0xFA, 0xFF, 0x0F, 0xFE, 0x39, 0xFD, 0x08, 0xE3, 0xB2, 0x9F, 0x8F, 0xEB, 0x9C, 0x70, 0x6C, 0x96,
    0x5B, 0x8E, 0x31, 0xE4, 0x85, 0x65, 0x16, 0xF9, 0x65, 0x79, 0x31, 0x7F, 0x2D, 0xFF, 0xFD, 0xDE, 0x72, 0x8F, 0x2F, 0xA0, 0xFC, 0xF9, 0xA3, 0xCA,
    0x4B, 0xBE, 0xCF, 0x98, 0xB1, 0xE5, 0x4F, 0x8D, 0x09, 0xFC, 0xAA, 0xFF, 0xBF, 0x38, 0xBC, 0x21, 0x9C, 0xFF, 0x08, 0x8C, 0xA9, 0x19, 0xFA, 0x20,
    0xFF, 0xF5, 0x47, 0x27, 0xFF, 0x91, 0x16, 0xFC, 0x02, 0xB8, 0x5B, 0xCE, 0x85, 0x87, 0xC8, 0x23, 0xE0, 0x32, 0xF2, 0xAE, 0x1E, 0x32, 0x97, 0xD0,
    0x9B, 0xE6, 0x27, 0x7A, 0xC9, 0x5F, 0xD8, 0xA3, 0xFE, 0xCB, 0x5E, 0xF7, 0x1B, 0xE2, 0x38, 0x3F, 0x13, 0x87, 0xCD, 0x63, 0x71, 0x53, 0xDF, 0x7C,
    0xD6, 0x0A, 0xDE, 0x93, 0xFB, 0xE0, 0x31, 0xBF, 0x7F, 0x0A, 0xFF, 0xF9, 0x3F, 0x3D, 0xD5, 0xA7, 0xEA, 0xD9, 0x3E, 0x5B, 0x7F, 0xF7, 0xEF, 0xFA,
    0xC0, 0x1F, 0xD8, 0x7F, 0xC8, 0xF7, 0x3E, 0x46, 0x2E, 0x88, 0x1F, 0xFE, 0x47, 0xDC, 0x05, 0x52, 0x7E, 0xC6, 0x71, 0xF3, 0x5C, 0x9C, 0x26, 0xAF,
    0xC1, 0xC5, 0x21, 0xA0, 0x84, 0xFB, 0xA0, 0xFC, 0x1A, 0x36, 0xC1, 0x8B, 0x36, 0xC0, 0x94, 0x4B, 0x57, 0x3E, 0x97, 0x7E, 0x59, 0xC3, 0xAC, 0x30,
    0x09, 0xF3, 0xE5, 0xB5, 0xFB, 0xBE, 0x31, 0x76, 0xBD, 0x38, 0x62, 0xBC, 0x49, 0x2A, 0xFA, 0x2A, 0x4E, 0x14, 0x76, 0xB1, 0x2A, 0x50, 0x39, 0xE3,
    0x9B, 0x22, 0xD7, 0x27, 0x65, 0x03, 0x62, 0x14, 0x13, 0x3B, 0x74, 0x61, 0x68, 0xF6, 0x85, 0x45, 0xA0, 0x34, 0xF2, 0x79, 0x6E, 0xE6, 0x2C, 0x8E,
    0xDB, 0xB9, 0x79, 0xBB, 0xBA, 0xF9, 0x64, 0x09, 0xAD, 0x93, 0x5D, 0x5A, 0x27, 0x30, 0xBF, 0x89, 0x80, 0xCF, 0x04, 0x69, 0xC8, 0x76, 0x6A, 0x68,
    0xC9, 0x57, 0xD5, 0x57, 0xE2, 0xA0, 0xAA, 0xAF, 0x8D, 0x23, 0x4A, 0x12, 0x26, 0x45, 0xAB, 0x67, 0x35, 0x5B, 0x41, 0x8D, 0x27, 0x7C, 0x80, 0xC4,
    0xAF, 0x83, 0x2C, 0xA6, 0x88, 0x58, 0x1E, 0x65, 0x1C, 0x56, 0x96, 0xC6, 0xAB, 0xD9, 0x83, 0x2B, 0xB0, 0x64, 0xCE, 0x03, 0xB6, 0xEE, 0xD8, 0x60,
    0xFD, 0x8D, 0x47, 0xA2, 0x82, 0xAC, 0xD2, 0xA3, 0xAA, 0x6B, 0xAA, 0xA9, 0xE4, 0x27, 0xA8, 0x1F, 0xA4, 0xFC, 0xD3, 0x39, 0x99, 0xD0, 0x15, 0xC0,
    0x46, 0x58, 0xBF, 0x8C, 0xD8, 0x98, 0x7D, 0xF2, 0x4E, 0xC0, 0x3F, 0x9B, 0x30, 0x78, 0xE2, 0x80, 0x75, 0x96, 0xB1, 0xC8, 0x39, 0x9D, 0xEA, 0x36,
    0xE9, 0x34, 0x14, 0x39, 0xDB, 0xD3, 0xDC, 0xFB, 0x23, 0xB2, 0x57, 0x99, 0xDF, 0x56, 0x33, 0x61, 0x98, 0x31, 0x37, 0x3F, 0x2F, 0x1B, 0x65, 0x7B,
    0xCB, 0xDA, 0x25, 0x95, 0x9D, 0x9A, 0x95, 0x2E, 0x2D, 0x7F, 0x09, 0x2F, 0x04, 0xC8, 0x96, 0xF2, 0x05, 0x38, 0x48, 0x95, 0xCB, 0x24, 0x52, 0x90,
    0x24, 0x5C, 0x51, 0xE4, 0xD7, 0x02, 0xC8, 0xBC, 0xAC, 0x47, 0xBB, 0x36, 0xDC, 0x71, 0x50, 0x2E, 0xDF, 0xF5, 0x18, 0x34, 0x42, 0x6E, 0x01, 0x21,
    0x74, 0x63, 0x44, 0x9D, 0xFB, 0x81, 0x19, 0xC2, 0x87, 0x14, 0x13, 0x3D, 0x64, 0x65, 0xF4, 0xD0, 0xC9, 0xB1, 0x08, 0x0C, 0xB9, 0x98, 0xA0, 0x52,
    0x71, 0x87, 0x46, 0x62, 0x83, 0xD6, 0x1D, 0x12, 0x5A, 0xFB, 0xAE, 0xD3, 0x3C, 0x45, 0x95, 0xD0, 0xBB, 0xFF, 0x8A, 0xDF, 0xE4, 0x43, 0x7A, 0x71,
    0xA6, 0x9C, 0x05, 0x58, 0xF7, 0xA1, 0xFF, 0x46, 0x4F, 0x33, 0x69, 0x0F, 0x38, 0x65, 0x89, 0x08, 0x97, 0x99, 0x32, 0x38, 0x98, 0x08, 0xD9, 0xC1,
    0x11, 0x8F, 0x07, 0x81, 0xF8, 0x6E, 0x8D, 0x5B, 0xB0, 0x18, 0x43, 0x4C, 0x55, 0x15, 0xFA, 0x7E, 0xC8, 0x2E, 0xC1, 0xC1, 0x40, 0x02, 0x21, 0xF2,
    0x30, 0x79, 0x5F, 0x68, 0xF8, 0xF1, 0xED, 0x0C, 0x30, 0xE0, 0x81, 0x4E, 0x93, 0xDF, 0x3B, 0x31, 0xC1, 0xAE, 0x93, 0xFB, 0xCA, 0x9E, 0xD7, 0x82,
    0x47, 0xD2, 0xB2, 0x53, 0x31, 0xD0, 0x7C, 0xD4, 0x09, 0xFB, 0x29, 0x8B, 0x23, 0xB9, 0xE9, 0x5E, 0x89, 0x33, 0x0F, 0xC4, 0x52, 0x18, 0x29, 0x48,
    0x3D, 0x89, 0x46, 0x7F, 0x00, 0x7F, 0x51, 0x25, 0x4F, 0x40, 0xA9, 0x06, 0x73, 0xDF, 0xC4, 0xFF, 0xE9, 0x56, 0xFA, 0x4B, 0x5C, 0xE2, 0xFC, 0x1F,
    0x93, 0x14, 0x8E, 0x22, 0x4A, 0x75, 0x70, 0x36, 0x71, 0xBE, 0x2D, 0x62, 0xE7, 0x83, 0x4A, 0xA1, 0x27, 0x89, 0x0A, 0x01, 0x52, 0xF8, 0x04, 0xB0,
    0x1C, 0xF2, 0xE8, 0x20, 0xEE, 0x14, 0x11, 0x09, 0x90, 0x40, 0x53, 0xA7, 0xCC, 0x87, 0xCF, 0x69, 0xC0, 0x03, 0x90, 0x70, 0xE5, 0xFE, 0x70, 0xB6,
    0x07, 0xC4, 0x62, 0x16, 0x51, 0x01, 0x66, 0xA7, 0x2F, 0x5D, 0x6C, 0xA0, 0x0C, 0x6E, 0x63, 0x88, 0x21, 0x26, 0x98, 0x24, 0x6D, 0xE4, 0xDC, 0x08,
    0x8C, 0x14, 0x79, 0x0F, 0x00, 0xB1, 0x4D, 0x78, 0x29, 0x5C, 0x93, 0x80, 0xD5, 0xC6, 0xA2, 0x5E, 0xF9, 0x83, 0xA5, 0x82, 0x22, 0x34, 0x4E, 0x6A,
    0xDC, 0xC6, 0x53, 0x1F, 0xB8, 0x64, 0xE8, 0xBB, 0x84, 0x5D, 0xC4, 0x61, 0xBC, 0xF0, 0x4C, 0x38, 0x26, 0xED, 0xAC, 0xB6, 0x59, 0xC5, 0xCA, 0x60,
    0x73, 0x1C, 0xBB, 0x78, 0x5A, 0xE3, 0x69, 0xD1, 0x85, 0x43, 0x8F, 0x91, 0x57, 0xBE, 0x9D, 0xCF, 0x12, 0xE6, 0x7F, 0x16, 0x02, 0x31, 0xBA, 0x76,
    0x55, 0x13, 0x1C, 0xBB, 0xC9, 0x1E, 0x9F, 0x0F, 0x9C, 0xC9, 0xCE, 0x16, 0xCE, 0x53, 0x24, 0xDC, 0x2B, 0xCE, 0x89, 0xE7, 0x0A, 0x2C, 0xD0, 0xD4,
    0x2E, 0x6D, 0xBF, 0xC5, 0xCE, 0x5A, 0x5B, 0x52, 0x80, 0x13, 0x31, 0x0D, 0x87, 0x2F, 0x2A, 0x0D, 0xEE, 0x2F, 0x03, 0x57, 0x35, 0x52, 0x4D, 0x89,
    0xB7, 0x95, 0xA2, 0x4D, 0xD6, 0xE1, 0x02, 0xD6, 0x2D, 0x22, 0xF7, 0xBC, 0x62, 0x48, 0x8D, 0x4A, 0x45, 0x3E, 0x3E, 0x48, 0xDF, 0xB9, 0xB3, 0xC1,
    0xAA, 0x1A, 0x95, 0x12, 0x22, 0x5E, 0x7C, 0x23, 0x07, 0xC7, 0xD0, 0xE6, 0x8D, 0x80, 0x82, 0x7D, 0x45, 0x7B, 0xDB, 0x50, 0x72, 0xFF, 0xCE, 0xD0,
    0x78, 0xCE, 0x23, 0xF1, 0x97, 0x87, 0xE3, 0x8B, 0x3F, 0x94, 0x3B, 0x3F, 0x2E, 0x19, 0xD9, 0x51, 0xA2, 0x05, 0xBA, 0x6D, 0xCB, 0xF6, 0xEE, 0x03,
    0x17, 0x24, 0x7C, 0x87, 0x2B, 0x3F, 0xEA, 0xC2, 0x9F, 0x32, 0xF3, 0x0B, 0x84, 0x7D, 0xD5, 0xDD, 0xF7, 0xF3, 0xE9, 0xBF, 0x46, 0x10, 0xB1, 0x50,
    0x32, 0xB4, 0x56, 0x04, 0x74, 0x19, 0xE5, 0xE7, 0x88, 0xD8, 0xF7, 0x79, 0xCD, 0xD0, 0x33, 0x85, 0xF3, 0x93, 0xB9, 0xC0, 0x7B, 0x78, 0xF8, 0x17,
    0xDC, 0x7A, 0xAC, 0x1C, 0x12, 0x67, 0x52, 0xF3, 0x0F, 0xE0, 0x7D, 0x1F, 0xD7, 0x37, 0xC6, 0xA8, 0x01, 0x4C, 0x8D, 0xE7, 0xCB, 0x16, 0xFD, 0x5D,
    0x96, 0x62, 0xB4, 0xCC, 0xDD, 0xB2, 0x84, 0xDD, 0xF4, 0x62, 0x13, 0x76, 0x61, 0xBB, 0xD7, 0x4F, 0x08, 0x15, 0xCC, 0xA7, 0x08, 0x7C, 0xF9, 0xF3,
    0x2B, 0x3B, 0xEE, 0x7E, 0x5F, 0x47, 0xBF, 0x6F, 0x2F, 0x58, 0xEF, 0x6C, 0x65, 0xEF, 0x8D, 0x6B, 0x95, 0x60, 0xA9, 0x2A, 0x52, 0xB3, 0x7F, 0x97,
    0x48, 0x6D, 0x8D, 0x91, 0x81, 0x9E, 0x87, 0xA4, 0x07, 0x83, 0x69, 0x9F, 0x07, 0x4C, 0x89, 0x7E, 0x91, 0x56, 0x55, 0x1C, 0x9A, 0x4B, 0x24, 0x4B,
    0xD9, 0x71, 0x65, 0x02, 0x71, 0x0E, 0xC0, 0x61, 0x5C, 0x0E, 0x5C, 0xC7, 0x09, 0xA7, 0xDC, 0x30, 0x8A, 0x0F, 0x3C, 0x11, 0x62, 0x97, 0x97, 0x07,
    0x14, 0x60, 0x62, 0xCA, 0xDA, 0xBE, 0x58, 0xED, 0x17, 0x83, 0xE5, 0xC2, 0x72, 0x92, 0xF4, 0xC4, 0xE1, 0x23, 0x48, 0xFC, 0xA7, 0x1F, 0x72, 0x2A,
    0x51, 0x19, 0x4B, 0x7A, 0xE8, 0x5B, 0x50, 0x52, 0x5F, 0x8E, 0xCB, 0x20, 0x1B, 0x46, 0x31, 0x9F, 0x25, 0xEC, 0xA2, 0x57, 0xC6, 0x73, 0x3C, 0xB7,
    0x70, 0x93, 0xD2, 0xA0, 0x1F, 0xA8, 0x7C, 0x36, 0x56, 0x50, 0x7E, 0x2A, 0x3B, 0x28, 0xDB, 0xE5, 0x0F, 0x65, 0x0D, 0x65, 0xB7, 0xF1, 0x5F, 0x39,
    0xC4, 0xB8, 0x47, 0x59, 0xC6, 0x38, 0xC5, 0x67, 0x19, 0x72, 0xFC, 0x63, 0xAC, 0xC2, 0x74, 0x3C, 0xC4, 0xC8, 0x78, 0x07, 0x94, 0xB1, 0x2B, 0x93,
    0xB1, 0xE5, 0x69, 0xF9, 0x65, 0x0C, 0xDB, 0x97, 0x8D, 0xC6, 0x37, 0x65, 0x98, 0x32, 0x53, 0xF9, 0xA8, 0x2C, 0x56, 0xDE, 0x2A, 0x53, 0x28, 0x5B,
    0x8D, 0xC9, 0xC6, 0x0F, 0xC6, 0x16, 0xC6, 0x22, 0xC6, 0x2B, 0xC6, 0x34, 0xC6, 0x89, 0xE3, 0x0B, 0x74, 0x11, 0x7A, 0x73, 0xDC, 0x82, 0x3A, 0x56,
    0x2C, 0x4F, 0x96, 0x39, 0xCB, 0x0C, 0x52, 0xCB, 0x63, 0x49, 0xCA, 0x0F, 0xA2, 0x94, 0xC3, 0xE5, 0x71, 0x99, 0xA8, 0x7C, 0xA0, 0x6C, 0x55, 0x26,
    0x2B, 0x63, 0xE1, 0xAE, 0xB9, 0xFC, 0x10, 0xBC, 0xF2, 0xE6, 0xEB, 0xFB, 0xF8, 0x06, 0x38, 0xE7, 0x37, 0x7C, 0xED, 0xD5, 0xB5, 0xBA, 0x7A, 0x2B,
    0x81, 0x74, 0x6A, 0x5B, 0xEF, 0x67, 0x94, 0xB6, 0x58, 0x30, 0xBE, 0x71, 0x9B, 0x15, 0xB0, 0x03, 0x6D, 0x3E, 0x60, 0x97, 0x00, 0x58, 0xA7, 0xC0,
    0x62, 0x9D, 0x58, 0xD7, 0xC0, 0xCA, 0x58, 0x9F, 0xA8, 0x3E, 0x2F, 0xB0, 0xA6, 0xB1, 0x7D, 0xFA, 0xB1, 0xDA, 0xE9, 0x75, 0x99, 0xF5, 0x18, 0xCD,
    0x17, 0x5B, 0x81, 0x4E, 0xB4, 0xD2, 0x47, 0x7B, 0xFA, 0xEC, 0xA0, 0x6D, 0xA7, 0x6A, 0xCC, 0x43, 0xB3, 0xDE, 0x18, 0x0C, 0xCE, 0xB6, 0x59, 0x6B,
    0xF2, 0x50, 0x06, 0xB8, 0xDF, 0xA4, 0x37, 0xA9, 0x8C, 0x81, 0x9F, 0x21, 0xC9, 0x0A, 0x5B, 0x92, 0x10, 0x13, 0xFE, 0xA7, 0xC8, 0xAE, 0x92, 0xBC,
    0xA9, 0xA0, 0x9C, 0xED, 0xE4, 0x6E, 0x07, 0x96, 0xF6, 0x21, 0xD3, 0x87, 0x29, 0x9B, 0x06, 0xE8, 0x2D, 0xC8, 0x72, 0x9E, 0x94, 0xF1, 0x78, 0x0E,
    0x52, 0x8D, 0x00, 0x64, 0x3A, 0xF8, 0x33, 0xE5, 0x00, 0xEF, 0x48, 0xC3, 0xDE, 0x62, 0xE1, 0x97, 0x42, 0x9C, 0x13, 0xE3, 0xEE, 0x11, 0x64, 0xE7,
    0x1D, 0xB7, 0x0D, 0x1F, 0x9B, 0x03, 0x3F, 0x29, 0x68, 0xDF, 0xF2, 0x06, 0x54, 0x2C, 0x3E, 0x79, 0x5C, 0x54, 0x92, 0xA2, 0x88, 0x64, 0x22, 0xF1,
    0x08, 0x89, 0xDF, 0x81, 0x15, 0x79, 0x46, 0x34, 0xCB, 0x0F, 0x49, 0xA0, 0xD0, 0x31, 0x41, 0x02, 0xDB, 0xA4, 0x26, 0xE5, 0xFF, 0x30, 0xE7, 0xFF,
    0x7F, 0x16, 0xCB, 0x1E, 0xDB, 0xAE, 0x13, 0xB5, 0x31, 0x29, 0x75, 0x97, 0x59, 0x04, 0x59, 0x82, 0x19, 0xCE, 0x7C, 0xC2, 0x3C, 0xC2, 0x5C, 0x68,
    0xAE, 0x61, 0x4E, 0x41, 0x9E, 0x34, 0x1B, 0x92, 0x25, 0xA4, 0x9A, 0x33, 0xC9, 0x9E, 0x64, 0x14, 0x0E, 0xEC, 0x85, 0x68, 0x12, 0xE4, 0x63, 0x42,
    0x94, 0xB1, 0x14, 0x89, 0x68, 0x60, 0x13, 0x32, 0x55, 0xB3, 0xEE, 0x23, 0x23, 0x21, 0xF3, 0x75, 0x0B, 0x94, 0xBA, 0xC8, 0x7E, 0xBA, 0xCF, 0xEE,
    0x0C, 0xFA, 0x7D, 0x2C, 0x78, 0xBF, 0xD9, 0x85, 0x76, 0xA6, 0x9D, 0xC1, 0x2E, 0xB6, 0xBB, 0xED, 0x14, 0xF6, 0x07, 0x65, 0x9A, 0xBF, 0x5A, 0x3E,
    0x92, 0x1F, 0x8E, 0x11, 0xFF, 0x86, 0xF2, 0x2C, 0x6D, 0xA8, 0x5A, 0xE2, 0x77, 0x4B, 0x26, 0x6C, 0x16, 0x46, 0xF0, 0xAF, 0xC4, 0x55, 0x59, 0xB0,
    0xDB, 0xFC, 0x2D, 0x07, 0x2C, 0x81, 0x72, 0x72, 0xAE, 0x20, 0x8F, 0xCB, 0x1D, 0xE4, 0x79, 0xF9, 0x87, 0xFC, 0xFE, 0x31, 0x72, 0xBD, 0xEF, 0x98,
    0x0F, 0x7E, 0x19, 0x7F, 0xC8, 0x87, 0xFC, 0xAC, 0xDF, 0xF4, 0x57, 0xE6, 0x50, 0x7E, 0x6B, 0x6E, 0xF3, 0xBB, 0xAA, 0xE4, 0x4B, 0x7F, 0x27, 0xBF,
    0xC9, 0x13, 0xE4, 0x4C, 0x39, 0x5A, 0x2E, 0x96, 0x47, 0x7D, 0x0A, 0x79, 0x83, 0xCF, 0x97, 0x73, 0xF8, 0x16, 0x3E, 0x8C, 0xBF, 0xE2, 0x33, 0x6E,
    0x3E, 0xC1, 0x53, 0x7D, 0x71, 0x25, 0x32, 0x38, 0x95, 0x99, 0x3B, 0x05, 0x1F, 0xC8, 0xAB, 0x30, 0x47, 0xD5, 0x4E, 0xBE, 0xD9, 0x37, 0xBC, 0x8F,
    0x92, 0x49, 0x6B, 0x1B, 0x66, 0x5B, 0xD7, 0x1A, 0x5B, 0x06, 0x97, 0xD6, 0xFF, 0x4A, 0xFA, 0x57, 0x42, 0xFC, 0x44, 0x2E, 0xBF, 0x49, 0x33, 0xB7,
    0x32, 0xCD, 0xC9, 0x60, 0x7C, 0x38, 0xC2, 0x7F, 0xE1, 0x41, 0x3E, 0xC2, 0xE7, 0xAF, 0x58, 0xCD, 0x6B, 0x28, 0xC9, 0x15, 0x0F, 0x7F, 0x90, 0xC7,
    0xDF, 0xB9, 0x21, 0x5F, 0xD5, 0xCB, 0x95, 0x54, 0x7D, 0x29, 0xBD, 0xB9, 0x38, 0xC8, 0xCF, 0xE9, 0xFC, 0x03, 0x52, 0xE4, 0x08, 0x02, 0x73, 0xB2,
    0xFD, 0x6D, 0xB9, 0x2F, 0x17, 0x94, 0x67, 0x70, 0xFD, 0x79, 0x34, 0xF2, 0xBF, 0xC4, 0x1C, 0x07, 0xDD, 0xF7, 0xE1, 0xE1, 0x0F, 0xA9, 0x73, 0x23,
    0x58, 0x39, 0xEB, 0x95, 0x6F, 0x3B, 0x24, 0xDF, 0xC5, 0xFB, 0x3E, 0x37, 0x2E, 0x0F, 0xF4, 0xCB, 0x33, 0xD1, 0xF0, 0x55, 0x3F, 0x3C, 0x99, 0x12,
    0x0F, 0x47, 0xC5, 0x63, 0xF8, 0xE2, 0xF3, 0xD8, 0xF8, 0xBF, 0x09, 0xFC, 0xE0, 0x1D, 0xCF, 0xE8, 0x69, 0x5F, 0x7E, 0x8A, 0xC6, 0x38, 0xBF, 0x6E,
    0x91, 0x99, 0x5C, 0xDA, 0xBE, 0x38, 0x35, 0x05, 0xC2, 0xBA, 0xAA, 0x02, 0x9F, 0xE3, 0x97, 0xFA, 0x2D, 0x2F, 0x2D, 0x06, 0xEA, 0x7A, 0x27, 0x45,
    0xA4, 0xB1, 0x63, 0xD8, 0x4F, 0xFF, 0x7F, 0xDE, 0x5F, 0x45, 0xCA, 0x32, 0xB3, 0x76, 0xC1, 0xE5, 0xD3, 0x12, 0x55, 0xE3, 0x9F, 0x9F, 0xD8, 0xB5,
    0xB6, 0x8C, 0x2D, 0xB6, 0x91, 0x6C, 0xDA, 0x9E, 0x39, 0x5F, 0xD9, 0x49, 0x67, 0x38, 0xDB, 0xEB, 0x8C, 0x75, 0xA6, 0x3B, 0x43, 0x38, 0xA3, 0x38,
    0x93, 0x38, 0xEB, 0xE7, 0x0F, 0xF6, 0x9E, 0x6D, 0xDE, 0x41, 0x6A, 0xB1, 0xBF, 0xA0, 0x90, 0xE0, 0xDF, 0x8C, 0xA9, 0xC8, 0xFF, 0x3B, 0xED, 0xDD,
    0xF0, 0xBD, 0x77, 0x94, 0x9B, 0x4F, 0xC0, 0x5D, 0x39, 0xBE, 0xA3, 0xEE, 0x03, 0xF7, 0x65, 0x0F, 0x4F, 0x76, 0x4B, 0xF1, 0x16, 0x6E, 0x35, 0xBE,
    0x8C, 0xEF, 0xC0, 0x5F, 0xE0, 0xCB, 0xBC, 0x1F, 0x0F, 0x84, 0x4F, 0x71, 0x07, 0xDE, 0x31, 0x6C, 0x1D, 0xB6, 0xA3, 0x6D, 0xB6, 0x4B, 0x6D, 0x59,
    0xFB, 0xF0, 0xB6, 0x72, 0xFF, 0xDA, 0x2E, 0x34, 0x36, 0x92, 0x73, 0xEE, 0xF9, 0xCA, 0xB9, 0xAA, 0xE6, 0x0C, 0x74, 0x36, 0x70, 0x56, 0x70, 0x06,
    0x3B, 0x3B, 0x38, 0xD7, 0x9D, 0x3F, 0x9C, 0xF7, 0xCE, 0x21, 0x76, 0x24, 0x3A, 0xCA, 0x2E, 0x45, 0x27, 0xBD, 0x42, 0x16, 0xE4, 0x9F, 0x5C, 0x5E,
    0x5C, 0x26, 0xCF, 0xFF, 0x2F, 0x26, 0xD2, 0xB9, 0x08, 0xC6, 0x9F, 0xFA, 0x31, 0x20, 0x38, 0x62, 0x49, 0x62, 0x48, 0x9B, 0xC2, 0x58, 0x0A, 0xE4,
    0x8E, 0x7D, 0x15, 0x71, 0x79, 0xB9, 0x1C, 0xE8, 0xDA, 0x8A, 0xC0, 0x75, 0x44, 0xB6, 0x25, 0x21, 0xD7, 0xEA, 0xB2, 0xC0, 0x13, 0xDE, 0x2B, 0xF8,
    0x13, 0x7C, 0x22, 0x5F, 0xC8, 0xEF, 0xD8, 0xE4, 0x5D, 0x2F, 0xF9, 0xC5, 0xDB, 0xF7, 0x95, 0x87, 0xED, 0xBC, 0x7F, 0x7A, 0xF9, 0xDF, 0xDA, 0x1B,
    0x41, 0xEC, 0x2D, 0xBE, 0xD1, 0xAC, 0xDC, 0xF4, 0xED, 0x73, 0x5F, 0xDD, 0x39, 0xFC, 0x00, 0xBE, 0xE6, 0xB1, 0x78, 0x33, 0x1E, 0x02, 0x8F, 0x81,
    0x27, 0xC1, 0x93, 0xFB, 0x1A, 0xBD, 0x0D, 0x7E, 0x91, 0x2F, 0x71, 0xFF, 0xDD, 0x38, 0xEE, 0x1E, 0xF7, 0x98, 0x90, 0xFB, 0xC1, 0xE7, 0x7D, 0xE1,
    0xC8, 0x4D, 0x62, 0xC9, 0xDD, 0x82, 0xCA, 0xDD, 0x72, 0xEB, 0xDC, 0x04, 0xEE, 0x1D, 0xB2, 0xEB, 0xE6, 0x5E, 0x26, 0x03, 0xD6, 0x66, 0xFB, 0x99,
    0x0E, 0x54, 0xFF, 0x99, 0x85, 0x06, 0xC9, 0x9F, 0x65, 0xC0, 0x2E, 0xE1, 0x2D, 0x38, 0x82, 0x80, 0xE0, 0x39, 0x12, 0x42, 0x37, 0x04, 0x18, 0x39,
    0x1C, 0x0C, 0xEE, 0xB8, 0x12, 0x47, 0x10, 0x1E, 0x87, 0xE0, 0x72, 0x6C, 0x3D, 0x38, 0xAD, 0x7A, 0xBB, 0x9C, 0x73, 0x8B, 0xF2, 0x16, 0x6B, 0xA2,
    0x2D, 0x07, 0xEF, 0x4A, 0x0E, 0xB6, 0xA7, 0x19, 0x6B, 0x01, 0x4E, 0xA8, 0xA5, 0x45, 0xF2, 0x0D, 0xA0, 0x0A, 0xD3, 0x20, 0xE3, 0xEC, 0xB3, 0xBB,
    0x57, 0x33, 0x1E, 0xA9, 0x65, 0x82, 0xBD, 0x64, 0xA0, 0x51, 0xC6, 0x7C, 0xC0, 0x8A, 0x39, 0x19, 0x87, 0x85, 0xFA, 0x86, 0xCD, 0x1C, 0xB8, 0x6F,
    0x7B, 0xBE, 0x06, 0x00, 0xF0, 0xAA, 0x91, 0xEA, 0xCA, 0x72, 0xE2, 0x62, 0x52, 0xDB, 0xAA, 0x92, 0xA0, 0x45, 0xD6, 0x21, 0x4B, 0xC3, 0x2E, 0x4F,
    0x96, 0xC0, 0x86, 0x55, 0xE3, 0xEC, 0x2A, 0xC5, 0x9D, 0x55, 0x8C, 0x14, 0x55, 0x87, 0x81, 0x0C, 0x20, 0x0D, 0x17, 0x68, 0xC6, 0x29, 0x40, 0xCD,
    0xA4, 0xA2, 0xCD, 0x73, 0xA2, 0x83, 0x9F, 0x1A, 0x11, 0x43, 0x2A, 0xCC, 0x17, 0x65, 0x34, 0x03, 0x35, 0x00, 0x31, 0x01, 0x57, 0xD2, 0x53, 0x96,
    0x26, 0x02, 0x3A, 0xAF, 0xBA, 0x6D, 0x87, 0xD3, 0x1E, 0xDD, 0x01, 0x3C, 0xC9, 0x26, 0x1C, 0x5F, 0x4C, 0x3E, 0xC0, 0x96, 0x2A, 0x27, 0x18, 0x08,
    0xAD, 0x53, 0xAA, 0xC5, 0x4C, 0xA2, 0x15, 0x4B, 0xA2, 0xF1, 0xC0, 0x23, 0xD1, 0xE8, 0x28, 0x30, 0xB5, 0xE1, 0x68, 0xC9, 0x6C, 0x44, 0x67, 0x59,
    0x34, 0x46, 0x20, 0x8D, 0xC8, 0x80, 0x08, 0x9A, 0x74, 0x07, 0x24, 0x44, 0x28, 0x78, 0x7B, 0x28, 0xF0, 0x8A, 0x50, 0xA1, 0x4C, 0x10, 0xA3, 0xEA,
    0xDD, 0xE1, 0x87, 0xCB, 0x1D, 0x68, 0x04, 0xB4, 0xC8, 0xF5, 0x83, 0x2D, 0x14, 0xBE, 0x34, 0x67, 0xC6, 0xC5, 0x42, 0x0C, 0xAE, 0xEC, 0x79, 0xEA,
    0x86, 0xA9, 0xF1, 0xD1, 0x41, 0x04, 0x3F, 0x79, 0xB8, 0x7A, 0x76, 0x70, 0x33, 0x06, 0x33, 0x9A, 0xC0, 0x77, 0xD2, 0x29, 0xA2, 0x98, 0x27, 0xC4,
    0x92, 0x6F, 0xAC, 0x92, 0x55, 0x58, 0x21, 0x0F, 0x99, 0x42, 0x4E, 0xF4, 0x21, 0xE7, 0x90, 0x2D, 0x7F, 0xCD, 0x35, 0x39, 0xF6, 0xC7, 0x6C, 0x46,
    0xBE, 0x42, 0x65, 0x46, 0x60, 0x16, 0x62, 0x33, 0x9F, 0x99, 0xAD, 0xEE, 0xCC, 0x1D, 0x32, 0x98, 0x21, 0x04, 0x9A, 0xE9, 0xEC, 0x9C, 0xEE, 0x40,
    0x1C, 0xD8, 0x53, 0xD1, 0x24, 0x28, 0xC8, 0x84, 0x78, 0xB8, 0x14, 0xF9, 0x68, 0x60, 0x93, 0x48, 0xEA, 0x99, 0x8C, 0x27, 0x23, 0xA9, 0x16, 0xD7,
    0x9E, 0x92, 0x8B, 0xD4, 0x72, 0x85, 0x5C, 0x80, 0xC6, 0xF4, 0x08, 0x88, 0x37, 0x5A, 0x82, 0x52, 0xC4, 0x00, 0x98, 0x00, 0x99, 0xCD, 0x00, 0xB8,
    0x20, 0x1A, 0xC3, 0x12, 0x51, 0xDE, 0x82, 0xA1, 0xBF, 0x30, 0xA1, 0xC1, 0xB6, 0xA0, 0x1F, 0x76, 0x40, 0x96, 0x20, 0xCC, 0xA2, 0x15, 0xF4, 0x57,
    0x9F, 0x26, 0xB5, 0x7A, 0xAF, 0x92, 0x18, 0xC7, 0x9E, 0x47, 0xA4, 0x12, 0xBA, 0xE4, 0x21, 0x94, 0x1E, 0x3E, 0x24, 0x60, 0xA1, 0x26, 0x98, 0xE8,
    0xAA, 0x0F, 0x48, 0xAA, 0x68, 0x2A, 0x53, 0x30, 0x6E, 0xD2, 0xE6, 0xF7, 0x5B, 0x82, 0xE8, 0x9C, 0x6F, 0x23, 0x6E, 0x12, 0xFF, 0xFF, 0x05, 0xD4,
    0x96, 0x35, 0x18, 0x7F, 0xDA, 0x0F, 0x7F, 0xB5, 0x5B, 0xCC, 0x95, 0x00, 0x99, 0x96, 0x7E, 0xCA, 0xCD, 0xFA, 0x14, 0x94, 0xD1, 0x00, 0xFB, 0x9E,
    0x1F, 0xFE, 0x91, 0x3D, 0x30, 0xDB, 0x18, 0xBF, 0x8A, 0x0E, 0x18, 0xC7, 0xEF, 0xE5, 0x32, 0x36, 0x24, 0x98, 0x1F, 0x38, 0xBC, 0x7A, 0xEC, 0xEA,
    0xFB, 0x71, 0xE7, 0x09, 0x3B, 0xBE, 0x5E, 0x6E, 0xAE, 0xA2, 0xC8, 0x2F, 0xAC, 0xC9, 0x77, 0xCC, 0xFE, 0x4C, 0x03, 0xB9, 0xE5, 0x66, 0xAE, 0xD8,
    0x24, 0x87, 0xA5, 0x9D, 0xDA, 0x65, 0x92, 0xBA, 0xF2, 0x73, 0x1E, 0xB1, 0x2F, 0x34, 0x94, 0x4B, 0x51, 0xF8, 0x56, 0x55, 0x39, 0x1B, 0xDF, 0x87,
    0xF0, 0x96, 0x67, 0xA8, 0x70, 0x77, 0xF5, 0x5D, 0xF4, 0x09, 0xC2, 0x7D, 0xC6, 0x1D, 0x91, 0x23, 0xFE, 0x68, 0x91, 0x3C, 0xB5, 0xC6, 0x4F, 0xC2,
    0x9D, 0xCD, 0xA7, 0x4C, 0x7E, 0xA5, 0x46, 0xB1, 0x5C, 0xD8, 0x28, 0x81, 0x12, 0x15, 0x9E, 0x68, 0xE1, 0xC8, 0x49, 0xDD, 0xF4, 0x72, 0x1A, 0x8F,
    0xDF, 0x0E, 0x69, 0xA6, 0xAF, 0x6B, 0x36, 0x49, 0x51, 0x42, 0xD8, 0xAB, 0x27, 0x09, 0x82, 0x01, 0x74, 0x2C, 0x67, 0x54, 0x60, 0x01, 0x80, 0x53,
    0xB4, 0xD5, 0x0D, 0x19, 0xE2, 0xED, 0x5D, 0x65, 0xD6, 0xD0, 0x11, 0x17, 0x4B, 0x69, 0xD6, 0xB3, 0xF2, 0x59, 0x65, 0x0B, 0x7D, 0x3E, 0x14, 0x22,
    0x32, 0x92, 0xBF, 0x38, 0x48, 0x60, 0x56, 0x7F, 0x9C, 0xAE, 0xB8, 0xEC, 0x52, 0xD9, 0x40, 0x36, 0x41, 0x1F, 0x57, 0x80, 0xD5, 0x28, 0xC4, 0x16,
    0x98, 0x2B, 0x32, 0x00, 0xB1, 0xE7, 0x9E, 0x6E, 0x8F, 0x7A, 0x9A, 0x2E, 0xFE, 0x91, 0x1A, 0x0A, 0x5F, 0xEF, 0x1B, 0xB4, 0x74, 0xFA, 0x38, 0x54,
    0xF1, 0xF2, 0x5C, 0x78, 0x60, 0x60, 0xFF, 0xFF, 0x70, 0x5F, 0xFC, 0x23, 0xE0, 0xDF, 0xCB, 0xAE, 0x62, 0xEE, 0x51, 0xD3, 0xF0, 0x25, 0x07, 0xA8,
    0x81, 0xBF, 0x7C, 0xEC, 0x7E, 0x21, 0x19, 0x24, 0xFF, 0x7F, 0x63, 0xFF, 0x78, 0x8C, 0xE3, 0xA7, 0xA2, 0xAB, 0x62, 0xB2, 0x61, 0xB7, 0xA1, 0xA8,
    0x22, 0x0B, 0x62, 0xE3, 0xE9, 0x55, 0x12, 0x38, 0x67, 0x74, 0xD5, 0x70, 0x2E, 0x84, 0x1E, 0x08, 0x09, 0x40, 0x7E, 0x43, 0xC4, 0x99, 0x61, 0x70,
    0xB6, 0x35, 0x5A, 0x36, 0xE3, 0x31, 0x38, 0x06, 0x43, 0xCC, 0xF5, 0x65, 0x48, 0x34, 0x07, 0x10, 0x2E, 0x11, 0x26, 0x3D, 0xB1, 0xA5, 0x17, 0xA8,
    0xE7, 0x74, 0xAE, 0xBA, 0x8B, 0x8E, 0x50, 0x4B, 0xA0, 0xF3, 0xFA, 0x04, 0x4D, 0x58, 0x17, 0xD2, 0x96, 0xF5, 0x25, 0x5D, 0xB8, 0xBF, 0xD2, 0x97,
    0x3B, 0xA6, 0x3E, 0x5A, 0xC3, 0xEA, 0x68, 0xBB, 0xAF, 0x2E, 0x60, 0xEF, 0xD1, 0xA3, 0x76, 0x29, 0xDD, 0xA7, 0xFE, 0xA1, 0xA7, 0x6A, 0x2A, 0x7A,
    0xAD, 0x9E, 0xCA, 0xDC, 0xFB, 0xB3, 0x5F, 0xF3, 0x96, 0x91, 0xA9, 0x02, 0x4C, 0xD8, 0x6E, 0x54, 0xCC, 0x0E, 0x89, 0x68, 0x02, 0x2E, 0x05, 0xBB,
    0x07, 0x11, 0x9A, 0x10, 0xE7, 0xFA, 0x44, 0xDC, 0x65, 0x9A, 0x79, 0x22, 0x04, 0xCC, 0x11, 0x70, 0x7B, 0x9B, 0x0F, 0x64, 0x6B, 0xBC, 0x21, 0xD2,
    0xBA, 0x01, 0x4F, 0xB6, 0x71, 0xFE, 0xB6, 0xA1, 0xD4, 0x5E, 0xC9, 0x10, 0x5B, 0x14, 0xA5, 0xDA, 0x6F, 0x58, 0x6D, 0x6D, 0xB5, 0x41, 0x10, 0x51,
    0xDA, 0x87, 0x29, 0x68, 0x55, 0x56, 0xF6, 0x8C, 0x9C, 0x33, 0xB8, 0x07, 0xB8, 0x08, 0xC2, 0x20, 0x49, 0x84, 0xD9, 0x9C, 0x7D, 0xA1, 0xDA, 0x28,
    0x91, 0xE3, 0xC8, 0x81, 0x7F, 0xD0, 0x5F, 0xF0, 0xDB, 0x3E, 0x88, 0x3F, 0x05, 0x41, 0x04, 0x29, 0x1B, 0x10, 0x57, 0x37, 0x3F, 0xE1, 0x1A, 0xDC,
    0x2B, 0x28, 0xE8, 0x0C, 0x28, 0x0D, 0xF3, 0x22, 0x43, 0x6C, 0x1C, 0x61, 0x2B, 0x74, 0xB5, 0xBB, 0xA0, 0x8E, 0x70, 0x8B, 0xCF, 0x9F, 0xA0, 0xE3,
    0xDC, 0x63, 0x31, 0xE8, 0xF7, 0x65, 0x05, 0x19, 0xC1, 0x2A, 0xC0, 0x08, 0x95, 0x47, 0xEB, 0x74, 0x24, 0x06, 0x13, 0x70, 0xF7, 0xF4, 0x2F, 0x37,
    0x1B, 0x1D, 0xBA, 0x5D, 0x88, 0x26, 0xB3, 0xDE, 0x27, 0xA3, 0x4C, 0x56, 0x17, 0x31, 0x4E, 0xCD, 0x8A, 0x41, 0x05, 0x81, 0x73, 0x9B, 0xF8, 0xC3,
    0x7C, 0x1F, 0xF6, 0xBB, 0xFE, 0xFD, 0x03, 0xF9, 0x3F, 0x24, 0x05, 0x73, 0x0A, 0x28, 0xCD, 0xC0, 0xEA, 0xDC, 0xDD, 0xAE, 0x09, 0x02, 0x6F, 0xCB,
    0x0D, 0xB8, 0x0C, 0x00, 0x37, 0xAC, 0x0B, 0x5C, 0xD2, 0xE9, 0xFE, 0xF5, 0x81, 0xAB, 0x96, 0xDD, 0x41, 0xA0, 0xF8, 0x6D, 0xED, 0x35, 0xA0, 0xC6,
    0x8C, 0xAF, 0xC3, 0x4A, 0xC2, 0xE3, 0x83, 0xD0, 0xAF, 0xF1, 0x20, 0x0B, 0xBE, 0xF4, 0x8E, 0xE4, 0xBE, 0x03, 0x9F, 0x94, 0x31, 0xF0, 0x0E, 0xB9,
    0x78, 0xB7, 0xFF, 0xE5, 0xFB, 0xF8, 0xFF, 0x7F, 0x16, 0xB1, 0xD0, 0x7F, 0xFD, 0xA0, 0xFF, 0x43, 0x20, 0x59, 0xAD, 0x4E, 0x99, 0xF5, 0x44, 0x0B,
    0x82, 0x32, 0x6F, 0xA1, 0xD1, 0x99, 0x17, 0x0E, 0x0A, 0xDD, 0xEC, 0xE1, 0xF5, 0xC3, 0xB0, 0x02, 0x46, 0x1E, 0x01, 0x72, 0x3B, 0xCD, 0x01, 0x24,
    0xD4, 0x89, 0x8B, 0x7C, 0x26, 0x4A, 0x10, 0xA0, 0xF1, 0x64, 0x1D, 0x5D, 0xA3, 0xAE, 0x02, 0x1E, 0x22, 0xCE, 0x5E, 0xF7, 0x32, 0xF7, 0xB0, 0xCE,
    0x70, 0x3C, 0x84, 0xF3, 0x08, 0x3E, 0xC4, 0xEF, 0xFF, 0x1F, 0x40, 0xD1, 0x07, 0x52, 0xB5, 0xFA, 0x79, 0xE6, 0x82, 0xF0, 0xC7, 0x23, 0x92, 0x8D,
    0x7D, 0x98, 0x1B, 0x4C, 0x18, 0x7F, 0xE8, 0x6F, 0x22, 0x00, 0x07, 0x44, 0x78, 0x46, 0x0F, 0xCF, 0xFF, 0x2D, 0x2C, 0xE2, 0x1F, 0x0E, 0xAF, 0x08,
    0x9B, 0xF8, 0xA7, 0xFF, 0x07, 0xD1, 0x32, 0xA0, 0x80, 0x51, 0xB5, 0xD9, 0x80, 0x2D, 0xB8, 0xC3, 0xA1, 0x6B, 0xBB, 0x13, 0xBB, 0x8D, 0x12, 0x06,
    0xC9, 0x20, 0xCC, 0x66, 0xFC, 0x85, 0xEA, 0xF6, 0xD5, 0x74, 0xA0, 0x56, 0x4A, 0x88, 0x29, 0x5D, 0x5C, 0x39, 0x5C, 0x4E, 0x5D, 0x5B, 0x74, 0xB5,
    0xD6, 0x99, 0x84, 0xAC, 0x3D, 0x33, 0x3A, 0xF2, 0x86, 0x13, 0x58, 0x38, 0x10, 0x5C, 0xC1, 0x28, 0xB4, 0xAA, 0x3C, 0xAB, 0x6A, 0xBC, 0xBC, 0x63,
    0xF0, 0x9A, 0x61, 0x41, 0xA7, 0xAE, 0xC0, 0x4A, 0x0B, 0xAA, 0x25, 0x98, 0x54, 0x40, 0x3C, 0x6A, 0xA7, 0x5E, 0x60, 0xA5, 0x9E, 0x5C, 0x44, 0x15,
    0xF0, 0x85, 0x4A, 0xF3, 0x91, 0xE0, 0xAB, 0xE7, 0xA9, 0x03, 0x28, 0x02, 0x3B, 0xA9, 0x29, 0x75, 0xA0, 0xAD, 0x93, 0xDE, 0xCF, 0x01, 0x48, 0x97,
    0x26, 0x42, 0x2A, 0x26, 0xD4, 0x22, 0xBA, 0x25, 0x4C, 0x36, 0x03, 0x4E, 0x5E, 0x94, 0x64, 0xEF, 0x94, 0x66, 0x8C, 0x90, 0x80, 0x03, 0xEF, 0x90,
    0x0C, 0x68, 0x15, 0xD8, 0xF9, 0x70, 0x24, 0x76, 0xD7, 0x1A, 0x45, 0xC5, 0x28, 0xB2, 0x80, 0xA7, 0x12, 0x58, 0x73, 0x1C, 0x70, 0x22, 0x02, 0x1D,
    0xFD, 0xA1, 0x74, 0x0A, 0x91, 0xE1, 0xE0, 0x90, 0xA3, 0x10, 0x21, 0x22, 0x43, 0x82, 0x4C, 0x8F, 0x00, 0xCD, 0xB2, 0xFE, 0xE8, 0x52, 0x69, 0xFB,
    0x09, 0xEF, 0xFA, 0xC4, 0xB0, 0xF6, 0x10, 0x08, 0x00, 0x26, 0x20, 0x69, 0x97, 0x87, 0xAA, 0xCA, 0x4E, 0x58, 0x80, 0x00, 0x6E, 0x3B, 0x3A, 0x15,
    0x9E, 0x72, 0x44, 0x24, 0x00, 0xE0, 0x67, 0x8F, 0x6D, 0xA0, 0xE1, 0xF0, 0xD0, 0xC0, 0x7A, 0x23, 0x64, 0x83, 0x8D, 0x39, 0xAD, 0xA6, 0xD5, 0xC5,
    0x27, 0x0D, 0x8F, 0xCF, 0xF4, 0x1C, 0x66, 0xFE, 0x0B, 0x99, 0x31, 0x8C, 0x18, 0xFA, 0x07, 0x4C, 0xCD, 0xF8, 0x42, 0x36, 0xE2, 0x62, 0x87, 0xB6,
    0xDC, 0x4C, 0xDA, 0x58, 0xF0, 0x26, 0x60, 0xE2, 0x10, 0xA1, 0xAC, 0xE1, 0x3E, 0xD1, 0x4F, 0xA3, 0x49, 0xB0, 0xA2, 0x13, 0x60, 0x4A, 0x98, 0x2B,
    0x9F, 0x31, 0xBF, 0xAC, 0x47, 0x56, 0x98, 0x14, 0xF0, 0xE5, 0xDD, 0x62, 0xF5, 0x8D, 0xE1, 0xEA, 0xC5, 0x41, 0xCA, 0x94, 0x6C, 0xEC, 0x29, 0x7D,
    0x59, 0xBC, 0x54, 0x1D, 0xB5, 0x84, 0x62, 0x54, 0x49, 0xE5, 0x49, 0x25, 0x8E, 0x16, 0xEC, 0x10, 0x1E, 0x19, 0x32, 0x21, 0x05, 0x0A, 0x50, 0x32,
    0xDD, 0x06, 0xF1, 0xE2, 0x9A, 0x2C, 0x9B, 0x91, 0xAC, 0x8B, 0x10, 0x99, 0x21, 0x09, 0x92, 0x2F, 0x7F, 0x74, 0xE1, 0xE5, 0x98, 0x48, 0x08, 0xB7,
    0x33, 0xD2, 0x35, 0x5E, 0x9E, 0x00, 0x32, 0x8A, 0x42, 0x94, 0x31, 0xB6, 0xF0, 0x47, 0x6D, 0x9D, 0x8F, 0x2B, 0x97, 0x3E, 0x5A, 0xF6, 0x7A, 0x08,
    0xBD, 0xF2, 0x30, 0xD2, 0xB1, 0x68, 0xD5, 0xAB, 0xC8, 0x65, 0x4E, 0x8C, 0x13, 0xB0, 0x83, 0x4E, 0x16, 0xF1, 0xCE, 0xCA, 0xE1, 0xDE, 0xAF, 0x0E,
    0x19, 0x3E, 0x70, 0x86, 0x54, 0xC1, 0x64, 0xFA, 0xE4, 0x0A, 0xD8, 0x1C, 0x88, 0x4B, 0x7E, 0x07, 0x4B, 0x23, 0xD4, 0xB0, 0xFC, 0xCA, 0x13, 0x48,
    0xA7, 0x8A, 0x09, 0x6C, 0xE8, 0xF6, 0x4F, 0x28, 0x4C, 0xB0, 0x02, 0xD2, 0xAB, 0x43, 0x19, 0x99, 0x35, 0x90, 0xC9, 0x7A, 0x1E, 0x84, 0x49, 0x84,
    0x43, 0xFC, 0xD1, 0x54, 0x32, 0x38, 0x0A, 0xE6, 0x07, 0xB2, 0xF7, 0xDB, 0x0A, 0x59, 0x37, 0xDA, 0xD2, 0xB6, 0xC5, 0xDF, 0x36, 0x31, 0x2E, 0x1B,
    0xE8, 0x0F, 0x5B, 0x11, 0x4D, 0x13, 0x2A, 0x7A, 0x4B, 0xA9, 0xFE, 0x40, 0xBA, 0x84, 0xAF, 0xFA, 0xFE, 0xA0, 0x0F, 0xA9, 0xDB, 0xF3, 0x18, 0xBA,
    0xEB, 0xDE, 0x4E, 0x23, 0x44, 0x10, 0x19, 0x34, 0x5F, 0xCD, 0x77, 0x95, 0x35, 0xA8, 0x62, 0xBA, 0x85, 0xA6, 0xA9, 0x25, 0x00, 0x0A, 0x9D, 0xC5,
    0xC7, 0x4B, 0x3E, 0x70, 0x8A, 0x05, 0x08, 0x5C, 0xBF, 0xC9, 0xD4, 0x1D, 0x22, 0x1F, 0x7C, 0x97, 0xB0, 0x4B, 0x0B, 0xE6, 0x0D, 0x13, 0x83, 0xA7,
    0x34, 0x7B, 0xEB, 0x96, 0x9F, 0x2E, 0x99, 0x7E, 0x60, 0x2C, 0xB1, 0x2D, 0x60, 0x61, 0x5F, 0x13, 0x60, 0x5B, 0x24, 0x3E, 0x83, 0x15, 0x75, 0x15,
    0x8B, 0x90, 0x87, 0x20, 0xD1, 0xBA, 0x63, 0x00, 0xFC, 0xFF, 0x59, 0x7E, 0x38, 0xFC, 0xF7, 0x43, 0x2B, 0x55, 0x6B, 0x54, 0x58, 0x18, 0xE6, 0x0F,
    0xC3, 0x04, 0xC5, 0xFF, 0xA2, 0x94, 0x60, 0x37, 0x87, 0x11, 0x60, 0x43, 0x61, 0x11, 0xDF, 0xF3, 0x63, 0x9A, 0x71, 0xBE, 0x32, 0x11, 0x8B, 0xAA,
    0x95, 0x13, 0xF9, 0x0F, 0xB3, 0x08, 0xAB, 0xF8, 0x9C, 0x39, 0x6A, 0x57, 0x51, 0xFF, 0xD1, 0xDF, 0xFA, 0x05, 0xF2, 0xA6, 0x32, 0x57, 0x3E, 0x56,
    0x8E, 0x90, 0x57, 0x28, 0xE7, 0x79, 0x5F, 0x99, 0x30, 0xDF, 0x51, 0x46, 0xF1, 0x8B, 0x94, 0xF5, 0xAF, 0x38, 0xC6, 0xFC, 0x9C, 0x0D, 0x36, 0xA0,
    0x4A, 0xF8, 0x73, 0x02, 0x04, 0xD4, 0x37, 0x14, 0x74, 0x46, 0xF4, 0xA7, 0x09, 0x02, 0xD1, 0x1E, 0xCD, 0xC9, 0xDC, 0x93, 0x0E, 0x31, 0x7D, 0x6E,
    0x4E, 0x65, 0x69, 0x6E, 0xE5, 0x4D, 0x8D, 0x0B, 0x39, 0xD2, 0xE9, 0x83, 0x74, 0x21, 0xE8, 0x25, 0x27, 0x9C, 0xF5, 0x7C, 0x57, 0x62, 0x04, 0x41,
    0x21, 0x01, 0x6B, 0x82, 0xA3, 0xDB, 0x51, 0x22, 0xCD, 0x7C, 0xC7, 0x3C, 0x86, 0x2E, 0xB5, 0xFD, 0xD3, 0x10, 0xF6, 0xFF, 0x7F, 0xB9, 0xDC, 0x6B,
    0xDB, 0xE2, 0xDB, 0x85, 0x7E, 0x3F, 0x24, 0x7D, 0x24, 0x3F, 0xF6, 0xAF, 0x7E, 0xD5, 0x9F, 0xFA, 0x51, 0xBF, 0xE9, 0x37, 0xFF, 0xCB, 0xCF, 0xF8,
    0x0B, 0x3F, 0x8E, 0x3F, 0xE3, 0xEB, 0xFD, 0x12, 0x9F, 0xC3, 0xBF, 0xF0, 0xD9, 0x7E, 0xD9, 0xBF, 0xFA, 0x56, 0x9A, 0x30, 0xBB, 0x4F, 0xE6, 0x11,
    0x4B, 0x64, 0x08, 0xF9, 0x3C, 0x9F, 0xA5, 0x07, 0x05, 0x93, 0x6F, 0xC9, 0x65, 0x59, 0x2F, 0xF2, 0x6D, 0x9B, 0xBA, 0x7D, 0x8F, 0x3B, 0x04, 0xA0,
    0xA0, 0xA1, 0x0C, 0xC7, 0x47, 0x22, 0x90, 0xA6, 0x67, 0x7B, 0xD6, 0x54, 0xF7, 0x27, 0x0C, 0x85, 0x3C, 0xA8, 0x81, 0xC3, 0x2F, 0x91, 0x0D, 0x43,
    0xFB, 0x0F, 0x68, 0x10, 0x17, 0x10, 0x03, 0xFD, 0xCA, 0x5F, 0x61, 0x46, 0xEE, 0xF9, 0xC4, 0x4F, 0x10, 0x0C, 0x25, 0x3F, 0x4A, 0x05, 0x20, 0x09,
    0xA2, 0x69, 0x21, 0xFD, 0x14, 0x25, 0x13, 0xAD, 0x12, 0x05, 0x03, 0xC2, 0x44, 0x70, 0x1A, 0x81, 0x29, 0x12, 0xD3, 0xC0, 0xD8, 0x26, 0xA0, 0xCB,
    0x0B, 0x4A, 0x97, 0x70, 0x38, 0xF0, 0x53, 0xFE, 0x09, 0x7F, 0xEE, 0x9F, 0x49, 0xF6, 0x04, 0x07, 0x4B, 0xE2, 0x2D, 0xA6, 0xCC, 0x15, 0x18, 0x7F,
    0x97, 0x2F, 0x26, 0x0C, 0xB2, 0xC2, 0xE9, 0x6C, 0xF8, 0xF2, 0xAB, 0xC9, 0x3F, 0xA2, 0x34, 0xB7, 0x13, 0x2A, 0xD7, 0xC5, 0x48, 0xD2, 0x11, 0xD9,
    0x90, 0x00, 0x41, 0x34, 0x02, 0x56, 0x90, 0xB9, 0x12, 0xB7, 0x9C, 0xAA, 0x9C, 0x20, 0x69, 0x9C, 0x09, 0x29, 0x10, 0x22, 0x6F, 0xE1, 0x74, 0x00,
    0x0F, 0x54, 0xDF, 0x26, 0xA7, 0xB8, 0x51, 0x69, 0x3B, 0x92, 0xD3, 0xB6, 0xC3, 0x56, 0xA5, 0x66, 0x63, 0x52, 0x5A, 0x13, 0x60, 0xA6, 0x46, 0xF6,
    0xD5, 0x60, 0x0A, 0x43, 0x1A, 0x86, 0x09, 0x68, 0x0E, 0x58, 0xD8, 0x7F, 0x67, 0x1A, 0x34, 0x98, 0xFD, 0x28, 0x7B, 0xF1, 0x47, 0x26, 0x9A, 0x39,
    0x06, 0xA4, 0x87, 0x58, 0x92, 0x43, 0xD2, 0x4F, 0xA0, 0xB1, 0x97, 0x4B, 0x59, 0xC1, 0xB8, 0xAE, 0xA8, 0x1C, 0x54, 0xE6, 0xCB, 0x5A, 0x50, 0x4E,
    0x94, 0x6B, 0x2B, 0x5F, 0x6E, 0x81, 0x28, 0xC7, 0xCE, 0x09, 0x96, 0xAF, 0x98, 0x90, 0x7A, 0xC2, 0x8B, 0x12, 0xCA, 0x01, 0x95, 0x36, 0x23, 0x81,
    0x55, 0xE5, 0x98, 0xC2, 0x87, 0x69, 0xF2, 0xC5, 0xFF, 0x0D, 0xD7, 0x30, 0xE6, 0xBB, 0xE9, 0x32, 0x6A, 0x5C, 0x44, 0x0E, 0xFB, 0xE7, 0xC2, 0x23,
    0xFE, 0x63, 0x12, 0x7E, 0x76, 0x70, 0xC3, 0x2F, 0x7F, 0xEA, 0xEA, 0x4D, 0xC2, 0x65, 0x24, 0xAA, 0x94, 0x21, 0xA6, 0x76, 0x29, 0x8F, 0x52, 0x85,
    0x1C, 0x4D, 0xD5, 0x16, 0xD1, 0x16, 0xB5, 0x89, 0xF5, 0x21, 0xE5, 0x07, 0x34, 0x91, 0x32, 0x92, 0x0E, 0x5A, 0xCE, 0xE9, 0x0D, 0xE5, 0x27, 0xBC,
    0xF4, 0xA2, 0x93, 0xF2, 0xA6, 0x1E, 0x64, 0x3C, 0x44, 0x8F, 0xCB, 0x6C, 0xB4, 0x3D, 0xA6, 0xA1, 0xAB, 0x1F, 0x8D, 0xFF, 0xE8, 0xF3, 0x18, 0x86,
    0x1E, 0x1B, 0xA3, 0xEA, 0x4F, 0x6E, 0x69, 0x9D, 0xAE, 0x1B, 0x17, 0xA0, 0x9F, 0xCA, 0x0C, 0xCE, 0x13, 0xE8, 0x90, 0xE8, 0x72, 0x27, 0x35, 0x9C,
    0x9D, 0x86, 0xC5, 0x1C, 0x7E, 0x23, 0x21, 0xE2, 0xCD, 0xDB, 0xD6, 0xFB, 0xC6, 0xB8, 0xF5, 0xE2, 0x54, 0xF1, 0x26, 0x85, 0xE0, 0xAB, 0x38, 0xBD,
    0x05, 0xFF, 0xFF, 0x0F, 0x34, 0xEB, 0xA4, 0x68, 0xE1, 0x27, 0x5C, 0xE6, 0xB9, 0xA2, 0x67, 0xC0, 0x05, 0xDB, 0xC4, 0x15, 0x3C, 0x54, 0x67, 0xC0,
    0x2C, 0x02, 0xB4, 0x65, 0xD0, 0x19, 0x5A, 0xCC, 0xC1, 0x6B, 0x01, 0xE0, 0xAA, 0x73, 0x5C, 0x83, 0x07, 0x4E, 0x5C, 0xED, 0x0D, 0xA5, 0xA7, 0x8D,
    0x09, 0x71, 0x0D, 0xAB, 0x12, 0x9A, 0x42, 0x3A, 0x66, 0x06, 0xCA, 0xE7, 0x24, 0x8B, 0x0C, 0xCE, 0x92, 0xD5, 0x01, 0x30, 0x75, 0xCB, 0x2E, 0x96,
    0x8B, 0x4D, 0xA0, 0xC5, 0xA6, 0x88, 0x05, 0x27, 0x97, 0xF6, 0xD5, 0xA4, 0xFA, 0x88, 0x51, 0x45, 0x33, 0xD1, 0x20, 0x10, 0x3C, 0x31, 0x84, 0xAA,
    0x0D, 0xB1, 0x94, 0x8A, 0x19, 0x34, 0x03, 0x5D, 0x41, 0x22, 0x87, 0x05, 0xF7, 0xC0, 0xD3, 0x22, 0x00, 0x4C, 0xEB, 0x1A, 0xE8, 0x66, 0x0A, 0x04,
    0xBC, 0x11, 0xC0, 0xC3, 0x33, 0xDE, 0x49, 0x23, 0x58, 0x91, 0x0C, 0x3C, 0xD8, 0xCC, 0xA8, 0x97, 0x2B, 0xDA, 0x3D, 0xC0, 0x91, 0xCB, 0x77, 0xC3,
    0x9D, 0x55, 0xFA, 0xE3, 0xE2, 0x9E, 0xC3, 0x5D, 0xE0, 0xE3, 0x46, 0x41, 0xF3, 0x06, 0x7A, 0xEB, 0x50, 0xE2, 0xF0, 0x83, 0xD7, 0xFC, 0x02, 0x34,
    0xC2, 0xB7, 0x1A, 0xA8, 0x84, 0x21, 0xF7, 0x32, 0xED, 0xAF, 0x47, 0x64, 0x1F, 0xB1, 0xDD, 0xCA, 0x16, 0x59, 0x01, 0x85, 0x1D, 0x68, 0x8E, 0xEC,
    0xC6, 0xB7, 0x33, 0x30, 0x41, 0x16, 0x81, 0xB8, 0xA7, 0x45, 0x30, 0x97, 0x57, 0xD4, 0x1D, 0x72, 0xF3, 0x9E, 0x58, 0x07, 0x12, 0x9A, 0xCF, 0x9B,
    0xF5, 0xA3, 0xA5, 0xB9, 0xA7, 0xAD, 0x4F, 0x5D, 0xCD, 0x00, 0x7E, 0xDD, 0x04, 0x93, 0x8C, 0x60, 0xA8, 0x96, 0x81, 0x25, 0x83, 0x85, 0x77, 0x25,
    0x5F, 0x32, 0x05, 0xA2, 0x5D, 0xAC, 0x87, 0xBC, 0xC2, 0x6A, 0xB7, 0x20, 0x45, 0x5E, 0x7C, 0xB0, 0xB3, 0xF0, 0xAA, 0x13, 0xE9, 0x1E, 0x74, 0xF5,
    0x26, 0x8D, 0x6A, 0x09, 0x00, 0x78, 0x54, 0xEA, 0x44, 0x2D, 0x1A, 0x24, 0x38, 0x14, 0x93, 0xD3, 0x08, 0xAB, 0x10, 0xA8, 0x6C, 0x92, 0x4F, 0x5E,
    0x06, 0x9E, 0xC1, 0x61, 0xCF, 0x1E, 0x37, 0x72, 0xE7, 0x8E, 0x12, 0x4E, 0xA7, 0xAA, 0x4D, 0x29, 0x96, 0x22, 0x67, 0x6F, 0x31, 0xB8, 0xE4, 0xAA,
    0xBA, 0x62, 0x2B, 0xF0, 0x5D, 0x31, 0xFF, 0x20, 0xBA, 0x4F, 0x42, 0xF1, 0x01, 0xBF, 0xFE, 0x1B, 0x7F, 0x8A, 0x3C, 0x30, 0x37, 0xCC, 0xF7, 0xBC,
    0xC6, 0xF7, 0x77, 0xED, 0x6A, 0xBB, 0x84, 0xBD, 0xC3, 0x7E, 0x62, 0x2F, 0xEF, 0x85, 0x3B, 0x90, 0xFD, 0x72, 0x0F, 0xAC, 0x0D, 0xEB, 0xBD, 0xCE,
    0xAC, 0x49, 0xEB, 0xD8, 0xFA, 0xB6, 0x76, 0xB5, 0x52, 0xCF, 0xD4, 0x3E, 0x75, 0x52, 0x3D, 0x55, 0xD3, 0xEC, 0x3F, 0xBB, 0xD2, 0x4E, 0xB5, 0x7F,
    0xED, 0x6C, 0xFB, 0x84, 0xFD, 0x6E, 0x4F, 0xB1, 0x07, 0xEE, 0x76, 0x35, 0x88, 0x5A, 0x45, 0x2D, 0x58, 0x1F, 0xD6, 0x8F, 0x35, 0x91, 0xFA, 0x5C,
    0x23, 0xA9, 0x37, 0x3F, 0xEA, 0x07, 0xCC, 0xEF, 0x7A, 0x07, 0x3D, 0xCC, 0x6F, 0xCC, 0x03, 0xFB, 0x0F, 0xFD, 0xD1, 0x1F, 0xCD, 0xF7, 0xDE, 0x0D,
    0xDF, 0xFA, 0x8E, 0xDF, 0xAD, 0x77, 0xEC, 0xE7, 0x3E, 0x87, 0x7F, 0x20, 0xE7, 0x73, 0xDC, 0x7C, 0x48, 0xBE, 0xE3, 0x63, 0x7D, 0x9D, 0x1C, 0xC2,
    0xC7, 0xF0, 0x49, 0xFC, 0x1B, 0xC1, 0xDF, 0xC6, 0xCF, 0x90, 0x07, 0xF9, 0x9D, 0x9F, 0x32, 0xF7, 0xCC, 0x57, 0xF3, 0xB7, 0x3C, 0x27, 0x9F, 0x91,
    0x43, 0xC8, 0x9F, 0xFE, 0xE4, 0xD7, 0xF0, 0x5D, 0xAE, 0xE4, 0x8E, 0x5F, 0x69, 0x5C, 0x22, 0xCF, 0xA2, 0x52, 0x6E, 0xC1, 0x9B, 0xE3, 0x65, 0xCE,
    0x6F, 0x35, 0x06, 0xCC, 0x65, 0xCA, 0xC0, 0xAA, 0x38, 0xC6, 0x48, 0xE4, 0x83, 0x3F, 0x45, 0xD8, 0x2D, 0xDC, 0xD6, 0xBB, 0xD8, 0x22, 0x03, 0x62,
    0xDB, 0x17, 0x37, 0x99, 0x22, 0xA0, 0x0A, 0xF9, 0xF4, 0x2E, 0x4F, 0xC6, 0x20, 0xAD, 0x5B, 0x96, 0xFA, 0xA9, 0x59, 0x55, 0xE8, 0xC4, 0x16, 0xA3,
    0x7F, 0x33, 0x5E, 0x60, 0x3B, 0x25, 0x5E, 0x82, 0x41, 0x86, 0x47, 0x92, 0x21, 0xF1, 0x2C, 0x9B, 0xE4, 0x2B, 0x76, 0x8F, 0x45, 0x2C, 0xCB, 0x84,
    0x57, 0xC4, 0xC5, 0xD7, 0xA2, 0x14, 0xF7, 0x66, 0x67, 0xEB, 0x82, 0x3A, 0xBE, 0xB6, 0xD6, 0xDE, 0xE3, 0x57, 0x6F, 0xAA, 0x54, 0x39, 0x50, 0x38,
    0x85, 0x91, 0x63, 0xBA, 0xF6, 0xE0, 0xDC, 0x58, 0xDB, 0x22, 0x6E, 0xD2, 0x4E, 0x9D, 0x51, 0x42, 0x53, 0x51, 0x54, 0xCB, 0xD0, 0x08, 0x89, 0x7C,
    0x64, 0x11, 0xA1, 0x25, 0x7B, 0x94, 0x52, 0x19, 0x3A, 0x73, 0x04, 0x19, 0x93, 0x1A, 0x14, 0x05, 0xE2, 0xF5, 0xFF, 0xD7, 0x91, 0xFB, 0x3F, 0x06,
    0x46, 0x89, 0x6D, 0xCF, 0x44, 0xA4, 0x39, 0x8E, 0xE4, 0xB5, 0xBA, 0xA1, 0x7B, 0x93, 0x34, 0x90, 0x12, 0x81, 0x97, 0x85, 0x43, 0x15, 0x9D, 0x7C,
    0xB7, 0x08, 0x06, 0x95, 0x04, 0x84, 0x53, 0xB6, 0x18, 0xA5, 0x34, 0xB0, 0x8C, 0x22, 0x21, 0xD4, 0xAC, 0x6B, 0x41, 0xEF, 0x47, 0x34, 0x42, 0x61,
    0x81, 0x99, 0x7B, 0x63, 0x14, 0xB7, 0x07, 0xEC, 0xED, 0x90, 0x27, 0x4F, 0x8C, 0xF8, 0x3A, 0x79, 0x95, 0x69, 0xF2, 0xA4, 0xC7, 0x0A, 0x12, 0x13,
    0x1A, 0x29, 0x5B, 0xA0, 0x2E, 0xF2, 0x12, 0x02, 0x3E, 0x4A, 0x9E, 0x92, 0x6A, 0xB5, 0xA6, 0x92, 0xA4, 0x79, 0xD1, 0x46, 0x58, 0x9B, 0xED, 0x40,
    0x67, 0x46, 0xE1, 0xC1, 0x1C, 0x88, 0xC2, 0xAC, 0x03, 0xD0, 0xFC, 0xA8, 0x9B, 0x5F, 0x41, 0xF7, 0x5C, 0x5B, 0x63, 0xB4, 0x36, 0xD1, 0xD1, 0xEB,
    0xC8, 0x2A, 0x63, 0x3E, 0xE2, 0x53, 0xBA, 0xAA, 0x24, 0xAB, 0xAA, 0x00, 0x97, 0x9C, 0x1A, 0x76, 0x8A, 0xEA, 0x36, 0x7B, 0xAA, 0xA2, 0xF0, 0xF4,
    0x29, 0xC5, 0x5F, 0x9D, 0xE9, 0xDA, 0xCE, 0x79, 0xC7, 0xE5, 0x39, 0xCD, 0xF0, 0xC7, 0x5E, 0xE9, 0x87, 0x04, 0x63, 0xCE, 0xD7, 0x32, 0x69, 0x87,
    0xCC, 0x5F, 0xC4, 0x2E, 0x1F, 0x95, 0x81, 0x06, 0x9B, 0x29, 0x9A, 0x53, 0xB8, 0x35, 0xFF, 0x50, 0xC9, 0x0D, 0x46, 0x68, 0x4D, 0x8C, 0x75, 0xAB,
    0x40, 0x59, 0x72, 0x5B, 0xAD, 0x78, 0xB6, 0x7D, 0x76, 0x2E, 0x80, 0xE4, 0xA4, 0x2A, 0xDB, 0xC4, 0x1A, 0x50, 0xA4, 0xED, 0x82, 0x26, 0x85, 0x11,
    0x44, 0xF0, 0xFC, 0xCC, 0x38, 0x6C, 0x32, 0x6B, 0x28, 0x62, 0x16, 0x92, 0xB8, 0xA4, 0xE4, 0xB4, 0xFC, 0x4C, 0x1D, 0x0B, 0x81, 0xD2, 0x19, 0xAC,
    0x4A, 0x89, 0x53, 0x1B, 0xE4, 0x89, 0x42, 0xA4, 0x4D, 0x43, 0x76, 0x40, 0x7C, 0xC4, 0xAF, 0x1C, 0xFD, 0x56, 0xEC, 0x7D, 0x04, 0x1A, 0xF5, 0x0B,
    0x40, 0x14, 0xC9, 0x8C, 0xA0, 0x9B, 0xB6, 0x79, 0x3D, 0x5E, 0x68, 0x76, 0x9C, 0x65, 0x22, 0x16, 0x4D, 0x1D, 0x6A, 0x68, 0xA1, 0x43, 0x8B, 0xC5,
    0xF0, 0xEF, 0x45, 0x97, 0xD3, 0x2B, 0xEC, 0x81, 0x3A, 0x26, 0xD4, 0x1B, 0xA3, 0x73, 0x80, 0x16, 0x0E, 0xE6, 0x10, 0x00, 0x9C, 0x04, 0xC7, 0x98,
    0x5F, 0xE0, 0x92, 0x1E, 0xC1, 0xC1, 0xBA, 0xFD, 0xE7, 0xA3, 0xC3, 0x0D, 0x28, 0x43, 0xDC, 0x73, 0xBC, 0x8C, 0xDB, 0x04, 0x8F, 0xC7, 0xE7, 0xE0,
    0x67, 0xF0, 0x95, 0x7C, 0x24, 0x5F, 0x78, 0x9F, 0xF2, 0x97, 0x77, 0xCF, 0xBF, 0xDE, 0x80, 0xB8, 0x8E, 0x37, 0xE2, 0x98, 0xF8, 0x28, 0x0E, 0x8B,
    0xDF, 0xF8, 0x57, 0x2D, 0x2F, 0x62, 0x28, 0x22, 0x9F, 0xAA, 0xB5, 0xEC, 0x45, 0x03, 0x32, 0xD1, 0xBE, 0x31, 0x20, 0x1C, 0xC4, 0x92, 0x58, 0x20,
    0x85, 0x11, 0xC6, 0xB2, 0x22, 0x97, 0xF1, 0xAB, 0x28, 0xD1, 0xCB, 0x05, 0xB0, 0x6B, 0x6B, 0x93, 0xEB, 0xA8, 0x71, 0x4B, 0x02, 0xAD, 0x56, 0xD7,
    0xA8, 0x6D, 0x98, 0xE3, 0x18, 0x8C, 0x43, 0x4E, 0x06, 0x49, 0x6B, 0x26, 0x8C, 0x16, 0x9E, 0x7A, 0x40, 0xE1, 0xCD, 0xC9, 0xF4, 0x86, 0x5D, 0x68,
    0x94, 0xDF, 0x1E, 0x0F, 0x68, 0x2C, 0x9F, 0x45, 0x84, 0x0E, 0x27, 0x71, 0x59, 0x24, 0x0E, 0xA3, 0x72, 0xA7, 0x7F, 0xF5, 0xCB, 0x3E, 0xDC, 0xBF,
    0xF0, 0x47, 0x7C, 0xBF, 0x5F, 0x03, 0x0F, 0x82, 0xE4, 0x38, 0x4F, 0x9C, 0xD3, 0xF9, 0x55, 0x8E, 0xE0, 0xE6, 0xCF, 0x3F, 0x6E, 0x46, 0x1B, 0x8F,
    0x17, 0x71, 0xEE, 0xBA, 0x27, 0x7B, 0x45, 0xB7, 0x2F, 0x08, 0x2C, 0x2E, 0x30, 0x2E, 0x2F, 0x62, 0x3E, 0x2F, 0xB3, 0x0C, 0x53, 0xC8, 0xB1, 0x43,
    0xB4, 0xC8, 0xC2, 0x42, 0x69, 0x41, 0x3B, 0xF0, 0x10, 0xBA, 0xB1, 0xB0, 0x58, 0xB8, 0x05, 0xCA, 0x81, 0x92, 0x2D, 0x36, 0x2A, 0x6C, 0x2E, 0x73,
    0x6B, 0x3B, 0x37, 0x74, 0x21, 0x34, 0xA3, 0x04, 0x3A, 0x14, 0x54, 0x99, 0x0B, 0x4D, 0x57, 0x4B, 0x2B, 0xD3, 0x6D, 0xD0, 0xEF, 0xF0, 0x3D, 0x17,
    0xBA, 0xE0, 0x0B, 0x44, 0x1F, 0x7A, 0xE4, 0x8F, 0x26, 0x90, 0xBA, 0x4D, 0x78, 0x28, 0x6F, 0x22, 0xAA, 0xCA, 0xCB, 0xAC, 0xDE, 0xF2, 0xAB, 0x0F,
    0xF7, 0x47, 0xFC, 0x1A, 0x35, 0xFA, 0xC9, 0x6F, 0x23, 0x0F, 0x92, 0xAB, 0xE6, 0x52, 0x72, 0x00, 0x79, 0x0E, 0xEE, 0x94, 0xD7, 0x38, 0x0E, 0x0D,
    0x2C, 0x6A, 0x2E, 0xD9, 0xD3, 0x99, 0xA2, 0x83, 0x30, 0x5E, 0x33, 0x69, 0x93, 0x5D, 0x89, 0x59, 0x2B, 0x8F, 0x38, 0x40, 0xF8, 0xEB, 0xA7, 0x60,
    0x09, 0x16, 0x7A, 0x85, 0xF9, 0x0C, 0x7A, 0x5C, 0xB7, 0xFE, 0xC8, 0x95, 0x78, 0x82, 0x26, 0x22, 0x2E, 0xE3, 0x15, 0xEE, 0x6A, 0x53, 0xAB, 0x19,
    0x30, 0x57, 0xB6, 0xA8, 0xBA, 0x64, 0xE7, 0x2E, 0x27, 0xBC, 0xF5, 0x3F, 0x82, 0xFF, 0x6B, 0x09, 0x4B, 0x75, 0x11, 0xA8, 0xF8, 0x39, 0xB1, 0xA7,
    0xDB, 0xC1, 0x0F, 0x39, 0x3B, 0xC6, 0xB8, 0x0F, 0x48, 0x10, 0xF8, 0x46, 0xC0, 0xC5, 0x98, 0xF2, 0x60, 0x87, 0xD7, 0xDB, 0xA3, 0xD9, 0x6D, 0x53,
    0xA7, 0xCD, 0xD4, 0x85, 0x83, 0xD9, 0x17, 0x6C, 0x50, 0x62, 0xD8, 0xFE, 0xDB, 0x9A, 0x4D, 0xAA, 0x1A, 0x11, 0x52, 0x03, 0x26, 0xC3, 0x34, 0x2B,
    0x29, 0x68, 0x63, 0x19, 0xEC, 0x07, 0x1A, 0xCE, 0x28, 0x30, 0x31, 0x1B, 0xC1, 0xA0, 0xAC, 0x4F, 0x92, 0xCC, 0x06, 0xCC, 0x58, 0xE2, 0x09, 0xB1,
    0x20, 0xA9, 0x61, 0x9C, 0x66, 0x60, 0xAA, 0x67, 0x5F, 0xB4, 0xA0, 0x5B, 0x08, 0x22, 0xB5, 0xB0, 0x0E, 0x64, 0x9D, 0x39, 0x91, 0xE1, 0x78, 0x60,
    0x65, 0xF8, 0xBD, 0x22, 0x01, 0xC2, 0xEA, 0xEF, 0xB3, 0xEA, 0x86, 0x16, 0x03, 0x1F, 0x32, 0x16, 0x08, 0xC1, 0x51, 0x00, 0x3A, 0xA6, 0x5A, 0x65,
    0x31, 0x65, 0x0B, 0x2B, 0x45, 0x85, 0x4D, 0xEA, 0x85, 0x47, 0x54, 0x80, 0x22, 0xA8, 0xA3, 0x0F, 0x09, 0x9E, 0xA0, 0x3C, 0x69, 0xF5, 0x08, 0x6C,
    0x0B, 0xF5, 0xDC, 0xA5, 0xD3, 0x86, 0xA9, 0x03, 0xB9, 0x5F, 0xD3, 0x0B, 0x16, 0xA6, 0x42, 0x36, 0xAA, 0xA5, 0x1F, 0x67, 0x30, 0x03, 0x98, 0x04,
    0x94, 0x42, 0x07, 0x93, 0x5E, 0x73, 0x24, 0xD1, 0x20, 0x02, 0x34, 0xED, 0xE8, 0x4C, 0xDD, 0xE6, 0x74, 0x89, 0x01, 0xF8, 0x61, 0xE1, 0x93, 0xC7,
    0x95, 0x71, 0x92, 0x11, 0x33, 0x8E, 0x08, 0x0F, 0xE4, 0x1B, 0x46, 0x1D, 0x1B, 0x41, 0xAE, 0x2F, 0x0A, 0xE6, 0xA5, 0x14, 0xDC, 0x04, 0x0F, 0xEA,
    0x63, 0x3D, 0xC9, 0x75, 0xD1, 0x9E, 0xB5, 0xBB, 0xD5, 0x3A, 0x6C, 0xB3, 0x2D, 0x6B, 0xDF, 0x08, 0x3F, 0x55, 0x49, 0x21, 0xE3, 0x16, 0x26, 0x73,
    0x60, 0x92, 0xA3, 0x16, 0x0B, 0xE0, 0xD5, 0x70, 0x86, 0xF4, 0x32, 0xD6, 0x2F, 0x8F, 0xC1, 0x65, 0xF1, 0xCB, 0xF6, 0x45, 0xF0, 0xE2, 0xAD, 0x4E,
    0x79, 0x8D, 0xCD, 0xBE, 0xCA, 0xEF, 0x9F, 0xC4, 0xEA, 0x39, 0x69, 0x72, 0xD5, 0x1A, 0x3C, 0x09, 0xEB, 0x97, 0xC2, 0xDA, 0x33, 0x11, 0x23, 0xE6,
    0x39, 0x3B, 0xF0, 0x01, 0x1C, 0x7E, 0x4D, 0x5F, 0xDD, 0xFE, 0x10, 0xA1, 0x38, 0x04, 0xCA, 0x3C, 0x4F, 0xC5, 0x47, 0x22, 0x49, 0x27, 0xDB, 0xC1,
    0x43, 0x6C, 0x8F, 0x0F, 0xCB, 0xBB, 0xBD, 0x7E, 0x8E, 0xE2, 0xB6, 0x36, 0xD4, 0xDC, 0x8A, 0xAC, 0x85, 0xDD, 0x91, 0xF6, 0x3D, 0x4A, 0xE5, 0xA0,
    0x04, 0xB5, 0x2E, 0x2D, 0x2F, 0x70, 0xE1, 0xAB, 0x70, 0x11, 0x04, 0x1E, 0xC0, 0xDC, 0x2F, 0x17, 0x63, 0x04, 0x52, 0x89, 0x79, 0xA6, 0xF6, 0x36,
    0x2B, 0xF3, 0xA5, 0x50, 0x71, 0xF8, 0x61, 0x90, 0xC2, 0x28, 0xC2, 0x56, 0xE1, 0x71, 0xF8, 0x25, 0xEC, 0xC2, 0xE1, 0xC8, 0x29, 0x19, 0xE6, 0x8B,
    0x8E, 0x12, 0x87, 0x34, 0x81, 0xCE, 0xC9, 0x1B, 0x7F, 0xA5, 0xA0, 0x95, 0xE4, 0xEC, 0x0C, 0xE9, 0xB0, 0x12, 0x7A, 0x7B, 0x7A, 0x05, 0x1C, 0x43,
    0xD2, 0xE8, 0xAC, 0x3C, 0xA1, 0x28, 0xF9, 0x4B, 0x1D, 0x5E, 0x95, 0xF9, 0xC9, 0x32, 0xBB, 0x08, 0xFC, 0x16, 0x24, 0xF2, 0xD0, 0x3C, 0x72, 0xA8,
    0x0B, 0x8B, 0x1E, 0xF5, 0xF2, 0x83, 0xCA, 0xF4, 0xE2, 0x9F, 0x6E, 0x71, 0x86, 0x22, 0x5A, 0x7A, 0x9D, 0x86, 0x8E, 0x5C, 0x4F, 0x6A, 0x4B, 0x49,
    0xFC, 0x16, 0xAE, 0x0A, 0x11, 0x63, 0x16, 0x96, 0x42, 0x4B, 0x83, 0xDD, 0xE1, 0x5D, 0xEE, 0xA3, 0x38, 0xE4, 0xF6, 0xDD, 0xC0, 0x2D, 0xE5, 0xB9,
    0x55, 0xA4, 0x7C, 0x02, 0x05, 0xCA, 0x89, 0xE7, 0xAA, 0x13, 0x9C, 0x34, 0x26, 0xB6, 0x53, 0x98, 0x38, 0xE1, 0xB6, 0x00, 0xC8, 0x98, 0x2C, 0x89,
    0xC0, 0x82, 0xA7, 0x44, 0xA7, 0x87, 0x42, 0xED, 0x85, 0x20, 0xBC, 0x7F, 0xBA, 0xFC, 0x12, 0xDA, 0x9E, 0x11, 0x87, 0x3F, 0xC2, 0xA2, 0x6F, 0x1D,
    0x6D, 0xE2, 0x8F, 0xE4, 0xE6, 0xB8, 0x8F, 0x4C, 0x80, 0xD1, 0xE3, 0x05, 0xB1, 0x88, 0xAF, 0x40, 0x71, 0x55, 0x4C, 0xB5, 0xE8, 0x95, 0x55, 0x7C,
    0xB2, 0xED, 0x3E, 0x0E, 0xE9, 0x09, 0x7F, 0x91, 0x6F, 0xF9, 0x67, 0xBF, 0xEB, 0xDF, 0xCC, 0x79, 0x3F, 0x6D, 0xCE, 0xF3, 0x7F, 0xDE, 0x9B, 0x0F,
    0xE5, 0x02, 0xF2, 0xD3, 0xFA, 0xB1, 0xE7, 0xEB, 0x47, 0x29, 0xC3, 0x54, 0xE1, 0xA3, 0xAF, 0xFB, 0x71, 0x97, 0x44, 0x55, 0x81, 0xA4, 0x22, 0x5D,
    0x58, 0xAC, 0x6E, 0x38, 0x20, 0x56, 0x9D, 0x4F, 0x67, 0x80, 0xB8, 0x02, 0x0E, 0x0A, 0xEA, 0x5B, 0xB1, 0x5B, 0x58, 0x04, 0x9A, 0x73, 0xD4, 0x21,
    0x56, 0x7C, 0xA8, 0x7D, 0xBB, 0xFD, 0x80, 0xAF, 0x91, 0x8A, 0x71, 0x1E, 0xDE, 0x16, 0x47, 0x74, 0x07, 0x5B, 0x7E, 0x38, 0x02, 0x5E, 0x97, 0x0F,
    0x70, 0xBD, 0xCB, 0x45, 0x20, 0xC6, 0x0C, 0xE1, 0x41, 0xF2, 0x61, 0x5A, 0x5E, 0x5C, 0x8C, 0x0C, 0xEF, 0xCC, 0x3B, 0xF6, 0x86, 0x4D, 0xC0, 0x65,
    0xC4, 0x10, 0x92, 0x3C, 0x59, 0x66, 0xE9, 0x20, 0x86, 0xA8, 0x19, 0xD8, 0xEC, 0xD5, 0xC7, 0x08, 0xCD, 0xDC, 0xA3, 0x87, 0x36, 0xC7, 0x86, 0x99,
    0xC0, 0x64, 0x12, 0xFC, 0x2F, 0x6E, 0xE1, 0x40, 0x21, 0x38, 0x98, 0x88, 0x89, 0xE3, 0x22, 0x5B, 0xE6, 0xBF, 0xE1, 0xB3, 0xC1, 0xF1, 0xFB, 0x21,
    0x1F, 0x60, 0x50, 0xF0, 0x4F, 0x1D, 0x95, 0x98, 0x8E, 0x95, 0xFD, 0xB1, 0x60, 0xE1, 0xF8, 0x9A, 0xE1, 0x1E, 0x7C, 0x70, 0x4A, 0x4E, 0xA2, 0x72,
    0x04, 0x39, 0xC0, 0x2C, 0x6C, 0xCF, 0x4D, 0x38, 0x2C, 0xAC, 0xB4, 0xA1, 0x5F, 0x21, 0xC4, 0xA3, 0x5A, 0xFE, 0x2C, 0x2E, 0x1C, 0x00, 0x0D, 0xFE,
    0x1F, 0xBC, 0x10, 0xCE, 0x83, 0x33, 0xC0, 0xA1, 0x70, 0x37, 0x3C, 0x0D, 0xAF, 0xEA, 0x71, 0xFC, 0xAD, 0x7F, 0x81, 0xE3, 0xF5, 0x3F, 0xF0, 0x19,
    0x3D, 0x8C, 0x3E, 0xB2, 0x67, 0xEC, 0x4F, 0xFB, 0xD0, 0x7E, 0x12, 0xF7, 0x6D, 0xD2, 0xA7, 0xE2, 0x30, 0xFD, 0x6F, 0x14, 0x1C, 0xC1, 0x13, 0x7C,
    0x8C, 0xCB, 0xE0, 0x07, 0x70, 0x24, 0x9C, 0x0C, 0xA7, 0x7B, 0xA7, 0xFE, 0xAA, 0x2F, 0xEB, 0xE1, 0xFA, 0x0B, 0xFD, 0x88, 0xDE, 0xAF, 0x3F, 0xFB,
    0x8A, 0x5F, 0xB1, 0x9F, 0xEC, 0x5B, 0xE0, 0x37, 0x70, 0x1E, 0x38, 0x25, 0xEE, 0x89, 0xAF, 0xE2, 0x17, 0x94, 0xE0, 0x24, 0xA6, 0xE0, 0x2C, 0x78,
    0x0E, 0x3E, 0x00, 0xAF, 0xF1, 0x22, 0xFB, 0xD4, 0x4C, 0x68, 0x17, 0x92, 0x2D, 0x9C, 0x2F, 0x98, 0xA7, 0xEC, 0x45, 0xBE, 0x87, 0x8F, 0x54, 0x18,
    0x29, 0x5C, 0xA0, 0x43, 0x54, 0x4F, 0x83, 0x9E, 0x1B, 0x5C, 0x25, 0x72, 0x33, 0xF0, 0x5A, 0x27, 0x9A, 0x24, 0x20, 0x44, 0xD0, 0x9E, 0x29, 0xCD,
    0xCE, 0xA0, 0xC1, 0x9F, 0xB0, 0x44, 0x32, 0x29, 0x29, 0x6B, 0xE8, 0x1A, 0x4B, 0xEA, 0x04, 0x96, 0x12, 0xF3, 0x15, 0x37, 0x08, 0x2B, 0xAC, 0xAB,
    0x8D, 0x2A, 0xAF, 0x2F, 0xAB, 0x13, 0xD7, 0x11, 0xAC, 0x06, 0xAB, 0x77, 0x64, 0xAA, 0x63, 0x3E, 0x52, 0xB5, 0x18, 0x51, 0xF1, 0x78, 0xE7, 0x46,
    0xE0, 0xA4, 0x39, 0x76, 0x9C, 0x47, 0x51, 0x81, 0x6F, 0x51, 0x2B, 0x43, 0x42, 0xA3, 0x18, 0xE1, 0x43, 0xBF, 0x3E, 0xF4, 0x0F, 0x5E, 0x7C, 0xFD,
    0x1F, 0x0E, 0x1B, 0x85, 0x7F, 0xCB, 0x8E, 0x9F, 0x82, 0x65, 0xE8, 0x01, 0xDB, 0x42, 0xAB, 0xA4, 0x18, 0xD9, 0x0C, 0x7E, 0x90, 0xF9, 0x99, 0x44,
    0xF4, 0x8B, 0x58, 0xE0, 0x19, 0xFE, 0xE2, 0xAC, 0x01, 0xC3, 0x49, 0xEB, 0xE4, 0x93, 0xA8, 0xE7, 0x22, 0x57, 0xFC, 0x57, 0xD5, 0x89, 0x40, 0xF8,
    0x91, 0x4B, 0x01, 0xB2, 0x33, 0x49, 0x20, 0xE5, 0x76, 0x5F, 0x2B, 0x18, 0x59, 0xBC, 0xFC, 0x1C, 0x3C, 0x77, 0x70, 0xA3, 0x84, 0x9E, 0xDA, 0x2F,
    0xD4, 0x6B, 0xBB, 0xD9, 0xEE, 0x61, 0xC7, 0xB0, 0x03, 0xEE, 0x2C, 0xF6, 0x0F, 0xF5, 0xE2, 0x1E, 0xA3, 0xEE, 0xDC, 0x1D, 0xEB, 0xDA, 0xBD, 0xB4,
    0xFE, 0xAC, 0x71, 0xEB, 0x25, 0x75, 0x22, 0x4D, 0xFD, 0xDA, 0x52, 0xE7, 0xEE, 0x04, 0xEA, 0xD8, 0x9A, 0x9D, 0x5C, 0x1B, 0xD8, 0x8B, 0x76, 0xB0,
    0x3D, 0x6B, 0xAF, 0xDB, 0xE5, 0xF6, 0xBD, 0xDD, 0xAD, 0xEE, 0xB5, 0x89, 0xD2, 0x22, 0x76, 0x09, 0x0F, 0x08, 0x8B, 0xFF, 0x98, 0xD7, 0x4F, 0x63,
    0xFD, 0xB3, 0x1C, 0xB2, 0x65, 0xFB, 0xA4, 0x2E, 0x30, 0xA4, 0x27, 0x89, 0xC5, 0x05, 0xE6, 0xC5, 0xE5, 0xC6, 0x6E, 0x62, 0x47, 0x83, 0xD8, 0x7E,
    0x61, 0x23, 0x9A, 0x35, 0x06, 0x64, 0x49, 0x2C, 0x89, 0x11, 0x69, 0x58, 0xCE, 0xA2, 0x95, 0xE7, 0xDA, 0xE5, 0x45, 0x77, 0xBE, 0xA5, 0x77, 0x54,
    0xE1, 0x4B, 0x18, 0x4C, 0x31, 0x24, 0x4A, 0x2D, 0x5E, 0xFB, 0x64, 0x8B, 0x28, 0x3C, 0x64, 0xC3, 0x9E, 0xFD, 0x0E, 0xF5, 0xD4, 0x8B, 0x25, 0xF6,
    0xC4, 0xFF, 0x8B, 0x8F, 0xC2, 0x41, 0x57, 0xB0, 0x24, 0xE8, 0xDA, 0xD8, 0x30, 0x9A, 0x2F, 0xB0, 0x2C, 0xBD, 0x2E, 0x4C, 0x6A, 0xEC, 0xDA, 0x63,
    0x17, 0xF9, 0xD3, 0xBB, 0x1C, 0x3F, 0xBD, 0x5F, 0xC4, 0x19, 0x41, 0x4B, 0x38, 0x33, 0x84, 0x5D, 0x89, 0x7C, 0xE3, 0xAC, 0x98, 0x36, 0x63, 0x93,
    0x2C, 0x0E, 0x63, 0x81, 0x91, 0xCF, 0xBD, 0x47, 0x2A, 0xF0, 0xDD, 0xD0, 0x5B, 0xC4, 0x3A, 0x61, 0xAE, 0xB0, 0x0F, 0xCD, 0x1B, 0x44, 0xBF, 0x60,
    0x08, 0xC3, 0x5B, 0xF3, 0x38, 0xAD, 0xBE, 0x4A, 0xDE, 0x87, 0x03, 0x97, 0xB1, 0x93, 0xFF, 0xC9, 0xF4, 0x3E, 0x7A, 0x3F, 0xE6, 0x60, 0x2F, 0x2A,
    0xE0, 0xDB, 0x52, 0xC1, 0xA3, 0xFE, 0xAD, 0x84, 0xBE, 0xA6, 0xC1, 0xD0, 0x6E, 0xCF, 0xC4, 0xE1, 0x83, 0x9D, 0xE1, 0x36, 0xE2, 0xED, 0x41, 0x0A,
    0xCF, 0x2B, 0xE4, 0x53, 0xA0, 0xC0, 0xF5, 0xC7, 0xFB, 0x50, 0xC7, 0x81, 0x3C, 0xB8, 0xCF, 0xB8, 0x38, 0x6C, 0x2F, 0xBF, 0x2B, 0x97, 0x97, 0x86,
    0xF1, 0x96, 0x98, 0x5C, 0x37, 0xD1, 0x06, 0x20, 0xE3, 0x07, 0xF8, 0x8C, 0x00, 0xB2, 0x4A, 0x83, 0x0D, 0x36, 0x83, 0x67, 0xC2, 0x64, 0x04, 0x93,
    0x02, 0x8C, 0xB6, 0x00, 0x4E, 0x97, 0xDC, 0xF5, 0x4A, 0x78, 0xB2, 0x7E, 0x2D, 0x21, 0x58, 0x12, 0x29, 0xB9, 0x4F, 0x8B, 0x59, 0x37, 0xCB, 0x56,
    0x82, 0x6F, 0x01, 0x02, 0x09, 0x62, 0xA6, 0x6C, 0x24, 0x69, 0x2C, 0xEF, 0x02, 0x56, 0x88, 0xD5, 0x6B, 0x24, 0xD4, 0x93, 0xB3, 0xEB, 0xB8, 0x4A,
    0xEB, 0x90, 0x84, 0xCF, 0xEA, 0x54, 0x24, 0x47, 0xD2, 0xF6, 0x56, 0xE7, 0x84, 0x75, 0xD7, 0x0A, 0x5F, 0x18, 0xD9, 0x09, 0x2A, 0x6A, 0xA4, 0x60,
    0xA2, 0x83, 0xC2, 0xB9, 0x4D, 0x48, 0x4F, 0xA4, 0x86, 0x0B, 0x8B, 0xB8, 0x02, 0x9E, 0x1D, 0x4D, 0x47, 0x4F, 0x91, 0xC4, 0x74, 0x0D, 0x2E, 0xF0,
    0x8F, 0x54, 0x75, 0xC6, 0x9C, 0xB2, 0xE5, 0xE2, 0x99, 0x29, 0x56, 0xC8, 0xDE, 0x3C, 0xF0, 0x54, 0xF0, 0x73, 0x44, 0x8E, 0x8C, 0x95, 0x74, 0x08,
    0xF4, 0x97, 0x4E, 0xD6, 0x27, 0xE8, 0x71, 0x7A, 0x0A, 0x3D, 0x4F, 0xB7, 0xA3, 0x6F, 0xE8, 0x2A, 0x68, 0x4A, 0xFD, 0x90, 0x5E, 0xD5, 0x89, 0xD0,
    0x43, 0x68, 0x24, 0x34, 0x2B, 0x7D, 0x85, 0xDE, 0xA5, 0x79, 0x3D, 0x00, 0x0D, 0xAC, 0x3F, 0xD1, 0x41, 0xFA, 0x8E, 0xBE, 0x40, 0x4F, 0xA0, 0xB7,
    0xE9, 0x68, 0x3A, 0x08, 0x7D, 0x8C, 0x7E, 0xA3, 0x2B, 0xD0, 0x78, 0x74, 0x1F, 0x3D, 0x83, 0xDE, 0x41, 0x47, 0xD2, 0x22, 0x6A, 0xD3, 0xFA, 0x94,
    0x9E, 0xA5, 0x25, 0xF5, 0x4D, 0x1D, 0x55, 0xA7, 0xD5, 0x75, 0x75, 0xB8, 0xAF, 0xE3, 0xE8, 0x43, 0x7A, 0x93, 0x5E, 0xA5, 0x8F, 0xE9, 0x6F, 0x7A,
    0x59, 0xFE, 0xDB, 0x7F, 0xE6, 0xA0, 0xB8, 0x8C, 0x2F, 0xA3, 0x9F, 0xCB, 0x51, 0xC7, 0x3A, 0x72, 0x70, 0x32, 0xB3, 0xD6, 0x6E, 0x1D, 0x28, 0x41,
    0x63, 0xA3, 0xC2, 0x82, 0xCD, 0x65, 0x43, 0xBE, 0xB6, 0xB3, 0xD8, 0x25, 0x24, 0x47, 0x73, 0x19, 0x65, 0x6D, 0x41, 0x69, 0x69, 0x71, 0xC9, 0x65,
    0xA9, 0xDD, 0x64, 0xBA, 0x12, 0x58, 0x77, 0x7A, 0x57, 0x7B, 0x38, 0xAC, 0x04, 0x07, 0xAB, 0x10, 0x85, 0x30, 0x88, 0x1C, 0xA2, 0x2F, 0x68, 0x42,
    0x64, 0xB7, 0xC1, 0xC9, 0x9B, 0x9A, 0xF2, 0xB2, 0xB1, 0xDC, 0xE9, 0x97, 0xFD, 0x0B, 0xDF, 0xEF, 0xA7, 0x26, 0x8E, 0x15, 0x3F, 0xE7, 0x5F, 0xCC,
    0x3B, 0xF3, 0xDA, 0x3C, 0x5C, 0x16, 0xE7, 0x44, 0x65, 0x3A, 0xB7, 0x2A, 0x5F, 0xE5, 0x38, 0x34, 0x4E, 0x74, 0x3E, 0xD4, 0x5F, 0xC1, 0xA7, 0xFF,
    0x59, 0xC2, 0x2D, 0xE2, 0xB0, 0xCE, 0x87, 0x89, 0xF9, 0x17, 0x66, 0x72, 0x36, 0x60, 0x58, 0x04, 0x80, 0x43, 0x41, 0x4D, 0xE7, 0x1F, 0xCD, 0x2A,
    0x8F, 0x99, 0x25, 0x3D, 0x64, 0x76, 0x3D, 0x65, 0x5E, 0x3E, 0x61, 0x52, 0x58, 0xC1, 0x14, 0x58, 0xF2, 0x32, 0xC5, 0x42, 0xE5, 0xF2, 0xD5, 0x92,
    0xD4, 0x52, 0xB6, 0x84, 0x05, 0x82, 0xAD, 0x58, 0x43, 0x0B, 0x65, 0x58, 0xCF, 0xE5, 0x05, 0x81, 0x60, 0xC2, 0x22, 0x60, 0x20, 0xE4, 0x2B, 0x98,
    0x59, 0xBF, 0xA4, 0x71, 0x94, 0x56, 0x64, 0xE5, 0x16, 0x7D, 0x95, 0x68, 0xF5, 0x52, 0xD9, 0xEA, 0x75, 0xB9, 0x79, 0x77, 0xE6, 0xAA, 0x1C, 0xE9,
    0xED, 0x7E, 0x4D, 0xA1, 0x42, 0x3F, 0x4E, 0xA1, 0x90, 0x23, 0x85, 0x7C, 0xA6, 0x8A, 0xB2, 0xA2, 0xD6, 0x75, 0x00, 0xD9, 0x2F, 0x9A, 0x41, 0x09,
    0x61, 0x9A, 0xFB, 0x89, 0x21, 0x09, 0x97, 0x06, 0x94, 0x5B, 0x24, 0x67, 0x4F, 0x28, 0x6D, 0x9C, 0x04, 0x67, 0x68, 0xC2, 0xBA, 0xD4, 0x84, 0xA8,
    0x85, 0x2D, 0x6F, 0x18, 0xA5, 0x2D, 0x16, 0x8F, 0x25, 0x38, 0x4D, 0x4A, 0xE4, 0x3C, 0x17, 0x6B, 0x9D, 0xC6, 0x92, 0x80, 0xF0, 0x41, 0x7B, 0x56,
    0x61, 0x76, 0x06, 0x68, 0x12, 0x7F, 0xE2, 0x17, 0xC9, 0x24, 0x15, 0x59, 0x1D, 0x3F, 0x54, 0xB1, 0xA3, 0xAC, 0xB0, 0x94, 0x57, 0x5E, 0x71, 0x77,
    0x5B, 0x81, 0x5C, 0x6F, 0x02, 0xF4, 0x2A, 0x60, 0x3D, 0xF0, 0x74, 0xE4, 0x2A, 0x6B, 0xD5, 0xC3, 0x02, 0x55, 0xAD, 0x9D, 0x2A, 0x35, 0x46, 0x1B,
    0x25, 0xEA, 0x85, 0x23, 0xF9, 0xA9, 0x2E, 0x1B, 0x3A, 0xC6, 0x01, 0xEF, 0x35, 0x86, 0x91, 0x32, 0x04, 0xB5, 0x8A, 0x0A, 0x12, 0xCA, 0x5D, 0x24,
    0xC2, 0x0A, 0xC2, 0x39, 0xFF, 0x4B, 0x98, 0xB1, 0xF2, 0xC4, 0x75, 0xAA, 0x51, 0x3B, 0x19, 0xA5, 0xAC, 0xFA, 0x54, 0xC9, 0xE0, 0xAA, 0x37, 0x75,
    0x23, 0xC5, 0x47, 0xA3, 0x96, 0xE4, 0x80, 0x87, 0x4B, 0x33, 0x31, 0x3F, 0x2C, 0xB6, 0xDD, 0x83, 0xB5, 0xE1, 0x68, 0x78, 0x1F, 0xB0, 0x7C, 0xE5,
    0x8B, 0xED, 0x33, 0xF5, 0xFF, 0xFF, 0xB4, 0x1D, 0x7B, 0x83, 0x0B, 0x56, 0x45, 0x88, 0xD7, 0x21, 0x11, 0xA0, 0x54, 0x70, 0x0D, 0xF2, 0xEB, 0xBA,
    0x43, 0x46, 0xAB, 0x6B, 0xDE, 0x3A, 0xE0, 0x37, 0x9F, 0x55, 0xEB, 0x59, 0x2D, 0x45, 0xF8, 0x12, 0x1E, 0x19, 0x5B, 0x3B, 0x32, 0xC3, 0xB8, 0x0A,
    0x4B, 0xE3, 0xAF, 0xFE, 0x58, 0xAA, 0xDE, 0x31, 0xAA, 0x5A, 0x91, 0xF1, 0x5F, 0xC9, 0x9F, 0x8A, 0xA0, 0x50, 0x91, 0x8C, 0x5A, 0x57, 0x03, 0x35,
    0x08, 0xF5, 0x14, 0xED, 0xF2, 0x6C, 0xC3, 0xD4, 0xC6, 0x92, 0x69, 0x95, 0xEE, 0x99, 0xC3, 0x6B, 0xDF, 0xAB, 0x9B, 0x6B, 0x96, 0x42, 0xC0, 0xF9,
    0x80, 0xBD, 0xA4, 0x4C, 0x7B, 0xA3, 0x4F, 0x60, 0x47, 0x3D, 0x44, 0xC9, 0x1F, 0x05, 0x88, 0xAE, 0xC5, 0x7E, 0xD1, 0xA1, 0x0D, 0xA1, 0x82, 0xE3,
    0xFC, 0x34, 0xAA, 0x5F, 0x81, 0x7F, 0x23, 0x5F, 0x9F, 0xA0, 0x91, 0x07, 0x9A, 0xF8, 0xE0, 0x8E, 0x9F, 0x9F, 0x1C, 0xE8, 0x3E, 0x95, 0x2C, 0xF7,
    0x94, 0x99, 0xEA, 0x7C, 0x1D, 0xD0, 0x79, 0x08, 0xD9, 0x4F, 0xB1, 0xC0, 0xA9, 0xB4, 0xC6, 0x69, 0x13, 0xB9, 0x39, 0x5A, 0xB3, 0x49, 0x63, 0xF6,
    0xC3, 0x3C, 0x14, 0x99, 0xAA, 0xC9, 0x83, 0x0B, 0x35, 0x97, 0x30, 0x54, 0x00, 0x24, 0x72, 0x4F, 0x20, 0x92, 0x54, 0xC5, 0x3C, 0xC6, 0x22, 0x33,
    0xCD, 0xC6, 0xBC, 0xB0, 0x78, 0xB9, 0x97, 0xC4, 0xB2, 0x45, 0x25, 0x10, 0x06, 0x43, 0x7C, 0xD4, 0x0A, 0x39, 0x22, 0x48, 0xA9, 0xE9, 0x49, 0xF9,
    0x6F, 0x27, 0x69, 0x95, 0x4C, 0x0E, 0x98, 0x91, 0x64, 0x61, 0x89, 0x9C, 0xCA, 0x85, 0x2C, 0x1A, 0xF0, 0xD8, 0x56, 0xE3, 0xB8, 0x85, 0xB5, 0xE3,
    0x19, 0x68, 0x7C, 0x2B, 0x02, 0x52, 0x03, 0x8C, 0x71, 0x44, 0xD6, 0x0F, 0xCA, 0x3A, 0x1F, 0x37, 0xE4, 0x7A, 0xB0, 0xEE, 0xF1, 0x18, 0x52, 0x62,
    0x11, 0x8A, 0x9D, 0xA2, 0x2B, 0x0E, 0x45, 0x1C, 0x15, 0x89, 0x2C, 0x52, 0xF2, 0x1D, 0x4E, 0x87, 0x88, 0x4D, 0x64, 0x87, 0x67, 0x44, 0x74, 0xC8,
    0x21, 0x31, 0xDC, 0x80, 0x44, 0xF7, 0x9B, 0x2A, 0xE4, 0x2B, 0x82, 0x57, 0x1A, 0x21, 0x24, 0x41, 0xC8, 0x61, 0x37, 0x47, 0xE2, 0xAC, 0x92, 0xA2,
    0x8F, 0x48, 0x62, 0x30, 0x30, 0x00, 0x8E, 0xCE, 0x60, 0x1C, 0x37, 0x24, 0x6E, 0x1C, 0xB9, 0xB9, 0xF1, 0xF8, 0x64, 0x2B, 0x64, 0x23, 0xEB, 0x26,
    0xB7, 0xF1, 0xEB, 0x6A, 0x80, 0xF2, 0xD4, 0x80, 0x61, 0x40, 0xC3, 0x82, 0x1D, 0x8D, 0xA7, 0xDE, 0xBE, 0x09, 0xD4, 0x0C, 0x24, 0xB7, 0x18, 0x99,
    0x32, 0xE0, 0xD2, 0x64, 0xC8, 0xA4, 0x09, 0x5E, 0x55, 0x75, 0xA6, 0xE5, 0x2A, 0x7A, 0xC4, 0x50, 0xC2, 0x03, 0xE3, 0xDE, 0xA0, 0xF8, 0x00, 0xA4,
    0xB4, 0x02, 0x0C, 0x7B, 0xF1, 0xF5, 0xF0, 0xCA, 0x04, 0xAE, 0xFE, 0xEC, 0x0C, 0x18, 0x37, 0x07, 0xC2, 0x19, 0x2F, 0xC6, 0x66, 0xBC, 0x08, 0xA0,
    0xE4, 0x22, 0x87, 0x91, 0x63, 0x46, 0xFE, 0xDD, 0xFD, 0x59, 0x9D, 0xE8, 0x5B, 0xE8, 0x8C, 0xB9, 0x6A, 0x0D, 0x16, 0x8A, 0x28, 0x3E, 0x8B, 0x3A,
    0x57, 0x3F, 0x73, 0x28, 0x95, 0xC9, 0x15, 0x67, 0xD7, 0x15, 0x36, 0x32, 0xE0, 0x7C, 0x93, 0xBC, 0x6F, 0x27, 0x15, 0xF7, 0x4D, 0xF0, 0x35, 0x39,
    0x7B, 0xBE, 0x30, 0x4C, 0x1E, 0x15, 0x45, 0x05, 0x53, 0xE7, 0xDE, 0xED, 0xD0, 0x9E, 0x80, 0x27, 0x29, 0x86, 0x1C, 0x51, 0x50, 0xC9, 0x9C, 0x00,
    0x93, 0xC9, 0xDB, 0x90, 0x4C, 0x8C, 0x18, 0xD4, 0xC3, 0xEB, 0x2A, 0x71, 0x48, 0x05, 0xCF, 0xAB, 0x21, 0xE1, 0x93, 0x18, 0x2D, 0x1B, 0xD1, 0xE8,
    0x25, 0x02, 0xF7, 0x02, 0x5E, 0x29, 0x1D, 0x9E, 0x8D, 0x1F, 0x08, 0x28, 0x28, 0x40, 0x34, 0x29, 0xF6, 0x1F, 0x70, 0xF4, 0x3B, 0xAE, 0x16, 0x1E,
    0x9C, 0x30, 0x3B, 0xD0, 0xF1, 0xE0, 0x70, 0x06, 0x9B, 0xE3, 0x7B, 0x9E, 0x1B, 0xEA, 0xCC, 0x1A, 0x10, 0x95, 0x64, 0xE0, 0x93, 0xC5, 0xC0, 0xC9,
    0x82, 0x5F, 0x48, 0xFC, 0xB5, 0xF0, 0xBA, 0xA4, 0x82, 0xE7, 0x0F, 0x85, 0xDF, 0x16, 0xBB, 0x5E, 0xC6, 0x6F, 0x17, 0x44, 0xA0, 0xAE, 0xC8, 0x25,
    0x9F, 0x50, 0x45, 0xA6, 0x23, 0x8B, 0xFB, 0x70, 0x71, 0x3D, 0xD6, 0x5F, 0x9C, 0xDB, 0x1D, 0x23, 0xED, 0xD6, 0x0B, 0x71, 0x43, 0x46, 0xB0, 0x51,
    0x5F, 0xDC, 0x92, 0x7C, 0xBD, 0x94, 0x1F, 0xB7, 0x2A, 0x62, 0xAF, 0x63, 0xE4, 0xA6, 0xA2, 0xD9, 0x2B, 0xC1, 0xDD, 0x3B, 0xA7, 0x7C, 0x18, 0x06,
    0x9B, 0x4B, 0x7F, 0x00, 0xC8, 0x47, 0x69, 0x0E, 0x32, 0x1E, 0x18, 0xD4, 0xAB, 0x98, 0x6C, 0xC0, 0x6F, 0x5A, 0xB3, 0x82, 0xF4, 0x71, 0xB6, 0x70,
    0x27, 0x4C, 0xB8, 0xF0, 0x30, 0x5E, 0xCE, 0x85, 0x45, 0x7C, 0xA3, 0xD1, 0x39, 0x33, 0x8B, 0x2F, 0xD5, 0x3A, 0x23, 0x91, 0x83, 0x72, 0x9F, 0x83,
    0x4B, 0x50, 0xBD, 0x70, 0xD9, 0x3C, 0x73, 0x60, 0x9C, 0x67, 0x12, 0x4A, 0xBC, 0x1C, 0x0F, 0xBF, 0x30, 0x0F, 0xA2, 0xB3, 0x99, 0xE5, 0x49, 0x29,
    0xBF, 0xBA, 0xE4, 0xFC, 0xB1, 0xEC, 0xB7, 0xFA, 0xA6, 0x21, 0xD8, 0x71, 0x84, 0x61, 0x92, 0x28, 0x1C, 0xEF, 0xDB, 0x86, 0x2D, 0x1A, 0x7C, 0x07,
    0x9B, 0x33, 0xA8, 0x04, 0x44, 0x22, 0xD5, 0x71, 0x3D, 0x00, 0x00, 0x20, 0x42, 0x50, 0x00, 0x73, 0xCA, 0x0D, 0x86, 0x41, 0x00, 0x20, 0xE6, 0x1C,
    0x84, 0x6A, 0x04, 0xC0, 0x05, 0x39, 0x4A, 0x22, 0xA0, 0x30, 0x00, 0x22, 0x69, 0x04, 0xA0, 0x00, 0x80, 0x61, 0x28, 0x14, 0x00, 0x00, 0x10, 0x82,
    0x00, 0x20, 0x00, 0x18, 0x02, 0x86, 0x10, 0x0D, 0x51, 0x59, 0x65, 0x62, 0xC4, 0x18, 0xD7, 0xB6, 0x0B, 0x0E, 0x24, 0x8F, 0x84, 0x06, 0xED, 0xCD,
    0xE3, 0xD2, 0xA0, 0x91, 0xE8, 0x92, 0x5A, 0x70, 0x93, 0x51, 0xBD, 0x9E, 0xFD, 0x78, 0xF0, 0x22, 0xDF, 0x59, 0x72, 0xD6, 0x2E, 0x73, 0x5B, 0xDF,
    0x3D, 0x1A, 0x65, 0xCB, 0xA6, 0x8D, 0x02, 0xF7, 0xC7, 0x61, 0x15, 0x9B, 0xA1, 0x49, 0x8D, 0xD9, 0xC6, 0x46, 0xA4, 0xB4, 0x1B, 0x6B, 0x5B, 0xDD,
    0x67, 0xBB, 0x10, 0x92, 0xCF, 0x25, 0x76, 0x70, 0x64, 0x5B, 0x39, 0xCF, 0x4B, 0xC3, 0xA4, 0x4C, 0x99, 0xE8, 0xFF, 0x3F, 0xF2, 0x26, 0x05, 0x6C,
    0xBC, 0x6D, 0xC9, 0x6C, 0x37, 0xD2, 0xDC, 0x19, 0x2E, 0xA0, 0x4E, 0xCD, 0xA2, 0x37, 0x2C, 0xFD, 0xA5, 0xC5, 0xD1, 0xBD, 0x4E, 0xAB, 0x61, 0xFD,
    0xC0, 0xE2, 0xD3, 0xEE, 0xD8, 0x8F, 0xC1, 0x3A, 0xBB, 0x41, 0x66, 0x35, 0xC7, 0xB6, 0x1A, 0xEC, 0x71, 0x79, 0x5A, 0xEF, 0xAA, 0x3D, 0x71, 0x4A,
    0x16, 0x34, 0x06, 0x01, 0xD6, 0x75, 0x82, 0xE8, 0x1A, 0xAC, 0xCA, 0x96, 0x73, 0x0C, 0xF3, 0xDC, 0xD1, 0x5A, 0x96, 0xA7, 0xB8, 0xDB, 0x3C, 0xC0,
    0x3B, 0x11, 0x68, 0x15, 0x82, 0x1F, 0xC3, 0x1D, 0x51, 0xE6, 0x03, 0xF4, 0xB4, 0xD9, 0x1E, 0x3F, 0x5C, 0x3C, 0xA4, 0x9C, 0x93, 0x6C, 0xC7, 0xF7,
    0x77, 0xE8, 0x64, 0x18, 0xE6, 0xB4, 0x3E, 0x93, 0xBD, 0x3F, 0x75, 0xD0, 0x5D, 0x26, 0xED, 0xFC, 0x30, 0x0C, 0x6F, 0x7F, 0x99, 0x74, 0x03, 0x8E,
    0xDB, 0xA2, 0x78, 0x04, 0xA5, 0x97, 0x3D, 0xB4, 0x5A, 0x6C, 0x10, 0x7A, 0x9F, 0xE1, 0x69, 0xDB, 0x85, 0x3B, 0x7A, 0x44, 0x5A, 0x33, 0x3C, 0xF0,
    0xD5, 0x7F, 0x8D, 0x7B, 0xE7, 0xFD, 0xF1, 0xC2, 0x82, 0x9D, 0xEE, 0xCF, 0xF6, 0x91, 0xC2, 0xC1, 0x2A, 0xD8, 0x85, 0xCF, 0xD9, 0xFC, 0xD8, 0xAE,
    0x23, 0xD6, 0x5A, 0xD7, 0x17, 0x44, 0xAB, 0x44, 0x7B, 0x22, 0xD8, 0x55, 0x72, 0xCB, 0x6A, 0xC4, 0x6F, 0xAB, 0x30, 0x31, 0x2C, 0xCE, 0xC0, 0x0E,
    0xDB, 0x7A, 0x88, 0x53, 0x89, 0xF5, 0x65, 0x38, 0x94, 0x82, 0xE9, 0x0C, 0x35, 0x5D, 0xDD, 0xD4, 0x68, 0xA8, 0xA1, 0x89, 0x9B, 0x2F, 0xB4, 0x21,
    0x3F, 0x11, 0x75, 0x1A, 0xCB, 0xF2, 0x38, 0x08, 0xB9, 0x5B, 0x47, 0x5B, 0xB2, 0x75, 0x0C, 0x86, 0x02, 0x7B, 0x4A, 0xBA, 0xD8, 0x70, 0x63, 0xE2,
    0x4A, 0xC8, 0x79, 0x4D, 0xA9, 0x9F, 0x3E, 0x73, 0x70, 0x86, 0x31, 0x35, 0xB5, 0x36, 0x98, 0xBB, 0x47, 0x37, 0x28, 0x08, 0x71, 0x6A, 0xAD, 0x60,
    0x3D, 0x45, 0x13, 0x2B, 0xAB, 0x8C, 0x61, 0x4D, 0x5B, 0x81, 0xFE, 0x56, 0x1B, 0x00, 0x62, 0x6C, 0x43, 0x1D, 0xA0, 0x3E, 0x84, 0x0F, 0x88, 0xBC,
    0x03, 0x03, 0xD2, 0xDF, 0xD2, 0x46, 0xBD, 0x67, 0xD2, 0x96, 0x3B, 0xF1, 0xA3, 0x98, 0x5A, 0x0E, 0xB6, 0x66, 0xD7, 0x8E, 0x34, 0xCC, 0xD8, 0x8E,
    0x33, 0x4B, 0xA3, 0xF3, 0x85, 0xB3, 0x00, 0x1B, 0x9C, 0xDD, 0x63, 0x83, 0x1F, 0xE7, 0x9B, 0x30, 0xD8, 0xBA, 0xB3, 0x61, 0x9C, 0x1D, 0x0B, 0x9F,
    0xE1, 0x5F, 0xC1, 0xAF, 0x36, 0x31, 0x9C, 0xBE, 0xA3, 0xE5, 0x44, 0xA5, 0x66, 0xAB, 0x72, 0x31, 0xAD, 0xCC, 0x36, 0x59, 0x62, 0x1C, 0x76, 0xC5,
    0xA2, 0xEC, 0x54, 0x3F, 0x93, 0xD4, 0x81, 0xE2, 0xA2, 0x4D, 0x59, 0x32, 0xCB, 0xFD, 0x7E, 0x95, 0x2C, 0x0D, 0x76, 0x48, 0x8D, 0x64, 0xEA, 0x03,
    0xBB, 0xE3, 0x2E, 0xD9, 0x0D, 0xE7, 0x31, 0xC2, 0x69, 0xD3, 0x79, 0xC2, 0xE6, 0x3A, 0x67, 0x07, 0xE2, 0x2A, 0xC1, 0xC7, 0x0D, 0x8E, 0xE9, 0xDC,
    0xDA, 0xB0, 0xE8, 0xD8, 0x05, 0xC0, 0x94, 0x91, 0x46, 0xCD, 0x6E, 0xBB, 0x34, 0xD4, 0xD4, 0x2E, 0x3D, 0xA0, 0xAE, 0x94, 0x9B, 0x1A, 0x36, 0x11,
    0x43, 0xC5, 0x81, 0x67, 0x2D, 0xB9, 0xE5, 0x03, 0x03, 0xA6, 0xDC, 0xBD, 0x15, 0x9C, 0x1C, 0xBB, 0xF5, 0xEB, 0xAE, 0x6B, 0xA4, 0xB7, 0x92, 0x0F,
    0xD9, 0x70, 0xA2, 0xD9, 0xFF, 0xFF, 0x63, 0x29, 0x38, 0xC5, 0xDF, 0xE9, 0x3A, 0x66, 0xEA, 0x73, 0x8F, 0x14, 0xAB, 0xE7, 0x2B, 0x61, 0xA1, 0xD8,
    0x06, 0x9F, 0x53, 0xAB, 0x02, 0x79, 0x60, 0xD0, 0xB8, 0xF1, 0xD7, 0xA9, 0x96, 0x1C, 0x32, 0xF8, 0xF9, 0xFA, 0xD9, 0xDB, 0x11, 0xD9, 0x58, 0x98,
    0x35, 0xA9, 0xC8, 0xFA, 0xF4, 0x7A, 0x63, 0xD7, 0xF3, 0xAD, 0xAA, 0x7E, 0x35, 0x1C, 0x6E, 0xD2, 0x69, 0x53, 0x04, 0x1F, 0x7B, 0xD6, 0x2A, 0xC2,
    0x1D, 0x28, 0xE8, 0xE9, 0x71, 0x9A, 0xDA, 0xC0, 0xC8, 0x36, 0x47, 0x9F, 0x56, 0xDB, 0x3D, 0xDF, 0x22, 0x77, 0xC0, 0xED, 0x9C, 0x37, 0xC4, 0xFD,
    0xA5, 0xCA, 0x63, 0xE4, 0x8F, 0x31, 0x06, 0x3B, 0xEC, 0x5C, 0x03, 0x75, 0xE4, 0x9A, 0x1B, 0x46, 0x4C, 0x9A, 0xA2, 0x1C, 0x9A, 0x08, 0xD8, 0xEF,
    0x93, 0x33, 0x36, 0x81, 0xBA, 0x35, 0x14, 0x01, 0xDC, 0x06, 0x9B, 0xEE, 0x8B, 0x1A, 0x22, 0x7A, 0xB5, 0xA1, 0x66, 0xE9, 0x79, 0x6D, 0x2D, 0xCA,
    0xC3, 0x60, 0xFD, 0x60, 0x5D, 0xE7, 0xB0, 0xB8, 0x27, 0x63, 0x6E, 0x44, 0xE3, 0x8D, 0xE3, 0xC5, 0x52, 0x24, 0xF7, 0x16, 0x74, 0x25, 0xD2, 0xD9,
    0x7F, 0x4A, 0xAB, 0xD9, 0x5F, 0x4B, 0x07, 0x31, 0xAA, 0x59, 0x2E, 0x4C, 0xB9, 0x50, 0x31, 0x67, 0x29, 0x7D, 0xDB, 0xAD, 0x7A, 0x46, 0xAE, 0x24,
    0x42, 0x9B, 0x80, 0xD1, 0x04, 0x13, 0x98, 0x57, 0xCF, 0xD7, 0x67, 0xB1, 0xB6, 0x4F, 0xC1, 0xC6, 0x52, 0x4F, 0x90, 0xF9, 0x4F, 0x57, 0xC5, 0x53,
    0x43, 0x05, 0xFA, 0xF3, 0xA3, 0x23, 0x46, 0xC7, 0x57, 0x8D, 0xE7, 0x16, 0x8C, 0x5A, 0x46, 0x67, 0x5B, 0x23, 0x27, 0xF7, 0x56, 0x7A, 0xDA, 0x16,
    0x15, 0x43, 0x0A, 0xDD, 0xB5, 0x02, 0xC8, 0x95, 0x49, 0xBA, 0x15, 0x34, 0xCA, 0x54, 0xEB, 0x8B, 0x4E, 0x6C, 0xA4, 0xD3, 0xAF, 0x93, 0x9B, 0x9D,
    0xAC, 0x37, 0xF7, 0x08, 0xB5, 0x63, 0x7B, 0xD6, 0x78, 0xC0, 0x4C, 0xDD, 0x17, 0x2D, 0x30, 0xDF, 0xAD, 0xA2, 0xCA, 0xF4, 0x76, 0x6D, 0x52, 0xE0,
    0x28, 0xB5, 0x0E, 0x77, 0x0B, 0x79, 0x54, 0xEA, 0x83, 0x18, 0xBA, 0xFF, 0x83, 0x80, 0x5E, 0xFE, 0x1C, 0x28, 0x99, 0xBE, 0x71, 0xD9, 0xC9, 0x8E,
    0x99, 0x29, 0x43, 0x65, 0x80, 0x0D, 0x77, 0x6A, 0x0C, 0xF7, 0x7A, 0x28, 0xE4, 0x38, 0xD1, 0xC8, 0x82, 0xF3, 0x4B, 0x27, 0x96, 0x8D, 0x2D, 0xE1,
    0xB4, 0xC7, 0xD9, 0xC7, 0xAF, 0x06, 0x74, 0x51, 0xDE, 0x01, 0xEF, 0xEF, 0x9E, 0xD8, 0x80, 0x01, 0x96, 0xBD, 0xCC, 0x44, 0xB8, 0x55, 0x1B, 0x44,
    0x75, 0x74, 0xAB, 0x7D, 0xC2, 0xB9, 0x0D, 0x57, 0x62, 0x81, 0xBB, 0x5E, 0x75, 0x1B, 0x23, 0x1B, 0x2F, 0x01, 0xE3, 0xF3, 0x89, 0x5F, 0xD2, 0xB2,
    0xEC, 0x6A, 0x91, 0xC9, 0xCD, 0xED, 0xD4, 0x8C, 0x43, 0x51, 0xEE, 0xCC, 0x59, 0xE6, 0x4F, 0x0F, 0xA8, 0x7B, 0x67, 0x92, 0x5F, 0x8F, 0xAE, 0x7D,
    0xDE, 0x59, 0x0B, 0x54, 0x49, 0xC8, 0x8D, 0x37, 0x7B, 0x86, 0x2F, 0x3C, 0x52, 0xF9, 0x1F, 0xC4, 0x0E, 0x15, 0xE9, 0xAC, 0x6A, 0xED, 0x2D, 0x62,
    0xE9, 0x9E, 0xD2, 0x70, 0x96, 0x78, 0x9B, 0x59, 0xF9, 0x99, 0x5D, 0xC1, 0xB5, 0xEE, 0xF4, 0x9C, 0x65, 0x1C, 0x3F, 0x9A, 0x50, 0x0E, 0x89, 0xE9,
    0xD0, 0xCE, 0xEE, 0x80, 0xF9, 0xC3, 0xD8, 0xE6, 0xCA, 0x91, 0xB4, 0x8D, 0xF1, 0xB8, 0xD5, 0x95, 0x73, 0xB2, 0x38, 0xDD, 0x16, 0xF0, 0x6C, 0x10,
    0x2E, 0xC5, 0x62, 0x5F, 0x03, 0x5D, 0xB1, 0x33, 0xC2, 0xA0, 0x5D, 0x6F, 0x69, 0xB4, 0x46, 0x49, 0x42, 0x34, 0x1F, 0x05, 0xFA, 0xF4, 0x33, 0x55,
    0xFC, 0xCC, 0x00, 0x33, 0xDA, 0x55, 0x17, 0x43, 0x9F, 0xA0, 0x3C, 0xDE, 0xAE, 0x9C, 0x9B, 0x46, 0xB0, 0x8B, 0xAD, 0x5D, 0x29, 0x0E, 0x46, 0xA1,
    0x1B, 0x24, 0x78, 0x22, 0x64, 0x30, 0x91, 0xFF, 0x2E, 0xA4, 0xB0, 0xE8, 0x52, 0xA1, 0xD8, 0xFF, 0xE0, 0x5B, 0xB3, 0xB2, 0x23, 0x44, 0x31, 0xEB,
    0xF2, 0xF4, 0xDC, 0x67, 0x74, 0xD3, 0xB5, 0x54, 0x14, 0x98, 0x5C, 0xFB, 0x50, 0xF7, 0x6E, 0xB7, 0xD8, 0x67, 0x22, 0xE2, 0x73, 0x86, 0xEC, 0xBB,
    0x3E, 0xA3, 0x5B, 0x6F, 0x9F, 0x18, 0x08, 0x0F, 0x20, 0xB7, 0x0E, 0x14, 0xC8, 0x96, 0x20, 0x76, 0xA7, 0xC4, 0x25, 0x5D, 0xA5, 0x9A, 0xAD, 0x05,
    0xE9, 0x81, 0x0F, 0xB1, 0x84, 0x77, 0xA2, 0xD6, 0x48, 0x7A, 0xAE, 0xBF, 0x31, 0x11, 0xF2, 0x3D, 0x8F, 0xA1, 0x3E, 0x46, 0x43, 0x5E, 0x29, 0xDD,
    0xAD, 0x85, 0x09, 0xDF, 0x6B, 0xCC, 0x52, 0xAE, 0xFB, 0xC1, 0x0A, 0xC7, 0xCB, 0x5D, 0xC7, 0xD6, 0xAD, 0x06, 0x90, 0x48, 0x40, 0xB9, 0x11, 0x82,
    0x52, 0x99, 0x03, 0xD0, 0xB4, 0xB4, 0x4D, 0xFF, 0xE3, 0xC8, 0xC9, 0x31, 0xD2, 0x3F, 0x2D, 0x81, 0xFA, 0x8A, 0x3F, 0x7D, 0x1F, 0x6F, 0xFC, 0x0A,
    0x7A, 0x6C, 0xFB, 0xE0, 0x50, 0xB7, 0x75, 0x95, 0xCA, 0x28, 0x53, 0xF4, 0xE5, 0x51, 0x91, 0x07, 0xCD, 0xCF, 0x34, 0xF1, 0x0D, 0xC5, 0xF5, 0x27,
    0x7D, 0x7F, 0x89, 0xDE, 0x47, 0x05, 0xE7, 0x4B, 0xBC, 0x8A, 0x7A, 0xB1, 0x5C, 0xED, 0x2F, 0x94, 0xF3, 0x96, 0x60, 0x12, 0x69, 0xB0, 0x70, 0xF1,
    0x27, 0xBC, 0xA8, 0x4B, 0x7D, 0x1F, 0xCB, 0x5F, 0x76, 0x7E, 0x39, 0xC2, 0xCD, 0xBD, 0x76, 0x1B, 0xBC, 0xAE, 0xDB, 0x50, 0x66, 0xFB, 0x8E, 0xE9,
    0x90, 0xD0, 0x91, 0x45, 0xAD, 0x2F, 0x4F, 0xE5, 0xF1, 0x83, 0x62, 0xF7, 0x32, 0xE6, 0x14, 0xC9, 0xD6, 0x41, 0x0A, 0xB9, 0x24, 0x1F, 0xD1, 0x25,
    0xD6, 0x0C, 0xDE, 0x7C, 0xA2, 0xA3, 0xF8, 0x46, 0xBF, 0xF7, 0x68, 0x5E, 0xE6, 0x29, 0xF4, 0x38, 0x1A, 0xEA, 0xA5, 0xD4, 0xFB, 0xDF, 0xEE, 0x54,
    0x88, 0x88, 0xE6, 0xCF, 0x51, 0xA6, 0x68, 0x59, 0xAE, 0xA0, 0xEE, 0xB7, 0xC8, 0x23, 0xF3, 0x5D, 0x42, 0xBB, 0x52, 0xC4, 0x22, 0xB7, 0xCB, 0x4E,
    0x87, 0xAE, 0xFD, 0x9D, 0x0E, 0x8B, 0x59, 0x7C, 0xCF, 0x36, 0x35, 0x96, 0xB3, 0xF5, 0x44, 0x53, 0x32, 0x68, 0x0D, 0x8D, 0x82, 0x8D, 0x6C, 0x06,
    0x25, 0x08, 0x6F, 0x12, 0x99, 0xC3, 0x26, 0xC8, 0x6E, 0xC6, 0x84, 0x01, 0xD0, 0x3F, 0x7A, 0x8E, 0xCE, 0xD9, 0xF3, 0xC9, 0xDA, 0xE7, 0x0B, 0xFA,
    0x77, 0xD5, 0xA9, 0x77, 0xF3, 0x6C, 0x83, 0xAE, 0x37, 0x98, 0x42, 0xCE, 0x26, 0xAB, 0x9D, 0x5C, 0xA4, 0x28, 0x31, 0x92, 0x8D, 0x88, 0x60, 0x48,
    0x36, 0x89, 0x63, 0xA5, 0x7D, 0xB1, 0xC8, 0x67, 0x95, 0xC6, 0x6F, 0x78, 0xDE, 0xE4, 0xF8, 0xB3, 0x6A, 0x06, 0x20, 0xD6, 0x69, 0x06, 0x08, 0xF7,
    0xA0, 0x3E, 0xAD, 0x80, 0x1C, 0x00, 0xA8, 0x7E, 0xC5, 0x2B, 0xA5, 0xB0, 0x63, 0x36, 0x61, 0x35, 0x27, 0xA5, 0x0F, 0x3B, 0x28, 0x60, 0x70, 0xE5,
    0xC2, 0xA8, 0x62, 0x78, 0xAE, 0xD8, 0xB0, 0x53, 0x9C, 0xA7, 0xA7, 0xEC, 0x6A, 0xE1, 0xCA, 0x58, 0x61, 0x37, 0x5F, 0x2D, 0x83, 0x03, 0x37, 0xC6,
    0x7E, 0x02, 0x80, 0xBD, 0xDD, 0x09, 0xBD, 0x3B, 0x3C, 0x79, 0x19, 0x4E, 0x7A, 0xD5, 0xF8, 0x05, 0x92, 0x31, 0x6B, 0x09, 0x00, 0x5C, 0xB0, 0x38,
    0x63, 0x70, 0x76, 0x2A, 0xF1, 0x5C, 0x1D, 0xD2, 0xED, 0x23, 0x0D, 0x8A, 0x5D, 0x5C, 0x54, 0x92, 0xCB, 0xCA, 0x52, 0x16, 0xD5, 0xB2, 0x54, 0x01,
    0x14, 0x1E, 0xA1, 0x21, 0x38, 0xA7, 0xD8, 0x4B, 0xB9, 0xF6, 0x72, 0xF4, 0xDD, 0x5A, 0x6F, 0x9C, 0x58, 0xBD, 0x1B, 0x1F, 0x6D, 0x60, 0x41, 0x16,
    0x5F, 0xF6, 0x50, 0xAA, 0xA9, 0x4C, 0x06, 0x3F, 0xE0, 0x30, 0xDB, 0x9E, 0x33, 0x54, 0xF8, 0xC4, 0xD3, 0x38, 0x5E, 0x25, 0x6E, 0x6B, 0xC7, 0x32,
    0xED, 0xA9, 0xE1, 0xBC, 0xFC, 0x08, 0x4A, 0x48, 0xAC, 0x45, 0x21, 0x30, 0x47, 0xD4, 0xEE, 0x92, 0xE1, 0x51, 0x5B, 0xE3, 0xD1, 0xAD, 0xA4, 0x20,
    0x4F, 0xAC, 0x80, 0xDF, 0x82, 0x75, 0x2E, 0x8F, 0xAC, 0x5C, 0x84, 0x11, 0x10, 0xBE, 0xBE, 0x19, 0x9D, 0x5F, 0x7C, 0xDC, 0x71, 0xE0, 0xEA, 0xA5,
    0x47, 0x75, 0x11, 0x40, 0xC7, 0xC3, 0x8E, 0x6C, 0x55, 0x63, 0x7F, 0xAF, 0x56, 0xAC, 0x50, 0xC3, 0xBA, 0x3F, 0x5C, 0x3B, 0x0C, 0x2D, 0x7F, 0xA4,
    0xEF, 0xFE, 0x47, 0x7B, 0xEA, 0x0C, 0xBE, 0x10, 0x56, 0x9C, 0xF9, 0x8A, 0xFA, 0xF2, 0xBF, 0xEB, 0x47, 0x90, 0x07, 0xFE, 0x46, 0x8F, 0x4D, 0xB5,
    0x9D, 0x0A, 0x94, 0xC7, 0xF8, 0xCB, 0xB6, 0xFE, 0x92, 0x0A, 0xD2, 0xA1, 0x73, 0x7A, 0xBA, 0xD7, 0xEC, 0x5A, 0x92, 0x58, 0xBB, 0x36, 0x47, 0x2B,
    0x8F, 0x67, 0xD1, 0x3C, 0x1B, 0x46, 0x39, 0xC2, 0x39, 0x41, 0xD3, 0xC6, 0x03, 0xDD, 0x92, 0x64, 0x6B, 0x75, 0x9E, 0xE2, 0x69, 0xF7, 0x08, 0x7F,
    0x44, 0xB1, 0x44, 0x18, 0x4F, 0x88, 0xF2, 0x19, 0x40, 0x3F, 0x12, 0xAC, 0x5C, 0x2A, 0xD3, 0x62, 0xB2, 0x3B, 0x6A, 0x08, 0x86, 0x5D, 0x94, 0x7F,
    0xCD, 0x99, 0x06, 0xF5, 0x75, 0xAC, 0xD9, 0xCA, 0x12, 0xD0, 0x95, 0x9D, 0xA3, 0xBA, 0x11, 0xB6, 0x33, 0x1B, 0xC1, 0x54, 0x64, 0x65, 0xB8, 0xAD,
    0x18, 0x65, 0xD2, 0xA0, 0x16, 0x50, 0xA8, 0x59, 0xBC, 0x69, 0x7C, 0x48, 0x5B, 0x71, 0x79, 0x99, 0x6E, 0x49, 0x2B, 0x81, 0xC1, 0xB1, 0xCE, 0x4A,
    0x32, 0x73, 0x01, 0x08, 0xE4, 0x34, 0x42, 0xEC, 0xE6, 0x06, 0x99, 0x1C, 0x05, 0xE1, 0x0B, 0xB4, 0x89, 0x76, 0x45, 0xB7, 0x5C, 0x18, 0xC0, 0xD2,
    0x70, 0xD6, 0xC9, 0x5A, 0x24, 0x20, 0x76, 0x23, 0x54, 0x5D, 0xCA, 0xC9, 0xB7, 0x24, 0x0B, 0x8B, 0x3F, 0xB5, 0x19, 0x93, 0x14, 0xFF, 0x98, 0x62,
    0xDF, 0xEA, 0xDB, 0x91, 0x11, 0x16, 0x99, 0x7F, 0x35, 0x37, 0x1B, 0xB0, 0x2E, 0xE1, 0x7C, 0x6B, 0x38, 0xD7, 0xAD, 0x7D, 0x76, 0x79, 0x5E, 0xC9,
    0x9D, 0x32, 0x21, 0xD9, 0x44, 0xE5, 0x7D, 0x61, 0xD8, 0xDE, 0x7E, 0x40, 0xA1, 0x92, 0x78, 0xEC, 0xA2, 0x8E, 0x4C, 0xAB, 0xE5, 0xF0, 0xBA, 0xD3,
    0xC6, 0x0C, 0xEC, 0x69, 0x62, 0xC3, 0x82, 0x30, 0x99, 0xF8, 0x60, 0x4A, 0x82, 0x99, 0x5B, 0x61, 0xC1, 0x1D, 0xA7, 0xF2, 0x90, 0x68, 0xFB, 0x1F,
    0x4D, 0xE2, 0x78, 0xAB, 0x33, 0x3D, 0x4C, 0xFE, 0x0C, 0x8F, 0xDA, 0xC5, 0xE1, 0xE6, 0x11, 0xA7, 0x13, 0x91, 0x83, 0xC6, 0x04, 0x04, 0x2E, 0xD7,
    0x43, 0x78, 0xFC, 0xEE, 0x38, 0x2D, 0x55, 0x10, 0xDE, 0x99, 0xE6, 0x83, 0x61, 0xE4, 0x21, 0xC8, 0x99, 0x81, 0xA8, 0x42, 0xA0, 0x9F, 0x54, 0xBD,
    0xB9, 0xC5, 0xED, 0x55, 0x47, 0x5E, 0x19, 0x83, 0x2A, 0x1C, 0xF6, 0x44, 0x73, 0xCB, 0x64, 0x7C, 0x66, 0x49, 0xBE, 0x6D, 0xE7, 0x58, 0xD2, 0x3F,
    0x81, 0x54, 0xD7, 0xAD, 0x54, 0x79, 0x2A, 0xF7, 0x78, 0xE3, 0xBE, 0xB4, 0xF1, 0x95, 0xA0, 0xD0, 0xFC, 0xE2, 0x02, 0x3B, 0x8B, 0x0D, 0x8E, 0x7D,
    0xE6, 0xCA, 0x96, 0x85, 0xFE, 0x66, 0x21, 0xA0, 0x75, 0x26, 0x0C, 0x27, 0x3D, 0x00, 0xA1, 0x50, 0x2E, 0x4F, 0xE2, 0xE2, 0x4F, 0x4D, 0xDA, 0x60,
    0x37, 0xEE, 0xD8, 0x44, 0xC9, 0xD8, 0xB9, 0xB2, 0x7B, 0x0A, 0xCA, 0x08, 0xCF, 0x64, 0xB7, 0xC7, 0xAC, 0x03, 0xE2, 0x8A, 0x03, 0x18, 0x71, 0x90,
    0x69, 0xE2, 0xF6, 0xF3, 0x7E, 0xFD, 0x79, 0xC7, 0xC1, 0x72, 0x40, 0x4C, 0x66, 0xB9, 0x73, 0xF4, 0x19, 0xAD, 0x1B, 0xFE, 0x98, 0x70, 0xF5, 0xD5,
    0x63, 0x6D, 0x27, 0x92, 0x48, 0x4E, 0x45, 0x1D, 0x74, 0x31, 0xC0, 0x6A, 0xF3, 0x28, 0x60, 0x0E, 0x8E, 0x1A, 0x92, 0xA1, 0x16, 0x90, 0x1A, 0xFE,
    0x5B, 0x6A, 0x80, 0xF2, 0x11, 0x51, 0xD6, 0xE6, 0x7A, 0x79, 0x32, 0x2B, 0x54, 0x5F, 0xE3, 0x41, 0xE2, 0xEB, 0x49, 0x89, 0x78, 0xBB, 0x51, 0x6E,
    0x9A, 0xE7, 0x0A, 0x8A, 0x47, 0x86, 0x02, 0xFD, 0x26, 0x3F, 0x62, 0xD0, 0xD6, 0x26, 0x3E, 0x15, 0xE5, 0x76, 0xB9, 0x96, 0xCA, 0x09, 0x32, 0xEE,
    0x10, 0x50, 0x67, 0x04, 0xA2, 0x31, 0x0A, 0xE6, 0x51, 0x6C, 0x0C, 0xCC, 0x1E, 0x1F, 0x16, 0xAB, 0x2E, 0x73, 0x6F, 0x4D, 0x8C, 0xFD, 0x74, 0x87,
    0x17, 0x08, 0x9A, 0x33, 0xA8, 0xB7, 0x34, 0x3D, 0xF2, 0x37, 0x81, 0xBB, 0xB2, 0x89, 0x6C, 0x43, 0x22, 0x98, 0x68, 0x6B, 0x44, 0x64, 0x11, 0xA8,
    0xA9, 0xD7, 0x6E, 0x55, 0x9D, 0xB5, 0xE2, 0x95, 0x6D, 0x40, 0x88, 0x72, 0x6C, 0x12, 0xB7, 0xAC, 0x3A, 0xDF, 0x8F, 0x2D, 0xA3, 0x61, 0x4C, 0xB5,
    0xAF, 0x90, 0x99, 0x70, 0xE3, 0xB3, 0xA0, 0x43, 0x1B, 0xA9, 0x0E, 0x5B, 0x28, 0xCD, 0x07, 0xDC, 0x35, 0xD8, 0xE8, 0x6E, 0x22, 0xDF, 0xA1, 0xF5,
    0x79, 0x2E, 0xC5, 0x4A, 0x56, 0x02, 0x51, 0xCC, 0x72, 0x43, 0xA5, 0xA8, 0xF4, 0x0D, 0x26, 0x01, 0xCD, 0xB8, 0x0C, 0x69, 0x77, 0x7B, 0x3A, 0x50,
    0x51, 0x2E, 0x05, 0xD4, 0x9C, 0x1C, 0xB8, 0xDA, 0x89, 0x61, 0xB7, 0x69, 0x80, 0x3B, 0xF8, 0xC1, 0xA2, 0xE9, 0xCE, 0xD3, 0xBD, 0x1A, 0xDA, 0x33,
    0x8E, 0x53, 0xC3, 0x7A, 0x0A, 0xBE, 0xA8, 0x1B, 0x31, 0x31, 0x67, 0x7E, 0x47, 0x74, 0x67, 0xFA, 0xED, 0x47, 0x68, 0x04, 0x9A, 0x46, 0xB2, 0x35,
    0x86, 0xDA, 0x95, 0x15, 0xB9, 0x66, 0xD3, 0x71, 0x55, 0x7E, 0xCF, 0x6D, 0xAA, 0x4B, 0x24, 0x9E, 0x61, 0x73, 0x69, 0x47, 0x39, 0xE5, 0x0E, 0x86,
    0x9F, 0xC1, 0x7C, 0xA2, 0xF9, 0xD6, 0xCE, 0xA2, 0x6F, 0x1E, 0x2D, 0xDE, 0xCE, 0x5A, 0x08, 0xD0, 0xAD, 0xE2, 0x6C, 0x8B, 0xB0, 0xE5, 0x37, 0x1C,
    0x4B, 0xF3, 0xB2, 0x3F, 0xAD, 0x83, 0x06, 0xDA, 0x06, 0x69, 0x9C, 0xE7, 0xCE, 0xAB, 0x2D, 0x8A, 0xBB, 0x73, 0x63, 0x74, 0xDA, 0x6A, 0xE9, 0xB7,
    0x09, 0xFF, 0x75, 0x35, 0xCC, 0x1C, 0xFB, 0x88, 0xAD, 0xB0, 0xBD, 0x90, 0xA3, 0x2D, 0x77, 0x5D, 0xC8, 0x61, 0xC6, 0x59, 0x92, 0x6C, 0xB7, 0x4C,
    0x90, 0x5F, 0x6E, 0xF0, 0x2F, 0x98, 0x7B, 0x81, 0xAB, 0x1C, 0xA3, 0x16, 0x83, 0x2C, 0x43, 0x17, 0xCB, 0xB1, 0x9A, 0xCB, 0x2C, 0xC6, 0x2D, 0x77,
    0x8C, 0xCA, 0x26, 0x72, 0xB2, 0x9F, 0xA4, 0x29, 0xB7, 0xBD, 0x0B, 0x38, 0xCD, 0xDB, 0x8E, 0xEC, 0x46, 0xE3, 0xD8, 0x19, 0x5A, 0xE9, 0xB9, 0x94,
    0x94, 0x0A, 0xA4, 0x9D, 0x1B, 0xBA, 0x42, 0x53, 0x35, 0xB8, 0x22, 0xD3, 0x53, 0x5F, 0x7C, 0x68, 0xBD, 0xFC, 0x44, 0xB9, 0x27, 0xDA, 0xBE, 0x80,
    0x20, 0x36, 0x09, 0x1F, 0xFB, 0x90, 0xC9, 0xB4, 0x1A, 0xDA, 0x54, 0x7B, 0x55, 0xD7, 0x5A, 0xD2, 0x71, 0x72, 0x3B, 0xC5, 0x06, 0xCD, 0xE1, 0xB6,
    0x7E, 0x3E, 0x73, 0x85, 0xCE, 0x3D, 0x10, 0x1F, 0xF5, 0x1D, 0xBD, 0x79, 0x64, 0x30, 0x52, 0xC8, 0x07, 0xF2, 0x9C, 0x7E, 0x33, 0xBF, 0x13, 0x70,
    0x92, 0xD2, 0xC7, 0x32, 0x85, 0xB1, 0xF4, 0xC7, 0xF0, 0xA1, 0xEF, 0x52, 0xE5, 0xA7, 0x6C, 0xEA, 0x5C, 0xEE, 0x8B, 0x1D, 0x88, 0x13, 0xE6, 0x46,
    0x36, 0x66, 0x20, 0x9A, 0x2D, 0x92, 0xE8, 0xB2, 0xB1, 0x83, 0x69, 0x4D, 0x86, 0x69, 0xFD, 0x28, 0xB1, 0x71, 0xE7, 0x7A, 0x02, 0x8C, 0x44, 0x4B,
    0x5C, 0x76, 0x00, 0x3F, 0xDD, 0xDB, 0x56, 0x2E, 0x5B, 0xCF, 0x71, 0x7D, 0x5D, 0x22, 0xC2, 0x70, 0xA5, 0x7F, 0x28, 0xC6, 0x69, 0xA3, 0xF1, 0xF6,
    0xAC, 0x2E, 0xEF, 0xF5, 0x90, 0x5D, 0x87, 0x71, 0xFC, 0xEC, 0xE9, 0x0B, 0x31, 0xA7, 0x0A, 0x75, 0xC2, 0xE8, 0x46, 0x95, 0xFC, 0xC9, 0x1C, 0x13,
    0xBB, 0xF5, 0x20, 0x16, 0x15, 0xD2, 0x47, 0x0E, 0xD3, 0x5B, 0x43, 0x08, 0xE0, 0x72, 0x97, 0xCD, 0x68, 0x1C, 0x19, 0x54, 0x53, 0xE5, 0xDD, 0x64,
    0x2F, 0x48, 0x0E, 0xBF, 0xA8, 0xB2, 0x4E, 0x16, 0x0C, 0x29, 0xCB, 0x84, 0x51, 0xCC, 0xE0, 0x96, 0x9E, 0x97, 0x7A, 0xE1, 0x47, 0xA4, 0x76, 0x9F,
    0x7B, 0x7F, 0xB9, 0x54, 0x8C, 0xB5, 0x5A, 0x54, 0x01, 0x9D, 0x13, 0xF6, 0x15, 0xA1, 0xD3, 0x37, 0x02, 0x66, 0x2F, 0x79, 0x5F, 0x36, 0x8E, 0xD8,
    0xDD, 0x74, 0x46, 0xAB, 0xEF, 0xFB, 0x28, 0xA3, 0x56, 0x82, 0x95, 0xE6, 0x3F, 0x5C, 0x68, 0x58, 0x31, 0x54, 0x07, 0x61, 0xD7, 0x54, 0x74, 0x62,
    0x46, 0x76, 0x56, 0xE5, 0xC9, 0xC6, 0x8F, 0x0E, 0x3A, 0x9A, 0x19, 0xFF, 0xA5, 0xF4, 0x23, 0x8B, 0x91, 0x77, 0x74, 0x99, 0x81, 0x5F, 0x94, 0xD6,
    0x0C, 0xEB, 0xDC, 0x56, 0xD0, 0x08, 0x3D, 0xDA, 0x81, 0xBD, 0x14, 0x88, 0x80, 0xD1, 0x37, 0xDB, 0x6E, 0x38, 0xB6, 0x6E, 0xC0, 0x09, 0x22, 0xAA,
    0xA7, 0x05, 0xDE, 0xAF, 0x86, 0x1C, 0x75, 0xC7, 0xF3, 0x53, 0xD8, 0x31, 0x9D, 0xF5, 0xCC, 0x58, 0xF2, 0x6A, 0x63, 0x8D, 0x18, 0xB9, 0xD4, 0x12,
    0xBF, 0x44, 0xAB, 0x3C, 0x73, 0xFD, 0x5B, 0x96, 0x58, 0x61, 0x46, 0xD9, 0x65, 0xD7, 0x5F, 0x3F, 0x63, 0x52, 0x8E, 0xDC, 0xDC, 0xB0, 0x28, 0x53,
    0x2A, 0xC1, 0xD3, 0x21, 0x67, 0x12, 0x41, 0x46, 0x4F, 0x78, 0x8A, 0x27, 0xEF, 0xEA, 0x40, 0xD6, 0x71, 0x0D, 0x7F, 0x44, 0x17, 0x39, 0x45, 0x91,
    0x80, 0xE6, 0x73, 0x08, 0xBB, 0xF5, 0xD4, 0x0B, 0xD4, 0x4C, 0xDF, 0xE9, 0xDC, 0xA0, 0xE5, 0x1C, 0xCF, 0xB8, 0x72, 0xAD, 0x13, 0x0D, 0x77, 0xAC,
    0x79, 0xCF, 0x31, 0x42, 0xCA, 0x36, 0x16, 0x7D, 0x9F, 0xB0, 0x1C, 0x7C, 0xFC, 0xDE, 0x37, 0x9A, 0xE2, 0x49, 0x02, 0x31, 0x6B, 0xF4, 0x27, 0x76,
    0x02, 0x46, 0x0F, 0x2A, 0x56, 0x59, 0x05, 0xD3, 0x17, 0x5A, 0x2B, 0xBD, 0x1D, 0x5A, 0x11, 0xB4, 0x49, 0x64, 0xB1, 0xC5, 0xA1, 0x14, 0x06, 0xB5,
    0x11, 0x5B, 0x22, 0x13, 0x72, 0x1D, 0x4B, 0x1F, 0xA5, 0xFC, 0x04, 0x37, 0x0F, 0xC4, 0xDA, 0x8A, 0x9A, 0x9F, 0x57, 0xDE, 0x60, 0xDB, 0x00, 0xEF,
    0x1E, 0x47, 0xC9, 0xB1, 0x1C, 0x3F, 0x3B, 0x03, 0x11, 0xE0, 0xCE, 0xEF, 0xAE, 0x86, 0x1B, 0xF8, 0x64, 0x5B, 0xEF, 0xF6, 0x2A, 0xD4, 0xBD, 0xC1,
    0x1C, 0x01, 0xAF, 0xDB, 0xF1, 0x55, 0x0A, 0xDB, 0x6C, 0xC3, 0xCE, 0x89, 0xB2, 0xFB, 0x24, 0x9C, 0xAD, 0x5E, 0xD3, 0x30, 0x9C, 0x56, 0x44, 0x93,
    0xB6, 0x61, 0xFB, 0x7B, 0x53, 0x08, 0x9E, 0xA0, 0xED, 0x8E, 0xD3, 0x70, 0x79, 0xEC, 0x06, 0xA8, 0x06, 0x9D, 0xF1, 0xFD, 0x31, 0x19, 0x0F, 0x66,
    0x57, 0xAD, 0x3C, 0xA5, 0xD7, 0x3F, 0xF7, 0x87, 0x3F, 0x97, 0x30, 0x3E, 0x4E, 0xFB, 0xD4, 0x76, 0x03, 0x8D, 0x0F, 0xEE, 0xE6, 0x5D, 0x45, 0xB1,
    0x2B, 0xB8, 0xFD, 0x1D, 0x5C, 0x15, 0x41, 0x57, 0x8A, 0x10, 0xAE, 0x7D, 0x47, 0x2C, 0xAC, 0x1A, 0xDA, 0x54, 0xDD, 0x72, 0x11, 0xF5, 0x11, 0x8D,
    0xFE, 0xD8, 0x8C, 0x3A, 0xBA, 0xB8, 0x44, 0x66, 0x18, 0x70, 0x5F, 0xF4, 0x1C, 0x83, 0x18, 0x7D, 0xF6, 0x96, 0x22, 0x67, 0xE0, 0xB8, 0xEF, 0xEE,
    0xAB, 0x7B, 0xA5, 0x79, 0xA1, 0x9E, 0x42, 0x7B, 0xF0, 0x1C, 0xF4, 0x96, 0xC4, 0x3C, 0x76, 0x12, 0xCF, 0x7B, 0x5F, 0xC0, 0xBC, 0x9D, 0x6C, 0x14,
    0x83, 0xE7, 0xF9, 0x71, 0x1A, 0xEE, 0x66, 0x63, 0x8C, 0x28, 0x0C, 0xF6, 0x3F, 0xBF, 0x54, 0xAE, 0x49, 0x9A, 0x80, 0xED, 0x34, 0x13, 0xB2, 0x3C,
    0x14, 0x47, 0x50, 0x9A, 0x3B, 0x27, 0x14, 0x00, 0xB6, 0x56, 0x4E, 0xCD, 0xB3, 0x50, 0x1E, 0xDB, 0x89, 0xAC, 0x08, 0x61, 0x0C, 0xA2, 0x47, 0xDA,
    0xD2, 0xB4, 0xD3, 0x79, 0xB5, 0xF3, 0x4A, 0xC8, 0xE7, 0xBF, 0xE0, 0x65, 0xF5, 0x6D, 0x00, 0x7F, 0xA9, 0x8F, 0x59, 0x18, 0x3C, 0xE5, 0x67, 0x8C,
    0x0C, 0x82, 0x8C, 0x57, 0xA8, 0x57, 0xC7, 0x2C, 0x07, 0xA2, 0x40, 0x6C, 0x85, 0xB3, 0xB0, 0x83, 0xD7, 0xCA, 0x1A, 0x51, 0x4E, 0x67, 0x32, 0xB5,
    0xB1, 0xCF, 0x0F, 0xFC, 0xFC, 0x9F, 0x7D, 0xCC, 0x3F, 0x34, 0xDF, 0x9A, 0xD0, 0xCF, 0x06, 0x6D, 0x19, 0x65, 0x5C, 0x7F, 0xD2, 0x85, 0xE0, 0xFF,
    0xAA, 0x4C, 0xEA, 0x45, 0xAE, 0x2D, 0x81, 0x2B, 0x36, 0x16, 0xBE, 0x27, 0x33, 0x7A, 0xEC, 0xD9, 0xDE, 0x8B, 0x0E, 0x0F, 0x54, 0x18, 0x50, 0xF6,
    0xE1, 0x1E, 0x7D, 0x1D, 0x85, 0xF7, 0xA1, 0x81, 0xC4, 0x06, 0x89, 0xC0, 0x5B, 0x8B, 0x64, 0x13, 0x82, 0xBA, 0x9A, 0x38, 0xD5, 0x53, 0x7F, 0xC4,
    0x3D, 0x1B, 0x95, 0xA3, 0xF1, 0x32, 0x6F, 0x9C, 0x18, 0x40, 0x93, 0xCC, 0xDD, 0x34, 0x7E, 0x5B, 0xE9, 0x18, 0x84, 0x93, 0x91, 0x11, 0xA6, 0xCE,
    0x18, 0x22, 0x4E, 0x1D, 0x60, 0x8A, 0x40, 0x23, 0x23, 0xD4, 0xFF, 0x0F, 0xEE, 0xB9, 0xF9, 0xEE, 0x8C, 0xEB, 0x5E, 0xBA, 0x73, 0xE6, 0xFE, 0xD7,
    0x7B, 0x1F, 0xFC, 0x3B, 0xF3, 0xDC, 0x9B, 0x7B, 0xAF, 0xFA, 0x67, 0xCD, 0xD7, 0xB7, 0xDE, 0xD3, 0x79, 0xFD, 0x01, 0xC7, 0x79, 0x18, 0xC8, 0xBC,
    0x12, 0xA7, 0x3E, 0x9A, 0x66, 0xDE, 0xD6, 0x52, 0x1D, 0x5C, 0x71, 0x24, 0x64, 0x0D, 0xEE, 0xC0, 0x40, 0xC9, 0xB0, 0x32, 0x86, 0xA9, 0x2E, 0x4C,
    0x95, 0xE9, 0x35, 0xE5, 0x0C, 0xD8, 0xA2, 0x73, 0x3A, 0xDD, 0xF8, 0x28, 0x52, 0x1C, 0xCA, 0xE3, 0xA9, 0x09, 0xE6, 0xE3, 0x8D, 0xDE, 0x96, 0x07,
    0x48, 0x65, 0x30, 0xC9, 0xC3, 0xD3, 0x9B, 0x45, 0x9A, 0x30, 0x5E, 0xC1, 0xDE, 0xAE, 0xD7, 0xCD, 0x60, 0x8D, 0x5B, 0x71, 0xC6, 0xB7, 0xD3, 0xBD,
    0x0F, 0x77, 0xF6, 0xEA, 0xF3, 0x6A, 0x04, 0x56, 0xCB, 0xBA, 0xAB, 0x57, 0x73, 0x46, 0x99, 0xBA, 0x07, 0xDE, 0xD5, 0x51, 0xB6, 0xF9, 0x45, 0x2D,
    0xC3, 0xD9, 0xE8, 0x2A, 0x75, 0x7A, 0x9F, 0x21, 0xE7, 0x5A, 0x01, 0xDD, 0x09, 0x5E, 0x3C, 0xD2, 0x16, 0xA5, 0x4A, 0x45, 0x3F, 0xF2, 0x08, 0x04,
    0xFA, 0x1F, 0x9F, 0xBF, 0x6B, 0x62, 0xCD, 0x89, 0x91, 0xDC, 0xED, 0xE6, 0xC6, 0x2E, 0xDB, 0x1E, 0x7A, 0xCC, 0xD2, 0x6F, 0x4C, 0xA0, 0x18, 0x00,
    0x29, 0xFE, 0x03, 0x44, 0xAD, 0x97, 0x18, 0x43, 0xAF, 0x2E, 0xAC, 0xA3, 0x54, 0x18, 0x39, 0x76, 0xED, 0x6C, 0x5B, 0xF4, 0x2C, 0xBE, 0xEE, 0x42,
    0x88, 0xCA, 0x14, 0xB2, 0x95, 0xF5, 0xDC, 0x61, 0x33, 0xF5, 0xA4, 0x7D, 0xAF, 0xB6, 0xE2, 0x36, 0x2E, 0x57, 0xFC, 0x99, 0x8F, 0xE5, 0x3B, 0x83,
    0x7B, 0xC8, 0x12, 0xC3, 0x39, 0x4B, 0x1E, 0x7F, 0xDC, 0x37, 0xC8, 0xEF, 0xAD, 0x13, 0xDD, 0xCF, 0x90, 0x28, 0x7E, 0x50, 0x51, 0x90, 0x13, 0x2E,
    0x3D, 0x1B, 0x1B, 0xD1, 0xA8, 0xD8, 0xBD, 0xAA, 0xFF, 0x54, 0x13, 0x5D, 0x0F, 0xCD, 0x1A, 0xFD, 0x6B, 0xEA, 0xDD, 0x62, 0x2A, 0x33, 0x2D, 0x62,
    0x84, 0xEB, 0x68, 0x3F, 0xD8, 0x86, 0xBC, 0xAA, 0x7F, 0x00, 0x95, 0xDC, 0xA6, 0xE2, 0x08, 0x00, 0x7F, 0xE8, 0x91, 0x49, 0x8B, 0x32, 0x06, 0x3A,
    0xBA, 0x12, 0xA1, 0x70, 0x83, 0x79, 0xED, 0xCC, 0xF4, 0x27, 0xE5, 0x17, 0xB0, 0x90, 0xB6, 0x30, 0x0E, 0x8F, 0x1A, 0x75, 0xD2, 0x38, 0x14, 0x41,
    0x4F, 0x1B, 0xD7, 0x37, 0x19, 0xFA, 0xD8, 0x88, 0xCF, 0x59, 0x88, 0xF3, 0x01, 0x7E, 0xAA, 0x39, 0xF7, 0xCB, 0xAF, 0x1B, 0x25, 0x24, 0xD7, 0x7A,
    0x97, 0xAB, 0xA8, 0xA0, 0xE2, 0xE0, 0xEC, 0xFF, 0x97, 0x5D, 0xE9, 0xE8, 0x2C, 0xCD, 0xDD, 0xE8, 0x04, 0xA7, 0x80, 0xD0, 0x99, 0x17, 0xFE, 0x1A,
    0x7F, 0x42, 0xD4, 0xF2, 0x99, 0xDD, 0x14, 0xBD, 0x1D, 0xB9, 0x6F, 0xBE, 0xBB, 0x0D, 0x4E, 0x47, 0xE4, 0xD5, 0x09, 0xCE, 0x05, 0xFF, 0x08, 0x93,
    0x1A, 0x38, 0x66, 0xB8, 0x7D, 0x86, 0xDE, 0x3D, 0xEE, 0x02, 0xB4, 0x6C, 0x32, 0x55, 0x43, 0x8A, 0x7D, 0x2F, 0xC6, 0xC0, 0xB6, 0x83, 0xD2, 0x8B,
    0x85, 0x6B, 0x59, 0xB7, 0x47, 0x18, 0xC7, 0xBB, 0x67, 0x73, 0x7B, 0x40, 0x9E, 0xEA, 0x4D, 0x91, 0x90, 0x49, 0xDD, 0x09, 0x9F, 0xBE, 0x44, 0x72,
    0x16, 0xBC, 0xF6, 0x43, 0x90, 0xF2, 0xAB, 0x28, 0x3D, 0x79, 0x0F, 0x2A, 0x99, 0x0C, 0x3B, 0xA8, 0x4D, 0xE0, 0x32, 0x5F, 0xF8, 0x27, 0xE3, 0x57,
    0x01, 0xFA, 0x3D, 0x1B, 0x5D, 0xDD, 0x11, 0x5D, 0xDF, 0x46, 0xCB, 0x1D, 0xC3, 0x5C, 0x09, 0xD6, 0x42, 0x56, 0xBE, 0x4C, 0x35, 0xFB, 0xC3, 0x66,
    0xD7, 0x54, 0xDB, 0xE4, 0xEA, 0xB7, 0xC7, 0xB6, 0x59, 0xAE, 0xAF, 0x88, 0x2E, 0x08, 0x83, 0x52, 0x0E, 0x24, 0x06, 0x3C, 0x87, 0xFB, 0xAD, 0x09,
    0xDF, 0xDE, 0xE0, 0x4C, 0xF1, 0x9B, 0x88, 0x89, 0xFD, 0x49, 0x31, 0x1B, 0x79, 0x28, 0xA6, 0xF9, 0x8E, 0x62, 0xD5, 0x53, 0x9F, 0x0A, 0xB7, 0xEC,
    0xAD, 0x62, 0xCC, 0x14, 0x61, 0xDA, 0x0F, 0x77, 0x05, 0x9C, 0x32, 0x9F, 0x77, 0xE2, 0x26, 0x19, 0x47, 0x47, 0x8D, 0xBD, 0xC7, 0xC2, 0xC2, 0x30,
    0x6C, 0x6A, 0xB6, 0x5D, 0x59, 0xCF, 0xFC, 0xC2, 0x2D, 0x50, 0xED, 0x24, 0x0A, 0x53, 0x40, 0x90, 0xEC, 0xA0, 0xFC, 0xEA, 0xBE, 0xB1, 0x9B, 0x1F,
    0x9A, 0xEC, 0x6E, 0x43, 0xD4, 0x48, 0x4A, 0xF2, 0xEC, 0xE2, 0xCA, 0xBE, 0x32, 0x70, 0x45, 0x06, 0x5C, 0x54, 0xD2, 0x8F, 0x74, 0x39, 0x51, 0xB9,
    0x2A, 0x88, 0x47, 0x2A, 0xB7, 0x8C, 0xEB, 0x2C, 0xAE, 0x1C, 0x3A, 0xD5, 0xF6, 0x22, 0x7B, 0x52, 0xF7, 0x52, 0xF6, 0xB4, 0xB8, 0xBE, 0xA7, 0x4F,
    0x73, 0x20, 0xDB, 0x69, 0xEA, 0x65, 0xEB, 0x4B, 0x8D, 0x77, 0xD0, 0x72, 0x8F, 0x66, 0xBD, 0x98, 0xBA, 0x10, 0xA7, 0x58, 0x6A, 0xA8, 0xC2, 0x69,
    0xD6, 0xE0, 0xA8, 0x4B, 0x41, 0x5A, 0xB8, 0x5C, 0xB8, 0xE9, 0xE3, 0x41, 0x5E, 0x43, 0x8D, 0x13, 0x5C, 0x06, 0xAA, 0x9B, 0xCB, 0x29, 0x34, 0x7F,
    0xBC, 0x9A, 0x71, 0x9C, 0x72, 0xE1, 0x91, 0xB9, 0x81, 0x51, 0xF6, 0x00, 0x91, 0xBC, 0xB1, 0x7A, 0x78, 0x1C, 0xD4, 0x9C, 0x8F, 0x03, 0xCB, 0xA9,
    0x65, 0x69, 0x47, 0xB7, 0x18, 0x23, 0xDB, 0x60, 0xE1, 0x4E, 0xA6, 0xDB, 0x70, 0x94, 0x1B, 0x4C, 0xA3, 0xC0, 0xC1, 0x81, 0xCA, 0x56, 0xB7, 0xB2,
    0xF7, 0x34, 0x1E, 0x82, 0xE0, 0x6C, 0xB9, 0x79, 0x4C, 0x74, 0xF5, 0x6D, 0x13, 0x73, 0x51, 0xCA, 0xFA, 0x7F, 0x06, 0xEB, 0x3F, 0x9F, 0x53, 0x8A,
    0xA8, 0xE9, 0xEF, 0xB9, 0x12, 0xA8, 0xB6, 0xE3, 0x2B, 0x8F, 0x1E, 0xCF, 0x6B, 0x45, 0xEC, 0x9B, 0xFA, 0xD1, 0xFC, 0xAE, 0x03, 0x8F, 0x87, 0xDD,
    0xB0, 0xBA, 0xCF, 0xF0, 0xEE, 0x12, 0x57, 0x6C, 0xC6, 0x8E, 0x58, 0x47, 0xD3, 0xC7, 0x4D, 0xF1, 0xE2, 0x8B, 0x4C, 0x53, 0x81, 0xC3, 0xAA, 0x59,
    0x3B, 0xEB, 0xEE, 0x0C, 0x66, 0x21, 0x2E, 0xE4, 0x36, 0xD7, 0x46, 0x81, 0xAF, 0xA0, 0x51, 0x43, 0x77, 0xD3, 0xDD, 0xAA, 0x8D, 0x61, 0x93, 0x1C,
    0xD1, 0x2D, 0xB8, 0xDD, 0xFC, 0xF5, 0x92, 0x9A, 0xE2, 0x61, 0x8A, 0x58, 0xD5, 0x1B, 0xC4, 0x83, 0x49, 0x0B, 0xC7, 0x95, 0x78, 0x6C, 0xE9, 0x5C,
    0x70, 0x0D, 0x48, 0xAB, 0x6E, 0x3B, 0x06, 0xA2, 0xDA, 0x6E, 0x7B, 0x61, 0x96, 0xC4, 0x5B, 0xBF, 0xEB, 0xB9, 0x97, 0xF6, 0xCC, 0x67, 0x5B, 0xC1,
    0xBA, 0x62, 0x17, 0xD4, 0xC2, 0x9B, 0xC4, 0xC9, 0x3C, 0x11, 0xE6, 0x94, 0xB3, 0x7C, 0xC1, 0xA3, 0x75, 0xE0, 0x61, 0xDF, 0x24, 0x9D, 0x4F, 0x78,
    0xBA, 0x7B, 0x87, 0x04, 0x06, 0xDE, 0xAC, 0x51, 0x4F, 0x02, 0xA1, 0x1F, 0x2E, 0xC3, 0x62, 0x80, 0xBC, 0x9B, 0x2B, 0x81, 0x87, 0x1E, 0x2B, 0x8D,
    0x83, 0x06, 0x92, 0x45, 0x60, 0xC7, 0x41, 0x1F, 0x4E, 0xD7, 0x18, 0xFC, 0x02, 0x7C, 0x7C, 0x67, 0xE2, 0x44, 0xA9, 0x77, 0x36, 0x7D, 0xFA, 0x52,
    0x88, 0x07, 0xB2, 0x37, 0x27, 0x65, 0xDE, 0x1A, 0x00, 0xB4, 0xD7, 0xD2, 0x80, 0x1B, 0x9E, 0x5F, 0xFD, 0x32, 0xB0, 0xF4, 0xB8, 0x98, 0x48, 0x22,
    0xC7, 0xE2, 0xA3, 0xEE, 0xF5, 0x23, 0xDD, 0xF6, 0xC3, 0x1F, 0xC4, 0xAD, 0x36, 0x5E, 0x2B, 0xB9, 0x5F, 0xCB, 0xBB, 0x01, 0x65, 0x55, 0x8A, 0x9E,
    0x5B, 0x42, 0xDB, 0x1E, 0x2F, 0x16, 0x5D, 0xEE, 0xD9, 0x25, 0x3D, 0xA6, 0x18, 0xF7, 0xD8, 0xA2, 0x9D, 0xC1, 0xEF, 0x30, 0x4C, 0xE8, 0x17, 0xA4,
    0x81, 0x11, 0xC9, 0xD6, 0x85, 0x55, 0x07, 0x91, 0x96, 0xFA, 0xA8, 0xD7, 0xA4, 0xED, 0x44, 0xD3, 0x8B, 0x3D, 0x97, 0x8F, 0x22, 0x8B, 0x06, 0x71,
    0x3B, 0x0E, 0x86, 0xE7, 0x70, 0x05, 0xBB, 0x5E, 0x6D, 0x58, 0x85, 0xCD, 0xF8, 0x36, 0xD5, 0x84, 0x3D, 0x1E, 0x04, 0x8A, 0xF9, 0xA3, 0x43, 0x8A,
    0xAE, 0x70, 0xC4, 0xFA, 0xDB, 0x4E, 0x1F, 0x00, 0xD1, 0x61, 0x77, 0xB9, 0x84, 0xA4, 0xC6, 0x5F, 0x60, 0xD5, 0x8D, 0x6E, 0xE4, 0x6F, 0x82, 0xA8,
    0xF4, 0xF1, 0x31, 0x06, 0x16, 0xAC, 0x97, 0x7E, 0x56, 0x6B, 0xCB, 0xF4, 0xBA, 0xCA, 0x28, 0xFB, 0xEE, 0x47, 0x91, 0x13, 0x78, 0xEF, 0x68, 0xBD,
    0xB5, 0x36, 0x17, 0x93, 0x3F, 0xE4, 0x81, 0x26, 0x49, 0x36, 0xDE, 0x3C, 0x28, 0x60, 0x26, 0x7E, 0x6B, 0xC4, 0xA4, 0xFE, 0x0D, 0x6E, 0x67, 0xD6,
    0xCE, 0x5C, 0xF7, 0xC8, 0x8B, 0x9B, 0x82, 0x15, 0x07, 0x0B, 0x6D, 0x06, 0x36, 0x05, 0x70, 0xA8, 0x14, 0x58, 0xE0, 0xAB, 0x34, 0x3B, 0x99, 0xE6,
    0xC7, 0x7F, 0xC8, 0xCA, 0x51, 0x5F, 0xD0, 0x1F, 0xD4, 0xB7, 0xF8, 0xAB, 0xAB, 0xAF, 0x7F, 0x4C, 0xBE, 0xCB, 0xFC, 0xEF, 0xAD, 0x0D, 0xA6, 0xEA,
    0xA6, 0xE2, 0x10, 0x60, 0x23, 0x5A, 0x6F, 0xA5, 0x48, 0x6B, 0xDB, 0x35, 0xF8, 0x24, 0x59, 0x6D, 0x7E, 0xA7, 0x90, 0x27, 0x90, 0xE6, 0xC5, 0xE4,
    0x25, 0x60, 0xE3, 0xDA, 0xEF, 0xA6, 0x75, 0x73, 0xAD, 0x62, 0x7D, 0x96, 0xF9, 0x8E, 0xC3, 0x85, 0xB9, 0x9C, 0xF4, 0x50, 0x64, 0xFE, 0x34, 0xE7,
    0x18, 0x1C, 0xA2, 0x1B, 0x54, 0xF7, 0x4B, 0x29, 0x86, 0x12, 0x7A, 0x24, 0xF7, 0xAA, 0x39, 0xCD, 0xDB, 0xBA, 0x05, 0x4F, 0x5B, 0xD8, 0x84, 0xC3,
    0xF6, 0xED, 0xAE, 0x05, 0x3D, 0x95, 0x86, 0x54, 0x97, 0x41, 0x02, 0x8D, 0x51, 0xB9, 0xA2, 0xD0, 0xB0, 0x2F, 0xD3, 0x5D, 0xC4, 0x05, 0x31, 0x7A,
    0xEF, 0x83, 0x4D, 0xBA, 0x81, 0x54, 0x53, 0xD2, 0x77, 0x04, 0x8B, 0x12, 0xC8, 0x46, 0xDC, 0xAE, 0xFC, 0xEE, 0xED, 0xD8, 0x09, 0x27, 0xBA, 0xFB,
    0x84, 0x67, 0xE3, 0xE9, 0xB0, 0xAC, 0x35, 0xA7, 0x00, 0x55, 0x86, 0xCD, 0x68, 0x5C, 0x69, 0x88, 0x84, 0x33, 0xCD, 0x09, 0xD8, 0x35, 0x68, 0xA1,
    0x1F, 0x33, 0x56, 0x45, 0xF4, 0xAD, 0xDD, 0x62, 0xB0, 0xF6, 0x8E, 0xCA, 0x20, 0xDA, 0x2C, 0x8E, 0x93, 0xF6, 0x2E, 0x16, 0x42, 0x8E, 0xC1, 0xEC,
    0x15, 0x46, 0xCF, 0x9F, 0x8C, 0x66, 0xF7, 0xF6, 0x66, 0x3F, 0xF3, 0x50, 0x41, 0x4C, 0x4D, 0xFD, 0x42, 0xFB, 0x6E, 0xD9, 0xE2, 0x33, 0x83, 0x20,
    0x5A, 0x3B, 0x1E, 0xE0, 0x57, 0x58, 0xA3, 0x25, 0x7A, 0x77, 0xC7, 0x88, 0x44, 0x6A, 0x3C, 0xB9, 0x7D, 0xD8, 0x2B, 0x12, 0x24, 0x3E, 0x12, 0xAD,
    0x49, 0x79, 0xC5, 0xB7, 0xDB, 0xD2, 0xBB, 0x36, 0x9A, 0x57, 0x96, 0xB3, 0x1C, 0x30, 0x75, 0x16, 0x79, 0x55, 0x8B, 0x1E, 0xD6, 0xCB, 0xED, 0xE8,
    0x19, 0x63, 0x83, 0x86, 0x8D, 0x09, 0xFF, 0x71, 0x22, 0x31, 0xD0, 0xBF, 0x8B, 0x75, 0x49, 0xAB, 0x75, 0x8E, 0xEE, 0xE5, 0xEA, 0xFF, 0xC1, 0x3C,
    0x49, 0x7C, 0x3B, 0xF5, 0xD1, 0xE8, 0xCC, 0x15, 0x45, 0x3B, 0x62, 0x8A, 0xED, 0x69, 0xD2, 0x32, 0xE4, 0xFD, 0x2A, 0x43, 0xFB, 0xD7, 0x1E, 0x5D,
    0x7A, 0x13, 0x3C, 0x58, 0x22, 0x6C, 0x2F, 0xC2, 0x52, 0x45, 0xC6, 0x7A, 0xDA, 0x6E, 0xB2, 0x56, 0xC7, 0xBA, 0x89, 0xB6, 0x64, 0xA0, 0xED, 0xF3,
    0x8F, 0xFE, 0xA5, 0x30, 0xC8, 0xD7, 0xE3, 0xA5, 0x58, 0xE4, 0xB9, 0x80, 0xE7, 0xC1, 0xE5, 0xD4, 0x05, 0x30, 0xA6, 0xE4, 0xA8, 0x51, 0x91, 0xDF,
    0xF6, 0x6A, 0x0B, 0x74, 0xF9, 0xE2, 0xEE, 0x2E, 0x88, 0xD0, 0x32, 0x0F, 0x0F, 0xC3, 0x18, 0xED, 0xE2, 0x2F, 0x23, 0x64, 0x36, 0xB4, 0x6A, 0xDE,
    0xA5, 0x81, 0x69, 0x71, 0x3C, 0x9E, 0x93, 0x32, 0xF0, 0xB6, 0xA3, 0xB8, 0xE2, 0x16, 0x68, 0xB3, 0x2C, 0x2A, 0x3A, 0x57, 0xA4, 0xD2, 0xE6, 0x83,
    0x1C, 0x62, 0xBD, 0x6F, 0xEC, 0xBA, 0xB2, 0x6D, 0xD6, 0x20, 0x7E, 0x32, 0xB6, 0x3A, 0xD3, 0xD8, 0xD1, 0xDA, 0xB0, 0x7D, 0xD7, 0xB6, 0xFF, 0x48,
    0x80, 0x8E, 0xD6, 0xF1, 0x5C, 0xE1, 0xBB, 0x5E, 0xD7, 0x48, 0xD1, 0xB9, 0x5F, 0x5C, 0x37, 0x10, 0xCF, 0x9A, 0xCD, 0x6D, 0x1B, 0xC5, 0x1C, 0x58,
    0xA4, 0x7E, 0x3C, 0xF8, 0xAF, 0x15, 0x2C, 0x10, 0xBE, 0xCC, 0x92, 0x88, 0x6E, 0x71, 0x11, 0xB0, 0x9F, 0xD7, 0x17, 0xA3, 0x83, 0x68, 0x4C, 0x8C,
    0xB6, 0x95, 0x03, 0x40, 0xCF, 0xB5, 0x9E, 0xA6, 0xF9, 0xCB, 0x8C, 0x62, 0x87, 0xB3, 0x3C, 0x9F, 0x18, 0x71, 0x61, 0x47, 0x71, 0xB1, 0x21, 0x39,
    0x65, 0xB1, 0x2F, 0xC6, 0x02, 0x11, 0xEF, 0xC6, 0x81, 0x5A, 0x18, 0x98, 0x0A, 0x44, 0x7A, 0xCC, 0x46, 0xF9, 0x52, 0xFC, 0x2A, 0x5A, 0xB8, 0xEE,
    0xD4, 0x2C, 0x26, 0xD0, 0x3D, 0xA7, 0xBA, 0xE8, 0xC9, 0x55, 0x4E, 0x9E, 0x7F, 0xA6, 0x54, 0x63, 0x35, 0x2F, 0x10, 0xF6, 0x9B, 0x6D, 0x02, 0x61,
    0x4F, 0x2C, 0xE0, 0x94, 0x13, 0x08, 0x19, 0x63, 0xE0, 0x58, 0x4C, 0x5C, 0xC6, 0xB3, 0xF1, 0x0B, 0x58, 0x81, 0x70, 0xF3, 0xE7, 0x76, 0xE0, 0x1C,
    0xF3, 0x09, 0xC4, 0xF5, 0x7D, 0x82, 0x29, 0x84, 0x77, 0xED, 0xE8, 0x7D, 0xE2, 0x71, 0x05, 0xC8, 0x64, 0x6F, 0xD0, 0xA1, 0xBB, 0xD6, 0x57, 0x75,
    0x02, 0x43, 0x17, 0x9C, 0xA3, 0xA7, 0x8D, 0xD0, 0xA3, 0xCE, 0x68, 0xDB, 0x44, 0xC9, 0xDA, 0x78, 0xE9, 0x34, 0x36, 0x0C, 0x8D, 0xAD, 0xA1, 0x6A,
    0xDE, 0xCD, 0x18, 0xE8, 0xCE, 0x2B, 0x76, 0x73, 0x35, 0xCD, 0x7F, 0xE9, 0xF1, 0x3A, 0x71, 0x95, 0x4E, 0xC7, 0x69, 0x7B, 0x73, 0xE6, 0x44, 0x98,
    0x1A, 0x57, 0xEF, 0xC4, 0x1D, 0x32, 0xE7, 0xB6, 0xCC, 0x04, 0xB6, 0x3E, 0xD4, 0x61, 0x01, 0x47, 0xD7, 0x26, 0xB6, 0xE1, 0x93, 0xAC, 0x9E, 0x60,
    0x79, 0x10, 0x3D, 0x93, 0xF1, 0x7A, 0xB2, 0x2E, 0x0E, 0x22, 0x15, 0xEE, 0x0E, 0x78, 0xD2, 0xDA, 0xD6, 0x42, 0xFD, 0x1A, 0xF9, 0x1A, 0xE8, 0x36,
    0x7B, 0xCE, 0x58, 0x0D, 0xDD, 0xFE, 0x17, 0x46, 0xD9, 0x90, 0x34, 0x01, 0x8D, 0x93, 0xD3, 0x03, 0x8A, 0x07, 0x04, 0x6E, 0xDB, 0x44, 0xFA, 0xB6,
    0xC1, 0xF4, 0x4C, 0xDD, 0x9D, 0xD9, 0x9E, 0xCF, 0x48, 0xF1, 0xB2, 0x48, 0xA7, 0xE5, 0xF5, 0x7A, 0x34, 0x08, 0xC6, 0x67, 0x3A, 0xB4, 0xEB, 0x39,
    0x93, 0xAF, 0x6F, 0x76, 0xA4, 0xB0, 0x60, 0xDF, 0x0E, 0x04, 0xA5, 0x23, 0xFE, 0xA4, 0x71, 0xAE, 0x58, 0x8E, 0xC3, 0xEC, 0xDA, 0x09, 0x90, 0x9C,
    0xED, 0x3D, 0xB2, 0xA5, 0x65, 0x1F, 0x3F, 0xEE, 0x6D, 0x31, 0x97, 0xC7, 0x38, 0xEC, 0x5D, 0x22, 0x2B, 0x73, 0x6D, 0x9F, 0x37, 0x32, 0xD8, 0x31,
    0xB6, 0xB8, 0x55, 0xDF, 0x1B, 0x23, 0xC2, 0xCD, 0x6D, 0x3F, 0x42, 0x1C, 0x89, 0x66, 0x0B, 0x96, 0xA9, 0x59, 0x1B, 0x5D, 0x84, 0x51, 0x59, 0xB2,
    0x3E, 0xA1, 0xD8, 0x96, 0x87, 0x44, 0x47, 0xD7, 0x5B, 0x62, 0x93, 0xF6, 0x5F, 0x36, 0xA0, 0xC2, 0x8B, 0x54, 0x29, 0x1F, 0x3F, 0x88, 0xB7, 0x66,
    0xFF, 0xFC, 0xC4, 0xC5, 0x36, 0xB1, 0xFB, 0xE4, 0xFA, 0xCC, 0xA5, 0x8F, 0xC3, 0x13, 0x5A, 0x4C, 0x44, 0x10, 0x70, 0xD9, 0xF1, 0xB0, 0x6C, 0x41,
    0xED, 0xB7, 0x0B, 0x50, 0x49, 0x8F, 0xED, 0x91, 0x53, 0xDC, 0x95, 0x27, 0xBE, 0x1C, 0xB0, 0x7B, 0x75, 0x2C, 0xA1, 0xF1, 0x34, 0x48, 0x89, 0xD6,
    0xAD, 0xB4, 0x0E, 0x99, 0x5D, 0xC7, 0x19, 0xE7, 0x1B, 0xAD, 0x58, 0x0C, 0x21, 0x17, 0x6F, 0xA6, 0x3B, 0x58, 0x58, 0xA2, 0x71, 0xD3, 0xD5, 0x89,
    0x18, 0xEF, 0xC2, 0x79, 0x33, 0x38, 0x51, 0xB2, 0xE2, 0x5D, 0x4C, 0xE1, 0x69, 0x72, 0x39, 0x58, 0xF2, 0xD1, 0xA4, 0x24, 0xD7, 0x03, 0xEE, 0x0B,
    0x47, 0xA0, 0x1A, 0x7B, 0x47, 0xE9, 0xA3, 0xE9, 0xAA, 0xE4, 0x6F, 0x10, 0x35, 0xB7, 0x0D, 0x30, 0x42, 0xEC, 0x9F, 0x60, 0xD0, 0x87, 0x3C, 0x3A,
    0x31, 0x69, 0x3A, 0x0C, 0xEB, 0x6A, 0xBE, 0x12, 0x03, 0xA0, 0x6B, 0x31, 0x03, 0xD8, 0xE5, 0x41, 0xAC, 0x76, 0xA9, 0x4B, 0x3F, 0xAF, 0x57, 0xF4,
    0xEB, 0x2D, 0x4E, 0x4E, 0x7C, 0x33, 0x03, 0xED, 0xE3, 0x35, 0x0A, 0x59, 0xB9, 0x07, 0x79, 0x42, 0xE8, 0x59, 0xF9, 0x39, 0x58, 0x9A, 0x71, 0xF4,
    0xC5, 0x82, 0x48, 0x3B, 0xA4, 0x1C, 0xC0, 0x38, 0x2B, 0x0D, 0xDA, 0xD1, 0x65, 0xC5, 0x88, 0x34, 0x22, 0x17, 0x0E, 0xBB, 0x4F, 0x4B, 0x8C, 0x51,
    0x4B, 0x5E, 0x69, 0xE9, 0x40, 0x97, 0x32, 0x39, 0x45, 0xB0, 0x5D, 0xA4, 0x04, 0x98, 0x19, 0x2D, 0xF6, 0xE9, 0xE1, 0x80, 0xBB, 0xB8, 0x96, 0xA0,
    0x26, 0x38, 0xE6, 0xF1, 0x91, 0xAF, 0x81, 0x0E, 0x1B, 0xB3, 0xE5, 0x82, 0xA3, 0x77, 0x1B, 0xC7, 0x78, 0xF9, 0xC6, 0x4F, 0x9C, 0xB9, 0x1A, 0xD7,
    0xF8, 0x17, 0x13, 0x5C, 0x75, 0x73, 0xD7, 0xB8, 0x48, 0x5E, 0x60, 0x31, 0x63, 0xCD, 0xD2, 0xD3, 0xCC, 0xE9, 0x36, 0x94, 0x5F, 0x84, 0x1D, 0xD2,
    0xC1, 0xC4, 0x6D, 0xD4, 0x7C, 0x1F, 0x44, 0x0B, 0x89, 0x34, 0x64, 0xC2, 0xEB, 0xF3, 0xF8, 0x99, 0x3C, 0x26, 0x83, 0xF0, 0x81, 0x3A, 0x80, 0x21,
    0xDE, 0x72, 0x2B, 0xFC, 0xBC, 0xC2, 0xC3, 0x85, 0x02, 0xC7, 0x5B, 0x3C, 0x6C, 0x1D, 0x82, 0x08, 0x9D, 0x02, 0x76, 0xCB, 0xB5, 0x06, 0x16, 0x14,
    0x15, 0x14, 0xD3, 0x40, 0x11, 0xC3, 0x29, 0x92, 0x50, 0xA2, 0x65, 0x9B, 0x56, 0xBD, 0x8A, 0x3D, 0x09, 0xAF, 0x2F, 0x1B, 0x04, 0xC0, 0x50, 0x03,
    0x50, 0x6E, 0xBA, 0xD6, 0xBC, 0x1D, 0xC8, 0x40, 0x95, 0x55, 0xFC, 0x62, 0x7C, 0x5E, 0x9B, 0xD1, 0x85, 0x29, 0x15, 0x87, 0xC7, 0x99, 0x56, 0x62,
    0x14, 0xB6, 0xAD, 0x83, 0x71, 0x66, 0x0F, 0x61, 0x6B, 0xB4, 0xF7, 0xD8, 0x12, 0x02, 0xAF, 0xA2, 0x96, 0x66, 0x33, 0x36, 0xED, 0xDE, 0xBC, 0x49,
    0x0D, 0x4B, 0xB7, 0x77, 0x97, 0xF0, 0xCB, 0xB2, 0x73, 0x1D, 0x10, 0x8C, 0xEB, 0xFA, 0x88, 0xB8, 0xD1, 0xB2, 0xF9, 0x78, 0x36, 0x72, 0x1B, 0x97,
    0x50, 0x43, 0x21, 0xDC, 0xCC, 0x9A, 0xF7, 0x1A, 0xC8, 0x31, 0xA5, 0x1D, 0x50, 0x98, 0x15, 0x1D, 0xA2, 0x6D, 0x8A, 0x77, 0x14, 0xA1, 0x65, 0x57,
    0x4A, 0x01, 0xA5, 0x3D, 0x05, 0x60, 0x76, 0x2A, 0x2C, 0xF4, 0x8C, 0x02, 0xEC, 0x9A, 0xA0, 0x8E, 0xE6, 0xEE, 0x0B, 0x0D, 0x26, 0x0D, 0xEC, 0xD3,
    0x1C, 0x4B, 0x96, 0x01, 0x70, 0x89, 0x9F, 0x3D, 0xFB, 0xCC, 0x81, 0x15, 0x1D, 0x18, 0x48, 0x46, 0x55, 0xE3, 0xDF, 0x67, 0x26, 0x71, 0x77, 0xF0,
    0x1A, 0xAB, 0x18, 0x4D, 0x61, 0x3E, 0x34, 0x1A, 0x2D, 0x0B, 0x78, 0x1D, 0x67, 0x3C, 0x19, 0x53, 0x21, 0x98, 0x76, 0x02, 0x6F, 0x24, 0x86, 0x1F,
    0xA4, 0x64, 0xC7, 0xCA, 0xD3, 0x7B, 0x47, 0xD2, 0x60, 0x56, 0x40, 0xCD, 0x6D, 0x9C, 0x1A, 0xC4, 0xF5, 0xD6, 0x9A, 0xE5, 0xB5, 0xAE, 0x2A, 0x6D,
    0xA5, 0xC0, 0xA4, 0xF7, 0xCD, 0x63, 0xF8, 0x86, 0x39, 0xC4, 0xAC, 0x0E, 0x24, 0x99, 0x13, 0x30, 0x1B, 0x38, 0xBF, 0x26, 0x57, 0xD7, 0x87, 0xE2,
    0x93, 0x2B, 0xC4, 0x92, 0x81, 0x32, 0xB4, 0x34, 0xFF, 0x75, 0x40, 0x33, 0x1E, 0xF5, 0xAA, 0xAB, 0xC3, 0xC8, 0x52, 0xBB, 0xCA, 0xC6, 0x1C, 0xB0,
    0x43, 0x7A, 0xC1, 0x18, 0xCF, 0x5C, 0xA1, 0xCD, 0x19, 0xDE, 0xB8, 0xD2, 0x3B, 0x9B, 0x47, 0xA4, 0xB5, 0x1A, 0x64, 0xAA, 0x4A, 0xA3, 0x9D, 0x93,
    0xED, 0x7D, 0x82, 0x5B, 0x2D, 0x45, 0x24, 0x41, 0x1E, 0x52, 0x94, 0xBA, 0x85, 0xBA, 0x5C, 0x5B, 0x38, 0x31, 0xA0, 0xC5, 0xA0, 0x7F, 0x43, 0x96,
    0x6D, 0x63, 0x47, 0x25, 0x14, 0x58, 0x41, 0x66, 0x95, 0x00, 0xA8, 0xB1, 0x15, 0xEC, 0xFE, 0x22, 0x6A, 0x2E, 0xEB, 0xF1, 0x31, 0x25, 0xA0, 0x32,
    0xC3, 0x81, 0x43, 0x2B, 0xF5, 0xBE, 0xD2, 0x7F, 0xB1, 0xE3, 0x63, 0x34, 0xC9, 0xEA, 0x52, 0xCD, 0x5D, 0xFF, 0x7A, 0x12, 0xD4, 0xE8, 0xE0, 0x95,
    0xE7, 0x31, 0x50, 0x06, 0x72, 0xBB, 0x59, 0xC8, 0x75, 0xF8, 0xF1, 0x1A, 0x20, 0x30, 0xBC, 0xF8, 0x7A, 0xAD, 0x81, 0xF5, 0xC4, 0x28, 0x8F, 0x1A,
    0x96, 0xDA, 0xE1, 0x35, 0xA3, 0x98, 0xB6, 0x6C, 0x4F, 0x2F, 0x58, 0xC1, 0x6D, 0xD0, 0x24, 0x24, 0xE8, 0xAD, 0x15, 0x22, 0xD6, 0xFC, 0x7C, 0x5A,
    0x2C, 0x84, 0x37, 0x11, 0x6C, 0x18, 0x28, 0xBD, 0xCD, 0xC6, 0xAF, 0xD6, 0xB8, 0x3D, 0x21, 0x41, 0xE6, 0x39, 0xC6, 0xE9, 0x6E, 0x90, 0x73, 0x23,
    0x0C, 0x68, 0x99, 0x30, 0x0D, 0x12, 0xA7, 0xDC, 0x17, 0xEF, 0xDA, 0x59, 0xDD, 0xCB, 0x50, 0x20, 0xCB, 0xFC, 0xAC, 0xD4, 0x6A, 0x04, 0x28, 0xD4,
    0xB1, 0xC3, 0x88, 0x9F, 0x13, 0xA3, 0xE9, 0x2E, 0x51, 0xAD, 0x65, 0xC7, 0x97, 0x25, 0x86, 0xE1, 0xB0, 0x6D, 0x07, 0xBD, 0x85, 0x4B, 0x8C, 0xFD,
    0xBD, 0xC2, 0xE9, 0xDC, 0xA9, 0xE3, 0x35, 0x0F, 0xC8, 0xA4, 0xE3, 0xEB, 0xC2, 0x4D, 0x5D, 0xF9, 0x8F, 0x49, 0x4B, 0x70, 0x9A, 0x6F, 0xE8, 0x8E,
    0xAB, 0x47, 0xC7, 0xE7, 0x21, 0xD9, 0x4E, 0x8D, 0xEC, 0xA1, 0x34, 0xE3, 0xCA, 0x8E, 0xC8, 0x64, 0x0A, 0xE0, 0xF6, 0x3D, 0xE9, 0x77, 0xF0, 0xD8,
    0x22, 0xE9, 0xBA, 0xE9, 0xAC, 0x23, 0x71, 0xC4, 0xB3, 0x85, 0xEB, 0xC2, 0xAE, 0xF8, 0xD0, 0x65, 0x9F, 0xCE, 0xEB, 0xAD, 0x83, 0xEE, 0x57, 0x1B,
    0x75, 0x9C, 0x0B, 0xF9, 0x68, 0xAC, 0x38, 0xAF, 0x82, 0xBE, 0x64, 0x7A, 0x71, 0x6B, 0xAE, 0x8E, 0x1C, 0x5A, 0x56, 0xC6, 0x05, 0x72, 0x45, 0x3B,
    0xA1, 0x32, 0xDB, 0x19, 0x35, 0xD2, 0x0C, 0x56, 0xB1, 0x6A, 0xD8, 0x5E, 0xE7, 0xFC, 0x25, 0x5A, 0xEF, 0x8A, 0xC6, 0x21, 0x45, 0x0B, 0x72, 0x64,
    0x96, 0x88, 0xF8, 0x52, 0xCC, 0x03, 0x3B, 0xDD, 0x87, 0x26, 0xBB, 0x2B, 0x73, 0x79, 0xAE, 0x2E, 0x09, 0xD6, 0x4B, 0x83, 0xF6, 0x84, 0x27, 0x7C,
    0x62, 0xF8, 0x7E, 0x50, 0x46, 0x9C, 0x06, 0xDB, 0x23, 0xC7, 0x4F, 0x76, 0xC3, 0x31, 0x7D, 0x3E, 0x7A, 0xBF, 0x47, 0x5A, 0xC6, 0x51, 0x23, 0xC2,
    0x46, 0x2B, 0x9A, 0x63, 0xF5, 0x34, 0xDE, 0x54, 0xE2, 0x33, 0xBA, 0xF0, 0xDA, 0x69, 0xF7, 0xC7, 0x08, 0x75, 0x02, 0x05, 0xAA, 0x81, 0x1D, 0x3D,
    0x40, 0xF1, 0x28, 0xF7, 0x3C, 0xA7, 0x5A, 0x29, 0x34, 0x8E, 0xE4, 0x63, 0x6A, 0xA3, 0xC7, 0x0C, 0xCD, 0xE6, 0x56, 0x0A, 0x86, 0xCB, 0xB1, 0xC2,
    0xEA, 0x91, 0x59, 0xC0, 0x6F, 0xAD, 0x34, 0x96, 0x81, 0x10, 0x07, 0x46, 0x0B, 0x6C, 0x82, 0x77, 0xD9, 0xB5, 0x0F, 0x08, 0x31, 0x21, 0xCF, 0x83,
    0x14, 0x20, 0xED, 0xB1, 0x96, 0x98, 0x72, 0xA1, 0x43, 0x08, 0x76, 0x4C, 0xEB, 0x7A, 0xC1, 0x75, 0x98, 0xA0, 0xF7, 0x15, 0xCF, 0x97, 0x1E, 0x7C,
    0x3B, 0x8F, 0x0A, 0x29, 0xA7, 0x4E, 0xB0, 0x07, 0x00, 0xF7, 0x12, 0xC0, 0x3A, 0x02, 0x9E, 0x33, 0x61, 0x7D, 0x39, 0x63, 0x59, 0x79, 0xD7, 0x15,
    0x21, 0xBB, 0x28, 0xBA, 0xA5, 0x03, 0x43, 0xCE, 0x2E, 0x3A, 0xEB, 0x64, 0x72, 0x47, 0xDA, 0x91, 0x55, 0x59, 0x0E, 0x66, 0xC7, 0x3A, 0xEA, 0x09,
    0x16, 0x23, 0xE7, 0x8A, 0x08, 0xE8, 0xEC, 0x91, 0x84, 0xAD, 0x44, 0x44, 0x60, 0xFF, 0x80, 0x0F, 0x2C, 0x1E, 0xDA, 0x1D, 0xCD, 0x28, 0x99, 0x94,
    0x09, 0x7B, 0xD3, 0x2A, 0x1A, 0xEA, 0x55, 0x23, 0xF4, 0xDD, 0x62, 0x37, 0x7E, 0x55, 0xA3, 0xCF, 0xA8, 0x8B, 0xF7, 0x09, 0x41, 0x34, 0x90, 0xA0,
    0xAE, 0x39, 0xEE, 0x32, 0x62, 0x34, 0xBD, 0x37, 0xFE, 0xA2, 0x23, 0x99, 0x1D, 0x65, 0x93, 0x29, 0x70, 0xB2, 0x0A, 0x78, 0xC4, 0x35, 0x42, 0x2C,
    0xFE, 0x87, 0xD9, 0x86, 0xF9, 0x7D, 0x34, 0x66, 0xB0, 0x14, 0x74, 0x1D, 0x82, 0x67, 0xE8, 0xB6, 0x9D, 0xD3, 0xB4, 0xD5, 0xC7, 0xA6, 0x19, 0xAD,
    0xE0, 0xAB, 0xC2, 0x8D, 0xC3, 0x12, 0x73, 0xBC, 0x10, 0x6A, 0xD1, 0x20, 0xB2, 0xF6, 0xA3, 0xB5, 0x46, 0x8E, 0x11, 0x8A, 0x21, 0xB7, 0x4C, 0xD9,
    0x5A, 0x23, 0xCE, 0xE7, 0xE1, 0xD6, 0x23, 0x43, 0x96, 0x25, 0x7B, 0xAC, 0xCD, 0xC3, 0x4B, 0x33, 0x8C, 0x25, 0x04, 0xD5, 0x3E, 0x30, 0x54, 0x06,
    0x28, 0x08, 0xE5, 0x21, 0x9B, 0xDE, 0x38, 0x57, 0xD3, 0x1E, 0x41, 0x31, 0xB0, 0xFB, 0x3B, 0x86, 0x61, 0xFF, 0x09, 0x89, 0x43, 0x6A, 0xA4, 0x2D,
    0x32, 0xC8, 0x6A, 0x8E, 0x7E, 0x9C, 0xEA, 0x5E, 0x1C, 0x4B, 0x75, 0x83, 0x04, 0x23, 0xD8, 0x93, 0x19, 0xAC, 0x02, 0x59, 0x8D, 0x36, 0x8F, 0x39,
    0xE1, 0x38, 0x06, 0x51, 0x34, 0x3A, 0xF9, 0xED, 0x67, 0xE6, 0x86, 0x31, 0xED, 0x32, 0xFE, 0x44, 0xD5, 0xC7, 0x02, 0x24, 0x34, 0x98, 0x8B, 0x85,
    0x63, 0xA5, 0xE6, 0xE6, 0x4F, 0x15, 0x7A, 0x95, 0xE1, 0x97, 0x2A, 0xFD, 0xAD, 0x39, 0xB2, 0x8F, 0x63, 0x4C, 0xAC, 0x74, 0xDC, 0x76, 0x11, 0xAD,
    0xF1, 0xB3, 0x91, 0xD0, 0xB8, 0xB2, 0xC8, 0x09, 0xB6, 0x2C, 0x37, 0x0D, 0x5A, 0x55, 0x88, 0x20, 0x23, 0x4E, 0x4C, 0x65, 0x76, 0xE3, 0xC7, 0x0B,
    0x6A, 0xEF, 0x34, 0x51, 0x24, 0xFB, 0xF1, 0x37, 0xD4, 0x46, 0x7B, 0x43, 0xC2, 0x45, 0x4A, 0xE7, 0xD8, 0xBD, 0x2E, 0x93, 0x6D, 0x22, 0xA3, 0x9A,
    0xB7, 0x71, 0xE7, 0x14, 0xD9, 0x85, 0xF1, 0x11, 0x55, 0x27, 0xAE, 0x4C, 0xAE, 0xC9, 0xC6, 0x44, 0x0D, 0xF0, 0x87, 0x8F, 0xC8, 0x36, 0xDB, 0xC6,
    0xF0, 0xCF, 0x2C, 0x06, 0xF1, 0x23, 0x04, 0x03, 0xF2, 0xB2, 0x1F, 0xAE, 0x73, 0xFB, 0x85, 0xFF, 0x01, 0x4C, 0x1B, 0x57, 0xCF, 0x47, 0xA7, 0x8D,
    0xD0, 0xCD, 0x1D, 0xC4, 0xBD, 0xFA, 0x94, 0xEA, 0x97, 0x76, 0x33, 0xBC, 0x54, 0xB7, 0x8D, 0x4B, 0xE4, 0xF7, 0xCE, 0xB4, 0x26, 0x58, 0x87, 0x03,
    0x0B, 0xF2, 0x3E, 0xD3, 0x44, 0x51, 0x37, 0xB0, 0x05, 0x70, 0xCB, 0x84, 0x49, 0xBC, 0x6C, 0xF3, 0x59, 0x3B, 0xE0, 0x82, 0xD5, 0xA5, 0x81, 0x9F,
    0x07, 0x43, 0x51, 0xC4, 0x32, 0x9E, 0xE7, 0xA3, 0x35, 0x16, 0x64, 0x3A, 0x29, 0x4B, 0x45, 0x68, 0x56, 0x87, 0xDB, 0xCE, 0xCD, 0x0B, 0xE0, 0x10,
    0x02, 0x2E, 0x5A, 0x31, 0xC8, 0xD5, 0xD2, 0xDF, 0x82, 0x8F, 0x75, 0x9C, 0x0F, 0x09, 0xED, 0xCB, 0x4D, 0x5A, 0x31, 0x0E, 0x9D, 0xD0, 0x6E, 0x2E,
    0x92, 0xB5, 0x38, 0x31, 0x96, 0xD5, 0x41, 0xBE, 0x91, 0xEB, 0xA9, 0x2A, 0x43, 0xBF, 0xB9, 0x20, 0xFF, 0x3F, 0xC1, 0xE0, 0x70, 0x30, 0xD7, 0x36,
    0x72, 0xDB, 0x77, 0x6C, 0x5B, 0x7E, 0xED, 0x48, 0xFA, 0x32, 0xB6, 0xA9, 0x74, 0x0E, 0x2F, 0x96, 0x3C, 0x65, 0xA1, 0xCC, 0xCB, 0x7B, 0x02, 0x30,
    0xDA, 0xAF, 0xCE, 0x61, 0xC5, 0xB7, 0xD3, 0x0F, 0xBB, 0xFC, 0xA8, 0x1E, 0x26, 0x6F, 0xC0, 0x44, 0xC9, 0xAE, 0x2B, 0x6A, 0x5F, 0x11, 0x7F, 0x70,
    0x26, 0xF8, 0xD1, 0x15, 0x29, 0x3E, 0x8E, 0x56, 0x7B, 0x18, 0x38, 0x6D, 0x03, 0xC7, 0x9D, 0x59, 0xA2, 0x5B, 0xF3, 0x28, 0xF6, 0x09, 0xE3, 0x2D,
    0x15, 0xCE, 0x7D, 0x9B, 0xD7, 0xDC, 0x2C, 0x2E, 0x97, 0x16, 0xEA, 0x8B, 0x82, 0x0D, 0x32, 0x52, 0x13, 0x9D, 0x55, 0x36, 0x54, 0x98, 0xCC, 0x6C,
    0xBB, 0x14, 0x01, 0x12, 0x62, 0x39, 0xB9, 0xE6, 0x92, 0x33, 0x3E, 0x60, 0xF8, 0x1A, 0x82, 0xC9, 0xF6, 0x84, 0xF0, 0x9D, 0xA0, 0x4A, 0x3F, 0xC1,
    0x04, 0x0D, 0xA0, 0x79, 0x41, 0xC8, 0xF2, 0xD1, 0x48, 0xFE, 0x73, 0x75, 0xA9, 0x32, 0x3F, 0x8D, 0x15, 0x25, 0xDC, 0x31, 0xD8, 0x61, 0x66, 0xA0,
    0xF1, 0x01, 0x5A, 0xFE, 0xCA, 0x9C, 0x0C, 0xFB, 0xBB, 0x51, 0x2B, 0x74, 0x0A, 0xE3, 0x85, 0xF7, 0x05, 0x9A, 0x00, 0xF1, 0xE4, 0x7D, 0x9D, 0x38,
    0x3C, 0x38, 0x6A, 0x9B, 0xCC, 0x48, 0xBB, 0x30, 0x00, 0xC9, 0x62, 0x25, 0x16, 0x17, 0x19, 0xA4, 0x41, 0xD6, 0x4E, 0xC9, 0x71, 0xFF, 0x08, 0xC4,
    0x50, 0x8A, 0x9C, 0xD0, 0xEA, 0x8D, 0xDD, 0xDA, 0x38, 0x88, 0xCD, 0xA8, 0xDD, 0xAC, 0x00, 0x3A, 0xA9, 0xE4, 0x7D, 0x1A, 0x5F, 0x0B, 0xEB, 0xAF,
    0xBB, 0x16, 0x22, 0x90, 0x68, 0xDB, 0x1E, 0xF2, 0x1D, 0xA8, 0xE9, 0x18, 0x30, 0x03, 0x90, 0x2B, 0x48, 0xD6, 0xF3, 0xF0, 0xB3, 0x7F, 0x9A, 0x75,
    0x2A, 0xA8, 0x40, 0x95, 0x0C, 0x4D, 0x3E, 0x43, 0xB6, 0xEA, 0x2F, 0x52, 0xBD, 0x87, 0x95, 0xE3, 0x8A, 0xD5, 0xC0, 0xF9, 0x44, 0xE9, 0x97, 0xA2,
    0x3A, 0x0B, 0x69, 0x4D, 0xDC, 0xAC, 0xA1, 0x5D, 0x1F, 0x8F, 0xED, 0x8B, 0x9B, 0x71, 0x1F, 0x0A, 0x90, 0x0C, 0xA0, 0x3E, 0x63, 0x57, 0x32, 0xD8,
    0x2D, 0x36, 0x1E, 0xEA, 0x7E, 0x36, 0xE2, 0x4A, 0xDB, 0x31, 0x7F, 0xCA, 0xD2, 0xC3, 0x90, 0xDA, 0xFB, 0x85, 0x42, 0x6D, 0x94, 0x7A, 0x19, 0x12,
    0x43, 0x26, 0xB3, 0xE2, 0x26, 0x12, 0x88, 0xAB, 0xFE, 0xC3, 0xCE, 0x3A, 0x40, 0x4F, 0xC6, 0xC1, 0xDA, 0x16, 0x41, 0xDC, 0x24, 0xEA, 0x23, 0x11,
    0xB9, 0x6C, 0x58, 0x3E, 0xCA, 0x6D, 0x64, 0xE0, 0x3C, 0x17, 0x3B, 0xF2, 0x23, 0xD1, 0x5F, 0x1F, 0xAE, 0xAD, 0x6A, 0x60, 0x70, 0x4F, 0x49, 0x65,
    0xD1, 0x92, 0x8E, 0x01, 0x27, 0x63, 0xE4, 0xA0, 0xE5, 0xB9, 0xE6, 0xD9, 0x80, 0x59, 0xB9, 0x5F, 0xEC, 0x96, 0x0F, 0x67, 0x7F, 0xC5, 0xD9, 0x5D,
    0xE1, 0x81, 0xC1, 0x71, 0x18, 0x69, 0x6B, 0x44, 0x35, 0x96, 0x2D, 0x5D, 0xCE, 0x7F, 0x09, 0xFC, 0x65, 0x66, 0x28, 0x7E, 0xE9, 0x8D, 0x14, 0xCE,
    0x2C, 0xE8, 0xEE, 0x90, 0xE1, 0x59, 0x39, 0xBB, 0x6B, 0x1F, 0x45, 0x8A, 0xA8, 0x85, 0x73, 0x10, 0xF1, 0x4D, 0xE8, 0x66, 0x60, 0x86, 0x43, 0x77,
    0x0F, 0x9E, 0x9D, 0x26, 0xB9, 0xD0, 0x56, 0x17, 0x89, 0x53, 0x54, 0xC5, 0xF2, 0x26, 0x8E, 0x6E, 0x86, 0x35, 0xBB, 0x02, 0x0C, 0x56, 0x9F, 0x9D,
    0xEB, 0xC0, 0xD9, 0xFD, 0x19, 0x07, 0x98, 0xE3, 0xE8, 0x03, 0xEC, 0x87, 0xB2, 0x54, 0xC8, 0x63, 0x0A, 0x70, 0x46, 0x40, 0x3C, 0xA9, 0x6B, 0xE9,
    0x61, 0x53, 0xA9, 0x23, 0x31, 0xDC, 0xF4, 0x6B, 0x75, 0x88, 0x7C, 0xD5, 0x78, 0x5D, 0x5F, 0xCE, 0x4E, 0x86, 0x65, 0xEE, 0x95, 0xD9, 0xC9, 0xD9,
    0xC6, 0x6E, 0xC2, 0xE1, 0x8C, 0x8E, 0x23, 0x9E, 0xFA, 0x76, 0xED, 0xC9, 0xCC, 0x82, 0xB9, 0x23, 0x64, 0x94, 0xA3, 0x9A, 0x77, 0xC8, 0x29, 0xDD,
    0xC1, 0xB0, 0xCA, 0x47, 0xBF, 0xA5, 0xDC, 0xFF, 0xCF, 0x64, 0xDF, 0xDE, 0x6C, 0x37, 0xBE, 0x27, 0x5F, 0xE5, 0x23, 0xE2, 0xBF, 0xBC, 0xBB, 0xF9,
    0x70, 0x58, 0xAF, 0x06, 0x7A, 0x48, 0x9A, 0x2F, 0xBD, 0xAC, 0xD2, 0x33, 0xDC, 0x08, 0x84, 0xF7, 0xA0, 0x75, 0x83, 0x2F, 0x82, 0xD0, 0xDF, 0x4A,
    0xBF, 0x8E, 0xD3, 0x3A, 0x9C, 0x01, 0xC8, 0x08, 0xF7, 0x08, 0xF7, 0x79, 0x6E, 0x07, 0xB9, 0x61, 0x62, 0xE6, 0x0B, 0xEF, 0xAC, 0xE3, 0x2C, 0x73,
    0x0E, 0x5F, 0x9B, 0x85, 0xC4, 0x21, 0x94, 0x41, 0x2C, 0x2E, 0xDB, 0xAC, 0x1C, 0x6F, 0x34, 0xA2, 0x78, 0x8A, 0xC6, 0xB5, 0x9E, 0xEF, 0xF0, 0xD2,
    0xC4, 0x22, 0x85, 0x4D, 0x13, 0xB3, 0x0F, 0x8E, 0x11, 0x74, 0x0C, 0x11, 0xBE, 0x9D, 0x6A, 0xA3, 0x89, 0x75, 0x04, 0xD3, 0x38, 0xF5, 0x99, 0x93,
    0xDF, 0x37, 0xF8, 0xE6, 0x32, 0x4E, 0xD8, 0x56, 0x67, 0x00, 0xFE, 0x52, 0x26, 0x53, 0x16, 0xA2, 0xBE, 0x4D, 0xD4, 0x9A, 0x32, 0x9C, 0x51, 0x2E,
    0x72, 0x9D, 0xEE, 0xDA, 0xFB, 0x9B, 0x71, 0xE8, 0xE5, 0xA8, 0x61, 0x71, 0x1B, 0x7C, 0xFF, 0xA2, 0xDE, 0xAF, 0x2E, 0x33, 0xF9, 0xBA, 0xE9, 0x9E,
    0xBC, 0xA4, 0xBF, 0x57, 0xC2, 0x41, 0x2D, 0x47, 0x49, 0x2B, 0xE2, 0xED, 0x1A, 0x2C, 0xF7, 0xBE, 0xD7, 0x4B, 0x92, 0x17, 0x53, 0xAD, 0x8B, 0xF3,
    0x39, 0xCA, 0x1C, 0x24, 0xD9, 0x83, 0xE2, 0x48, 0x06, 0x34, 0x3C, 0x8D, 0xDB, 0xC0, 0x23, 0x04, 0x50, 0xD3, 0x42, 0xD6, 0xE7, 0x60, 0x8C, 0x58,
    0x4A, 0x46, 0x7A, 0xD1, 0x7B, 0xB6, 0xE4, 0x54, 0xF7, 0x09, 0x3B, 0x8E, 0xD9, 0x75, 0x24, 0x8A, 0x27, 0xB8, 0xD3, 0xBC, 0x54, 0xCF, 0x14, 0x8F,
    0x77, 0x17, 0xD0, 0xEA, 0x0F, 0x95, 0xE8, 0xDB, 0xB7, 0xC1, 0x90, 0x76, 0xA0, 0x62, 0x1D, 0xFD, 0x92, 0x5E, 0xD4, 0xC8, 0x18, 0x08, 0x89, 0x77,
    0xCF, 0x98, 0xE7, 0x5B, 0xB5, 0x47, 0x05, 0xF5, 0x09, 0x87, 0x96, 0x7D, 0x13, 0xF4, 0x32, 0xB5, 0x65, 0xD0, 0xE8, 0xCE, 0xA5, 0xF5, 0x09, 0x7C,
    0xAF, 0x8C, 0xB2, 0x0B, 0x4C, 0x1C, 0xDC, 0x99, 0xB9, 0x8E, 0x45, 0x80, 0x92, 0xFF, 0x0D, 0xC0, 0x24, 0xFA, 0x55, 0x8A, 0xF1, 0xD0, 0xDC, 0xF8,
    0xFD, 0x04, 0xF6, 0x38, 0x80, 0xF5, 0x15, 0xEC, 0x67, 0xA4, 0xDE, 0xC0, 0x50, 0xFA, 0x2D, 0xDA, 0xB7, 0x62, 0xE7, 0xD1, 0xF9, 0x22, 0x49, 0xA8,
    0xA3, 0xCF, 0x6C, 0x43, 0x1C, 0x84, 0xF8, 0xAA, 0x81, 0xD4, 0x05, 0x4C, 0x75, 0x90, 0xB9, 0x04, 0x33, 0x36, 0x49, 0xCB, 0x8F, 0x99, 0x7C, 0x45,
    0xD2, 0x58, 0x27, 0x4D, 0x4C, 0xEB, 0xCF, 0xC2, 0xF7, 0x2F, 0xF1, 0x27, 0x6D, 0x59, 0xF4, 0xA9, 0xCD, 0xDD, 0xAA, 0xB9, 0xFB, 0x85, 0xE5, 0x23,
    0x2D, 0xB5, 0x6D, 0xF8, 0xED, 0xCB, 0x40, 0xFD, 0x55, 0x15, 0xAC, 0x1C, 0xF6, 0xF7, 0x14, 0x0D, 0xF8, 0x07, 0xC9, 0xE5, 0x6C, 0xFB, 0xEC, 0x35,
    0x99, 0x91, 0x46, 0xB8, 0x69, 0x7B, 0x97, 0xF4, 0x61, 0xD4, 0x4B, 0x63, 0xD9, 0x0D, 0xA6, 0x0E, 0x79, 0xED, 0x51, 0xB5, 0x0E, 0xC6, 0x64, 0x98,
    0xC1, 0xD7, 0x28, 0x80, 0x15, 0xE5, 0xE0, 0xDE, 0xF8, 0x89, 0xB2, 0x6A, 0x23, 0xF3, 0xD1, 0xF2, 0x19, 0x20, 0x7C, 0x3D, 0xF0, 0xA4, 0xA1, 0xA3,
    0x07, 0x62, 0xCD, 0x87, 0x60, 0x70, 0x2A, 0xEB, 0x32, 0xEB, 0x12, 0x1D, 0x55, 0xAF, 0x57, 0x67, 0xAD, 0x3D, 0xF7, 0x38, 0xFE, 0x25, 0x73, 0x3C,
    0xC7, 0x2A, 0x36, 0xFF, 0xA5, 0xAF, 0x61, 0x74, 0x72, 0xBA, 0xD8, 0x86, 0x97, 0x41, 0xE8, 0x34, 0x53, 0x24, 0x21, 0x11, 0x14, 0x5F, 0xDB, 0x98,
    0x1B, 0x83, 0x18, 0x6B, 0x4A, 0xE2, 0x79, 0x1C, 0x02, 0x6B, 0xAD, 0x59, 0xFB, 0x5C, 0x88, 0x3B, 0x16, 0x90, 0xC5, 0x0E, 0x35, 0xCC, 0xE6, 0xFB,
    0xDE, 0xA2, 0x76, 0x8C, 0x97, 0xD3, 0xB2, 0x7D, 0x8C, 0x42, 0xCA, 0xE1, 0x59, 0x84, 0x84, 0xB2, 0x95, 0x17, 0xD9, 0xB3, 0x91, 0x0C, 0x36, 0xC7,
    0x34, 0x33, 0xEE, 0x64, 0xB0, 0x43, 0xCF, 0x4C, 0x5A, 0x69, 0xBE, 0x04, 0x38, 0xD8, 0x62, 0xB2, 0x8E, 0x1A, 0xCE, 0x3C, 0x2F, 0xF7, 0xF4, 0x71,
    0x99, 0x9D, 0x44, 0xD5, 0xEB, 0x25, 0x1A, 0x34, 0x2F, 0x50, 0x86, 0xF1, 0x3F, 0x9B, 0xF3, 0x4C, 0x97, 0x69, 0x97, 0x2B, 0x18, 0x6E, 0x0C, 0x04,
    0x5B, 0x89, 0xC4, 0xFE, 0x6E, 0x6D, 0xDA, 0xB6, 0xCC, 0xEE, 0xD4, 0x38, 0x26, 0xDA, 0x63, 0xCA, 0x99, 0x86, 0x0A, 0xC7, 0xA5, 0xFF, 0x07, 0xA1,
    0x36, 0x77, 0x28, 0x1A, 0xD7, 0x16, 0xF1, 0xF1, 0x93, 0x0B, 0x77, 0x92, 0xB5, 0xA6, 0x80, 0x19, 0xB0, 0xEA, 0xCB, 0x4B, 0x20, 0x0D, 0x05, 0xB3,
    0x2E, 0x40, 0xC5, 0xF5, 0xBB, 0xF5, 0x2D, 0x88, 0xC7, 0x67, 0xFE, 0xBF, 0xD7, 0xFC, 0x17, 0x6E, 0x7F, 0xA8, 0x87, 0x42, 0x07, 0x32, 0x08, 0xC1,
    0xFE, 0xD3, 0xF4, 0x0B, 0xD0, 0x60, 0xD3, 0xB3, 0x87, 0x12, 0x34, 0xC1, 0xC0, 0x71, 0x25, 0x03, 0x99, 0xC6, 0x2A, 0x89, 0x64, 0x61, 0x8C, 0x6A,
    0xD8, 0x02, 0xCF, 0x0B, 0x77, 0x8F, 0x9B, 0x6C, 0xE0, 0xB9, 0x2E, 0xB3, 0x73, 0x2F, 0x5C, 0xDA, 0x55, 0xFD, 0xFE, 0xCB, 0x9D, 0x7E, 0x15, 0x0C,
    0x4F, 0xC5, 0xAC, 0x04, 0x35, 0xAE, 0x61, 0x33, 0xCC, 0x8F, 0x93, 0x22, 0xEE, 0x82, 0x8D, 0x70, 0x4B, 0xDD, 0x81, 0x43, 0x67, 0x58, 0xDD, 0x4C,
    0x6B, 0x6A, 0xCD, 0x6E, 0x2E, 0x12, 0x17, 0x28, 0xC3, 0xE9, 0xA3, 0x27, 0x63, 0x55, 0x3A, 0x39, 0x8E, 0xEB, 0x6B, 0x8D, 0xED, 0x77, 0x59, 0xE9,
    0xD8, 0x77, 0x0C, 0xFE, 0x16, 0xC8, 0x6D, 0xD6, 0x35, 0x44, 0x1F, 0xA7, 0xC1, 0x3E, 0x79, 0x4C, 0xCA, 0x2C, 0x4F, 0x0F, 0x99, 0x2C, 0xF9, 0x9E,
    0x50, 0x9E, 0x85, 0x1D, 0x9A, 0xED, 0xE2, 0x7D, 0x2F, 0xF4, 0x55, 0xF8, 0x9C, 0x72, 0xAE, 0x9C, 0x54, 0x48, 0xA8, 0x85, 0x75, 0xA1, 0xA7, 0x02,
    0xA8, 0x8C, 0x89, 0x5F, 0x01, 0x64, 0x0F, 0x7D, 0x05, 0xCF, 0x1C, 0xF4, 0xF5, 0x8B, 0x13, 0xC9, 0x62, 0x8A, 0x54, 0x49, 0x7C, 0x04, 0x97, 0xB0,
    0xA7, 0xBA, 0x9F, 0x49, 0x35, 0x96, 0x0A, 0x9F, 0x33, 0x1D, 0x1D, 0xA9, 0x58, 0x96, 0x17, 0x1F, 0xE1, 0xF5, 0x1A, 0xC3, 0x88, 0x47, 0xEA, 0x11,
    0x6D, 0x3C, 0xD4, 0x56, 0xCB, 0x57, 0x7F, 0xDE, 0xD8, 0x57, 0x59, 0x22, 0x8C, 0x29, 0xB2, 0xC9, 0x4A, 0x6E, 0x33, 0x50, 0x75, 0x78, 0xE5, 0xC9,
    0xE9, 0xBD, 0xC8, 0xAD, 0x0E, 0x3E, 0x41, 0x0C, 0xFC, 0x45, 0xF3, 0x1A, 0x89, 0x4E, 0xA8, 0x30, 0x31, 0xED, 0xCF, 0x56, 0xAD, 0x63, 0xA8, 0x9D,
    0xFB, 0x1B, 0x5D, 0x35, 0x61, 0x48, 0x18, 0xF4, 0x70, 0x8F, 0x10, 0x8D, 0x67, 0x36, 0xAE, 0xAE, 0x8C, 0x0F, 0xF5, 0x74, 0x82, 0x97, 0x62, 0x80,
    0x54, 0x4D, 0xA8, 0xF2, 0x9C, 0x86, 0xE9, 0x7B, 0x71, 0x38, 0x6C, 0xA9, 0xF1, 0x78, 0x47, 0x1D, 0xB3, 0xF4, 0x20, 0x26, 0x39, 0x1B, 0xFA, 0x81,
    0x21, 0xB1, 0xEC, 0xD1, 0x91, 0x80, 0x07, 0x79, 0x4E, 0xB4, 0x60, 0x09, 0x1F, 0x6F, 0xF9, 0x7B, 0x6F, 0x76, 0x1C, 0x65, 0x19, 0xE8, 0x34, 0x1C,
    0x43, 0x7D, 0xD0, 0xB6, 0x53, 0x39, 0xC9, 0x6E, 0x34, 0xA4, 0x7F, 0x33, 0x0B, 0x27, 0xDF, 0x6B, 0x19, 0xC8, 0x54, 0x20, 0x3F, 0x78, 0x2B, 0xFC,
    0x9D, 0xEF, 0x1A, 0xC1, 0xEA, 0x53, 0xC5, 0xA2, 0x55, 0xE8, 0xF5, 0x7D, 0xB6, 0x12, 0x69, 0x79, 0xD8, 0xCB, 0xCE, 0xB1, 0x27, 0x41, 0x9F, 0x06,
    0x5A, 0x19, 0xA4, 0x56, 0xC6, 0x46, 0x7A, 0x2A, 0xBC, 0x85, 0xB6, 0xFE, 0xBA, 0xDE, 0x5B, 0x00, 0x92, 0xCB, 0x53, 0x3F, 0xBD, 0x76, 0x02, 0x7A,
    0xFF, 0x4E, 0xB1, 0x3E, 0x10, 0x18, 0x51, 0x27, 0x01, 0x47, 0x75, 0x38, 0x03, 0xB4, 0x74, 0x10, 0xB4, 0x7C, 0xED, 0xD7, 0x05, 0x5E, 0x31, 0xF6,
    0xB8, 0x5D, 0xAB, 0xDB, 0xB5, 0xBA, 0x5D, 0x13, 0xF1, 0xDC, 0x2A, 0x7B, 0xCA, 0x99, 0xF0, 0x88, 0x92, 0x8A, 0x70, 0xC0, 0x2B, 0x12, 0x6B, 0x17,
    0x18, 0xD6, 0x62, 0x0A, 0x28, 0xF0, 0x0E, 0x94, 0xB5, 0x3D, 0x49, 0xBE, 0xA9, 0xA0, 0xA3, 0xE5, 0xF7, 0x01, 0xD7, 0x0B, 0x2A, 0x0B, 0xE1, 0x0A,
    0x7C, 0x4A, 0x0C, 0x4A, 0x09, 0x7B, 0x2A, 0xD8, 0x8E, 0xA5, 0x9F, 0x50, 0xEA, 0x5E, 0xDC, 0xA6, 0x02, 0x11, 0x48, 0x0A, 0x1F, 0x7F, 0x01, 0x28,
    0x62, 0x51, 0x0C, 0x50, 0x43, 0xCF, 0x8C, 0x90, 0xBC, 0x35, 0x50, 0xBC, 0x02, 0xEE, 0x06, 0xD9, 0xB0, 0xAB, 0x04, 0x69, 0x67, 0x00, 0x4A, 0x1D,
    0x05, 0xBA, 0xAD, 0x33, 0x4E, 0xB2, 0x39, 0xB5, 0xEC, 0x89, 0x67, 0x73, 0x05, 0x25, 0x39, 0x42, 0x05, 0xD9, 0x49, 0x3A, 0xAE, 0x30, 0x00, 0x15,
    0xC1, 0xC0, 0x84, 0x6B, 0x0F, 0x1F, 0xD3, 0xD8, 0x8F, 0x26, 0x49, 0xD2, 0x11, 0x6D, 0x2E, 0xC1, 0x07, 0xED, 0x83, 0x56, 0x62, 0x95, 0x24, 0x92,
    0xE5, 0x33, 0x37, 0x25, 0x40, 0x86, 0x43, 0x80, 0xA6, 0x37, 0x45, 0x29, 0x13, 0xA0, 0x49, 0xA2, 0x49, 0x3C, 0x63, 0x0E, 0xF2, 0x83, 0xC5, 0x71,
    0xF8, 0xE8, 0x3F, 0xA4, 0x9D, 0x68, 0xAB, 0x31, 0xB0, 0xC0, 0x9F, 0xFE, 0x78, 0xC6, 0xF9, 0x47, 0x6F, 0x6E, 0x20, 0x00, 0x9E, 0x85, 0x1D, 0x03,
    0x36, 0x2C, 0xD4, 0x86, 0xE8, 0xAD, 0xBB, 0xED, 0x08, 0x7B, 0x88, 0xF6, 0xF0, 0x03, 0x74, 0x04, 0xBA, 0x8B, 0x96, 0x70, 0x75, 0x18, 0x00, 0xD0,
    0x00, 0x84, 0x58, 0x24, 0x64, 0x42, 0x17, 0x11, 0x75, 0x0B, 0x42, 0x44, 0x76, 0xF4, 0x14, 0x38, 0x32, 0x24, 0x81, 0x2A, 0x50, 0xC2, 0x70, 0x39,
    0x34, 0x45, 0xE4, 0x86, 0xE6, 0x10, 0x29, 0x64, 0x40, 0x14, 0xBA, 0x0B, 0x4D, 0xE7, 0x2A, 0xB0, 0xF0, 0x55, 0x92, 0xC5, 0x3C, 0x87, 0x00, 0x91,
    0x69, 0x84, 0xF9, 0xE0, 0x1F, 0x29, 0x30, 0x5E, 0x3C, 0x9B, 0xBC, 0x64, 0xAE, 0x47, 0xBE, 0xDC, 0x88, 0xA2, 0x17, 0xE4, 0xF7, 0x05, 0x28, 0x7B,
    0x84, 0xB6, 0x3C, 0x13, 0xA8, 0x1B, 0xA9, 0x39, 0xED, 0xA6, 0xFD, 0x00, 0xDA, 0x00, 0x3B, 0x46, 0xC9, 0x92, 0x39, 0x22, 0xCF, 0xEB, 0x8A, 0x1C,
    0x79, 0x45, 0xE1, 0x33, 0x11, 0xB3, 0x86, 0x89, 0xC4, 0x24, 0x72, 0x14, 0x9A, 0x8F, 0x68, 0x4E, 0x76, 0xA0, 0x16, 0x9C, 0x80, 0x7C, 0xCE, 0x11,
    0x20, 0x0D, 0x0D, 0x85, 0x75, 0x2F, 0x0C, 0x44, 0xD3, 0xD3, 0x89, 0x41, 0xE2, 0x85, 0xC8, 0x92, 0xE2, 0x64, 0xC5, 0xEE, 0x34, 0xD8, 0xF2, 0x64,
    0x63, 0x94, 0x43, 0x30, 0x3E, 0xE5, 0x46, 0xA7, 0x02, 0x4F, 0xEB, 0x9F, 0x04, 0x4F, 0xAC, 0x24, 0x59, 0x88, 0xD7, 0x93, 0x4E, 0x60, 0xDD, 0x85,
    0xED, 0x59, 0x48, 0x4E, 0x86, 0x64, 0x91, 0x45, 0xF4, 0xD4, 0x05, 0xA2, 0x5E, 0x2C, 0x64, 0x15, 0xBC, 0x41, 0xA4, 0x0A, 0x07, 0x68, 0xD3, 0xD2,
    0x21, 0x70, 0x80, 0xA4, 0xBE, 0xC9, 0xAE, 0x29, 0x82, 0xF5, 0x92, 0x8D, 0xDF, 0x30, 0xC8, 0x4B, 0xF2, 0xBE, 0x1E, 0x9D, 0xEA, 0x70, 0x60, 0x5A,
    0x72, 0xD0, 0x27, 0x81, 0x1C, 0xC8, 0x46, 0x39, 0x43, 0x02, 0x90, 0x1D, 0xB0, 0xB2, 0x08, 0x20, 0xEB, 0x4A, 0x64, 0x11, 0x35, 0x2D, 0xB4, 0x33,
    0x9A, 0x40, 0x54, 0x71, 0x2C, 0x80, 0x3D, 0x31, 0x2D, 0x35, 0x51, 0xC8, 0x52, 0x98, 0xBC, 0x7A, 0xAA, 0xA0, 0xAF, 0x90, 0x67, 0xD6, 0x40, 0x6E,
    0xF1, 0x00, 0xAB, 0xE5, 0x30, 0x19, 0xCB, 0xBE, 0x61, 0xE2, 0x01, 0xA5, 0xB5, 0xFB, 0x92, 0x06, 0xCA, 0x6D, 0x69, 0x2B, 0x31, 0x68, 0xC0, 0x3B,
    0x8B, 0x93, 0xC9, 0x98, 0x94, 0x4B, 0x60, 0x8C, 0x0E, 0x3D, 0xCF, 0xE6, 0x06, 0xB6, 0xA2, 0x2D, 0x68, 0x07, 0x42, 0xD0, 0xC5, 0x29, 0x49, 0xC6,
    0x52, 0x80, 0x2C, 0x41, 0x86, 0x33, 0x49, 0x3E, 0x20, 0x5B, 0x27, 0x88, 0x02, 0x71, 0xE0, 0x0D, 0x88, 0x03, 0x60, 0x77, 0x32, 0x02, 0x77, 0x75,
    0x1A, 0x00, 0x35, 0x82, 0x6A, 0x2D, 0x0D, 0x32, 0x26, 0x86, 0xFC, 0x7F, 0x7F, 0xE9, 0x4B, 0x0F, 0x9C, 0x38, 0x81, 0x1B, 0x63, 0xC5, 0x21, 0xF3,
    0xBD, 0x03, 0xF8, 0x3D, 0xB1, 0x10, 0x4A, 0xF4, 0xE7, 0x8D, 0x8C, 0x2B, 0xA2, 0xDA, 0x61, 0x0F, 0x4A, 0x37, 0x28, 0x39, 0xBD, 0xC3, 0x36, 0x60,
    0x13, 0xA0, 0x00, 0x71, 0xCB, 0xCB, 0xB7, 0x31, 0xE5, 0x1C, 0xA4, 0x4B, 0x4B, 0x5B, 0xF1, 0x39, 0x2D, 0xA3, 0x72, 0x0C, 0x15, 0xB0, 0xF9, 0x6C,
    0xAB, 0x52, 0x0C, 0xC4, 0x71, 0x24, 0x82, 0x94, 0x33, 0x20, 0xCA, 0x95, 0x5D, 0x53, 0x3F, 0xC3, 0x06, 0xC9, 0x61, 0x35, 0xDE, 0x96, 0xFC, 0x2A,
    0xB7, 0x01, 0xA7, 0xA7, 0x26, 0xA6, 0x17, 0xBB, 0xCF, 0x18, 0x99, 0x55, 0x5B, 0x81, 0xB0, 0x02, 0x88, 0x05, 0xE4, 0x42, 0x33, 0x53, 0x26, 0xA4,
    0x35, 0x47, 0x2C, 0x45, 0x71, 0x00, 0x1D, 0xA1, 0x01, 0x0B, 0x65, 0x29, 0xD8, 0x44, 0x84, 0x14, 0xB2, 0x6B, 0x64, 0xB4, 0xD0, 0x1D, 0xA4, 0x47,
    0x20, 0xE0, 0x25, 0x5E, 0x0A, 0x40, 0x52, 0x42, 0x42, 0x91, 0xE1, 0x04, 0x36, 0x07, 0x98, 0x9A, 0x9C, 0x0C, 0x18, 0x60, 0x5A, 0x72, 0x8C, 0x10,
    0x49, 0x25, 0x1F, 0x50, 0xAA, 0x90, 0xAB, 0x8C, 0xB9, 0xE9, 0x42, 0xBB, 0x82, 0x24, 0x5E, 0x5B, 0x9E, 0x86, 0xA2, 0x4C, 0x6A, 0x30, 0x89, 0xD5,
    0xE5, 0x42, 0x13, 0x09, 0x63, 0x8D, 0x31, 0x87, 0xFE, 0x12, 0x69, 0x6D, 0x82, 0x88, 0xC6, 0xE3, 0xC8, 0x7A, 0x06, 0xEA, 0xD1, 0x94, 0x75, 0x0F,
    0x07, 0x19, 0xC2, 0x03, 0xF9, 0x80, 0x05, 0x09, 0x1B, 0xE4, 0x1A, 0x83, 0xF5, 0x92, 0x19, 0xA1, 0x32, 0xC9, 0xE6, 0xBB, 0x9A, 0x2D, 0x95, 0x64,
    0x70, 0xA1, 0x24, 0x08, 0x72, 0x92, 0x11, 0x49, 0x92, 0xBA, 0xC8, 0x8C, 0x5D, 0x22, 0x59, 0xD1, 0x91, 0xF5, 0xA4, 0xC9, 0x42, 0xDA, 0xE0, 0xA5,
    0xC6, 0x83, 0x00, 0x6D, 0x2D, 0x52, 0x5F, 0x3D, 0x92, 0x49, 0x88, 0xBD, 0xD1, 0xA9, 0x1D, 0xA3, 0x1D, 0xDE, 0x24, 0x3C, 0x03, 0xF8, 0x20, 0x1F,
    0x62, 0x79, 0x5A, 0x65, 0x71, 0x50, 0x92, 0xC1, 0xFC, 0xA9, 0xE6, 0x4D, 0xFD, 0x98, 0x1D, 0x9B, 0x94, 0x65, 0x32, 0x75, 0xFC, 0xEE, 0x96, 0x24,
    0xED, 0xC8, 0x31, 0xA9, 0xB6, 0x52, 0x55, 0x8B, 0xB1, 0xB2, 0x43, 0x65, 0x04, 0xE4, 0x49, 0x01, 0x1C, 0x3D, 0x85, 0x50, 0xD4, 0x7A, 0x26, 0xA8,
    0xD9, 0x21, 0x73, 0x51, 0x87, 0x2F, 0x11, 0x9D, 0xA7, 0x91, 0x39, 0x33, 0x16, 0x40, 0xD2, 0x60, 0xE4, 0x3C, 0xF9, 0x7A, 0x5E, 0xEF, 0xC8, 0x8F,
    0x43, 0x58, 0x34, 0xFA, 0xF3, 0x6C, 0xD4, 0xA3, 0xC6, 0x42, 0xA1, 0x06, 0x04, 0xF5, 0x29, 0x58, 0x95, 0x65, 0x2B, 0x51, 0xB7, 0x39, 0x54, 0x23,
    0xCA, 0x4D, 0x62, 0x44, 0xE9, 0xAB, 0xB5, 0xAA, 0xBE, 0x82, 0x78, 0x18, 0x35, 0xB5, 0x81, 0x2D, 0x69, 0x47, 0xDA, 0x77, 0x76, 0x9C, 0xFD, 0xB8,
    0xDD, 0xEC, 0x32, 0x95, 0xBC, 0x48, 0x48, 0x01, 0xF5, 0xE6, 0x4E, 0x5B, 0xA9, 0x84, 0xA1, 0xC4, 0xDB, 0x75, 0x1E, 0xF5, 0x25, 0x50, 0x80, 0xA4,
    0xCA, 0x8A, 0xD7, 0x03, 0x7D, 0x58, 0xA4, 0xB6, 0x54, 0x77, 0x6D, 0xE0, 0x57, 0x61, 0x7A, 0xDD, 0x20, 0xE3, 0xEC, 0xC7, 0xD5, 0x79, 0xBD, 0xF6,
    0x0D, 0x70, 0x05, 0xA4, 0xD1, 0xB6, 0x08, 0x92, 0xC3, 0x49, 0x95, 0x46, 0x37, 0x7F, 0x0C, 0x49, 0x42, 0x20, 0x01, 0x6B, 0x52, 0x15, 0x1F, 0x88,
    0xBB, 0xEB, 0x8A, 0x6B, 0xF5, 0x4A, 0xE3, 0x9A, 0xD7, 0x42, 0x5B, 0x42, 0x3D, 0x85, 0x6C, 0x40, 0x69, 0xB9, 0xB4, 0x67, 0xDA, 0x39, 0xAD, 0x97,
    0x3A, 0x4D, 0x3D, 0x43, 0x5E, 0x91, 0x6D, 0xCB, 0xD2, 0x4D, 0xD6, 0x4D, 0x64, 0x1A, 0xD9, 0xBF, 0xEC, 0x83, 0xDA, 0x8C, 0xEC, 0x24, 0xEB, 0xF6,
    0xE4, 0x50, 0x3B, 0xA9, 0xDD, 0xB2, 0x4F, 0xB2, 0x73, 0x35, 0x5F, 0xDD, 0xCA, 0x74, 0xE4, 0x02, 0xE4, 0x2B, 0x32, 0x91, 0x9A, 0x59, 0x37, 0xC9,
    0x71, 0x75, 0x8A, 0x3A, 0x5A, 0xD7, 0x75, 0x8E, 0x7A, 0x4F, 0x56, 0xAC, 0xC1, 0xD4, 0x55, 0x64, 0x46, 0xD9, 0x51, 0x7E, 0x93, 0x99, 0x64, 0x44,
    0x39, 0x4B, 0xDE, 0xAB, 0x11, 0xC9, 0x4E, 0xEA, 0xAA, 0xC7, 0x32, 0x21, 0xDA, 0x90, 0xCC, 0x47, 0x7F, 0xA9, 0xC3, 0x3E, 0x43, 0x4E, 0x12, 0x89,
    0x66, 0x43, 0x0B, 0xCA, 0x40, 0x06, 0xF5, 0xE8, 0xD1, 0xB4, 0xB4, 0x27, 0x77, 0xBD, 0xE9, 0x6C, 0x48, 0xAB, 0x24, 0x3C, 0xDA, 0x38, 0x70, 0x14,
    0x65, 0x38, 0x60, 0x5E, 0xA0, 0x44, 0xA8, 0x12, 0x61, 0x8A, 0xDF, 0x99, 0xDE, 0x75, 0xB0, 0xC4, 0x26, 0x07, 0x51, 0x62, 0xA9, 0x69, 0x09, 0x83,
    0x2C, 0xE5, 0x6F, 0xCE, 0x84, 0xCE, 0x42, 0x93, 0xA1, 0x1F, 0x69, 0x3E, 0xB4, 0x21, 0x1A, 0x12, 0x7D, 0xE7, 0x29, 0xEF, 0x4B, 0x76, 0x08, 0x8D,
    0xE7, 0x0B, 0xC2, 0x2C, 0x0A, 0xB6, 0xE6, 0x99, 0x9A, 0xB6, 0x12, 0x70, 0xC3, 0xD9, 0x0F, 0xAA, 0xA0, 0xAF, 0xEA, 0x92, 0x03, 0xD6, 0x24, 0xB1,
    0x64, 0xAC, 0xCC, 0xD2, 0x87, 0x1F, 0xAB, 0x8E, 0x19, 0x35, 0x12, 0x31, 0xAB, 0x35, 0x88, 0xAA, 0x06, 0x41, 0xD6, 0x7D, 0xB0, 0xD9, 0x08, 0x38,
    0xB0, 0xF2, 0xA4, 0x54, 0x53, 0x0A, 0x16, 0x3D, 0x64, 0x08, 0xB4, 0x50, 0xA2, 0x0F, 0x40, 0x52, 0x01, 0x05, 0xF9, 0x06, 0x2A, 0xC2, 0x0B, 0xA7,
    0x48, 0xD5, 0x3B, 0x81, 0x30, 0x20, 0x0D, 0x22, 0x8F, 0x41, 0x36, 0x82, 0x1A, 0x60, 0xC4, 0x87, 0x28, 0x11, 0x23, 0xC6, 0xE7, 0x16, 0x12, 0x4D,
    0x3B, 0x90, 0x4F, 0x3A, 0x01, 0x34, 0xB9, 0xE8, 0x29, 0x54, 0x42, 0x8F, 0xB2, 0x48, 0x24, 0x54, 0x8A, 0x3C, 0x18, 0x10, 0xE1, 0xB9, 0xE0, 0xE2,
    0xCE, 0x9B, 0x02, 0x3B, 0x67, 0xCA, 0x3A, 0x4E, 0x40, 0xD0, 0x09, 0x84, 0x8A, 0x43, 0xB7, 0x31, 0xD1, 0xA8, 0xCD, 0x6E, 0xE0, 0x18, 0xA3, 0xC4,
    0x15, 0x34, 0x62, 0x56, 0x20, 0xE1, 0xA8, 0x62, 0xC0, 0xA4, 0x2A, 0x5D, 0x5D, 0xCF, 0x32, 0x90, 0x56, 0x1D, 0x8D, 0x12, 0x1D, 0x23, 0xA7, 0xD7,
    0xB3, 0xDF, 0x40, 0x78, 0x1F, 0x1B, 0x05, 0xBD, 0x89, 0x73, 0xE2, 0x09, 0x65, 0x1A, 0x57, 0x59, 0xB5, 0x92, 0x28, 0x2D, 0x5D, 0x0B, 0xC8, 0x2E,
    0xCD, 0x26, 0x59, 0xEB, 0xF4, 0x5D, 0xB8, 0xD2, 0x81, 0x29, 0xB5, 0x91, 0x34, 0x58, 0x01, 0x59, 0x9F, 0x78, 0x5A, 0xFE, 0x48, 0x18, 0xE2, 0xCD,
    0x9C, 0x09, 0x45, 0xF2, 0xDC, 0x3C, 0xD8, 0xB2, 0xB2, 0x89, 0x36, 0xB5, 0x5B, 0x58, 0xAE, 0x77, 0x73, 0x0E, 0x30, 0x51, 0x99, 0x1C, 0x77, 0xA5,
    0x4A, 0x0B, 0x2C, 0xC0, 0x51, 0x84, 0x8A, 0x97, 0x36, 0x75, 0x0A, 0x25, 0x5A, 0xE0, 0xF5, 0x65, 0xC2, 0xCD, 0xEA, 0x86, 0xC5, 0x80, 0x6B, 0x12,
    0x48, 0x00, 0x0E, 0x03, 0xA6, 0x4C, 0xE6, 0xA0, 0xA2, 0x52, 0x1C, 0x5B, 0x83, 0xA7, 0xE8, 0x2A, 0xE6, 0xE4, 0xBA, 0xBC, 0x9E, 0x68, 0xBC, 0x82,
    0x5D, 0x59, 0xFC, 0xB9, 0x62, 0x19, 0xB4, 0x3F, 0x24, 0x5D, 0x21, 0x99, 0xED, 0x16, 0x09, 0xD7, 0x38, 0x47, 0x4A, 0x50, 0xCB, 0x68, 0x21, 0xAB,
    0x36, 0x47, 0x0B, 0x05, 0x40, 0xAB, 0xD8, 0x5E, 0xC0, 0x6B, 0xD7, 0xB4, 0x62, 0x64, 0x49, 0x2E, 0xAC, 0x44, 0x92, 0x5C, 0x5A, 0xA0, 0x91, 0x0B,
    0x24, 0x4A, 0x84, 0x26, 0xB3, 0x73, 0x26, 0x29, 0x34, 0x3D, 0x3A, 0x22, 0x47, 0x25, 0x2A, 0x34, 0xC2, 0x52, 0xC0, 0x68, 0xAF, 0x6C, 0x91, 0x89,
    0x15, 0x8A, 0x04, 0xD8, 0x4B, 0xE4, 0xB6, 0xD5, 0x4C, 0x60, 0x20, 0x8A, 0xF1, 0xA7, 0xC0, 0x11, 0x2D, 0x09, 0x70, 0x59, 0xE0, 0x50, 0x18, 0x39,
    0x08, 0xF8, 0x71, 0x1A, 0xDA, 0x93, 0x40, 0xA1, 0x49, 0x2C, 0x22, 0x21, 0x90, 0x9C, 0xA2, 0x23, 0x54, 0x75, 0x61, 0xD0, 0x08, 0x2C, 0x82, 0x34,
    0x24, 0x38, 0x80, 0xCE, 0x1A, 0x68, 0xCE, 0x0B, 0x50, 0x20, 0xD5, 0x80, 0x99, 0x4D, 0xC8, 0xE3, 0x35, 0xCB, 0x83, 0x2E, 0x86, 0xAE, 0x69, 0x20,
    0xF5, 0x79, 0x13, 0x87, 0x8F, 0x20, 0x08, 0x51, 0x72, 0x24, 0xA4, 0x21, 0x91, 0x60, 0x3D, 0xF2, 0x64, 0xE8, 0xC2, 0x13, 0x77, 0xE5, 0xCE, 0x04,
    0x2C, 0x3B, 0x6D, 0xD9, 0x13, 0x50, 0x5A, 0x4C, 0xD2, 0x42, 0x89, 0xCF, 0x5D, 0xA1, 0x33, 0x32, 0xC0, 0x03, 0x02, 0x89, 0xBD, 0xC1, 0x1C, 0xE0,
    0x6A, 0x98, 0x65, 0x4A, 0x1C, 0x96, 0x36, 0x74, 0xAE, 0x74, 0x79, 0x64, 0xA5, 0x50, 0x7D, 0xC7, 0x41, 0x95, 0xD7, 0x41, 0x60, 0x52, 0xD1, 0x2B,
    0xC3, 0x14, 0xAE, 0x35, 0x52, 0xB4, 0x9E, 0x51, 0x4A, 0x44, 0x82, 0x12, 0xB7, 0xF8, 0xC4, 0x85, 0xA3, 0x93, 0x37, 0x49, 0x93, 0x41, 0x49, 0xD7,
    0x1A, 0x61, 0x5A, 0x26, 0x45, 0x24, 0x2C, 0x49, 0xA2, 0x44, 0x09, 0x14, 0x34, 0x49, 0xE4, 0x30, 0xAF, 0x78, 0x10, 0x48, 0x21, 0xD9, 0xE2, 0xF2,
    0xE3, 0xC9, 0x69, 0x2B, 0xB0, 0xD7, 0x48, 0x60, 0x54, 0xF5, 0xD4, 0x87, 0x7E, 0xEE, 0xB1, 0xD9, 0x13, 0xD2, 0xA8, 0x42, 0x00, 0x41, 0x29, 0xBA,
    0xFC, 0x09, 0xE0, 0xBA, 0x84, 0xC2, 0x8E, 0x24, 0xBD, 0x2F, 0x83, 0xF2, 0x1A, 0x49, 0xC0, 0xCB, 0xC3, 0x84, 0xE7, 0x60, 0xEC, 0x8F, 0xB2, 0x68,
    0x41, 0x10, 0xE8, 0x2D, 0xFA, 0xEC, 0x2D, 0x1B, 0xA1, 0xEE, 0xAA, 0x3F, 0xD4, 0x6A, 0x75, 0x5D, 0xED, 0x57, 0x4F, 0x6B, 0x19, 0xF5, 0x8F, 0xFA,
    0x5A, 0x47, 0x41, 0x2E, 0x68, 0xE4, 0xD3, 0xEC, 0x43, 0x36, 0x05, 0x32, 0xCE, 0xFA, 0x24, 0x84, 0xD1, 0x74, 0x1C, 0x13, 0x64, 0x49, 0x20, 0x93,
    0x04, 0x76, 0x5F, 0x1C, 0x27, 0x9D, 0x08, 0xC5, 0x52, 0x07, 0xD0, 0x90, 0x83, 0xC8, 0x4E, 0x64, 0x2D, 0x72, 0xA3, 0x2C, 0x47, 0xFE, 0x23, 0x73,
    0x49, 0x26, 0x3A, 0x63, 0xA5, 0xCB, 0x2E, 0xA5, 0xB2, 0x56, 0x2A, 0xA5, 0xA5, 0x18, 0x25, 0xAB, 0x8C, 0x29, 0xCB, 0x13, 0x8A, 0x9C, 0x28, 0xD6,
    0x11, 0xA2, 0xA0, 0x59, 0x3A, 0xA0, 0x9B, 0x52, 0x72, 0xB4, 0x91, 0x8D, 0x14, 0x66, 0xDB, 0x2C, 0xF2, 0xF2, 0x7C, 0x02, 0x47, 0xC4, 0x89, 0x2C,
    0xA1, 0x89, 0x9F, 0xE1, 0xF5, 0x48, 0x9A, 0x65, 0x20, 0x84, 0x1F, 0x49, 0xD2, 0x4E, 0x55, 0xE8, 0xA2, 0x03, 0x7D, 0xE0, 0x11, 0xDE, 0xF5, 0x0F,
    0x57, 0x7B, 0xDD, 0xFD, 0x3E, 0xBD, 0x19, 0x3A, 0x0E, 0xED, 0x87, 0x86, 0x7C, 0x22, 0x80, 0xC4, 0x32, 0xE7, 0xC9, 0x86, 0x8A, 0x69, 0x4D, 0x57,
    0x03, 0x35, 0x63, 0x59, 0x69, 0xD8, 0xC4, 0xD0, 0xE0, 0x91, 0x9D, 0x81, 0xCA, 0x11, 0x50, 0xA8, 0xA2, 0x11, 0x51, 0xD0, 0x4C, 0xE2, 0x8B, 0x32,
    0x8A, 0x3A, 0xC8, 0x2C, 0x1E, 0x19, 0xE3, 0x48, 0x45, 0xCE, 0x61, 0x98, 0x02, 0x78, 0x20, 0x4A, 0xC2, 0x48, 0x62, 0x11, 0x96, 0xCE, 0x93, 0x53,
    0x9C, 0x7F, 0x88, 0xB0, 0xF1, 0xEC, 0x33, 0x3B, 0xCC, 0x3E, 0x3C, 0x93, 0x04, 0x3A, 0x2A, 0x2B, 0x97, 0x95, 0xEA, 0xC1, 0x9A, 0x66, 0x8D, 0xD2,
    0x21, 0x41, 0x01, 0x94, 0x3E, 0xEB, 0x0F, 0xA9, 0x0A, 0x13, 0x11, 0xF0, 0xAC, 0x01, 0x80, 0x00, 0x35, 0x63, 0x28, 0xD2, 0x94, 0x08, 0x43, 0x83,
    0x67, 0x78, 0x06, 0x8A, 0x48, 0x40, 0x61, 0x91, 0x46, 0x24, 0x55, 0x66, 0x12, 0xBD, 0x94, 0x61, 0x82, 0x83, 0xCC, 0x62, 0x9D, 0x31, 0x8E, 0x80,
    0xC4, 0x44, 0x26, 0x0A, 0x83, 0x47, 0x07, 0x23, 0x22, 0x3B, 0x95, 0x02, 0x2D, 0x2E, 0x50, 0x04, 0x46, 0xC3, 0xE0, 0x17, 0xE6, 0xB2, 0x4D, 0xAF,
    0xED, 0xD2, 0x04, 0xE3, 0x32, 0x6F, 0xB9, 0xBE, 0x5D, 0x03, 0xEB, 0xA6, 0xBA, 0x02, 0x96, 0x36, 0x53, 0xAE, 0xB0, 0x29, 0xB3, 0x92, 0xA7, 0x59,
    0x85, 0xD0, 0x5E, 0xAD, 0x00, 0x07, 0xD9, 0x6B, 0x4F, 0xE1, 0x42, 0x22, 0x45, 0xAB, 0x43, 0x14, 0x15, 0x15, 0x0E, 0xC5, 0xC8, 0x71, 0x26, 0x99,
    0x5A, 0x72, 0x22, 0x5A, 0x1B, 0x2D, 0x28, 0xE9, 0xF8, 0x37, 0x7D, 0xC5, 0xD2, 0x46, 0x60, 0xFF, 0xD9, 0x6C, 0x76, 0xE3, 0xD6, 0x7B, 0x9D, 0x00,
    0x11, 0xAD, 0x50, 0xA1, 0x1E, 0x25, 0x01, 0x91, 0x50, 0x44, 0xF2, 0x64, 0x90, 0x80, 0xE7, 0x42, 0x97, 0xA5, 0xE2, 0xF4, 0x7F, 0x84, 0xAC, 0x73,
    0x5A, 0x3B, 0x6E, 0x15, 0xEA, 0xF4, 0x55, 0x59, 0x9B, 0xC8, 0xE1, 0x95, 0xA1, 0xBF, 0x10, 0xF9, 0xFC, 0xC0, 0x11, 0x8A, 0x05, 0x13, 0x1A, 0x45,
    0x96, 0x30, 0x5A, 0x95, 0x40, 0xF1, 0x92, 0x44, 0x4F, 0x16, 0x24, 0x77, 0xF6, 0xD4, 0x48, 0x12, 0x40, 0x78, 0xC6, 0x4E, 0xDC, 0xC9, 0x47, 0xBB,
    0xD0, 0x1E, 0xB4, 0xB3, 0xDB, 0xCE, 0x36, 0xD3, 0x60, 0x8C, 0xCC, 0xDA, 0x64, 0x87, 0x0C, 0xAD, 0xE5, 0xD9, 0xD2, 0x8D, 0xB2, 0x43, 0x56, 0x85,
    0x88, 0x9A, 0x4D, 0x8B, 0xCC, 0xFE, 0xF1, 0x40, 0xC4, 0x99, 0xA6, 0x9A, 0x8C, 0xE7, 0x5C, 0x95, 0xDA, 0xCF, 0x05, 0xA0, 0xA4, 0x25, 0x8D, 0x0F,
    0xF4, 0x8E, 0x14, 0x34, 0x94, 0x3A, 0x9A, 0x0C, 0x13, 0x38, 0x59, 0x8E, 0x80, 0x8A, 0xD1, 0x21, 0x15, 0x4F, 0x30, 0x07, 0x0A, 0x68, 0xB0, 0xE4,
    0x29, 0x27, 0x08, 0xEC, 0x84, 0x2A, 0x5B, 0xE5, 0xAD, 0x76, 0xB3, 0x54, 0x6C, 0xB6, 0x51, 0xD4, 0xC7, 0xB8, 0x66, 0x00, 0xC6, 0x17, 0x85, 0x90,
    0xD0, 0x58, 0xB4, 0x55, 0xFB, 0x61, 0x69, 0x2F, 0x7D, 0x25, 0xB0, 0x7B, 0x34, 0x45, 0xF7, 0x76, 0x15, 0xD7, 0x4F, 0x64, 0x1E, 0xB5, 0x8D, 0xDA,
    0x4A, 0x0D, 0xA5, 0x56, 0xA0, 0x4D, 0x7D, 0xA6, 0xC6, 0x22, 0x67, 0x6B, 0xAD, 0x37, 0x32, 0xA5, 0x7A, 0x85, 0x93, 0x8C, 0xE4, 0xB2, 0x0D, 0x2D,
    0x59, 0xCC, 0x04, 0x59, 0xCA, 0x99, 0xCC, 0x47, 0x84, 0x4C, 0x66, 0xAB, 0x8E, 0xA4, 0x27, 0xFB, 0x41, 0xAB, 0x0B, 0x65, 0xBE, 0x5A, 0x03, 0x8A,
    0x9A, 0xAE, 0x0D, 0xEB, 0x25, 0x75, 0x91, 0x7A, 0x4C, 0x7D, 0xE8, 0x49, 0x25, 0x73, 0xC9, 0x91, 0x6A, 0xAB, 0x03, 0x35, 0x55, 0x1A, 0xF5, 0xDF,
    0x51, 0x3E, 0xE7, 0x22, 0xE4, 0x12, 0x94, 0x87, 0xCA, 0x16, 0x4A, 0x43, 0x65, 0xE0, 0x66, 0xDC, 0x60, 0xF6, 0x97, 0xED, 0xE5, 0x4F, 0x87, 0x56,
    0x99, 0xE6, 0x93, 0xE9, 0x9E, 0x6A, 0xCD, 0x31, 0x32, 0x2F, 0xA6, 0x55, 0x9B, 0x26, 0xFB, 0x05, 0x52, 0xB1, 0xF1, 0x08, 0x76, 0xC7, 0x35, 0x86,
    0xEC, 0x83, 0x56, 0x62, 0xB5, 0x72, 0x65, 0xC4, 0xB2, 0x69, 0xBC, 0x03, 0x19, 0x28, 0x7B, 0x47, 0xF6, 0x36, 0xA7, 0xCF, 0x4A, 0x95, 0xBE, 0xBF,
    0x2B, 0x6D, 0x4A, 0x7B, 0xD2, 0xEE, 0xB2, 0xB9, 0x6C, 0x28, 0xBB, 0xC8, 0x26, 0xF2, 0x03, 0xFF, 0x19, 0xB1, 0x8C, 0xD8, 0x29, 0xBC, 0x7F, 0xCF,
    0x5B, 0x70, 0xFB, 0xED, 0xE7, 0x37, 0x8F, 0x34, 0x78, 0x3D, 0x68, 0x08, 0x09, 0x70, 0x08, 0x20, 0xA2, 0xA9, 0xBA, 0xE3, 0x68, 0x12, 0x33, 0xAD,
    0x9B, 0x36, 0x80, 0xAB, 0x00, 0x57, 0xBE, 0x2B, 0xD5, 0x35, 0xD2, 0xB5, 0xEF, 0x3A, 0x5F, 0x63, 0x5C, 0xE5, 0xB4, 0x6E, 0xED, 0x9F, 0xEB, 0x83,
    0x03, 0x1A, 0x50, 0x77, 0xF4, 0x86, 0x24, 0x10, 0xE7, 0x16, 0x16, 0x84, 0x42, 0x6E, 0x98, 0x84, 0x4D, 0x0C, 0xFA, 0x01, 0x21, 0x26, 0xF4, 0xF4,
    0x41, 0x0D, 0xAA, 0xD3, 0xED, 0xC0, 0xED, 0xF4, 0x14, 0x44, 0x71, 0x88, 0x05, 0x1D, 0x93, 0x41, 0xEA, 0xBC, 0x42, 0xC2, 0xC2, 0x21, 0xF2, 0x90,
    0x42, 0x2E, 0x85, 0x44, 0x26, 0xBB, 0x4C, 0xD2, 0x99, 0x9C, 0x02, 0xA8, 0x30, 0x6A, 0x52, 0x51, 0xE1, 0xB2, 0x10, 0xAC, 0xF0, 0x4D, 0x06, 0xF2,
    0x56, 0x88, 0x47, 0xCB, 0x5B, 0x00, 0x0B, 0x97, 0xC8, 0x88, 0x85, 0x63, 0xE4, 0xC0, 0x49, 0x26, 0x35, 0x8E, 0x49, 0x39, 0x64, 0xEA, 0x29, 0x93,
    0x88, 0xF8, 0xD4, 0x6A, 0x26, 0xA5, 0x75, 0xA0, 0xC9, 0x1D, 0x35, 0x9B, 0x42, 0x59, 0xAE, 0x32, 0x69, 0xD8, 0x43, 0x5E, 0x2A, 0x64, 0x42, 0xB1,
    0x0A, 0xE3, 0xA0, 0x25, 0x0A, 0xD9, 0x44, 0xA1, 0x29, 0x0A, 0x09, 0xE5, 0x80, 0x92, 0x4D, 0xAE, 0x48, 0x10, 0x44, 0xF1, 0x20, 0x74, 0x5C, 0xB9,
    0x42, 0xFB, 0xA0, 0xDD, 0xD0, 0xD3, 0x3B, 0xB1, 0xE3, 0xE0, 0x9F, 0x6E, 0xE8, 0x7E, 0x73, 0x58, 0x5D, 0x9F, 0x67, 0x4C, 0xC2, 0x6C, 0x2D, 0xA1,
    0x5D, 0x25, 0x7B, 0xD0, 0x68, 0x2A, 0xD8, 0x0F, 0xD8, 0x71, 0xFD, 0xD3, 0x45, 0x82, 0x17, 0x42, 0xC6, 0x41, 0xD1, 0xB6, 0x44, 0xA7, 0x80, 0xE1,
    0x5A, 0x85, 0x59, 0xAD, 0x29, 0x80, 0x34, 0x16, 0x5D, 0x06, 0x30, 0x23, 0xE4, 0x82, 0xD6, 0xDC, 0x54, 0x75, 0x0A, 0x6F, 0x2A, 0x6A, 0x2A, 0xD1,
    0x54, 0xDE, 0x14, 0x74, 0x8A, 0x70, 0x2A, 0x8D, 0x10, 0x32, 0x21, 0x76, 0xA6, 0xA8, 0x52, 0x0E, 0x60, 0x1B, 0x48, 0xF7, 0x8A, 0xBF, 0x85, 0x22,
    0x10, 0xBC, 0x03, 0x4C, 0x7B, 0x70, 0xF7, 0xD1, 0x48, 0x82, 0x37, 0xA4, 0x90, 0xCB, 0x00, 0x5E, 0xB4, 0x10, 0x25, 0x82, 0x90, 0xC0, 0x3A, 0xC8,
    0x14, 0x25, 0x8B, 0xE8, 0x77, 0xBB, 0x2D, 0x6F, 0x3E, 0x1F, 0x85, 0x03, 0x64, 0xB9, 0x00, 0xF5, 0xE3, 0x72, 0x1E, 0xB5, 0x10, 0x19, 0xBA, 0x40,
    0x4F, 0xBF, 0x46, 0xDB, 0xD1, 0x2F, 0xCD, 0xE5, 0x61, 0x3F, 0x43, 0xCF, 0x09, 0x30, 0x79, 0xBA, 0xF2, 0x2C, 0xB6, 0x1B, 0xE3, 0x10, 0x1B, 0xA1,
    0x23, 0x8F, 0xA8, 0xAC, 0x55, 0xF8, 0x53, 0x6B, 0x9A, 0x4B, 0x3B, 0xAB, 0x81, 0x06, 0x56, 0xE5, 0xAC, 0xEF, 0x89, 0x59, 0x5A, 0x8F, 0xB2, 0x19,
    0x04, 0x90, 0xBD, 0x57, 0x4A, 0x1C, 0x89, 0x42, 0xA2, 0x86, 0x9B, 0x11, 0x61, 0xD0, 0x88, 0x88, 0x22, 0x19, 0x62, 0x8F, 0x01, 0x00, 0x8C, 0x79,
    0x03, 0x62, 0x81, 0x4A, 0x63, 0x7D, 0x0A, 0x8D, 0x55, 0x5D, 0x3D, 0x4D, 0x72, 0xF2, 0xA0, 0xE1, 0x1D, 0xAE, 0xB4, 0x38, 0xCC, 0x4D, 0xD8, 0x30,
    0xE2, 0x4C, 0xC3, 0x2C, 0x42, 0x2C, 0x85, 0xCB, 0x04, 0xA2, 0x17, 0x46, 0x4D, 0x03, 0xDB, 0x52, 0xF8, 0xA5, 0xA3, 0x2B, 0x03, 0x1D, 0x22, 0x18,
    0x12, 0xE7, 0x78, 0x15, 0x6A, 0xF1, 0xF4, 0xC6, 0x0F, 0xF1, 0x02, 0x54, 0xA2, 0x9C, 0x3A, 0x5C, 0x17, 0xBE, 0x6C, 0x29, 0x57, 0x68, 0xB5, 0xD9,
    0xB1, 0x90, 0x45, 0xA3, 0x02, 0xAC, 0x28, 0xCB, 0xCC, 0x09, 0x16, 0x7D, 0xA7, 0xCD, 0xAB, 0x41, 0xA1, 0x08, 0xE3, 0xD3, 0x04, 0xC3, 0x27, 0x57,
    0x04, 0x48, 0x59, 0xDD, 0x78, 0x43, 0x0C, 0x6F, 0x24, 0xBF, 0xDD, 0x28, 0x7E, 0xB7, 0xB1, 0xD6, 0xDF, 0x6B, 0xB0, 0xDF, 0x69, 0xAC, 0xF2, 0xF7,
    0x99, 0x2E, 0xC8, 0x6F, 0x02, 0x9A, 0xDF, 0x66, 0x98, 0xDF, 0x63, 0x12, 0xBF, 0x19, 0x27, 0xBF, 0xC1, 0x78, 0x29, 0x5C, 0xFC, 0xEE, 0x02, 0xFD,
    0xD6, 0xE2, 0xF8, 0x3D, 0xC0, 0xBF, 0xB3, 0x50, 0x7D, 0x5B, 0xA1, 0xBF, 0xAB, 0x28, 0x92, 0x4D, 0x7E, 0x4F, 0xC1, 0x83, 0x62, 0x5D, 0xFC, 0xBE,
    0x42, 0xBF, 0x99, 0x64, 0xBF, 0x95, 0x20, 0x61, 0xB3, 0x7E, 0x27, 0x3E, 0x7D, 0xEF, 0x90, 0xFC, 0x8E, 0x71, 0x88, 0x28, 0x7F, 0xC3, 0x60, 0x46,
    0x7E, 0xBF, 0x60, 0x73, 0xFC, 0x26, 0x64, 0x7E, 0x53, 0xAD, 0xDF, 0x73, 0xE1, 0x77, 0x3C, 0x89, 0xF7, 0x2D, 0x48, 0xF5, 0x0D, 0x48, 0x7F, 0x43,
    0x9F, 0xDF, 0x2B, 0xD8, 0xBE, 0xDF, 0xF6, 0xBB, 0xEF, 0xE9, 0xFB, 0x39, 0xF9, 0xAD, 0x02, 0xFA, 0x8D, 0xA2, 0xFD, 0xCE, 0x7B, 0xC2, 0xCA, 0xDF,
    0x78, 0x63, 0xDF, 0x75, 0xCB, 0x6F, 0x3A, 0xC7, 0xEF, 0x13, 0x78, 0x92, 0xDF, 0x4D, 0xAA, 0xEF, 0xB7, 0xC9, 0xEF, 0xB5, 0xE5, 0xF7, 0x19, 0xFD,
    0x3D, 0x42, 0xFE, 0xFE, 0xC0, 0xFC, 0xD6, 0xC0, 0x16, 0xF9, 0xCD, 0x0C, 0x83, 0x7E, 0x77, 0x21, 0x7E, 0x6B, 0xE1, 0x7D, 0x63, 0x65, 0xBF, 0x27,
    0xC8, 0xDF, 0x57, 0x88, 0xDF, 0x54, 0xD8, 0x6F, 0x08, 0xD0, 0xEF, 0x07, 0xCB, 0xEF, 0x06, 0x64, 0xDF, 0x52, 0x5D, 0xDF, 0x0B, 0x12, 0xBF, 0x13,
    0x38, 0x7E, 0x3F, 0xE1, 0x7D, 0x3B, 0x65, 0xBF, 0x0D, 0x28, 0x42, 0x7E, 0x33, 0x31, 0x1D, 0xBF, 0x97, 0x0A, 0xBF, 0xF7, 0xD3, 0x3F, 0x29, 0xF1,
    0x5F, 0x80, 0xF9, 0x3B, 0x72, 0xFC, 0x17, 0x51, 0xFD, 0x89, 0xE8, 0x5F, 0x81, 0xE6, 0x4F, 0xA8, 0xFE, 0x0F, 0x48, 0xFC, 0x01, 0x75, 0xFD, 0x7D,
    0x1C, 0x7F, 0x3E, 0x91, 0x78, 0xBF, 0x1D, 0xB2, 0x3F, 0xCE, 0x22, 0xDE, 0x0F, 0xE7, 0xE9, 0x7F, 0xB3, 0xF8, 0xBB, 0x91, 0xFC, 0xD3, 0x5C, 0x23,
    0x7F, 0x34, 0xD6, 0xBF, 0x91, 0xEC, 0x17, 0x13, 0xF9, 0x2F, 0x2A, 0xFE, 0x60, 0xB0, 0x7F, 0x17, 0xC8, 0x1F, 0x8B, 0xFD, 0xB3, 0x34, 0xFE, 0x58,
    0xFE, 0x5F, 0x79, 0xFA, 0xAB, 0x14, 0xFE, 0x8A, 0xCC, 0x5F, 0x8A, 0xFC, 0x3B, 0x91, 0xFC, 0x9B, 0xB0, 0xFD, 0xD7, 0xC4, 0x3F, 0x89, 0x95, 0x08,
    0xD5, 0xE2, 0x3F, 0x84, 0xF9, 0x03, 0x19, 0xFB, 0x77, 0x14, 0xFE, 0x37, 0xEA, 0xC5, 0x5F, 0x06, 0xDE, 0x4F, 0xD7, 0xFF, 0x0B, 0xB6, 0xDF, 0x70,
    0xEC, 0xAF, 0x5A, 0xFF, 0x69, 0xF3, 0x8F, 0x1B, 0x7F, 0x69, 0xF3, 0x07, 0x9C, 0xFC, 0x5F, 0xF9, 0xE7, 0x9B, 0xFC, 0x9F, 0x89, 0xBF, 0x1E, 0xF3,
    0xCF, 0x93, 0xFC, 0xF3, 0xE8, 0xFF, 0x6E, 0xF1, 0xA7, 0x6B, 0xFE, 0x27, 0xF0, 0x7E, 0x38, 0xC9, 0x1F, 0x2E, 0xF1, 0x7F, 0x1B, 0xFB, 0xD9, 0xAC,
    0xBF, 0x5A, 0xE2, 0x5F, 0x16, 0x19, 0xC2, 0xFA, 0x83, 0x58, 0xFE, 0x1E, 0x12, 0x7F, 0x0E, 0xED, 0x2F, 0xD6, 0xF8, 0x67, 0x88, 0xFC, 0xBB, 0xB4,
    0x12, 0xFF, 0x0A, 0xED, 0xDF, 0x2A, 0xFE, 0x13, 0x14, 0xFF, 0xAA, 0xC2, 0x9F, 0x8A, 0xED, 0x7F, 0xD0, 0xFE, 0x53, 0xD8, 0xBF, 0x41, 0xF3, 0x67,
    0x50, 0xFF, 0x0C, 0xAE, 0x3F, 0x83, 0xF6, 0x97, 0x8A, 0xFC, 0xA5, 0xAC, 0xBF, 0x54, 0xFB, 0x2F, 0x50, 0xFC, 0xA3, 0x14, 0x2C, 0xFE, 0x50, 0xD6,
    0xDF, 0x40, 0xE4, 0xAF, 0xA4, 0xFA, 0x37, 0x64, 0xB3, 0xC3, 0x1A, 0xBB, 0x76, 0xCA, 0xA4, 0xB6, 0x3F, 0x98, 0x40, 0x5A, 0x2A, 0x16, 0xDB, 0x02,
    0xC1, 0x06, 0xB9, 0x62, 0xB1, 0x5A, 0xAE, 0x71, 0xB0, 0x72, 0xAE, 0x87, 0xB0, 0x09, 0x5C, 0xB1, 0x07, 0xB0, 0x8D, 0x08, 0xAE, 0x0A, 0x30, 0x11,
    0xB5, 0x84, 0x12, 0x30, 0x1F, 0x29, 0x68, 0xBD, 0x98, 0x18, 0x5A, 0x36, 0x66, 0x5B, 0xBB, 0x82, 0xF9, 0xD7, 0xB6, 0x61, 0x6B, 0xB4, 0x7F, 0x58,
    0xE8, 0xB5, 0x06, 0xD6, 0xC6, 0xF5, 0x09, 0x16, 0xCA, 0x95, 0x00, 0xEC, 0x99, 0x6B, 0x01, 0xD8, 0xEC, 0x15, 0x0D, 0x93, 0xD2, 0xD5, 0x00, 0x26,
    0xA0, 0xB6, 0x12, 0x73, 0xC5, 0xDB, 0x2B, 0xE6, 0x84, 0x36, 0x04, 0x53, 0x44, 0x9B, 0xC7, 0xD4, 0x6B, 0x45, 0x60, 0x47, 0x5C, 0xF5, 0xB0, 0x28,
    0xAE, 0x85, 0x58, 0xC3, 0x2B, 0x11, 0x6C, 0x91, 0x6B, 0x17, 0xAC, 0x97, 0x6B, 0x22, 0xB3, 0xCE, 0xF5, 0x0B, 0x13, 0x4C, 0x6B, 0x87, 0x79, 0xA7,
    0x55, 0xC4, 0x5C, 0xD4, 0x2E, 0x99, 0x52, 0x2D, 0x18, 0x33, 0xAC, 0x95, 0xC2, 0x32, 0xB8, 0x86, 0x61, 0x99, 0x57, 0x38, 0x6C, 0xDC, 0x35, 0x10,
    0x1B, 0xBD, 0xE2, 0xC0, 0xE6, 0xB8, 0x0A, 0x32, 0x15, 0xAF, 0x3A, 0x98, 0x3B, 0x5A, 0x2A, 0xCC, 0x2A, 0x2D, 0x1B, 0xA6, 0x63, 0x2B, 0x88, 0x39,
    0xA8, 0xA5, 0x5B, 0x62, 0xFA, 0x31, 0xB5, 0x83, 0xB0, 0x59, 0xAD, 0x0E, 0x26, 0x2C, 0x92, 0xA6, 0x6B, 0x16, 0xB6, 0xC2, 0x95, 0x0C, 0x5B, 0x76,
    0x55, 0x81, 0xDD, 0xBB, 0xBE, 0xC0, 0xC2, 0xB8, 0x3E, 0x99, 0x6E, 0x7B, 0xC8, 0x14, 0xA0, 0x4D, 0xC2, 0x54, 0xD2, 0x86, 0x61, 0x8A, 0x69, 0x23,
    0x99, 0x7A, 0x5A, 0x31, 0xD8, 0x47, 0xAD, 0x1E, 0xEC, 0x9E, 0xEB, 0x23, 0xEC, 0xE4, 0xD5, 0x01, 0xF6, 0xC1, 0x75, 0x03, 0x96, 0xC3, 0xF5, 0x04,
    0x76, 0xEE, 0xDA, 0x81, 0xE9, 0xA1, 0x75, 0x32, 0xE9, 0x5A, 0x16, 0xCC, 0x18, 0x72, 0x0C, 0x79, 0xD1, 0x7A, 0x56, 0x80, 0x55, 0xD2, 0x75, 0x92,
    0x35, 0xDB, 0x1A, 0xB0, 0xA4, 0xD4, 0x56, 0x5A, 0x5A, 0xB5, 0x57, 0x4B, 0x00, 0xDA, 0x10, 0x4B, 0xBC, 0x36, 0x6F, 0x19, 0xE2, 0x4A, 0xB8, 0xCC,
    0xBB, 0xEA, 0x59, 0x09, 0xAF, 0x85, 0xD6, 0x21, 0x57, 0x22, 0x56, 0x2E, 0xD7, 0x2E, 0xD6, 0x39, 0x57, 0x3A, 0x56, 0x2F, 0x6D, 0x6D, 0xAD, 0xD3,
    0xDA, 0x59, 0x26, 0x6A, 0x15, 0x2D, 0x17, 0xB4, 0xCB, 0xE5, 0x57, 0x0B, 0xB6, 0x74, 0x6B, 0xDF, 0x96, 0x60, 0xD7, 0x30, 0xEB, 0xDB, 0x15, 0xCE,
    0x0A, 0x78, 0x0D, 0xB4, 0x22, 0x5E, 0x71, 0x58, 0xA5, 0x5C, 0xA7, 0x58, 0x73, 0xB4, 0x6A, 0xAC, 0x8A, 0x2D, 0x95, 0xE5, 0x9A, 0x96, 0xCD, 0xF2,
    0x80, 0x56, 0xD0, 0x52, 0x90, 0xB2, 0x6D, 0xB4, 0xB4, 0x6C, 0x5B, 0xAC, 0xA5, 0xD5, 0xD2, 0x35, 0x03, 0x93, 0x15, 0xEB, 0x9A, 0x65, 0x2D, 0x71,
    0x25, 0xB3, 0xA6, 0xB8, 0xAA, 0xB0, 0xBA, 0xB8, 0xBE, 0xB0, 0xEE, 0xB5, 0x47, 0xAC, 0x30, 0xDA, 0xC3, 0x25, 0x92, 0x36, 0xC9, 0x92, 0xB1, 0x0D,
    0xB3, 0xCC, 0xD3, 0x46, 0x2E, 0x1B, 0xB5, 0x8E, 0x96, 0x91, 0xD7, 0xA9, 0xA5, 0x23, 0x2B, 0x53, 0x1A, 0xAE, 0x1B, 0xAC, 0xCD, 0xEB, 0x09, 0xAB,
    0xF4, 0x1A, 0x5B, 0xE7, 0x5A, 0xE7, 0x52, 0x6E, 0x59, 0x2C, 0x7B, 0xB4, 0x3E, 0x96, 0x57, 0x5A, 0x2C, 0x4B, 0x37, 0xED, 0x9B, 0x25, 0x96, 0x6B,
    0xA1, 0xE5, 0x9B, 0xEB, 0xA3, 0xB5, 0xD0, 0xD5, 0x90, 0x55, 0x82, 0xD3, 0xD5, 0xEB, 0xC9, 0xAA, 0x75, 0xDD, 0xB2, 0x9E, 0x5D, 0xD1, 0xAC, 0x5C,
    0x6D, 0xD7, 0x32, 0xAD, 0x55, 0x5B, 0xF6, 0xB5, 0x3E, 0x68, 0x1F, 0x74, 0x87, 0x2A, 0x84, 0xB4, 0x10, 0xEB, 0x10, 0x7A, 0x8B, 0x95, 0x0B, 0x0D,
    0xC9, 0x64, 0x0E, 0x6D, 0x06, 0x11, 0x9D, 0xC8, 0x90, 0x53, 0xD4, 0xD7, 0x4D, 0x2C, 0xDD, 0xFE, 0x65, 0x85, 0xEF, 0x66, 0x7D, 0xA3, 0x61, 0x2B,
    0x20, 0x7D, 0xC3, 0x8A, 0x48, 0x47, 0xB1, 0x4A, 0xA1, 0xD1, 0x58, 0xD3, 0xD0, 0x60, 0x80, 0xE8, 0xB4, 0x35, 0xEF, 0x01, 0x36, 0x94, 0xA7, 0xB0,
    0x6C, 0x3F, 0x62, 0x49, 0xE2, 0xAD, 0x15, 0x8B, 0x26, 0x61, 0x2D, 0x41, 0x07, 0x60, 0x4D, 0x41, 0xB7, 0xB0, 0xBA, 0xA0, 0x13, 0xAD, 0x46, 0xE8,
    0x17, 0x4B, 0x30, 0xF4, 0x91, 0x25, 0x92, 0x2F, 0x2E, 0x19, 0x8F, 0x67, 0x99, 0xE7, 0x8C, 0x96, 0x8D, 0xDE, 0xC4, 0x60, 0xE9, 0xA0, 0xC1, 0x1B,
    0x59, 0x1D, 0xD1, 0x22, 0x1A, 0x58, 0xDF, 0xA6, 0x68, 0x31, 0xAB, 0x06, 0x5A, 0xCE, 0xDA, 0xA4, 0x05, 0xAD, 0x52, 0xFA, 0xC4, 0x72, 0x07, 0x1D,
    0x2F, 0xE5, 0xF3, 0x58, 0xF6, 0xB8, 0x95, 0xE5, 0x95, 0x33, 0x37, 0x92, 0xB7, 0x62, 0xC0, 0x82, 0x55, 0x8B, 0x36, 0xB3, 0x9E, 0xD1, 0x4F, 0xAB,
    0x4B, 0xA3, 0x2D, 0xD3, 0xCE, 0xB7, 0xEC, 0x3B, 0xBD, 0x8C, 0xF1, 0x25, 0x4B, 0x26, 0x1F, 0xB3, 0x24, 0x73, 0x26, 0x56, 0x3E, 0x27, 0x63, 0x2D,
    0x43, 0xF3, 0xB1, 0xF6, 0xA1, 0x21, 0x59, 0x17, 0xA0, 0x01, 0x80, 0x60, 0x35, 0x41, 0x45, 0x77, 0xB0, 0x7A, 0xA0, 0x59, 0x44, 0x58, 0xC6, 0x90,
    0xF0, 0x0F, 0xCB, 0xB1, 0xD7, 0x2D, 0x89, 0x4C, 0x9F, 0x1D, 0x7A, 0x10, 0xBE, 0x65, 0xC3, 0x64, 0xE6, 0x13, 0x4E, 0x8E, 0x7B, 0x06, 0xCA, 0xD1,
    0x27, 0x0E, 0x39, 0xC7, 0x73, 0x8A, 0xAC, 0xF8, 0xCC, 0x51, 0xAF, 0x79, 0x2A, 0xD6, 0x54, 0xB2, 0x6B, 0x6A, 0x36, 0xD9, 0x03, 0x6A, 0x41, 0x59,
    0x65, 0xBD, 0x94, 0x6D, 0x6B, 0xAC, 0x2C, 0x93, 0xDC, 0xF4, 0xCC, 0x9A, 0x54, 0xA1, 0x6C, 0xC4, 0xDE, 0x33, 0x05, 0x8C, 0x27, 0x0C, 0x24, 0x4F,
    0x21, 0x87, 0x5D, 0x92, 0xD8, 0x09, 0xC3, 0x28, 0x32, 0x3B, 0xE5, 0x28, 0x8B, 0x61, 0x8F, 0xDB, 0x64, 0xF4, 0xC1, 0x0E, 0x0E, 0x57, 0xE6, 0x9E,
    0x8F, 0xF2, 0x33, 0x90, 0x93, 0x85, 0x8F, 0x33, 0x2C, 0xD9, 0xBE, 0x37, 0xD9, 0x47, 0x19, 0xCE, 0xD3, 0x90, 0x8C, 0xC0, 0xF3, 0x49, 0x86, 0x7A,
    0x6E, 0xC9, 0x5C, 0x4F, 0x34, 0x39, 0xED, 0xC9, 0x55, 0x77, 0x65, 0xD3, 0x6A, 0xB5, 0x6C, 0x5F, 0xED, 0x97, 0x8D, 0x51, 0xCB, 0xC8, 0x32, 0xA9,
    0xAF, 0xD9, 0x19, 0x72, 0x99, 0x6C, 0x13, 0xD9, 0xC9, 0xD3, 0x8C, 0xDC, 0xF8, 0xF4, 0x23, 0xFF, 0x79, 0x82, 0x88, 0x24, 0xB7, 0x49, 0x7A, 0x46,
    0x90, 0x25, 0x3C, 0x65, 0x49, 0x35, 0x3D, 0x29, 0x2B, 0xA1, 0xAE, 0xCA, 0x8E, 0xD5, 0x8C, 0x58, 0x46, 0x6C, 0x87, 0x24, 0x84, 0x7A, 0xF5, 0x08,
    0x9A, 0x84, 0x8C, 0x82, 0x0E, 0x40, 0x36, 0xA4, 0x5B, 0xC8, 0x45, 0xE8, 0x44, 0xD9, 0x0B, 0xFD, 0x45, 0x36, 0x72, 0x3B, 0x32, 0x98, 0x83, 0xA9,
    0xEF, 0xFC, 0x4E, 0xBD, 0xE8, 0x8B, 0x6A, 0x22, 0x52, 0x97, 0x22, 0x55, 0x87, 0x3D, 0xAC, 0x86, 0xC3, 0x80, 0xF6, 0xD3, 0x40, 0x66, 0x4E, 0x12,
    0x93, 0x1B, 0x21, 0x28, 0xA7, 0xD0, 0x21, 0xC3, 0xA0, 0x22, 0xEF, 0xA8, 0xAB, 0x74, 0xA9, 0x62, 0xC7, 0x91, 0xD1, 0xA0, 0xDA, 0x01, 0x53, 0x8D,
    0x41, 0xF2, 0xCD, 0x40, 0xD4, 0xC2, 0x0E, 0xB3, 0x2B, 0x4F, 0xF9, 0xF1, 0x50, 0x0E, 0xE4, 0x0A, 0xA0, 0xE4, 0x4C, 0x4C, 0x3D, 0x86, 0x7E, 0x54,
    0xEF, 0xA9, 0x32, 0xF9, 0xE6, 0x01, 0xCD, 0x07, 0x82, 0xCC, 0x81, 0xEE, 0x20, 0xCF, 0xD1, 0x4E, 0xD9, 0xC3, 0x3D, 0xD4, 0x74, 0xA7, 0xAB, 0xE7,
    0xCF, 0xB5, 0xF5, 0xD6, 0x3A, 0xCB, 0xB3, 0xD4, 0x3F, 0xE8, 0xC7, 0x7A, 0x00, 0x1A, 0x2B, 0xC3, 0xA1, 0xE3, 0xC8, 0x08, 0xD0, 0x87, 0x64, 0x00,
    0xA0, 0x68, 0x13, 0x07, 0x64, 0x2E, 0xBA, 0x4B, 0x66, 0x81, 0xE0, 0x31, 0x10, 0xD4, 0x17, 0x7E, 0xA1, 0x5E, 0xBB, 0x95, 0x2B, 0x14, 0x16, 0x1B,
    0xD9, 0x0E, 0xB4, 0x13, 0x0F, 0x04, 0x1F, 0x94, 0x77, 0x2D, 0x21, 0x89, 0x1E, 0x59, 0x59, 0xC8, 0xE2, 0xA8, 0x50, 0xE0, 0xC5, 0x9E, 0xA8, 0x23,
    0x60, 0x8B, 0x69, 0x48, 0x5E, 0xC6, 0x1A, 0x79, 0xE6, 0x0C, 0x61, 0x04, 0x19, 0xA5, 0x91, 0x9C, 0x2F, 0x0C, 0x1E, 0x1D, 0x3D, 0xF6, 0x79, 0xF4,
    0x26, 0x81, 0x29, 0x37, 0x93, 0x1C, 0xB8, 0x51, 0xA0, 0xA1, 0xCD, 0xD5, 0x06, 0xC7, 0xAF, 0x26, 0x9B, 0x11, 0x27, 0xD6, 0xC0, 0x49, 0xD5, 0xA4,
    0x88, 0xD3, 0xF8, 0x9D, 0x40, 0x03, 0x83, 0xC7, 0x19, 0x1A, 0x31, 0x01, 0x42, 0xE4, 0x46, 0x28, 0x3C, 0xCC, 0x74, 0xE9, 0x51, 0x26, 0x8D, 0x15,
    0x32, 0x76, 0xAE, 0x8C, 0x39, 0xA0, 0x8D, 0x18, 0x46, 0x6E, 0xC4, 0x30, 0x11, 0x0A, 0x33, 0x25, 0xC9, 0x58, 0xF5, 0x66, 0x11, 0xC3, 0x23, 0x98,
    0x10, 0x85, 0xBE, 0xB8, 0x19, 0xF2, 0x12, 0x80, 0x53, 0x97, 0xE8, 0x13, 0x97, 0x17, 0x5A, 0x5B, 0x76, 0x6C, 0x69, 0x49, 0x72, 0x86, 0xBD, 0x82,
    0x36, 0x00, 0x97, 0xAD, 0x2C, 0x8F, 0x7C, 0x58, 0xEA, 0xA0, 0x5D, 0x09, 0x94, 0x66, 0x65, 0x11, 0x9F, 0x95, 0xA5, 0xBE, 0x2A, 0x0D, 0x68, 0x2A,
    0x15, 0x62, 0x28, 0x6E, 0x58, 0x32, 0xE5, 0x8C, 0x89, 0x14, 0xE7, 0x98, 0x28, 0x7D, 0x64, 0xA0, 0x00, 0x5E, 0x9F, 0xCC, 0xE0, 0xE3, 0x24, 0x47,
    0x99, 0x26, 0x47, 0xCC, 0x5C, 0xAB, 0xF4, 0x71, 0xB3, 0x80, 0x92, 0x3D, 0x91, 0x92, 0x20, 0x40, 0x85, 0x24, 0x52, 0x04, 0x24, 0x08, 0x3C, 0x1C,
    0xA9, 0xFA, 0x60, 0x24, 0x2B, 0x42, 0xA2, 0x06, 0x09, 0x45, 0xCC, 0x3E, 0x10, 0x99, 0x1B, 0x1B, 0xC2, 0x57, 0x27, 0x64, 0xB6, 0x0B, 0x22, 0x63,
    0x0A, 0x04, 0x08, 0xF5, 0x87, 0x93, 0x1F, 0x59, 0xEB, 0x16, 0x20, 0x3E, 0x18, 0xAB, 0x3D, 0xE8, 0x60, 0x21, 0x79, 0xE8, 0x09, 0xB2, 0xA3, 0x90,
    0x10, 0x1D, 0x90, 0xB4, 0xE8, 0x80, 0xDA, 0x92, 0x23, 0x82, 0x1C, 0x1C, 0x17, 0x20, 0x11, 0x41, 0x24, 0x70, 0xA3, 0x4D, 0x01, 0x1B, 0x7A, 0x35,
    0x00, 0x13, 0x34, 0x69, 0xC8, 0x33, 0x68, 0x44, 0x32, 0x7E, 0xC4, 0x68, 0xA2, 0x80, 0xD6, 0xE2, 0x95, 0x75, 0x62, 0x24, 0xB2, 0xE5, 0x63, 0x21,
    0x6B, 0xD1, 0xE2, 0x5D, 0xE5, 0x11, 0x31, 0x77, 0x24, 0x44, 0x20, 0x43, 0xCD, 0x79, 0x91, 0xE9, 0xA9, 0x59, 0x07, 0x46, 0xA4, 0x35, 0x48, 0x44,
    0x52, 0xD9, 0xB4, 0x24, 0x64, 0x07, 0xB6, 0xB2, 0x4E, 0x49, 0xA7, 0x3C, 0xA1, 0x24, 0x53, 0x76, 0x70, 0xC2, 0x81, 0xC1, 0xE3, 0x9B, 0xA6, 0xCF,
    0xA9, 0x63, 0xDD, 0x22, 0xE0, 0x98, 0x98, 0x45, 0xC8, 0x33, 0x54, 0x5A, 0x75, 0x96, 0x6A, 0x49, 0x89, 0x4A, 0xCC, 0x8A, 0x6A, 0xAD, 0x52, 0x22,
    0xF4, 0x2A, 0x11, 0x31, 0x44, 0xA2, 0x62, 0x5E, 0x22, 0x95, 0x23, 0x61, 0xE2, 0x03, 0xC9, 0x21, 0x89, 0x53, 0x95, 0x0C, 0xA9, 0x28, 0x14, 0xA1,
    0x2A, 0xE1, 0x85, 0xEA, 0x4A, 0x55, 0xD7, 0xF3, 0xC5, 0x5B, 0x1F, 0x47, 0x2B, 0x3B, 0xA5, 0x53, 0xF9, 0xA6, 0x0C, 0xFB, 0x20, 0x1C, 0x93, 0x7A,
    0x4F, 0x6F, 0x42, 0x2C, 0xB4, 0x91, 0xA0, 0x03, 0x9A, 0xD9, 0xD3, 0x07, 0x30, 0x46, 0x87, 0x53, 0x19, 0x84, 0x78, 0x38, 0x24, 0x27, 0xAA, 0x54,
    0x16, 0x2A, 0xE5, 0x94, 0x6B, 0x4A, 0xB3, 0x49, 0x2D, 0x85, 0x91, 0x9E, 0x1C, 0x9F, 0xCE, 0x94, 0x24, 0x01, 0x15, 0xDA, 0xD5, 0xAD, 0x96, 0xFA,
    0x80, 0x68, 0xB9, 0x66, 0x81, 0x9D, 0x98, 0xC6, 0xA8, 0x41, 0x61, 0x9A, 0x69, 0xA8, 0x4A, 0xE8, 0xC2, 0xBD, 0xC2, 0x1F, 0x2A, 0x10, 0xAF, 0x29,
    0x12, 0x07, 0xA8, 0xED, 0x16, 0x0C, 0x82, 0x12, 0x82, 0xBA, 0x81, 0xF6, 0x29, 0x9B, 0x3C, 0xF4, 0x00, 0x01, 0xD1, 0x49, 0xD0, 0x93, 0x72, 0x3F,
    0x2B, 0x3D, 0x1B, 0x49, 0x59, 0x6C, 0x02, 0xF8, 0xD6, 0x64, 0x31, 0xC9, 0x0B, 0x29, 0x2C, 0x45, 0xC9, 0x33, 0x2E, 0x6B, 0x21, 0xC7, 0x27, 0x84,
    0x30, 0x30, 0xB5, 0x80, 0xC2, 0x18, 0x7B, 0x63, 0x6B, 0xDA, 0xCA, 0x12, 0x4A, 0x08, 0x49, 0xB2, 0x19, 0x06, 0xA3, 0xE4, 0xA8, 0xC5, 0x38, 0xF4,
    0x40, 0xD5, 0x1A, 0xF8, 0xD2, 0x11, 0x6C, 0xE2, 0xE3, 0x8E, 0xEB, 0xDA, 0x9B, 0x8E, 0x3F, 0xB2, 0x4A, 0x36, 0xAA, 0x9A, 0x74, 0xA4, 0xA2, 0x0C,
    0x1D, 0x78, 0x12, 0x90, 0x40, 0x87, 0x2B, 0x08, 0x48, 0x89, 0x52, 0x43, 0x20, 0xAD, 0x38, 0x74, 0x39, 0xD4, 0x92, 0x72, 0xA7, 0xC9, 0x4E, 0x9F,
    0x80, 0x8F, 0xD2, 0x18, 0xAE, 0x8A, 0xCE, 0xF6, 0x25, 0x11, 0x4A, 0x0D, 0x77, 0x64, 0x61, 0x4D, 0x20, 0xEC, 0x98, 0x1A, 0xD1, 0x64, 0xE0, 0x43,
    0x2F, 0xCD, 0xCA, 0x10, 0x4A, 0x00, 0x94, 0x4A, 0xBC, 0xA8, 0xF2, 0x0E, 0x8F, 0x29, 0x5B, 0xDB, 0xD8, 0x08, 0x47, 0x2C, 0x16, 0x4D, 0x67, 0x6C,
    0xD4, 0xAC, 0x5C, 0xC6, 0x80, 0x32, 0x4E, 0x09, 0xA2, 0x4B, 0xA5, 0x4A, 0x1E, 0x38, 0x44, 0xBD, 0x0A, 0xCC, 0x08, 0xA1, 0x5F, 0xDC, 0xC8, 0x90,
    0xE0, 0xE9, 0xC7, 0x1F, 0xE7, 0xD4, 0x4E, 0x72, 0x91, 0xA5, 0xAD, 0x3B, 0x25, 0x61, 0xD4, 0x56, 0xAB, 0xCA, 0x2F, 0x92, 0xA1, 0x52, 0x0A, 0xBC,
    0x4A, 0x7B, 0x02, 0xA5, 0x12, 0x5C, 0x3B, 0x22, 0x21, 0xB9, 0x87, 0xC9, 0x43, 0x1F, 0xCA, 0x40, 0x82, 0xE1, 0xF8, 0x30, 0x24, 0xFB, 0xF5, 0xA6,
    0xE6, 0x71, 0x4A, 0x89, 0x42, 0xE9, 0xA6, 0x34, 0xA1, 0x1C, 0x1B, 0xC2, 0x48, 0x6E, 0xC3, 0x8E, 0x18, 0x72, 0x8C, 0x17, 0x42, 0x9A, 0x6C, 0x4C,
    0x57, 0xCE, 0x82, 0x11, 0x84, 0x03, 0xD9, 0x2F, 0x50, 0xDE, 0xE8, 0x29, 0x8D, 0xCA, 0x44, 0xCF, 0x3F, 0x4E, 0x11, 0xEC, 0xAC, 0x59, 0x03, 0x42,
    0x11, 0x0A, 0x3F, 0x54, 0xF4, 0xF4, 0x96, 0x79, 0x93, 0xD8, 0xB4, 0x00, 0xC3, 0xBB, 0x12, 0x74, 0xE4, 0xCD, 0x8E, 0x43, 0x9B, 0x30, 0x80, 0x74,
    0x74, 0x84, 0xF6, 0xB4, 0x80, 0x9C, 0x0B, 0x74, 0xB3, 0x80, 0x94, 0xA6, 0x8C, 0x2C, 0x72, 0x12, 0xD2, 0x64, 0x9D, 0x3C, 0xCE, 0x65, 0x67, 0x0C,
    0x65, 0x59, 0xE0, 0x26, 0x95, 0x61, 0x0C, 0x4C, 0x1F, 0x0B, 0x1C, 0xF2, 0x2C, 0x10, 0x02, 0x42, 0xF6, 0x48, 0x03, 0x2D, 0x8D, 0x5F, 0x20, 0x0B,
    0x8D, 0x1C, 0x7E, 0xA8, 0x43, 0x54, 0xF2, 0x88, 0xC1, 0xDD, 0xE0, 0x55, 0x88, 0x0D, 0x32, 0xC6, 0x09, 0xB2, 0x03, 0x5E, 0x40, 0x22, 0x70, 0x46,
    0x16, 0xE9, 0xD9, 0x74, 0xC9, 0xAA, 0x0E, 0x9B, 0x18, 0x04, 0x20, 0x0B, 0x91, 0xA4, 0xE9, 0xA6, 0x84, 0x0C, 0x45, 0x98, 0x66, 0xA0, 0x18, 0x32,
    0x17, 0x91, 0x4D, 0x19, 0x4B, 0x1A, 0x91, 0x38, 0x6A, 0x3A, 0x19, 0xD3, 0xB8, 0x45, 0x0F, 0xE4, 0x99, 0x3D, 0x74, 0x1E, 0x41, 0x2E, 0xF0, 0x68,
    0x68, 0x04, 0x48, 0xA3, 0x33, 0x5D, 0x20, 0x30, 0x37, 0x0F, 0x23, 0x85, 0x8C, 0x6C, 0xC8, 0x10, 0xAD, 0x5C, 0x2F, 0xDD, 0x4A, 0x30, 0x65, 0x05,
    0x2E, 0x6F, 0x57, 0xD0, 0xAC, 0x48, 0x22, 0x32, 0x06, 0x8D, 0x06, 0x97, 0xB7, 0xAF, 0xED, 0x25, 0xE5, 0x8E, 0x2B, 0x8E, 0xFA, 0x47, 0xE4, 0x92,
    0x3C, 0x34, 0x1D, 0x0C, 0xD1, 0xC7, 0x33, 0x0F, 0x4F, 0x28, 0xD6, 0xB9, 0xAE, 0x0C, 0xCA, 0x2C, 0x25, 0xD6, 0x0F, 0xBD, 0x90, 0xD3, 0x53, 0x93,
    0xC5, 0x3F, 0x89, 0x64, 0xFB, 0x23, 0xE2, 0xF9, 0xA8, 0x86, 0x1A, 0x25, 0xBD, 0x48, 0x8C, 0x26, 0x14, 0x3E, 0xAD, 0x18, 0x90, 0x20, 0xF2, 0x14,
    0xC1, 0x54, 0xD1, 0xE5, 0x19, 0x40, 0xDC, 0x21, 0x9D, 0xA9, 0x58, 0x76, 0x49, 0x1D, 0x44, 0x2E, 0x6B, 0x26, 0x8A, 0x8B, 0xE0, 0x9D, 0x44, 0x63,
    0x75, 0x74, 0x7C, 0x70, 0xB4, 0x60, 0x11, 0x95, 0x07, 0x5F, 0x07, 0x78, 0x3C, 0x3D, 0xB8, 0x79, 0x59, 0x79, 0xDA, 0xC1, 0x26, 0xDA, 0x30, 0x05,
    0xE1, 0xC2, 0x00, 0x09, 0x81, 0xF1, 0x08, 0xFC, 0xD2, 0xD1, 0x94, 0x01, 0x0B, 0x0E, 0x0C, 0x56, 0x2A, 0x78, 0xC1, 0x99, 0x72, 0xE1, 0x8C, 0x81,
    0xAE, 0x04, 0xD4, 0x00, 0xB2, 0x90, 0x55, 0x10, 0xE8, 0xA9, 0x34, 0xCB, 0x82, 0xED, 0xE7, 0x02, 0x04, 0xB2, 0x70, 0x9C, 0x2C, 0x13, 0x8A, 0xDE,
    0xD2, 0xAA, 0x25, 0x40, 0xE1, 0x0A, 0x39, 0xE1, 0x0F, 0xC1, 0x55, 0xA3, 0x02, 0x56, 0x37, 0x2E, 0x54, 0x19, 0x90, 0x60, 0xCA, 0x9A, 0x84, 0xED,
    0xC5, 0xE6, 0xA5, 0xC2, 0x62, 0x23, 0xF4, 0x60, 0x0C, 0x03, 0xA5, 0x15, 0x53, 0x78, 0x6D, 0x0D, 0x26, 0xD0, 0x60, 0x50, 0xF8, 0x27, 0x45, 0x62,
    0x99, 0x58, 0x63, 0x81, 0x8A, 0xC6, 0xA8, 0xC5, 0x27, 0x0A, 0x0E, 0xFF, 0x24, 0x88, 0x24, 0x00, 0xC1, 0x12, 0x49, 0x88, 0xA2, 0x40, 0x5D, 0x81,
    0xA2, 0x9A, 0xB4, 0xE7, 0x08, 0xD9, 0x23, 0x18, 0x50, 0xC7, 0x0C, 0x31, 0x9B, 0xA8, 0xE7, 0x9A, 0x37, 0x1E, 0x4F, 0x35, 0x60, 0x87, 0x69, 0xFA,
    0x64, 0x34, 0x71, 0x49, 0xCE, 0xCC, 0xE8, 0x41, 0x80, 0x34, 0x4C, 0xE3, 0x93, 0x2B, 0x66, 0x7A, 0x44, 0x96, 0x41, 0xE3, 0x86, 0x4C, 0x16, 0x47,
    0x92, 0x63, 0x02, 0x49, 0x8A, 0x89, 0x94, 0x0B, 0xF3, 0x38, 0x85, 0x71, 0x52, 0x70, 0xF1, 0x90, 0x9A, 0xEC, 0x22, 0x95, 0x0E, 0x30, 0x4B, 0x54,
    0xBE, 0x8C, 0x51, 0xF1, 0x52, 0x81, 0x4D, 0x17, 0x3C, 0x36, 0x5C, 0xCE, 0x04, 0x3D, 0xB7, 0x14, 0x0A, 0x82, 0x6A, 0x39, 0x71, 0x03, 0xDB, 0x65,
    0x4B, 0x19, 0x98, 0x37, 0x45, 0x27, 0x3D, 0x6F, 0x7A, 0xCF, 0x71, 0xB5, 0x3F, 0x3E, 0xD1, 0x99, 0x97, 0x81, 0xE0, 0x01, 0x00, 0xDE, 0xC5, 0xA1,
    0x48, 0x1E, 0xD1, 0x20, 0x44, 0xF5, 0x15, 0x38, 0xF4, 0x04, 0x0C, 0xBD, 0xD0, 0x11, 0x78, 0x7D, 0xC9, 0x13, 0xFA, 0xA0, 0xD7, 0x17, 0xF4, 0x07,
    0xDA, 0x53, 0x80, 0x6E, 0xC0, 0xB3, 0x2F, 0xE0, 0x7F, 0xEE, 0xE7, 0x7D, 0xF6, 0x5C, 0x4F, 0xE4, 0xF3, 0xE0, 0xF9, 0x98, 0xD7, 0xB9, 0x96, 0xD3,
    0xF9, 0x9C, 0x43, 0x5E, 0xCE, 0xE3, 0x1C, 0xCE, 0x1F, 0xFF, 0xE6, 0x6E, 0xDE, 0xE6, 0x56, 0xEE, 0x78, 0x3E, 0x67, 0xF3, 0x35, 0x57, 0xF3, 0x34,
    0x47, 0x73, 0x25, 0x3F, 0x73, 0x02, 0xDE, 0x78, 0x33, 0x2F, 0x73, 0x29, 0x27, 0xF3, 0x31, 0x17, 0x13, 0xE6, 0x8E, 0x67, 0x3C, 0x9C, 0x2F, 0x1E,
    0xCC, 0xBF, 0x78, 0x79, 0x9E, 0x77, 0x39, 0x97, 0x6F, 0xB9, 0x96, 0x63, 0x3F, 0xC0, 0xB6, 0x7A, 0x96, 0x63, 0xF9, 0x95, 0x5B, 0x79, 0x15, 0x2A,
    0x57, 0xFC, 0x94, 0x4B, 0x79, 0x94, 0x27, 0x87, 0x72, 0x27, 0x8F, 0xC7, 0xF3, 0x26, 0x07, 0x73, 0xC6, 0x5F, 0xCF, 0xE4, 0x4B, 0xAE, 0xE4, 0x49,
    0xAE, 0xE6, 0x48, 0x7E, 0xC4, 0xC8, 0x13, 0x5F, 0xE4, 0x44, 0x3E, 0xE4, 0x42, 0xA6, 0x1E, 0xE4, 0x40, 0xEE, 0xF8, 0xE3, 0xD6, 0x3D, 0xE2, 0x3E,
    0xDE, 0x63, 0xD7, 0x9D, 0xC7, 0x77, 0x3C, 0xC4, 0x75, 0x3C, 0xC7, 0x71, 0x20, 0xDA, 0xF8, 0x8D, 0xD7, 0x38, 0x8D, 0xCF, 0x78, 0xF5, 0x32, 0x62,
    0xD0, 0x17, 0xE0, 0xC5, 0x6D, 0x9C, 0xAA, 0xC5, 0x0D, 0x5F, 0x78, 0xC2, 0xE7, 0xF8, 0x20, 0xF5, 0x2E, 0x5E, 0xFD, 0xF4, 0xF3, 0x59, 0x7C, 0xEE,
    0xF2, 0xE3, 0x4B, 0x2F, 0xF8, 0xE8, 0x03, 0x0F, 0x78, 0x18, 0xFA, 0x1B, 0x37, 0xFE, 0xF7, 0x15, 0x7F, 0xEF, 0xF7, 0xBE, 0xF3, 0xDD, 0xFD, 0xF3,
    0x55, 0xDF, 0xBB, 0x8A, 0xA7, 0x08, 0xE0, 0x28, 0xAE, 0xF7, 0x6A, 0xDE, 0xF1, 0x7E, 0x67, 0xE2, 0x76, 0xAF, 0x3B, 0xDD, 0x23, 0xDC, 0xF9, 0xB9,
    0x9F, 0x68, 0x5E, 0xEE, 0x71, 0x87, 0xFB, 0xDB, 0xDD, 0x6E, 0xE2, 0x6D, 0x67, 0xFB, 0xDA, 0xD5, 0x9E, 0x76, 0xB4, 0x9F, 0x99, 0xBD, 0xEC, 0xD2,
    0x93, 0xBD, 0xC4, 0xDB, 0x4E, 0xE2, 0x36, 0x3E, 0xE2, 0x22, 0x1E, 0x02, 0x80, 0x83, 0xF8, 0xD8, 0x3F, 0xDC, 0x43, 0x87, 0xCF, 0x54, 0x97, 0xAF,
    0xE1, 0x62, 0x67, 0x5E, 0x7E, 0x18, 0x18, 0x06, 0xAF, 0x5F, 0x78, 0x17, 0xD7, 0xB7, 0xDE, 0xE0, 0xF2, 0xB3, 0x5E, 0x3D, 0xD6, 0xDB, 0x53, 0xF8,
    0x84, 0x5F, 0xDD, 0xEA, 0x55, 0x97, 0xF0, 0x08, 0xA7, 0x82, 0xF0, 0x07, 0x77, 0x50, 0xFD, 0xD4, 0x1B, 0x9C, 0xC1, 0xA5, 0xBE, 0x5C, 0xF0, 0xA8,
    0x04, 0x57, 0xE0, 0x74, 0xA8, 0xA7, 0x3B, 0x21, 0x30, 0xF0, 0x03, 0x4C, 0x5F, 0x3A, 0x70, 0x04, 0x0A, 0xF6, 0xA7, 0xBE, 0xF4, 0x07, 0xAF, 0x5F,
    0x68, 0x8B, 0x6B, 0x81, 0x8D, 0x9F, 0x69, 0x1D, 0x3A, 0x58, 0xE4, 0xF0, 0x45, 0xB6, 0x25, 0x99, 0xE5, 0xC5, 0x8B, 0x03, 0x57, 0x57, 0x73, 0x41,
    0x9D, 0xD5, 0x83, 0x43, 0x02, 0x0E, 0x50, 0x0C, 0xEE, 0x9E, 0x68, 0x88, 0x02, 0x52, 0x08, 0x10, 0x60, 0x60, 0x41, 0xF2, 0x2E, 0x04, 0x6D, 0x00,
    0x04, 0xC6, 0xB8, 0xA4, 0x30, 0x35, 0xE8, 0x6E, 0x34, 0x30, 0x32, 0x98, 0x71, 0xEC, 0x06, 0x2C, 0x57, 0x48, 0xAA, 0x2C, 0xB9, 0x4C, 0x39, 0x24,
    0x28, 0x57, 0x23, 0x9A, 0x54, 0x49, 0x2D, 0xB1, 0x22, 0x84, 0xE4, 0x8A, 0x41, 0xA2, 0x15, 0x9B, 0x21, 0x13, 0xF0, 0x80, 0x5C, 0xC5, 0xF0, 0x61,
    0xF5, 0x1D, 0x55, 0x31, 0x8E, 0x43, 0xDA, 0x98, 0x40, 0x9D, 0xF1, 0x2C, 0xBA, 0x2A, 0x86, 0xFE, 0x12, 0xB4, 0xCC, 0x2C, 0x79, 0x78, 0x95, 0x5B,
    0xF8, 0x76, 0xBD, 0xF7, 0x33, 0x01, 0x28, 0xDB, 0xF2, 0xF6, 0x24, 0xBB, 0x9F, 0x39, 0xF7, 0x5A, 0xF3, 0x5F, 0xE0, 0xFE, 0xC2, 0xC4, 0xCE, 0x36,
    0x5A, 0x53, 0x56, 0xA1, 0xED, 0xFA, 0x16, 0xB4, 0x0E, 0x21, 0xCE, 0x06, 0xA8, 0x09, 0x3F, 0x9E, 0x48, 0xEB, 0xD0, 0xC1, 0x94, 0xE7, 0xD1, 0x60,
    0xC7, 0x40, 0x86, 0x8F, 0xD1, 0xC0, 0xE8, 0x20, 0xC5, 0x99, 0x68, 0x99, 0xC1, 0x6A, 0xF4, 0x77, 0x06, 0x49, 0xB2, 0x34, 0x18, 0x89, 0xB0, 0xE6,
    0x40, 0xB2, 0x48, 0x64, 0x5D, 0x47, 0x96, 0x0A, 0x44, 0x09, 0x54, 0x8F, 0xF1, 0x60, 0xC7, 0xE1, 0x16, 0x90, 0x08, 0x7D, 0x4E, 0xE8, 0x52, 0xA2,
    0xB6, 0x87, 0xDC, 0x0B, 0xDA, 0x59, 0x01, 0x56, 0x58, 0xF0, 0x87, 0x55, 0xE5, 0xE7, 0x6A, 0x50, 0x91, 0x65, 0x80, 0x9D, 0x86, 0xBB, 0x41, 0x16,
    0xCE, 0x68, 0x99, 0xD1, 0x6A, 0x76, 0xCD, 0x06, 0x6A, 0xAE, 0x04, 0xD9, 0x8F, 0xD0, 0x6A, 0x42, 0x2D, 0xB9, 0x05, 0x0D, 0x58, 0x4F, 0x22, 0x34,
    0x28, 0xC5, 0x2A, 0x59, 0xA1, 0xDD, 0x90, 0xD6, 0xA1, 0x54, 0x94, 0x43, 0x8A, 0xC1, 0xC9, 0xAA, 0xCF, 0xA8, 0x75, 0xE8, 0xA0, 0x84, 0x58, 0x14,
    0x32, 0x0C, 0x16, 0x38, 0xC9, 0x6A, 0x32, 0x11, 0x4B, 0x12, 0x56, 0x3B, 0xE0, 0x70, 0xC4, 0x2D, 0x20, 0x4B, 0x41, 0x2E, 0x6B, 0x1D, 0x82, 0xDD,
    0xF3, 0xC4, 0xEC, 0xA6, 0xF6, 0xBC, 0x4C, 0x8C, 0x84, 0x94, 0xA3, 0x7B, 0x89, 0x71, 0xED, 0x33, 0x62, 0x0D, 0xC4, 0x96, 0x52, 0x7F, 0x3E, 0xC9,
    0x6C, 0x34, 0xE5, 0x7C, 0x08, 0x77, 0x8D, 0x48, 0x65, 0x88, 0x3B, 0x3B, 0x08, 0x1D, 0xE5, 0x54, 0xCE, 0xA6, 0xF3, 0xA8, 0xBC, 0x6B, 0x73, 0x29,
    0x6B, 0xFE, 0xA2, 0x51, 0x5E, 0x68, 0xDC, 0x55, 0x32, 0x6F, 0x13, 0x66, 0x07, 0x61, 0x32, 0xE1, 0x92, 0xE4, 0x56, 0x8C, 0x30, 0x89, 0x84, 0xD5,
    0xCC, 0x20, 0x53, 0x8B, 0x77, 0xA1, 0x75, 0x78, 0x45, 0xE6, 0x2F, 0x93, 0x6F, 0xC9, 0xE9, 0x6E, 0x4C, 0xB6, 0xF6, 0xF0, 0x1C, 0xB4, 0x0E, 0xA7,
    0x64, 0x30, 0xAF, 0x98, 0x12, 0x10, 0x08, 0xF0, 0x4A, 0x5A, 0x66, 0xA6, 0x06, 0x25, 0x49, 0xE1, 0x41, 0x72, 0x90, 0xE8, 0x68, 0xCA, 0x69, 0x11,
    0x03, 0xC5, 0x9A, 0x82, 0x5C, 0x02, 0x5C, 0x54, 0xA4, 0xF0, 0x9E, 0xA7, 0x8E, 0x4A, 0x63, 0x67, 0x41, 0xDD, 0x9C, 0x28, 0x3C, 0x71, 0x14, 0x38,
    0xBD, 0xB9, 0x12, 0x47, 0x05, 0x68, 0x6A, 0x10, 0xE0, 0x39, 0xF3, 0x44, 0x66, 0x0E, 0x18, 0x30, 0xE6, 0x5C, 0x18, 0xA3, 0x9C, 0x7C, 0x39, 0x11,
    0x2E, 0xDF, 0xC3, 0x3E, 0xC9, 0x61, 0x89, 0xA2, 0x50, 0xE5, 0x84, 0x53, 0x9C, 0x16, 0x40, 0x69, 0x32, 0x42, 0x67, 0xAD, 0xC9, 0x01, 0xBD, 0x25,
    0x51, 0x2E, 0x90, 0x3C, 0x30, 0xB1, 0x09, 0x6A, 0xC8, 0x67, 0x20, 0x4B, 0x33, 0x7C, 0x1C, 0xD0, 0xFB, 0xE0, 0x02, 0x07, 0xE0, 0x69, 0x98, 0x6C,
    0x40, 0x85, 0x60, 0x18, 0xE0, 0x13, 0x0D, 0x01, 0xC2, 0xFE, 0x0C, 0x6C, 0x01, 0x69, 0x6A, 0x7C, 0x9C, 0x96, 0x99, 0x04, 0x70, 0xDC, 0x0C, 0xC4,
    0xB1, 0x85, 0xA5, 0x6D, 0x01, 0x59, 0xDA, 0x19, 0x88, 0xCB, 0xF0, 0xD8, 0xFE, 0xC1, 0x15, 0x8F, 0xB0, 0x25, 0x06, 0x7E, 0x8E, 0x48, 0xEB, 0x70,
    0x8A, 0xCD, 0xF9, 0x80, 0x45, 0x5A, 0xE9, 0xC9, 0xDE, 0xA9, 0xF2, 0x41, 0xE7, 0xAA, 0xED, 0x63, 0xC0, 0x18, 0xA7, 0xE2, 0xDE, 0x04, 0x6C, 0x49,
    0x13, 0x84, 0xDF, 0x00, 0xA3, 0xC1, 0xE0, 0xD0, 0x05, 0xBB, 0xE6, 0x05, 0x1D, 0x1E, 0xA7, 0xD5, 0xDC, 0xE2, 0x3A, 0x30, 0xF8, 0xB1, 0x0B, 0xD7,
    0xA8, 0xA8, 0x53, 0xD0, 0x3A, 0x6C, 0xB0, 0x08, 0x2C, 0x01, 0x18, 0xD4, 0xD4, 0xD6, 0x11, 0x35, 0x20, 0x71, 0x3C, 0x5A, 0x87, 0x0C, 0x78, 0x7C,
    0xF1, 0xCB, 0x4B, 0x16, 0x85, 0x33, 0xD9, 0xE2, 0x8A, 0xFA, 0x71, 0x1A, 0x6D, 0x93, 0x8B, 0x4A, 0xAB, 0xE3, 0x80, 0x5F, 0x7F, 0x0D, 0x1C, 0xDC,
    0xF9, 0xD5, 0x5C, 0x3A, 0x3B, 0x00, 0x5A, 0x87, 0x0D, 0x00, 0xDD, 0xEA, 0x2B, 0xC2, 0xD7, 0x83, 0xA9, 0x14, 0x5F, 0x47, 0xF0, 0xE0, 0x59, 0xAD,
    0xA6, 0x0F, 0x44, 0x27, 0xBC, 0xB7, 0xC9, 0xB0, 0x66, 0xD7, 0xA1, 0x39, 0xA1, 0x63, 0xC9, 0x50, 0x05, 0xC1, 0x96, 0xFF, 0xC8, 0xD0, 0x43, 0x6A,
    0x3E, 0x75, 0x07, 0x8B, 0x3B, 0x4A, 0x33, 0x04, 0x52, 0x50, 0xBC, 0x13, 0x03, 0x18, 0x56, 0xA0, 0x87, 0xB8, 0x70, 0x55, 0x80, 0xF7, 0x2C, 0xAD,
    0xC3, 0x06, 0xD6, 0x0C, 0x09, 0xB4, 0x0E, 0x01, 0xF1, 0x8C, 0xB4, 0xCC, 0x60, 0x48, 0x84, 0x75, 0x3D, 0x1E, 0x0C, 0x75, 0x96, 0xB8, 0x6E, 0x06,
    0xC3, 0x98, 0x29, 0x26, 0x57, 0xD4, 0x3A, 0xB4, 0xE2, 0x7B, 0x0F, 0x0C, 0x3A, 0x96, 0x7E, 0x3E, 0x88, 0x61, 0xCA, 0x00, 0xCD, 0x55, 0x60, 0x40,
    0xE1, 0x60, 0x9F, 0x0D, 0x43, 0x9A, 0x54, 0x91, 0x8B, 0x69, 0x99, 0xD1, 0x6A, 0x9E, 0x0E, 0x58, 0xD6, 0x13, 0x0C, 0x58, 0x31, 0x86, 0x29, 0x0C,
    0x52, 0x09, 0xEA, 0x4F, 0x5A, 0xB0, 0xC0, 0x76, 0xF0, 0x68, 0xBF, 0x8C, 0xFE, 0x24, 0x91, 0x12, 0x52, 0x81, 0x4B, 0x11, 0x78, 0x10, 0x49, 0x2F,
    0x41, 0x4F, 0x04, 0xB4, 0x0D, 0x14, 0xF0, 0x1C, 0x7D, 0x9C, 0x28, 0x54, 0xD0, 0xF3, 0x29, 0x3C, 0x4A, 0x40, 0x75, 0x1E, 0x18, 0x5E, 0xCC, 0x96,
    0xD7, 0x93, 0x84, 0x3F, 0xF1, 0xBA, 0x4E, 0x31, 0x3A, 0x0E, 0x26, 0x36, 0xAA, 0xCC, 0x66, 0x78, 0xD1, 0x55, 0x4C, 0xA4, 0x47, 0xE8, 0x02, 0x2F,
    0x06, 0xAD, 0x52, 0xF4, 0x5E, 0x8A, 0x6F, 0xC2, 0xA0, 0x7B, 0xD8, 0x7B, 0xC0, 0x20, 0x00, 0x2B, 0xC6, 0x9B, 0xF0, 0x5A, 0xC3, 0x8A, 0x3A, 0x07,
    0x2F, 0xB1, 0xAB, 0x2A, 0xD8, 0x65, 0x60, 0xB0, 0xC2, 0xEA, 0x9A, 0x70, 0x40, 0xEB, 0xEA, 0x50, 0x96, 0x17, 0x05, 0xAB, 0xAA, 0x97, 0x02, 0xAD,
    0x43, 0x07, 0x73, 0xAE, 0xE8, 0x02, 0xA2, 0xEF, 0x39, 0x9F, 0xAE, 0xD9, 0xC0, 0xD5, 0xC7, 0x68, 0x35, 0xD3, 0x0A, 0x31, 0x22, 0x98, 0xFC, 0x93,
    0x0B, 0xD7, 0x56, 0xCE, 0x69, 0x6C, 0x01, 0x89, 0xEA, 0xF0, 0xF7, 0x02, 0x5F, 0x15, 0xE4, 0x4D, 0x68, 0xFD, 0x81, 0xE4, 0x85, 0x30, 0x2D, 0x33,
    0x14, 0x18, 0x33, 0x9C, 0xCB, 0x85, 0x9D, 0xB5, 0xA5, 0x94, 0x51, 0xE1, 0x5F, 0x2D, 0x05, 0xC1, 0x2B, 0xE5, 0x13, 0x09, 0x67, 0x42, 0xF8, 0x73,
    0xEA, 0x82, 0x14, 0x17, 0x15, 0xE5, 0x93, 0x43, 0xD2, 0x32, 0x13, 0x61, 0xCE, 0x01, 0x75, 0x15, 0xF0, 0xE4, 0xE5, 0x8F, 0x5D, 0x6D, 0xBA, 0xD6,
    0x70, 0x5D, 0x99, 0xAA, 0xF2, 0x2D, 0x6D, 0xB3, 0xD5, 0x72, 0x21, 0x08, 0x02, 0x5F, 0xD5, 0x6A, 0x76, 0xCD, 0x5B, 0x5C, 0x06, 0x04, 0xBB, 0x02,
    0x70, 0x6B, 0xFF, 0xE4, 0x61, 0xC5, 0xD9, 0x3D, 0xCC, 0xD9, 0xD5, 0xE4, 0xA2, 0x82, 0xA5, 0xA1, 0x2B, 0xEC, 0xEA, 0x4F, 0x86, 0x09, 0xD8, 0x0B,
    0x5D, 0x5B, 0x13, 0x9C, 0x74, 0x39, 0x75, 0x31, 0x75, 0xED, 0xEF, 0x51, 0xBA, 0x5D, 0xA4, 0x2A, 0xEC, 0xE4, 0xD5, 0x5F, 0x23, 0x2E, 0x45, 0x55,
    0xD8, 0xDF, 0xD9, 0x02, 0xE2, 0xF4, 0x7B, 0x61, 0xB2, 0x85, 0x42, 0xD9, 0x00, 0x0E, 0x0E, 0xAF, 0x2C, 0x9B, 0x50, 0x91, 0x3A, 0x7C, 0x0F, 0x2D,
    0x33, 0x4E, 0x55, 0x74, 0x1C, 0x38, 0x83, 0x18, 0x55, 0xA9, 0xC6, 0xD3, 0x2C, 0x03, 0x2B, 0x83, 0x00, 0x06, 0xDE, 0xBC, 0xE0, 0x32, 0x7C, 0x9A,
    0x8F, 0x42, 0xEB, 0x0F, 0xEE, 0x9C, 0x04, 0x57, 0x08, 0x07, 0x07, 0xDC, 0x82, 0x96, 0x19, 0x2E, 0xAC, 0x07, 0x59, 0x5C, 0x4F, 0x5B, 0x5C, 0x0A,
    0xA2, 0x1C, 0x81, 0x2D, 0xC9, 0x36, 0xC9, 0xE1, 0x6C, 0xB9, 0xB9, 0x6A, 0x7A, 0x17, 0x2E, 0x2D, 0x5B, 0x59, 0x18, 0x30, 0x7D, 0xC8, 0x16, 0x90,
    0xA6, 0xC3, 0x2D, 0x17, 0x51, 0x6B, 0x5E, 0x0E, 0x12, 0x7D, 0xC5, 0x56, 0x9F, 0x54, 0xDC, 0x4D, 0x68, 0x1D, 0x82, 0xDA, 0xBF, 0xB6, 0xBC, 0xB6,
    0xB8, 0xB6, 0x2C, 0x3C, 0x45, 0xD9, 0x52, 0xA0, 0x75, 0x58, 0x25, 0xF6, 0x46, 0x5A, 0x8A, 0x9A, 0xFC, 0x7C, 0x8F, 0x56, 0x1E, 0x29, 0x0E, 0x3F,
    0xA3, 0x65, 0xA6, 0x01, 0x98, 0x31, 0x5A, 0x8C, 0x0C, 0x22, 0xFC, 0xC9, 0xBF, 0x64, 0x73, 0x3D, 0xA0, 0x92, 0xA9, 0x0E, 0x47, 0x1A, 0x48, 0x8B,
    0xBC, 0x4C, 0xC8, 0x14, 0xE0, 0x63, 0x68, 0x1D, 0x4A, 0xBD, 0x07, 0x74, 0xDE, 0xA9, 0xD5, 0x5C, 0x7A, 0x1E, 0x00, 0xAD, 0x0F, 0x0C, 0xE8, 0xFC,
    0x8A, 0x6A, 0x49, 0x6B, 0x49, 0xEB, 0x10, 0x3A, 0x48, 0xFA, 0x2D, 0x00, 0x5A, 0x00, 0x82, 0x55, 0x6B, 0xC0, 0x12, 0x14, 0xA4, 0x3B, 0x3D, 0x7D,
    0x9F, 0xA0, 0x23, 0x7D, 0x01, 0x40, 0x4B, 0x50, 0xBF, 0x01, 0xFF, 0xEF, 0xC5, 0x1C, 0x23, 0xBB, 0x72, 0xEB, 0x0A, 0xA0, 0xA7, 0x03, 0xFF, 0x93,
    0x32, 0x6A, 0xB9, 0x74, 0x28, 0x3F, 0x7A, 0xEC, 0x40, 0xAE, 0x39, 0xC3, 0x58, 0x85, 0x49, 0x90, 0x1B, 0xD5, 0xC0, 0x67, 0x33, 0x0D, 0x00, 0x30,
    0x0B, 0x6D, 0x84, 0xDF, 0x02, 0x94, 0xA4, 0x43, 0x05, 0xC8, 0x39, 0xD3, 0x05, 0x4A, 0x91, 0x1B, 0x2D, 0x00, 0x53, 0x38, 0xE5, 0xDC, 0xD6, 0x48,
    0x7C, 0xC0, 0x60, 0xB5, 0xE0, 0xAF, 0xA0, 0xAC, 0x0D, 0xA0, 0x93, 0xC6, 0xCB, 0x93, 0x1E, 0x02, 0xC4, 0x2A, 0x9A, 0x24, 0xC2, 0x28, 0x30, 0xF8,
    0xB3, 0x98, 0x1A, 0x05, 0xB2, 0x73, 0x86, 0xCB, 0xF5, 0x07, 0x1D, 0xF3, 0xC5, 0x91, 0xC8, 0x50, 0xF5, 0x63, 0x45, 0x51, 0x3A, 0xF4, 0x47, 0x0E,
    0x01, 0x5A, 0x92, 0xE8, 0x38, 0x1C, 0x9C, 0xA5, 0x80, 0x2B, 0xF8, 0x50, 0x38, 0x9B, 0x6F, 0x6C, 0x20, 0xBC, 0x22, 0x48, 0x29, 0x80, 0xFA, 0xDB,
    0xA6, 0x4A, 0x8D, 0x10, 0x11, 0x0A, 0xD4, 0x27, 0x8F, 0x23, 0xA3, 0x62, 0xE2, 0x0E, 0x17, 0x82, 0x4F, 0xB9, 0xB2, 0x2F, 0x2D, 0xAC, 0xAB, 0xA9,
    0xA5, 0x81, 0x9F, 0xC2, 0x8E, 0xD4, 0x28, 0x51, 0xA1, 0x41, 0x7F, 0x20, 0xCB, 0x60, 0x9D, 0xFC, 0x90, 0x41, 0x7D, 0xF1, 0xD8, 0x3E, 0x70, 0x45,
    0xF8, 0x27, 0x1C, 0x80, 0x74, 0xE8, 0xCF, 0x23, 0x19, 0x2C, 0x48, 0x78, 0xC4, 0xA8, 0xFE, 0xD9, 0xB5, 0x8D, 0x00, 0x6B, 0xAF, 0x9A, 0x18, 0x11,
    0xD2, 0xC3, 0x86, 0x51, 0xF1, 0x48, 0x8F, 0x18, 0x55, 0x3E, 0x3A, 0x34, 0x31, 0x2C, 0xA9, 0xDF, 0xEA, 0x8A, 0xB2, 0x90, 0x8D, 0x58, 0x26, 0x3E,
    0x60, 0xC4, 0x7B, 0x4D, 0x33, 0xB1, 0x2C, 0xA9, 0xBF, 0xEA, 0x49, 0x92, 0x02, 0x83, 0xFE, 0x40, 0xB2, 0x21, 0xC3, 0x85, 0x0A, 0x93, 0x21, 0x3A,
    0x62, 0x10, 0x46, 0x5D, 0x3B, 0x37, 0x32, 0x0F, 0x19, 0xB2, 0xA8, 0xA2, 0x7E, 0x09, 0x4C, 0x0B, 0xD4, 0x83, 0xFA, 0xCC, 0x59, 0x23, 0x46, 0xCB,
    0x14, 0x26, 0x47, 0x84, 0xEC, 0x40, 0xA4, 0x41, 0xBF, 0x20, 0xF4, 0x9B, 0x4B, 0x13, 0xCB, 0xFA, 0x23, 0x44, 0x51, 0x42, 0x84, 0x87, 0x0D, 0x18,
    0x2E, 0x56, 0xA6, 0x3C, 0x61, 0x82, 0xC4, 0xC7, 0x8C, 0x79, 0x05, 0x9F, 0x8A, 0x36, 0x00, 0xB8, 0xA6, 0x7E, 0xAA, 0xA5, 0x45, 0x7F, 0xE2, 0x94,
    0xC1, 0x26, 0x41, 0xAC, 0xFE, 0xD9, 0xA9, 0x75, 0x80, 0x20, 0x15, 0x49, 0xF2, 0x0E, 0x9B, 0x2F, 0x4F, 0x76, 0x18, 0x42, 0xEB, 0xD4, 0x3C, 0x64,
    0x31, 0xF8, 0x1F, 0xEC, 0x44, 0x07, 0xCC, 0x51, 0xB3, 0x38, 0x25, 0x31, 0xC7, 0xA1, 0x34, 0x85, 0x89, 0x12, 0x1C, 0xB8, 0xAA, 0x14, 0xFC, 0x0E,
    0x36, 0xA3, 0x41, 0x7B, 0xD8, 0x2C, 0x56, 0x61, 0x62, 0x95, 0x31, 0x08, 0x98, 0x22, 0x8E, 0xAC, 0xC3, 0x16, 0x84, 0x7F, 0xCA, 0x69, 0xD2, 0x22,
    0x40, 0x90, 0x68, 0xC0, 0x58, 0x51, 0x62, 0xAD, 0xD1, 0x42, 0xEA, 0xCA, 0x91, 0x10, 0xAB, 0xE0, 0xE0, 0x6F, 0x60, 0x00, 0xD2, 0x21, 0x3F, 0x74,
    0xD0, 0x78, 0x51, 0x3C, 0xC2, 0x63, 0x06, 0xB5, 0xEF, 0xCE, 0xAD, 0x4C, 0x83, 0x85, 0x08, 0x0B, 0x7E, 0x06, 0x4C, 0x8E, 0x10, 0xF8, 0x23, 0xA7,
    0x11, 0x1B, 0xA5, 0x88, 0x8E, 0xC3, 0xF9, 0xC5, 0x8B, 0x2B, 0xE3, 0xD0, 0x15, 0xE1, 0x97, 0x42, 0x50, 0x89, 0x91, 0xA4, 0x9F, 0x39, 0x6C, 0x96,
    0x4D, 0xAC, 0x02, 0xC0, 0x76, 0x68, 0x62, 0xCB, 0x03, 0x75, 0x01, 0x71, 0xC2, 0x54, 0x31, 0x62, 0x83, 0xF0, 0xAD, 0x4B, 0xEB, 0x80, 0xF5, 0x2F,
    0x68, 0x50, 0xA9, 0x10, 0x9E, 0x34, 0x5C, 0x9C, 0xFC, 0x70, 0x21, 0x18, 0xC0, 0x5A, 0x87, 0xA8, 0xA8, 0x49, 0x92, 0x91, 0x6A, 0xBA, 0x44, 0x21,
    0x12, 0x43, 0x10, 0x0F, 0x8D, 0x79, 0xF5, 0x2B, 0x70, 0xAA, 0xB3, 0x70, 0x18, 0xAB, 0x1C, 0xE1, 0x21, 0x9D, 0xF3, 0xB0, 0x15, 0xE1, 0x4F, 0x00,
    0x35, 0x59, 0x08, 0x8F, 0x9A, 0x2D, 0x57, 0xAB, 0x00, 0x81, 0x78, 0x6D, 0x1F, 0xB8, 0x1E, 0xFC, 0x08, 0x98, 0x12, 0x19, 0x40, 0xE7, 0x0C, 0x17,
    0x25, 0x39, 0x06, 0x61, 0xBD, 0xB5, 0x0F, 0xFF, 0x81, 0xAA, 0x4A, 0x35, 0x20, 0x3A, 0x67, 0xB8, 0x2C, 0xB1, 0x11, 0xB5, 0x13, 0x81, 0xF5, 0x43,
    0x41, 0x31, 0xCA, 0x93, 0xC6, 0x4B, 0x14, 0x22, 0x34, 0xE6, 0x3D, 0x39, 0x11, 0x5E, 0x12, 0xFE, 0xA7, 0x27, 0x47, 0x81, 0xE4, 0x94, 0xA9, 0x62,
    0x04, 0x91, 0xF0, 0x0F, 0xEF, 0x8C, 0x03, 0x85, 0x05, 0xBF, 0xD3, 0xEB, 0x3F, 0x6F, 0xC4, 0x44, 0xF1, 0x01, 0x43, 0x50, 0x45, 0x9C, 0x88, 0x0C,
    0x57, 0xBF, 0x81, 0x27, 0x45, 0x7E, 0xE4, 0x34, 0x66, 0x31, 0x92, 0xE3, 0x45, 0x20, 0x9D, 0x1A, 0x88, 0x2E, 0x08, 0x7F, 0x13, 0x14, 0xA2, 0x3B,
    0x61, 0x98, 0xDC, 0x80, 0xC6, 0x6D, 0xA8, 0xFA, 0x99, 0x76, 0x36, 0x4D, 0x94, 0x20, 0x33, 0xE6, 0xA7, 0xF3, 0xCC, 0x03, 0x17, 0x84, 0x7F, 0xC9,
    0xA9, 0x11, 0x20, 0xC8, 0x33, 0x5B, 0x9E, 0x04, 0x91, 0x31, 0x7D, 0xEF, 0xDA, 0x42, 0x5C, 0xA8, 0xFA, 0x95, 0x0B, 0x26, 0xD5, 0x59, 0x3A, 0x67,
    0xB8, 0x4C, 0x09, 0x52, 0xA3, 0xFA, 0xD6, 0xAD, 0x7D, 0xC8, 0x72, 0xF0, 0xFF, 0x90, 0x08, 0xED, 0x69, 0xF3, 0xE5, 0x4F, 0xCC, 0xF1, 0xE2, 0xCF,
    0x9F, 0x31, 0x3F, 0xF5, 0x04, 0x4F, 0x3F, 0xDB, 0x95, 0x6D, 0xD0, 0x2C, 0x5E, 0x89, 0xA6, 0x4C, 0xD7, 0x95, 0x65, 0xC8, 0x48, 0x16, 0x5E, 0xB9,
    0x88, 0xB7, 0xC5, 0x11, 0xCB, 0xD8, 0xF5, 0x79, 0xE5, 0x95, 0x2E, 0xC9, 0xC4, 0x2A, 0x4F, 0x54, 0xD8, 0x16, 0xE5, 0x2B, 0x15, 0x97, 0x53, 0x9A,
    0x58, 0xBC, 0x2B, 0xA5, 0xFC, 0xCA, 0x28, 0x88, 0x56, 0x28, 0x4F, 0x16, 0xE9, 0x2B, 0x9D, 0x34, 0x19, 0xBB, 0x52, 0xC9, 0xF2, 0xCA, 0x23, 0xCD,
    0x2B, 0x8D, 0x64, 0xAF, 0x24, 0x42, 0x75, 0xA5, 0x90, 0xC8, 0x2B, 0x7F, 0xF4, 0xC0, 0x9B, 0xE4, 0x51, 0x78, 0x25, 0x0F, 0xBC, 0x2B, 0x75, 0x34,
    0x5E, 0x89, 0x68, 0xE3, 0xE9, 0xCA, 0x19, 0x31, 0x12, 0xAF, 0x3C, 0x7C, 0x51, 0x5F, 0xD9, 0xC2, 0xF1, 0xCA, 0xC2, 0x6A, 0xE4, 0x95, 0x53, 0xBC,
    0x2B, 0x65, 0xC8, 0x2B, 0x05, 0x11, 0xAF, 0x0C, 0x6C, 0x5E, 0x09, 0x95, 0xBC, 0xF2, 0x7D, 0xBA, 0xD2, 0xCD, 0x5E, 0xB9, 0xD7, 0x5E, 0x89, 0x22,
    0x7B, 0x25, 0xDE, 0x5C, 0xE4, 0x95, 0x70, 0x88, 0x57, 0xBA, 0x39, 0x5E, 0xD9, 0xD6, 0xBC, 0x52, 0x8D, 0x79, 0x65, 0x19, 0xE4, 0x95, 0x64, 0xCF,
    0x2B, 0x45, 0xFC, 0x4A, 0x0F, 0xD7, 0x2B, 0x35, 0x34, 0xAF, 0x0C, 0xFB, 0xB2, 0x5E, 0x79, 0x01, 0x7B, 0x25, 0x97, 0x16, 0xF6, 0xCA, 0x0A, 0x85,
    0x57, 0xB6, 0x93, 0x90, 0x58, 0xFA, 0x49, 0x46, 0xE1, 0xD9, 0x09, 0x57, 0xFA, 0x49, 0x36, 0xE1, 0xD9, 0xC6, 0x2B, 0xFD, 0x24, 0x6B, 0xAF, 0xBC,
    0x7A, 0xB6, 0xF1, 0x4A, 0x3F, 0xC9, 0xAE, 0xB4, 0xA2, 0x72, 0xBC, 0xD2, 0x01, 0xE2, 0x95, 0x0C, 0xF0, 0xAE, 0x94, 0x2A, 0xBC, 0x32, 0xAA, 0x79,
    0x65, 0x82, 0xA7, 0x2B, 0x11, 0x50, 0x5D, 0xE9, 0x44, 0x5F, 0xAF, 0x34, 0xF0, 0x74, 0xA5, 0x72, 0xF1, 0xCA, 0x2D, 0xF9, 0x4D, 0x49, 0x71, 0xF2,
    0x3B, 0x92, 0xA3, 0xC8, 0xC2, 0xEF, 0x46, 0x54, 0xDF, 0x8B, 0x12, 0xBF, 0xEB, 0xA7, 0x6F, 0x43, 0xF5, 0xB7, 0x64, 0x21, 0xE4, 0xB7, 0xA0, 0xC2,
    0x6F, 0x40, 0xD9, 0xEF, 0x2C, 0x5B, 0xE2, 0xB7, 0x1F, 0x3E, 0xCF, 0xC6, 0xEF, 0xC8, 0xB1, 0xEF, 0x3C, 0x77, 0x98, 0xDF, 0x75, 0xBA, 0xBE, 0xE9,
    0x2C, 0xBF, 0x21, 0x9F, 0x8E, 0xDF, 0x70, 0x98, 0xDF, 0x01, 0x7F, 0x73, 0xCD, 0x29, 0x75, 0xCD, 0xF4, 0xEA, 0x0E, 0x47, 0x77, 0x13, 0x74, 0x57,
    0xA3, 0xBB, 0x1D, 0x5C, 0x0C, 0x57, 0x66, 0x77, 0x38, 0xE7, 0x4D, 0x38, 0x2F, 0x17, 0xF7, 0xB7, 0xB8, 0xD3, 0xC1, 0xBD, 0xEE, 0xED, 0x6D, 0x68,
    0x67, 0x3B, 0xDA, 0xE3, 0xE8, 0x8E, 0x46, 0xF7, 0xB5, 0xB8, 0xA7, 0xC5, 0xFD, 0xC4, 0xDA, 0xF5, 0xCE, 0xBE, 0x76, 0x76, 0x13, 0x65, 0x77, 0x7F,
    0x9A, 0x5D, 0xF4, 0xAD, 0xB6, 0xB0, 0x7B, 0xDC, 0xEB, 0xE2, 0xEE, 0x2C, 0x03, 0x11, 0xD7, 0xFC, 0x98, 0x73, 0xED, 0x1A, 0x98, 0x5F, 0x6E, 0x74,
    0xDF, 0xA0, 0x76, 0x77, 0xB8, 0xBA, 0xDB, 0xC5, 0x9D, 0x0D, 0xEE, 0x67, 0xEE, 0x59, 0xDB, 0x4E, 0xE7, 0x02, 0xA7, 0x74, 0x97, 0xFB, 0x93, 0xFE,
    0xAD, 0xF9, 0x66, 0x6C, 0x18, 0x38, 0x95, 0xF6, 0xC5, 0x77, 0x74, 0x7F, 0x9E, 0x73, 0x36, 0x74, 0x1E, 0xED, 0x6E, 0x81, 0x52, 0xF7, 0xAD, 0x85,
    0x67, 0xE7, 0x9D, 0x7E, 0x55, 0xE7, 0xEF, 0xF4, 0x5E, 0xA6, 0x77, 0x3D, 0xE7, 0xEF, 0xE0, 0x7E, 0x07, 0x77, 0xE7, 0xDB, 0xD1, 0xCE, 0x7E, 0x67,
    0xF6, 0x36, 0xB3, 0xAF, 0x39, 0xCF, 0x06, 0xF7, 0xB8, 0xD3, 0xB5, 0xB1, 0xF3, 0xEE, 0x87, 0x9B, 0xE7, 0x17, 0x6E, 0xB6, 0x54, 0x29, 0xEC, 0x3A,
    0x1F, 0x67, 0x77, 0x36, 0xBA, 0x97, 0xBD, 0x9D, 0xCD, 0xED, 0x68, 0x6D, 0xC7, 0x3B, 0x4B, 0xB3, 0xFB, 0x9A, 0xDD, 0xCF, 0xEC, 0x8E, 0xD7, 0xBC,
    0x13, 0xEE, 0x27, 0xE0, 0xAE, 0x06, 0xF7, 0xB3, 0xB7, 0xC7, 0xB9, 0x3D, 0x6F, 0xED, 0xCD, 0xB5, 0xA3, 0xAD, 0x5D, 0x0E, 0xED, 0x70, 0x68, 0xBF,
    0x33, 0xBB, 0x9C, 0xD9, 0xDF, 0xCC, 0x6E, 0x66, 0xF6, 0xBB, 0xB2, 0xAF, 0xBD, 0x77, 0x69, 0xCD, 0x97, 0x35, 0x9F, 0xE7, 0x76, 0x38, 0x13, 0x97,
    0x3B, 0x9B, 0x73, 0x5E, 0x6D, 0xED, 0x6E, 0x6A, 0x65, 0xCE, 0x0D, 0x62, 0x4C, 0xB1, 0x58, 0x6F, 0x5A, 0x55, 0xBB, 0x1B, 0xDA, 0xD3, 0xCC, 0xFA,
    0xA4, 0xEE, 0xF5, 0x9E, 0x67, 0xE8, 0xD6, 0x0C, 0x74, 0x9B, 0x65, 0x7F, 0xF3, 0x6A, 0xEE, 0xAB, 0xD7, 0x12, 0x36, 0xE3, 0xE4, 0x37, 0xEE, 0x65,
    0x7C, 0xB0, 0xA0, 0x1B, 0xD7, 0x82, 0xC5, 0x1D, 0xCE, 0x10, 0xAE, 0x0C, 0xEE, 0x6C, 0x69, 0x7D, 0x7D, 0xF1, 0x9C, 0x77, 0xB3, 0x37, 0xEA, 0xF7,
    0x33, 0xE7, 0xD3, 0xE6, 0x5E, 0xF7, 0x46, 0x09, 0x63, 0xB6, 0xD8, 0xED, 0x95, 0xE6, 0xBD, 0xCD, 0xB9, 0x6E, 0xBF, 0x9C, 0x09, 0x13, 0x7F, 0xFB,
    0x5C, 0x9C, 0x5A, 0xF3, 0x6E, 0xA7, 0x63, 0xA3, 0xC2, 0x2E, 0xDB, 0xD7, 0xE8, 0x1E, 0xE7, 0xFC, 0x9B, 0xF3, 0x6C, 0x70, 0x7F, 0x7B, 0xBB, 0xB3,
    0xED, 0x77, 0x6B, 0x8F, 0x5B, 0x3B, 0xDB, 0xDA, 0xDB, 0xCE, 0xAE, 0x96, 0xB6, 0xF6, 0xB9, 0xB5, 0xE7, 0x99, 0xA5, 0x99, 0x38, 0x5C, 0xDB, 0xD3,
    0xDA, 0xBE, 0xB6, 0x76, 0x39, 0xB5, 0x3B, 0x4D, 0xBC, 0xAC, 0xEE, 0x76, 0x6F, 0x6F, 0x53, 0x7B, 0x9A, 0xD9, 0xF1, 0xD2, 0xDE, 0xD2, 0xBE, 0xE6,
    0x34, 0xFB, 0x5B, 0x8B, 0x06, 0x97, 0x76, 0xBA, 0xBC, 0xAF, 0xD5, 0x5D, 0x8F, 0xEE, 0x72, 0xCE, 0xAF, 0xC1, 0x1D, 0xCE, 0xED, 0x69, 0x6E, 0xA7,
    0x4B, 0xBB, 0x09, 0xB4, 0x15, 0x69, 0x52, 0x38, 0x8A, 0xF6, 0x3A, 0x39, 0xB8, 0xBB, 0xB1, 0x41, 0xA7, 0xED, 0x2F, 0x74, 0xB5, 0x78, 0x70, 0xAF,
    0xB3, 0xBB, 0x99, 0xF3, 0x67, 0x71, 0x87, 0x53, 0x7B, 0x6B, 0xDE, 0x0D, 0xEE, 0x73, 0x6C, 0x2F, 0x33, 0xBB, 0x9B, 0xF3, 0xCE, 0xB9, 0xD7, 0xB1,
    0x5D, 0xEF, 0xEC, 0x6F, 0x52, 0x17, 0x5E, 0x73, 0xBB, 0x5C, 0xDB, 0x4F, 0xC0, 0x53, 0x3B, 0xE7, 0xDB, 0xE2, 0x1E, 0xB7, 0xF6, 0xB9, 0xB3, 0xEB,
    0xBD, 0x05, 0x3B, 0x5C, 0xD9, 0xD4, 0xED, 0xAB, 0xDA, 0xB5, 0x5F, 0x7B, 0x9E, 0x1B, 0x7D, 0xCD, 0x8E, 0x06, 0x9D, 0xBE, 0x7F, 0xD2, 0xB9, 0xD3,
    0x35, 0x7F, 0x3D, 0x40, 0xD8, 0x6D, 0x01, 0x76, 0xF7, 0xB6, 0x76, 0xB8, 0xCF, 0xFD, 0x44, 0xDB, 0xFB, 0xF4, 0xF4, 0x0E, 0x27, 0xF7, 0xB4, 0xB4,
    0xBC, 0x97, 0x39, 0x5F, 0x76, 0xE2, 0x6C, 0x66, 0xE7, 0x73, 0xE7, 0xB9, 0x47, 0x9D, 0x75, 0x57, 0x93, 0xAE, 0x28, 0xBB, 0x54, 0x8C, 0xC9, 0xFC,
    0xDB, 0xFA, 0xCD, 0xAE, 0x5F, 0x1B, 0x6D, 0x9D, 0x75, 0x65, 0xA7, 0x4B, 0xBB, 0x7B, 0x9D, 0xF3, 0xEB, 0xCE, 0x8E, 0xF0, 0x0F, 0x86, 0xFB, 0x72,
    0x61, 0x98, 0x4D, 0x1A, 0xB7, 0x80, 0xE7, 0xEA, 0xEB, 0xAC, 0xBB, 0xE1, 0x9B, 0x07, 0x82, 0xCE, 0x99, 0xD7, 0x84, 0x63, 0x8A, 0xA5, 0x9D, 0xD1,
    0xA1, 0x95, 0x71, 0x08, 0xB3, 0x13, 0x34, 0x74, 0x3A, 0xEF, 0x76, 0x26, 0x37, 0xF7, 0x68, 0xDC, 0xBC, 0xEC, 0xE6, 0xC1, 0xD1, 0xE8, 0x1B, 0xE8,
    0xDE, 0xCD, 0x55, 0xD9, 0xA5, 0xBA, 0x84, 0xEE, 0x0C, 0x75, 0xE9, 0x62, 0x41, 0xD8, 0x75, 0xFE, 0xC5, 0xB3, 0x3B, 0x07, 0x27, 0xBB, 0x52, 0xF8,
    0x95, 0xA5, 0x7D, 0x54, 0xB8, 0xEA, 0x46, 0xF7, 0x9A, 0xAF, 0x60, 0x75, 0xC5, 0x1C, 0xBF, 0x55, 0xB8, 0x1A, 0x67, 0xE8, 0x12, 0xFA, 0xC1, 0x53,
    0x77, 0x3A, 0x03, 0xBA, 0x70, 0xB1, 0x20, 0x2C, 0x75, 0xDD, 0xA4, 0x31, 0x35, 0x1A, 0x47, 0xDD, 0xA8, 0x0B, 0xF3, 0x09, 0xCA, 0x6E, 0xD4, 0x5D,
    0xA3, 0x56, 0x57, 0xB8, 0xD2, 0x2A, 0x0C, 0x08, 0xC7, 0x2B, 0x62, 0x35, 0xC3, 0xB9, 0xCA, 0xF7, 0x52, 0xDD, 0x15, 0x81, 0xD5, 0x2A, 0x55, 0x0A,
    0xBB, 0x66, 0x81, 0x7D, 0x55, 0x17, 0x96, 0xCB, 0xC2, 0xD0, 0x9A, 0x63, 0xCE, 0xB3, 0xB9, 0xB8, 0xE6, 0xE9, 0xDE, 0x9A, 0x8F, 0x01, 0xDD, 0x41,
    0xB7, 0x8C, 0xED, 0xEC, 0x4B, 0xCF, 0x19, 0x17, 0xF7, 0xA8, 0xF4, 0x5D, 0x9B, 0xAB, 0xCE, 0xD7, 0x2C, 0x0C, 0xEE, 0x83, 0xB3, 0x0D, 0x0E, 0xEE,
    0xAE, 0xE1, 0xA5, 0x30, 0xA0, 0x4B, 0xE8, 0x26, 0xBB, 0x26, 0x4C, 0xB8, 0xF3, 0xD4, 0x9D, 0xE3, 0x77, 0x8E, 0x4A, 0x8D, 0x0D, 0xAB, 0x30, 0x75,
    0xFA, 0x46, 0x5F, 0xA8, 0x0B, 0x27, 0x7D, 0xA3, 0xF3, 0xEB, 0x36, 0xC7, 0x82, 0x71, 0x5F, 0x3C, 0x85, 0x67, 0xE8, 0xD9, 0x2C, 0x75, 0xDF, 0xBE,
    0xB6, 0xB6, 0xB6, 0x07, 0xB2, 0x9D, 0xF9, 0xF5, 0x65, 0xB6, 0x76, 0x43, 0x57, 0x6D, 0xAE, 0xBE, 0x86, 0xD0, 0x16, 0x32, 0xDF, 0x3B, 0xFF, 0xB9,
    0x7A, 0xEE, 0x5D, 0xFC, 0x17, 0x8D, 0xA7, 0x55, 0x58, 0x1A, 0x75, 0xA5, 0x2D, 0xAA, 0x7E, 0xAE, 0x5D, 0x0C, 0x6D, 0x51, 0x37, 0x18, 0x47, 0xEB,
    0xA6, 0x33, 0x2C, 0x8D, 0xBA, 0x74, 0xD1, 0x18, 0x4A, 0x85, 0x57, 0xC4, 0x80, 0x72, 0x1C, 0x18, 0x8D, 0xDF, 0x15, 0x82, 0xB0, 0x93, 0x3A, 0xF8,
    0x02, 0xBA, 0x73, 0x2C, 0x85, 0x67, 0x57, 0x30, 0x9E, 0x8B, 0xFF, 0xFC, 0xE2, 0x69, 0x33, 0x3A, 0x95, 0x9B, 0xC6, 0x7D, 0xAE, 0x34, 0x0E, 0x9C,
    0x4A, 0x61, 0xA9, 0xA0, 0x0B, 0x7D, 0xE1, 0xD9, 0x0F, 0x9E, 0xFF, 0x27, 0xF8, 0x16, 0x56, 0xFD, 0xA4, 0x31, 0x20, 0xA0, 0x34, 0x7E, 0x83, 0x0D,
    0xE3, 0x79, 0xF0, 0x85, 0xA5, 0xB0, 0x1B, 0xDC, 0x0B, 0xB3, 0x19, 0xBE, 0xD3, 0xEA, 0xEC, 0x52, 0xF9, 0xE0, 0x35, 0x17, 0x2A, 0xAD, 0xBA, 0xD2,
    0x77, 0x2A, 0xBB, 0x7E, 0xD5, 0x77, 0xAE, 0x46, 0xDF, 0xE9, 0xB4, 0xEA, 0x0E, 0xC2, 0x54, 0x77, 0x9E, 0xE7, 0xBF, 0x15, 0xD1, 0xD7, 0x0C, 0x4A,
    0x0D, 0x74, 0x67, 0xA9, 0xA0, 0xEB, 0xF7, 0xCA, 0xF1, 0x5C, 0x4D, 0x7B, 0x35, 0x5A, 0xD5, 0x93, 0x06, 0x3E, 0xEA, 0x4E, 0xA5, 0x67, 0x74, 0x74,
    0x67, 0x75, 0xD0, 0x3E, 0x98, 0x70, 0x66, 0x82, 0x18, 0xFB, 0xE0, 0xA1, 0x03, 0x87, 0x0D, 0x1A, 0xC4, 0x98, 0x5F, 0x20, 0xC6, 0x3E, 0x78, 0xE8,
    0xC0, 0x61, 0x83, 0x06, 0x31, 0x26, 0x06, 0xB8, 0xB5, 0xB0, 0x3E, 0x6A, 0xDA, 0xDF, 0x19, 0x4E, 0x3B, 0x55, 0x36, 0xFC, 0x4B, 0x4B, 0xEB, 0x90,
    0x76, 0x96, 0x96, 0x36, 0x6D, 0x93, 0xC2, 0xD4, 0x37, 0x0A, 0x43, 0xE3, 0xC0, 0x6A, 0x9E, 0xDB, 0xF4, 0x5B, 0x01, 0xC7, 0x70, 0xF3, 0x2B, 0x75,
    0x09, 0x5F, 0x68, 0xDF, 0xD4, 0x75, 0x7E, 0x3D, 0xCC, 0xA5, 0x43, 0x3B, 0xF3, 0xE0, 0x8C, 0x4B, 0x3B, 0x3B, 0x5D, 0xD9, 0x19, 0x75, 0xEA, 0xA6,
    0xB9, 0x2F, 0x5A, 0x58, 0x14, 0x6E, 0xE1, 0xCE, 0x4E, 0x33, 0xB3, 0xBB, 0xD2, 0xB8, 0x6F, 0xFA, 0xDE, 0xCD, 0xB0, 0x1D, 0x2C, 0xF5, 0x33, 0xF4,
    0x9B, 0x4A, 0xDF, 0xB7, 0x7A, 0xE2, 0x6D, 0xDE, 0x39, 0xE3, 0xA2, 0x2F, 0x1C, 0x61, 0xCC, 0xB6, 0x07, 0xB7, 0xB1, 0xBD, 0xF1, 0xC5, 0x6C, 0xD1,
    0xBE, 0x6A, 0x1A, 0xE1, 0xEC, 0xA2, 0xC1, 0xF3, 0x5C, 0x75, 0xE7, 0xF9, 0x8C, 0x6D, 0x2F, 0x9E, 0xC2, 0xB3, 0x99, 0x1B, 0x7D, 0xFD, 0xE8, 0xCE,
    0xA2, 0xEE, 0x1C, 0x95, 0xBA, 0x52, 0xB6, 0x3D, 0xAA, 0x1B, 0xBF, 0x6B, 0x81, 0x80, 0x81, 0x86, 0xEF, 0xDC, 0x0C, 0xC3, 0xC1, 0x99, 0x88, 0xE7,
    0xD7, 0x55, 0x7B, 0xFD, 0xE6, 0x57, 0x36, 0x9C, 0xCF, 0x5C, 0xBF, 0xAA, 0x59, 0x8B, 0xB2, 0xC1, 0x77, 0x7E, 0xDF, 0x3C, 0xE9, 0x74, 0x30, 0xFA,
    0xF7, 0x85, 0xED, 0xDE, 0xB8, 0x2F, 0xEA, 0xF4, 0x30, 0x0B, 0xC1, 0xEA, 0x1C, 0x53, 0xA5, 0xAE, 0x1B, 0xAD, 0x6B, 0xEE, 0x01, 0xD6, 0xC5, 0x86,
    0x81, 0x31, 0x54, 0x86, 0x7E, 0x10, 0x1E, 0x7C, 0xA7, 0x7C, 0xA7, 0x4A, 0x61, 0x97, 0xCE, 0x30, 0x1A, 0x07, 0xBE, 0x52, 0xBF, 0x77, 0xBE, 0xEC,
    0x3A, 0x61, 0x17, 0x0A, 0x75, 0xC6, 0xEF, 0xE1, 0xA8, 0xEB, 0x84, 0xFA, 0xB9, 0x86, 0xF0, 0xA5, 0x71, 0x3C, 0xE7, 0x46, 0x0D, 0x5B, 0x18, 0x9E,
    0x30, 0xBC, 0x7B, 0xC2, 0x35, 0x6C, 0x06, 0xBA, 0xD2, 0xB8, 0xF9, 0x36, 0xF7, 0xA0, 0xCD, 0xA8, 0x3B, 0x0B, 0xCA, 0xC1, 0x7C, 0xAF, 0xB4, 0x45,
    0x35, 0x30, 0x1E, 0x8C, 0x1F, 0x47, 0x75, 0xFB, 0xA6, 0x55, 0x58, 0x3A, 0x07, 0x4A, 0xFF, 0xAA, 0xB1, 0x0B, 0xBB, 0x84, 0xD0, 0x3E, 0x41, 0xB7,
    0xD9, 0x35, 0x8C, 0xA5, 0x53, 0x77, 0x8E, 0xC6, 0x77, 0xFF, 0x0C, 0xA1, 0x55, 0x3F, 0x28, 0x75, 0x86, 0xA1, 0x7D, 0xEE, 0xEC, 0x42, 0xFB, 0x04,
    0x5D, 0xB7, 0x69, 0x75, 0x7E, 0x65, 0xD7, 0xD0, 0xA5, 0x9A, 0xA0, 0x4E, 0x1F, 0x38, 0x9D, 0xDB, 0xFC, 0x06, 0xDD, 0xF6, 0xFE, 0xA4, 0x50, 0x29,
    0x0C, 0xB7, 0xB7, 0x17, 0xC7, 0x33, 0xDF, 0x7B, 0x29, 0xBC, 0x36, 0xAD, 0xFE, 0xA9, 0x4D, 0x5D, 0xBE, 0xEA, 0xE1, 0x28, 0x1C, 0xE8, 0x42, 0x3F,
    0xAD, 0xF6, 0xF5, 0xB9, 0x68, 0x31, 0x9F, 0x60, 0x1C, 0x8D, 0xAB, 0x2C, 0xFE, 0xA4, 0xD3, 0xA8, 0xCB, 0x07, 0xC7, 0x30, 0xF4, 0x2E, 0x95, 0x5A,
    0xED, 0x8B, 0xBA, 0x67, 0xF0, 0x0B, 0x9F, 0xFA, 0x5E, 0x3A, 0xFF, 0x49, 0x03, 0x67, 0xA8, 0x1F, 0xF4, 0xCF, 0x35, 0x9B, 0x0D, 0xA9, 0xF7, 0x83,
    0x06, 0x52, 0xFF, 0xA0, 0xD3, 0xBF, 0x7C, 0x71, 0xD5, 0xA5, 0xB2, 0xF8, 0x6C, 0xE8, 0xE7, 0x4A, 0x5D, 0x41, 0x41, 0x57, 0x30, 0x0A, 0x4F, 0x5F,
    0xC3, 0xD7, 0xF0, 0x4F, 0x1A, 0xDB, 0x45, 0xA3, 0xF1, 0x4C, 0x47, 0x18, 0x1B, 0x3A, 0xE3, 0x66, 0x35, 0x76, 0xBA, 0x73, 0x3C, 0x17, 0x75, 0x9B,
    0x55, 0xB8, 0xBE, 0x2A, 0x8B, 0xB9, 0x0E, 0xAD, 0x3A, 0x45, 0x33, 0x7C, 0xA7, 0xD4, 0x3E, 0x69, 0x20, 0x21, 0x35, 0xD0, 0xCD, 0xFB, 0x7B, 0x65,
    0x58, 0x2A, 0x85, 0xDF, 0xE9, 0x4B, 0x85, 0xA1, 0x77, 0x33, 0x6C, 0x57, 0xB5, 0x8B, 0x63, 0x2A, 0x5D, 0x15, 0x10, 0xA6, 0x7B, 0xA3, 0x55, 0xA8,
    0x2B, 0x47, 0xDD, 0xBF, 0xBF, 0x97, 0x6E, 0xDE, 0xA3, 0xAE, 0x80, 0x09, 0xA9, 0xAE, 0x60, 0x0C, 0xA5, 0x83, 0xFB, 0xAA, 0x6F, 0x54, 0x2A, 0xEC,
    0x36, 0x95, 0x1A, 0x52, 0x9D, 0x70, 0x60, 0x5F, 0x3C, 0xCB, 0x30, 0xD4, 0xCF, 0x90, 0x2F, 0xEE, 0x8B, 0x56, 0xE3, 0xBD, 0x18, 0x16, 0x7C, 0xE7,
    0xE8, 0xDB, 0xE6, 0x3A, 0xA7, 0x71, 0x3C, 0x9B, 0x51, 0xAB, 0xD1, 0x78, 0xFA, 0xF7, 0xAE, 0x80, 0xFB, 0x5E, 0xEA, 0x1B, 0x95, 0xB6, 0xED, 0x49,
    0xE1, 0x40, 0xA9, 0xE1, 0x5C, 0x99, 0xF4, 0xAD, 0x42, 0xA3, 0xAF, 0xDD, 0xDF, 0xB9, 0xAF, 0x6C, 0x2F, 0x96, 0xC2, 0xAE, 0xEC, 0xDC, 0x5B, 0x11,
    0xEF, 0x7D, 0x55, 0xDD, 0xAF, 0x42, 0x58, 0xFA, 0xC6, 0xD0, 0x79, 0xFE, 0x9F, 0xB4, 0x4A, 0x9D, 0x61, 0xE9, 0x9F, 0xDB, 0x74, 0xFF, 0x00, 0xE5,
    0xAA, 0xD5, 0x38, 0xD7, 0xF9, 0x9E, 0x41, 0xDD, 0x68, 0x95, 0x1A, 0xEF, 0x41, 0xA9, 0x2E, 0x54, 0x1A, 0xCF, 0x52, 0x19, 0x8E, 0x8B, 0xF3, 0xF6,
    0x08, 0x5F, 0x37, 0x8E, 0xEA, 0x4E, 0xA3, 0xEE, 0x3B, 0xC7, 0xAF, 0x1F, 0x3C, 0x68, 0xF8, 0xCE, 0xD4, 0x3E, 0xB8, 0xB8, 0x0F, 0x2E, 0x0C, 0xF4,
    0x7B, 0xDF, 0x28, 0xD5, 0x6D, 0x11, 0xCF, 0x31, 0x1C, 0x3C, 0x57, 0xA5, 0x31, 0x0C, 0x37, 0x37, 0xF7, 0xE6, 0x97, 0x70, 0xFA, 0x27, 0x75, 0x05,
    0xE1, 0x16, 0x6E, 0x13, 0xF0, 0x8D, 0x6B, 0xDB, 0x7B, 0xFB, 0x60, 0xAA, 0x61, 0x60, 0x5F, 0xD5, 0xAD, 0xEA, 0xBE, 0x52, 0x13, 0xD5, 0xA8, 0xCB,
    0x22, 0x10, 0x1E, 0xAC, 0xF6, 0x4D, 0xFB, 0xA4, 0xB0, 0x3B, 0xF8, 0xDA, 0x19, 0x52, 0xE1, 0xB3, 0xBD, 0x68, 0xF4, 0xA5, 0x9B, 0x5F, 0xEA, 0xDB,
    0xFC, 0x73, 0xE1, 0x0A, 0x63, 0xA9, 0xDB, 0x14, 0xF6, 0x93, 0xB6, 0xC5, 0xD3, 0x58, 0x70, 0x7E, 0x07, 0x0B, 0xDD, 0x15, 0x6C, 0xAE, 0x21, 0x0B,
    0xD7, 0x50, 0xF0, 0xA5, 0xBE, 0x72, 0x35, 0x8E, 0xBE, 0x7E, 0x6E, 0x75, 0x2D, 0x70, 0xAE, 0xD2, 0xED, 0x4D, 0x63, 0x3E, 0x17, 0x4A, 0xF5, 0x8B,
    0xD7, 0xFA, 0xDC, 0xE8, 0xDA, 0x1B, 0x75, 0x5F, 0xA9, 0xA1, 0x7B, 0x17, 0x7D, 0xE3, 0xF6, 0xD4, 0xFC, 0xA6, 0xD2, 0x39, 0x8E, 0xBE, 0xF2, 0x2B,
    0xAD, 0xCE, 0x70, 0x9A, 0x34, 0x16, 0xF4, 0x4B, 0x93, 0xC2, 0x82, 0x31, 0x15, 0x8E, 0x67, 0xEA, 0xFC, 0x0E, 0x4A, 0xDF, 0xC0, 0x77, 0x2F, 0x9E,
    0x12, 0x4A, 0x07, 0x03, 0xA5, 0x2E, 0x5A, 0x5C, 0x75, 0xE1, 0x6A, 0x4C, 0x7D, 0xAB, 0x2C, 0x60, 0x17, 0x6A, 0xD8, 0x47, 0x9D, 0x7E, 0xDE, 0x8B,
    0xB6, 0x78, 0x67, 0x3F, 0xD7, 0xAF, 0x0A, 0xC7, 0x7F, 0xD0, 0xB3, 0xD7, 0xB0, 0xCF, 0x9D, 0xFB, 0xA4, 0x9F, 0x65, 0xC3, 0xF7, 0xCF, 0x0F, 0x9E,
    0xF9, 0x04, 0xDD, 0xB3, 0x29, 0x1C, 0xFF, 0xDD, 0xA5, 0x4E, 0x61, 0xBB, 0x3D, 0x37, 0x96, 0xC6, 0xCE, 0xAF, 0xB7, 0x05, 0x2C, 0xF8, 0x46, 0x5F,
    0xBE, 0xF9, 0x53, 0xB3, 0x3D, 0x18, 0xEA, 0x9A, 0x05, 0xBA, 0x81, 0x71, 0x20, 0x4C, 0x8D, 0xE1, 0x3E, 0x69, 0x75, 0x5A, 0x75, 0xEB, 0x04, 0xAB,
    0x7D, 0x55, 0xBA, 0x29, 0x5C, 0x7D, 0x33, 0xB1, 0x27, 0x75, 0xA9, 0xF1, 0x9F, 0xBB, 0xB6, 0xD7, 0x22, 0xF6, 0x93, 0xBE, 0x70, 0x80, 0x31, 0x3C,
    0xB7, 0xE7, 0xBE, 0x19, 0x9A, 0xE0, 0x8B, 0xFD, 0x66, 0x3F, 0x77, 0x10, 0x9E, 0xF3, 0x8B, 0x05, 0x63, 0xB7, 0x6F, 0xA6, 0xBA, 0x67, 0xD3, 0x77,
    0x86, 0x63, 0xE9, 0x4B, 0x95, 0xBE, 0x7F, 0x52, 0xD8, 0x9D, 0xAB, 0x7F, 0x30, 0xD5, 0x8D, 0x46, 0xDF, 0x3F, 0x77, 0x96, 0xBA, 0x65, 0x0F, 0x7C,
    0x63, 0xA8, 0x9F, 0x14, 0xBE, 0x83, 0xA5, 0x55, 0xBA, 0x58, 0x86, 0xE7, 0x2A, 0x35, 0x10, 0xA6, 0xA3, 0xDB, 0x8B, 0x5D, 0xE7, 0x60, 0x1C, 0xF7,
    0x15, 0x37, 0xE3, 0xBF, 0x6A, 0xEC, 0x56, 0xE5, 0xA8, 0xD4, 0x18, 0xDA, 0x17, 0x68, 0x08, 0x4B, 0x5F, 0x41, 0x98, 0x2F, 0x0E, 0x1E, 0x8C, 0x67,
    0x69, 0x15, 0xEA, 0xFE, 0xC5, 0x70, 0xD5, 0xF9, 0x9D, 0x52, 0xAB, 0x72, 0xCC, 0x07, 0x37, 0x85, 0xA1, 0x53, 0x97, 0xAF, 0xEA, 0x27, 0x75, 0xAB,
    0x82, 0xF1, 0xDB, 0x3B, 0xF3, 0xC1, 0xD3, 0xF8, 0xCF, 0x7D, 0x83, 0x4E, 0xA5, 0x70, 0xD4, 0xFD, 0x83, 0x05, 0xAB, 0x31, 0x75, 0x76, 0xA1, 0x6E,
    0xB2, 0xA0, 0xEB, 0x56, 0xFD, 0x9B, 0xBE, 0x52, 0xA9, 0x0B, 0x8D, 0x4D, 0xB0, 0xBD, 0xD2, 0x78, 0x8E, 0xF9, 0xDC, 0x35, 0xC2, 0x98, 0xFA, 0xBE,
    0xB3, 0x5A, 0x15, 0x76, 0xCB, 0xF6, 0xA2, 0x69, 0xD5, 0x18, 0xA6, 0x56, 0x63, 0x3E, 0x18, 0x50, 0xD0, 0x75, 0xA3, 0xAE, 0x73, 0x6F, 0xFA, 0xEE,
    0xCD, 0xB3, 0x1B, 0xE8, 0xA2, 0x19, 0xCE, 0x81, 0xAE, 0x34, 0xA6, 0x56, 0xDF, 0x3E, 0x3E, 0x77, 0x1A, 0xCF, 0xB0, 0x7B, 0x56, 0xE5, 0x13, 0xAC,
    0x02, 0x56, 0xA3, 0x51, 0x78, 0xD0, 0x6D, 0xD1, 0xC2, 0x9D, 0xDF, 0xD9, 0x90, 0x2A, 0x75, 0xA3, 0x55, 0x77, 0x3A, 0x85, 0xA3, 0x55, 0x40, 0xB8,
    0xFA, 0x27, 0x8D, 0x03, 0x5D, 0x41, 0xD7, 0xEC, 0x75, 0x05, 0xA7, 0xD3, 0xF9, 0x85, 0xFF, 0xA2, 0x7C, 0x2E, 0x5F, 0xD9, 0xDE, 0x14, 0xF6, 0xF3,
    0x73, 0xE7, 0xBE, 0x3E, 0xA9, 0x0B, 0xE8, 0x07, 0xF3, 0x95, 0x85, 0xB9, 0x7D, 0xF0, 0xBC, 0xC2, 0x39, 0xB7, 0x96, 0x56, 0x76, 0xBA, 0xB3, 0xB2,
    0x76, 0x6B, 0xDD, 0x4A, 0xD4, 0x9E, 0xCB, 0x3B, 0x88, 0x03, 0x70, 0x13, 0x9B, 0xED, 0xD0, 0xB7, 0x9D, 0xF9, 0xF9, 0x0D, 0x3E, 0xB5, 0xA3, 0xB6,
    0xD5, 0x5E, 0xB1, 0xDF, 0xED, 0xB7, 0xFB, 0x36, 0xDF, 0x76, 0xF7, 0x73, 0xEF, 0x6D, 0x15, 0x3B, 0xC5, 0x0E, 0x60, 0xA3, 0xD8, 0x7A, 0x87, 0xB3,
    0xD5, 0xE4, 0xEC, 0xB6, 0x0E, 0x2F, 0xEF, 0x6E, 0xCF, 0xD9, 0xA9, 0xD1, 0x6D, 0xE7, 0x89, 0xDD, 0xDC, 0x72, 0x3B, 0x6E, 0xCF, 0x6D, 0xB8, 0xB7,
    0x36, 0xB6, 0xBD, 0xB6, 0xD5, 0x76, 0xDA, 0x46, 0xDB, 0x78, 0xFB, 0x6C, 0x9B, 0xED, 0xB6, 0x5D, 0xB6, 0xC9, 0x76, 0x1D, 0x89, 0x3D, 0x22, 0xC4,
    0xF3, 0x5E, 0xFD, 0xE3, 0xE7, 0x77, 0x39, 0x88, 0x5D, 0x62, 0x8F, 0xD8, 0x23, 0xEE, 0xE7, 0x7D, 0xDF, 0xBB, 0x8D, 0x0D, 0xC0, 0xE7, 0x2D, 0x62,
    0xB9, 0xDF, 0x9C, 0xB7, 0x23, 0xE5, 0x0A, 0x36, 0x08, 0x29, 0x7B, 0xEC, 0x0A, 0x94, 0xEC, 0x0F, 0x60, 0xAE, 0x6C, 0xB6, 0x2F, 0xC2, 0xDA, 0x1E,
    0x1A, 0x6C, 0x0E, 0x7B, 0xC3, 0xD6, 0xB0, 0xC5, 0x3A, 0x30, 0xC3, 0x36, 0xD8, 0x57, 0x86, 0x8D, 0x61, 0x37, 0xF0, 0xDA, 0x17, 0x76, 0x57, 0x83,
    0xA9, 0x97, 0xD9, 0x5A, 0x7B, 0x6B, 0x5B, 0xA8, 0xB0, 0xB3, 0xB6, 0x83, 0x06, 0xBB, 0x9D, 0xB0, 0x29, 0xEC, 0x2B, 0xAB, 0x2A, 0x09, 0x3B, 0x02,
    0xD5, 0xEE, 0xB0, 0x21, 0xEC, 0x07, 0x5C, 0x7B, 0x6A, 0x37, 0xD8, 0x58, 0x52, 0x7B, 0xB9, 0x1D, 0x2C, 0xD8, 0x51, 0x0A, 0x76, 0x82, 0x8D, 0x60,
    0x1F, 0xD8, 0x50, 0xFB, 0x69, 0x3B, 0xED, 0xBD, 0x5F, 0xE9, 0x94, 0x3E, 0xE9, 0x92, 0x1E, 0xE9, 0x0B, 0x1C, 0x92, 0xA3, 0x37, 0x3A, 0xA3, 0x2F,
    0xFA, 0xA2, 0x1D, 0xE1, 0x4B, 0x57, 0x74, 0x79, 0x33, 0xD8, 0x5B, 0x57, 0xF0, 0xB5, 0x4D, 0x76, 0x18, 0x86, 0x32, 0x1E, 0xC2, 0x30, 0x96, 0x2D,
    0xA8, 0x44, 0x25, 0xCF, 0x66, 0x38, 0x63, 0x34, 0x30, 0x00, 0x00, 0x00, 0x00, 0x00, 0x00, 0x13, 0xD8, 0x21, 0x8C, 0x09, 0x29, 0x8C, 0x23, 0xAD,
    0x95, 0x8A, 0xAA, 0x03, 0x04, 0xC8, 0xC2, 0x4B, 0x51, 0x70, 0x68, 0x4C, 0x8E, 0x43, 0x79, 0x80, 0x02, 0x11, 0x62, 0x8C, 0x62, 0x00, 0x00, 0x00,
    0x80, 0x12, 0x00, 0x00, 0x0C, 0x00, 0x81, 0x60, 0x84, 0x0E, 0xF7, 0x42, 0x5F, 0xDB, 0xF5, 0xDD, 0x6D, 0xCE, 0x95, 0x56, 0x79, 0x7B, 0xC3, 0x2C,
    0xF2, 0x7F, 0xD8, 0xDE, 0x3D, 0x86, 0x12, 0x92, 0xC2, 0x4F, 0x22, 0x15, 0x1F, 0x17, 0x53, 0xCF, 0xFB, 0x77, 0xAB, 0xB9, 0xE8, 0x7A, 0xA1, 0x13,
    0x17, 0x4F, 0x96, 0xF4, 0x7F, 0x88, 0x13, 0x80, 0x1D, 0x1A, 0x50, 0xD7, 0x0D, 0x7B, 0xE4, 0x86, 0x41, 0x93, 0x4C, 0x81, 0xB2, 0xB6, 0x53, 0x0F,
    0x1A, 0x52, 0xE7, 0x26, 0x8D, 0xB2, 0xFC, 0x82, 0xB4, 0x40, 0xDD, 0x79, 0x7C, 0x13, 0x6B, 0x3F, 0x5C, 0x54, 0xD0, 0x37, 0xBA, 0xF4, 0x69, 0x49,
    0x85, 0xB0, 0xFE, 0x64, 0xDF, 0xE6, 0x8E, 0xFE, 0x7E, 0x80, 0xBA, 0x69, 0x66, 0x65, 0x72, 0x57, 0xFD, 0x22, 0xAB, 0x93, 0x43, 0x5A, 0x5F, 0x79,
    0x73, 0x85, 0xB8, 0x1B, 0xB3, 0x35, 0xA4, 0x5E, 0x4E, 0xBC, 0x87, 0x39, 0xD2, 0xA1, 0x6F, 0x4E, 0xF2, 0xD4, 0x2A, 0xC4, 0x8D, 0x6A, 0x0F, 0x3A,
    0xFC, 0xA7, 0x2E, 0xE8, 0x33, 0x24, 0x82, 0xE2, 0x78, 0x2C, 0x5A, 0x42, 0x80, 0x96, 0xA4, 0x26, 0x63, 0x7F, 0x18, 0x1D, 0x29, 0x85, 0xCF, 0x5B,
    0x46, 0x9A, 0x8D, 0xCF, 0xED, 0x77, 0x3E, 0x39, 0x0A, 0x6B, 0x9F, 0x2E, 0xE3, 0xC6, 0x60, 0x54, 0xDE, 0xC1, 0xBA, 0xCC, 0x62, 0x40, 0x21, 0x45,
    0xCC, 0x2C, 0xF7, 0xA3, 0x2E, 0x1C, 0x33, 0xF4, 0x32, 0x81, 0xF4, 0xC1, 0xFA, 0x17, 0xA3, 0xB3, 0x50, 0x96, 0x1A, 0x3E, 0xB1, 0x94, 0x56, 0xFA,
    0x5F, 0xBC, 0xB1, 0x46, 0x2A, 0xA1, 0x7A, 0x14, 0x73, 0x40, 0x0D, 0x4A, 0x59, 0xFC, 0x98, 0xBE, 0x37, 0x26, 0x7C, 0x55, 0x55, 0xE6, 0x92, 0x6E,
    0x54, 0x35, 0xA9, 0x45, 0x0B, 0x30, 0x79, 0x58, 0xEF, 0xA8, 0x71, 0x27, 0x9E, 0xD3, 0x6B, 0xE4, 0xEF, 0xFF, 0xE1, 0x08, 0x06, 0x2E, 0xEB, 0xA4,
    0xCD, 0xC5, 0x2A, 0x49, 0x69, 0x2C, 0x60, 0x58, 0xCA, 0xF0, 0x15, 0x0D, 0x3E, 0x57, 0xD9, 0xB6, 0x03, 0xBF, 0xDE, 0x29, 0x51, 0x6C, 0x94, 0xC1,
    0x50, 0x02, 0x49, 0x0C, 0x0B, 0xE7, 0x3C, 0x59, 0xDB, 0x9B, 0x38, 0x5F, 0xCD, 0xCC, 0x3C, 0x4A, 0xD3, 0x8E, 0x97, 0xC1, 0x2B, 0x68, 0x73, 0x9D,
    0x42, 0x65, 0x74, 0x83, 0x2B, 0x0E, 0xB5, 0x9F, 0x27, 0x03, 0xBD, 0x68, 0xC8, 0xEA, 0xBD, 0xD0, 0x3D, 0x3F, 0x94, 0x34, 0x31, 0x7B, 0x3B, 0x38,
    0xEA, 0x2C, 0xED, 0xB0, 0xC6, 0x78, 0xBE, 0xA2, 0xFB, 0x6C, 0x65, 0x6F, 0x9C, 0xE3, 0x4F, 0x50, 0x39, 0x6A, 0x53, 0x22, 0x33, 0x35, 0x7D, 0xAB,
    0xC6, 0xE7, 0xA2, 0xFE, 0x24, 0xD7, 0x27, 0xCA, 0x84, 0x89, 0x4A, 0x80, 0xB9, 0x7B, 0xD8, 0x5D, 0x72, 0x17, 0x94, 0x46, 0xAA, 0x44, 0x0E, 0x96,
    0xB3, 0x81, 0xF0, 0xBD, 0xE6, 0xB9, 0xE7, 0xFF, 0xC5, 0xAE, 0xF9, 0x49, 0x1B, 0x40, 0xDA, 0xFA, 0x0C, 0xDF, 0x2D, 0x22, 0xAD, 0xA7, 0xD7, 0x15,
    0x9E, 0x12, 0x02, 0xB7, 0x21, 0x9C, 0x12, 0xE1, 0x22, 0x34, 0xB0, 0x27, 0x79, 0x5C, 0x0F, 0x89, 0xD6, 0x56, 0xE9, 0xE0, 0x9D, 0xD9, 0xEB, 0x15,
    0x7A, 0x56, 0xF7, 0x24, 0xF0, 0xF0, 0xA6, 0xCB, 0x5D, 0x11, 0x55, 0x56, 0x41, 0x3C, 0x84, 0xF2, 0x47, 0x61, 0xC6, 0x79, 0x3E, 0x7D, 0x7C, 0x7F,
    0x0A, 0x07, 0xFD, 0x65, 0x03, 0xBA, 0x71, 0xB7, 0xB8, 0x4A, 0x93, 0x6D, 0x29, 0x5F, 0x59, 0xCF, 0x4B, 0x55, 0x30, 0xF0, 0x69, 0xA6, 0x47, 0xDA,
    0xD9, 0x45, 0x09, 0x9B, 0xF5, 0x57, 0x18, 0x13, 0x3B, 0xC2, 0x0F, 0x77, 0xF5, 0x25, 0x3D, 0xF0, 0x82, 0xAE, 0x1A, 0xEE, 0x33, 0x19, 0x3F, 0xBD,
    0xF4, 0xB9, 0xF4, 0x39, 0x36, 0x8F, 0xF1, 0xEE, 0xB8, 0x01, 0xEE, 0x1F, 0xA6, 0x8D, 0x2D, 0x7A, 0x99, 0xF8, 0x90, 0x0C, 0xD7, 0xE5, 0xD4, 0xB5,
    0x08, 0x33, 0x0C, 0xC5, 0x07, 0xD8, 0xF3, 0xF2, 0xA0, 0xF0, 0x98, 0xDB, 0xA3, 0x12, 0x84, 0xF9, 0x95, 0x24, 0x32, 0x86, 0xFF, 0xC9, 0x65, 0x8B,
    0xB4, 0xDC, 0x04, 0x20, 0xC2, 0x37, 0x07, 0x59, 0xB8, 0xC5, 0x16, 0x42, 0x9B, 0x73, 0x2A, 0x8E, 0xD3, 0xC1, 0x80, 0xFC, 0x52, 0x0C, 0x80, 0x4D,
    0x4F, 0x78, 0xA5, 0x25, 0x05, 0x5C, 0xFD, 0xA7, 0xB5, 0x21, 0x86, 0xC1, 0xBA, 0xC9, 0xC1, 0x35, 0xF2, 0x0A, 0xD8, 0xCC, 0xCB, 0x47, 0x5C, 0xBC,
    0xA7, 0xB2, 0xC2, 0x47, 0xF2, 0x26, 0x23, 0xDE, 0x26, 0x65, 0xBE, 0x98, 0x21, 0xE4, 0xA9, 0xA4, 0x38, 0xF4, 0x2F, 0x05, 0x04, 0xB5, 0x80, 0xF0,
    0x1D, 0xE8, 0xFC, 0x05, 0x34, 0x99, 0x5B, 0x10, 0xA9, 0xF2, 0xEC, 0x81, 0xC5, 0xBC, 0x5A, 0x3B, 0x85, 0xC8, 0x70, 0xF3, 0x5D, 0x37, 0x2C, 0x10,
    0x5B, 0x4C, 0x87, 0x91, 0x17, 0x70, 0x8D, 0x53, 0x33, 0xC6, 0x7A, 0x67, 0x19, 0xAB, 0x7B, 0x8D, 0x80, 0xF5, 0xFB, 0x91, 0x8F, 0x9E, 0x0E, 0xAD,
    0xF9, 0x43, 0x2C, 0xC3, 0xDE, 0x07, 0x07, 0xC5, 0xC8, 0x83, 0xE3, 0xA9, 0x1D, 0x2C, 0xC3, 0x97, 0x8F, 0x45, 0xA2, 0x66, 0x9B, 0x64, 0x7D, 0xC9,
    0x89, 0xFD, 0xB8, 0xDF, 0xC1, 0x4B, 0xE7, 0xD8, 0x71, 0x97, 0x5A, 0x12, 0x32, 0xB7, 0x84, 0xDF, 0x20, 0xC4, 0x71, 0xD6, 0x17, 0x2B, 0x81, 0x19,
    0x70, 0xFF, 0x38, 0x55, 0xF1, 0xBC, 0xBA, 0x1F, 0x5B, 0xE7, 0x9A, 0xB0, 0xCC, 0xEE, 0x25, 0xA0, 0xD7, 0x31, 0xB0, 0xAA, 0x73, 0x8E, 0xE6, 0xCD,
    0x1C, 0xD8, 0x55, 0x40, 0x08, 0x0A, 0x97, 0xC4, 0xD2, 0xD5, 0x56, 0x29, 0xA4, 0x43, 0x91, 0xC5, 0xE9, 0x21, 0x30, 0xE3, 0x93, 0x5D, 0xF5, 0x39,
    0x59, 0x5A, 0x2C, 0xF1, 0x44, 0xE5, 0x30, 0x2D, 0xA2, 0xB2, 0x4F, 0x7C, 0xED, 0x09, 0x7A, 0x83, 0xA5, 0x09, 0xEE, 0xF4, 0x9A, 0xD0, 0xEA, 0x20,
    0x6E, 0xB9, 0x03, 0xAC, 0xCA, 0x58, 0xA6, 0x42, 0x39, 0x28, 0x75, 0xCC, 0x25, 0x0C, 0x25, 0xD7, 0x29, 0xEC, 0xED, 0x3C, 0x39, 0x1F, 0xBB, 0x5C,
    0x2B, 0xB9, 0x39, 0xEC, 0x01, 0xE0, 0xDB, 0xC0, 0x6F, 0xB7, 0x94, 0x33, 0x85, 0xD3, 0x22, 0xD8, 0x23, 0x15, 0x5B, 0xEB, 0x55, 0xE2, 0xD6, 0x3F,
    0x10, 0x2A, 0x58, 0x86, 0x37, 0x52, 0x85, 0x5B, 0xAB, 0xCF, 0x7B, 0x92, 0x28, 0x79, 0x63, 0xD3, 0x20, 0x7F, 0xDF, 0x92, 0x41, 0x2D, 0x75, 0xEB,
    0x5F, 0xDA, 0x84, 0x8E, 0xDD, 0xBC, 0x06, 0x53, 0xCD, 0x96, 0x07, 0xA5, 0xF2, 0x4B, 0x6F, 0xCD, 0xB6, 0x09, 0xAE, 0xC1, 0x2A, 0xC3, 0x56, 0xBA,
    0x13, 0x86, 0x43, 0xE5, 0xF0, 0xB6, 0xBC, 0x07, 0x0F, 0xAC, 0x5F, 0x79, 0x70, 0x3C, 0x88, 0x63, 0x16, 0x02, 0x95, 0x40, 0x0E, 0xF1, 0x18, 0x6D,
    0x41, 0x7D, 0xFA, 0x0F, 0xFE, 0xC3, 0x1A, 0x76, 0x13, 0xCD, 0x5E, 0xA6, 0xDF, 0x83, 0x6B, 0x9A, 0x4C, 0xF5, 0x53, 0xE6, 0x56, 0x89, 0xAD, 0x94,
    0x6A, 0xC9, 0x71, 0x7F, 0x02, 0x9B, 0x1C, 0x02, 0x27, 0x54, 0x05, 0x64, 0xD6, 0x62, 0x42, 0x00, 0xAD, 0x91, 0x0C, 0xC0, 0x54, 0xF2, 0x4C, 0xDA,
    0xE4, 0xD2, 0xC1, 0xC7, 0xA2, 0x1E, 0x90, 0x9C, 0x13, 0x05, 0xAC, 0x58, 0xB8, 0xB5, 0xDC, 0x3B, 0xC3, 0x72, 0x79, 0x32, 0xE9, 0xB5, 0xF0, 0x37,
    0x3A, 0xAE, 0xB1, 0xC2, 0x23, 0x06, 0x8C, 0x90, 0xE9, 0xB6, 0xB8, 0x33, 0xCE, 0xEE, 0xDD, 0x6C, 0x98, 0x64, 0x10, 0x03, 0xF3, 0x9C, 0x8C, 0x5F,
    0x91, 0x40, 0xB3, 0x80, 0x2C, 0x4D, 0x23, 0x82, 0xF3, 0xAA, 0xC2, 0xD8, 0xF5, 0x13, 0x82, 0x3F, 0xAE, 0x3D, 0xC3, 0x56, 0x94, 0x0C, 0xF7, 0x03,
    0x41, 0x7E, 0x97, 0xB4, 0x77, 0xD9, 0x27, 0x72, 0x96, 0x93, 0xBF, 0x19, 0xB2, 0x29, 0x66, 0xAF, 0xCE, 0xF2, 0x5D, 0x9E, 0xF2, 0xB8, 0x79, 0xE7,
    0x93, 0x2B, 0xBF, 0x23, 0xEF, 0xE8, 0x43, 0x1C, 0x07, 0xBF, 0x0C, 0xF0, 0x59, 0x9F, 0xD4, 0xDA, 0x79, 0xE6, 0x08, 0xEA, 0x6E, 0x2E, 0x1C, 0xC0,
    0x2D, 0x9E, 0xB8, 0xF6, 0xE7, 0x3D, 0xF0, 0x39, 0x74, 0xB8, 0x84, 0xFE, 0xA9, 0x02, 0xE1, 0xDC, 0xDE, 0x28, 0xE4, 0x5F, 0xCE, 0xD5, 0x00, 0x4C,
    0x62, 0xBD, 0xB1, 0x2C, 0x50, 0x4B, 0x53, 0x7D, 0x0A, 0xB7, 0x09, 0x6A, 0x60, 0x8A, 0x8D, 0x0B, 0xB2, 0x2A, 0x5C, 0xC1, 0x13, 0x9A, 0x65, 0x5F,
    0xD0, 0x6E, 0x85, 0xA4, 0x52, 0x38, 0x44, 0xEB, 0xC9, 0x6F, 0xDD, 0xDA, 0x9C, 0x7F, 0x87, 0xFA, 0x4B, 0x55, 0xD9, 0x7F, 0x0E, 0x61, 0x04, 0x15,
    0xD3, 0xA6, 0x07, 0xB1, 0x30, 0xC9, 0x01, 0x60, 0xC9, 0x1B, 0xF6, 0x2C, 0x27, 0x64, 0x4D, 0x6E, 0xBE, 0xE7, 0xD1, 0x3E, 0xA0, 0xC1, 0xBB, 0x23,
    0x82, 0x7C, 0x61, 0x5E, 0x3B, 0x3A, 0x0D, 0x9F, 0x52, 0x80, 0x42, 0x4C, 0x53, 0x58, 0xAC, 0xEA, 0x2D, 0xE5, 0x9C, 0x20, 0xD3, 0xDF, 0xE8, 0xCC,
    0xBA, 0x7B, 0x2A, 0xD6, 0xDE, 0xB9, 0x01, 0x6D, 0xCE, 0x6E, 0x39, 0x8D, 0x7A, 0xB2, 0x78, 0x31, 0x27, 0xD4, 0xC0, 0xFD, 0x2B, 0x36, 0x9B, 0x2A,
    0x74, 0x54, 0x3F, 0x57, 0x25, 0x2C, 0xBD, 0x14, 0xAC, 0x3F, 0x1B, 0x40, 0x88, 0xAC, 0x33, 0x71, 0x40, 0xCB, 0x38, 0x78, 0x85, 0x1E, 0x6F, 0x9F,
    0x5B, 0xC0, 0x38, 0xC1, 0xC4, 0x1A, 0xE1, 0x58, 0x38, 0x3A, 0x6C, 0x06, 0x81, 0xAE, 0xFD, 0xAB, 0x80, 0xE9, 0xE9, 0xF6, 0xA9, 0x1B, 0xFA, 0x1C,
    0xC9, 0x09, 0x3D, 0x10, 0x9C, 0x5A, 0x88, 0x69, 0x2F, 0x87, 0x47, 0xAA, 0xB2, 0x56, 0xC3, 0xEB, 0xAC, 0x70, 0x5E, 0xCB, 0xC3, 0x8B, 0x5E, 0xF1,
    0x4C, 0xE5, 0x65, 0x0B, 0x66, 0x41, 0x41, 0x35, 0x73, 0xF7, 0xEB, 0xC1, 0xA3, 0x0F, 0x1E, 0x04, 0x04, 0x32, 0x25, 0x7B, 0x04, 0x0E, 0x8E, 0xCE,
    0x49, 0x9B, 0xE0, 0xF0, 0x5A, 0x67, 0x6C, 0x50, 0x2B, 0x8A, 0x5A, 0xE6, 0xC0, 0x13, 0x18, 0x40, 0xC3, 0x0A, 0x05, 0xD3, 0x31, 0x5C, 0x4A, 0x25,
    0x5E, 0xC3, 0x3F, 0x88, 0x5D, 0xAC, 0x16, 0x2E, 0x0D, 0x24, 0x10, 0x76, 0xFE, 0xCC, 0x78, 0x4A, 0x4E, 0xD6, 0x9A, 0xEB, 0x5A, 0x8A, 0x15, 0x04,
    0x1D, 0x10, 0x31, 0x72, 0x8F, 0xD2, 0x7D, 0x12, 0x4F, 0xB1, 0xF1, 0xD1, 0x14, 0xE1, 0x5D, 0x9E, 0xA9, 0xB6, 0xB5, 0x14, 0x84, 0x28, 0xBE, 0xE3,
    0x41, 0x68, 0x48, 0xCB, 0x64, 0x1E, 0xFB, 0xBC, 0xA6, 0xB2, 0x17, 0xE0, 0x84, 0xE5, 0x15, 0x2C, 0x9B, 0xD0, 0x16, 0x4A, 0xDD, 0x5F, 0xC4, 0xA6,
    0xC7, 0xE2, 0xC8, 0xFC, 0x42, 0xDE, 0x77, 0xAA, 0x40, 0x86, 0x71, 0xDE, 0x49, 0x3F, 0x97, 0xE5, 0xB0, 0xD7, 0x18, 0x44, 0xC4, 0xCE, 0xEF, 0xC4,
    0x7F, 0x38, 0x26, 0x9D, 0xEA, 0x0E, 0x75, 0xCF, 0x18, 0xD5, 0x1B, 0x25, 0x20, 0x75, 0x8A, 0x1B, 0xB4, 0x2A, 0xDE, 0xE1, 0xBD, 0xA0, 0x21, 0xC8,
    0x8F, 0x18, 0xCA, 0x61, 0xCF, 0x3B, 0xA3, 0x60, 0x45, 0x16, 0x80, 0xA8, 0x5A, 0xA4, 0x34, 0x1A, 0x6F, 0x65, 0xC1, 0x46, 0x37, 0x6E, 0x8C, 0x66,
    0x2D, 0x56, 0xAA, 0x99, 0xA3, 0x67, 0xFD, 0x00, 0xCB, 0x4C, 0xD4, 0x67, 0x7B, 0xE5, 0x28, 0xCD, 0x32, 0xF1, 0xEA, 0xDD, 0x5C, 0x76, 0x2F, 0xD4,
    0xEE, 0x12, 0x9C, 0xED, 0x0D, 0xE3, 0x88, 0x0F, 0x3B, 0x08, 0x12, 0x8C, 0x00, 0x88, 0x99, 0x23, 0xC2, 0x4D, 0x46, 0xEC, 0x87, 0x9F, 0xC8, 0x97,
    0x9C, 0xBC, 0xC2, 0x72, 0x0E, 0xA4, 0x68, 0xD6, 0x13, 0x6B, 0x70, 0x50, 0xE5, 0xA6, 0x91, 0x64, 0x64, 0xCD, 0x29, 0x24, 0x27, 0x1C, 0x1A, 0x11,
    0x8C, 0x5D, 0x73, 0xDF, 0x2E, 0x4B, 0x35, 0x4A, 0x52, 0x42, 0x27, 0xA4, 0x12, 0x9C, 0x52, 0x66, 0x40, 0x6F, 0x7B, 0xD9, 0x71, 0x35, 0xC0, 0xE1,
    0x5D, 0x26, 0xDC, 0x8E, 0x57, 0xD2, 0x10, 0x23, 0x7F, 0xA9, 0xD3, 0x5A, 0xFC, 0x4F, 0x67, 0x98, 0x43, 0x9C, 0x2A, 0x0B, 0x40, 0xCE, 0x21, 0x86,
    0x53, 0x63, 0xD2, 0xB1, 0x96, 0x0B, 0xF2, 0x59, 0x0C, 0x26, 0xFC, 0xBF, 0x78, 0xD6, 0xDF, 0xB6, 0x52, 0xAD, 0x9D, 0x33, 0xFA, 0x85, 0x22, 0x98,
    0xF8, 0x77, 0x4F, 0x8A, 0xD6, 0xD7, 0x29, 0xD2, 0x85, 0x1B, 0x32, 0x2A, 0x30, 0xB2, 0xB9, 0xCB, 0x9F, 0x6E, 0xFF, 0x4D, 0xF6, 0xE7, 0xA9, 0x06,
    0x80, 0x1E, 0xB7, 0x09, 0xC9, 0x50, 0x1B, 0x61, 0xE6, 0x5D, 0x13, 0x16, 0xF1, 0xB2, 0x73, 0x22, 0x31, 0xE1, 0xC0, 0xAF, 0xDA, 0x9F, 0xB1, 0x51,
    0xC0, 0xBD, 0x9B, 0x3D, 0x28, 0xA4, 0x57, 0xFB, 0xFB, 0xBC, 0x6B, 0xB3, 0x34, 0x2A, 0x2D, 0x16, 0x5E, 0x9B, 0x28, 0x42, 0xA5, 0x2D, 0xC2, 0x31,
    0xB5, 0x44, 0xC8, 0xE6, 0x90, 0xC5, 0xBE, 0x28, 0x6D, 0xB3, 0xF2, 0x88, 0x30, 0x79, 0x5F, 0xB8, 0x7C, 0x0E, 0x96, 0x7C, 0xCB, 0x47, 0x77, 0x6D,
    0x52, 0x7B, 0x32, 0x75, 0x0C, 0x17, 0x3F, 0x8D, 0xDB, 0x23, 0x7F, 0xB9, 0xAE, 0x08, 0xD8, 0x05, 0x0A, 0xAC, 0x4D, 0x65, 0x00, 0x39, 0x06, 0x89,
    0x8B, 0xB7, 0x47, 0xF9, 0xF4, 0xBE, 0x53, 0x7B, 0x32, 0x78, 0x0A, 0x76, 0x8C, 0x0F, 0x40, 0x90, 0x76, 0x42, 0x6F, 0xB5, 0x06, 0x79, 0x96, 0xEB,
    0x51, 0x32, 0x83, 0xAB, 0x75, 0x78, 0xE8, 0x26, 0xA8, 0xA6, 0x1B, 0xC9, 0xBA, 0x1E, 0x65, 0x87, 0xDA, 0xF6, 0xB4, 0x4C, 0xC8, 0xD9, 0xB6, 0xD9,
    0x5F, 0x65, 0x9D, 0x37, 0x9E, 0x88, 0x6A, 0xCE, 0x52, 0x61, 0x07, 0x37, 0x0E, 0x16, 0x26, 0xE9, 0x10, 0x8A, 0x5F, 0x32, 0x5A, 0xB1, 0x47, 0x61,
    0x95, 0x25, 0x36, 0xFB, 0xCC, 0x77, 0xEB, 0x00, 0x2A, 0xE9, 0x47, 0x5B, 0x3D, 0x46, 0x7E, 0x63, 0xF3, 0x69, 0x05, 0x5B, 0x5F, 0x72, 0xBF, 0xAA,
    0x62, 0x06, 0xE0, 0x65, 0x23, 0x85, 0x87, 0xFD, 0xB4, 0x19, 0xC8, 0x15, 0x42, 0xBE, 0xEE, 0xE0, 0xFA, 0xB5, 0x2A, 0x87, 0x83, 0x13, 0xAF, 0x9B,
    0x2E, 0x27, 0xBC, 0xC8, 0x5A, 0xC5, 0x73, 0x80, 0x9F, 0xBE, 0xAF, 0x1A, 0xFC, 0x2A, 0x5F, 0x75, 0xF2, 0x70, 0x55, 0x71, 0x44, 0x60, 0x1A, 0x74,
    0xB1, 0x10, 0x84, 0x4E, 0x6E, 0xB8, 0x3E, 0x5C, 0x6C, 0xBB, 0xF6, 0x88, 0x77, 0xD8, 0xD0, 0xF8, 0x13, 0x82, 0x17, 0x15, 0x60, 0x52, 0x5E, 0xB6,
    0x2B, 0x59, 0x1A, 0x30, 0x03, 0xE4, 0x4C, 0xFE, 0x29, 0x8D, 0xA7, 0xEE, 0x43, 0xFC, 0x13, 0x8C, 0xE1, 0x4C, 0x77, 0x42, 0x23, 0xFD, 0xF5, 0x1A,
    0xC4, 0x69, 0x6C, 0x11, 0x5C, 0xB8, 0x7F, 0x96, 0xA2, 0xC3, 0xB1, 0x81, 0xC6, 0xB3, 0xAB, 0x45, 0x6F, 0xAA, 0x82, 0x1F, 0x62, 0x7A, 0x6D, 0x8F,
    0x56, 0xA8, 0x0A, 0xB4, 0x19, 0xA9, 0xD0, 0x69, 0xB5, 0x6D, 0xE0, 0x7F, 0x00, 0x1C, 0x35, 0xE9, 0x88, 0xC5, 0x92, 0x28, 0xC7, 0x27, 0xA5, 0x8E,
    0x20, 0x3E, 0x4F, 0x0D, 0x67, 0xA4, 0x83, 0x85, 0xEB, 0x39, 0xD9, 0x75, 0x18, 0xD7, 0xE8, 0x12, 0xE6, 0x82, 0x94, 0xB8, 0x23, 0x79, 0xAC, 0x5A,
    0x70, 0x17, 0x88, 0xD3, 0xE1, 0xA0, 0x07, 0xC0, 0x4B, 0xB2, 0xB7, 0x90, 0x14, 0x89, 0xC3, 0xB1, 0x07, 0x85, 0xC3, 0x39, 0x53, 0x06, 0xA9, 0xCE,
    0xA9, 0x15, 0xEF, 0x06, 0x66, 0xE3, 0xE0, 0xAC, 0x7D, 0xC9, 0x83, 0x21, 0x3F, 0x95, 0x36, 0x22, 0xBE, 0xCA, 0xE4, 0x37, 0x2E, 0xE8, 0x0C, 0xF1,
    0x59, 0xF9, 0xCE, 0x48, 0x79, 0xF6, 0xE9, 0x4C, 0x2A, 0xB2, 0x26, 0xA1, 0x01, 0x18, 0x14, 0x3B, 0xB5, 0xD8, 0xAE, 0xF0, 0xD1, 0xA5, 0x62, 0x83,
    0xDE, 0x0B, 0x64, 0x23, 0x40, 0xE7, 0xE0, 0x7E, 0xC6, 0xE2, 0x8F, 0x67, 0x15, 0xF3, 0x04, 0x6C, 0x99, 0xBD, 0xE7, 0xCC, 0xB0, 0xEC, 0xF6, 0x8D,
    0x8F, 0x79, 0x3E, 0x45, 0x90, 0x02, 0x7B, 0x6B, 0xED, 0xD8, 0x73, 0x7D, 0x79, 0x76, 0x6E, 0x0C, 0x81, 0xF0, 0xA0, 0x9D, 0x69, 0xC0, 0x0F, 0x46,
    0xC0, 0x5E, 0x0E, 0x36, 0x56, 0xF9, 0x55, 0x40, 0x62, 0xD0, 0xC3, 0x58, 0xB9, 0xFE, 0x5A, 0x80, 0xEA, 0x86, 0xDF, 0x14, 0x16, 0x7F, 0xD2, 0x61,
    0xA1, 0xEB, 0x90, 0x4C, 0x9A, 0x1F, 0x64, 0x16, 0xC3, 0x7F, 0xC2, 0x3C, 0x09, 0x04, 0xEE, 0x30, 0xB4, 0xA1, 0xC7, 0x5F, 0xA1, 0x2E, 0x38, 0xC8,
    0x00, 0x48, 0x69, 0x78, 0x75, 0x47, 0x75, 0x9D, 0xA8, 0x99, 0x6E, 0x26, 0xAD, 0x5F, 0xD4, 0xBB, 0xFC, 0x8B, 0xA3, 0x0B, 0x38, 0x57, 0x87, 0x7D,
    0xBA, 0x8A, 0x5B, 0xD7, 0x05, 0x17, 0x21, 0xDC, 0xF0, 0x15, 0x18, 0xE5, 0x07, 0xF3, 0xD4, 0xC2, 0x2E, 0x6C, 0x78, 0xD9, 0x2B, 0x8B, 0x53, 0x40,
    0x99, 0xD4, 0xE6, 0xD0, 0xD6, 0x66, 0x8E, 0x1A, 0x62, 0xC1, 0xB7, 0xC2, 0xE4, 0x34, 0xC6, 0x3A, 0xE8, 0xE5, 0xD7, 0xE5, 0x9E, 0x52, 0x52, 0xFF,
    0x93, 0xD7, 0x04, 0x42, 0x24, 0x51, 0x09, 0xA1, 0x9F, 0x9F, 0x5F, 0xE1, 0xB0, 0x9C, 0x6E, 0x10, 0x58, 0xC6, 0x9B, 0xDD, 0x69, 0xFB, 0xC9, 0xD0,
    0xC7, 0xDF, 0xDD, 0x3E, 0xD0, 0xBA, 0xEA, 0x6C, 0xC4, 0xB6, 0x20, 0x44, 0x5E, 0x23, 0x05, 0x0B, 0x2A, 0x24, 0xB3, 0xF2, 0x09, 0xA9, 0x6E, 0xC2,
    0x50, 0x94, 0x0E, 0x27, 0x4E, 0x84, 0xAB, 0xA8, 0xEA, 0xE8, 0xD3, 0x49, 0x1F, 0xAE, 0x1F, 0x54, 0xB1, 0xFB, 0x0E, 0xCF, 0xB2, 0x32, 0x56, 0x24,
    0x5A, 0xA5, 0x9F, 0x2D, 0x11, 0x1D, 0x2D, 0x28, 0xB4, 0x8E, 0x13, 0x86, 0xC9, 0xC6, 0x80, 0x27, 0xF3, 0x84, 0x9D, 0x33, 0xAB, 0x24, 0x3D, 0x8D,
    0x82, 0x86, 0x7D, 0x88, 0xDF, 0x92, 0x9B, 0xE8, 0xF1, 0xC4, 0x17, 0x60, 0x87, 0x3F, 0xD7, 0xF2, 0xA0, 0xAE, 0xD2, 0x42, 0x2E, 0x12, 0xFD, 0x82,
    0x54, 0xD4, 0xEF, 0x90, 0xFB, 0xAC, 0x42, 0x59, 0xF0, 0xB3, 0xAD, 0x65, 0xE3, 0x7A, 0x93, 0xEF, 0x56, 0x21, 0x88, 0x65, 0xC2, 0x02, 0xFB, 0x4D,
    0xC6, 0x59, 0xD8, 0xCF, 0x25, 0x37, 0xAB, 0xB2, 0xB7, 0x6C, 0x85, 0xED, 0x23, 0x5E, 0x3D, 0x81, 0x68, 0x67, 0x94, 0x47, 0xC5, 0xE0, 0xE5, 0x86,
    0x6F, 0xDB, 0x3A, 0xA1, 0x61, 0xF2, 0x6D, 0x92, 0x57, 0xE2, 0x95, 0x7D, 0x88, 0xE5, 0x17, 0x04, 0x23, 0x91, 0x7C, 0x8F, 0x0D, 0x2B, 0x15, 0xCA,
    0xBD, 0xCD, 0x9A, 0x10, 0x57, 0xAD, 0x53, 0x5E, 0xED, 0x0A, 0xD2, 0xBB, 0xC6, 0x00, 0x54, 0xF8, 0xF6, 0xD0, 0xC7, 0xC8, 0xF9, 0x4D, 0x28, 0xCA,
    0x73, 0x72, 0x0C, 0x63, 0x09, 0x8B, 0x23, 0x35, 0x8B, 0x90, 0x0B, 0x0C, 0x17, 0x04, 0x29, 0x88, 0x7A, 0x15, 0xAC, 0x2D, 0xBE, 0x3F, 0x78, 0x2C,
    0xED, 0x4F, 0xB5, 0x17, 0x91, 0x8A, 0xCB, 0x7F, 0x19, 0xC1, 0xF8, 0x02, 0x9A, 0x01, 0xFD, 0x24, 0x26, 0x93, 0x2E, 0xC9, 0x28, 0x9C, 0x91, 0x8E,
    0x99, 0x63, 0x5B, 0x6A, 0xB6, 0xCA, 0x05, 0xAC, 0x30, 0xE7, 0x19, 0x31, 0xC3, 0x29, 0x16, 0x38, 0xFA, 0x1B, 0x68, 0x85, 0x33, 0xA9, 0x3A, 0x08,
    0x41, 0x48, 0x80, 0x28, 0x54, 0x36, 0xE9, 0x61, 0xE3, 0x91, 0x26, 0xC4, 0xC8, 0xD5, 0x47, 0x5A, 0x18, 0xC3, 0xA3, 0x72, 0x8A, 0x7F, 0xDC, 0x0F,
    0x48, 0x95, 0x28, 0x71, 0xF4, 0x4F, 0x18, 0x91, 0xE3, 0x20, 0x8B, 0xC1, 0xCA, 0x02, 0xB7, 0xC0, 0x5D, 0x54, 0x56, 0x80, 0xEF, 0xBC, 0x64, 0x23,
    0xF1, 0x66, 0x08, 0x47, 0xBE, 0x32, 0x56, 0xB5, 0xF8, 0x64, 0x00, 0x3F, 0x61, 0x95, 0xD6, 0x26, 0x92, 0x34, 0x8D, 0xB6, 0x48, 0xEE, 0x40, 0x98,
    0xF3, 0x69, 0xD0, 0xE8, 0x37, 0x1A, 0x53, 0xA1, 0x75, 0x04, 0xA5, 0x06, 0x4E, 0xC8, 0x73, 0x26, 0x30, 0x00, 0x46, 0xE9, 0xAA, 0x15, 0x23, 0x5C,
    0xC7, 0xBC, 0x57, 0xCB, 0x1D, 0x06, 0xAA, 0xD4, 0x2A, 0x46, 0xE2, 0x5E, 0x77, 0x8B, 0x2D, 0xED, 0x31, 0x97, 0x3D, 0xE1, 0x10, 0x63, 0x7B, 0x63,
    0x9C, 0x71, 0xD9, 0x07, 0xFA, 0x6C, 0x75, 0x15, 0x8E, 0xFA, 0xE8, 0x6B, 0x0C, 0xB3, 0xCB, 0xF3, 0x02, 0x65, 0xB8, 0x37, 0x1F, 0x5B, 0xE9, 0xE2,
    0x90, 0xF8, 0xEF, 0xA0, 0x70, 0xFD, 0x21, 0x5A, 0x06, 0x98, 0x64, 0xF6, 0xCF, 0x79, 0x45, 0x6E, 0xE5, 0xC7, 0xE7, 0x60, 0xD9, 0x46, 0xC9, 0xBB,
    0xF3, 0x46, 0x3C, 0x07, 0x61, 0x8F, 0x72, 0x46, 0xD9, 0xC2, 0xFF, 0x9B, 0xD3, 0xAA, 0x03, 0x40, 0x61, 0x49, 0xCB, 0xC1, 0xDF, 0x59, 0x31, 0xB1,
    0xFD, 0x8C, 0x92, 0xCA, 0x79, 0x0F, 0xB3, 0xC6, 0xC4, 0x1C, 0xAF, 0x9F, 0x2A, 0x89, 0x28, 0x9A, 0xC5, 0xF4, 0x54, 0xB3, 0xFB, 0x54, 0xB1, 0xED,
    0xCD, 0x10, 0x03, 0x79, 0xDD, 0x98, 0x2B, 0x81, 0xCE, 0x75, 0x58, 0x7E, 0xD9, 0x56, 0x2F, 0xFB, 0x38, 0xD3, 0x45, 0x65, 0x08, 0xD9, 0x52, 0x46,
    0x72, 0x78, 0xC8, 0xB8, 0xD1, 0x37, 0x83, 0x54, 0x1E, 0xC6, 0x4A, 0x63, 0xA3, 0x31, 0x48, 0x73, 0x28, 0xA5, 0xCC, 0x85, 0x2E, 0xC2, 0xA1, 0xAD,
    0x2E, 0x04, 0x92, 0xC5, 0x4F, 0xB2, 0xFE, 0x1A, 0xCC, 0x45, 0x9F, 0x1A, 0x29, 0x53, 0x3F, 0xFE, 0xB9, 0x24, 0xD4, 0x50, 0x8D, 0x20, 0x7F, 0xB9,
    0x7E, 0x14, 0x6D, 0x6E, 0x85, 0x2F, 0x10, 0xFF, 0x06, 0x7F, 0x41, 0x9A, 0x9D, 0x69, 0xEA, 0x61, 0xE3, 0x1E, 0x34, 0xF4, 0xC7, 0x96, 0x36, 0xCC,
    0x62, 0x63, 0x4B, 0x96, 0x64, 0x34, 0x85, 0xE7, 0xB0, 0xBA, 0x5C, 0xDF, 0xDE, 0x5D, 0xB1, 0x76, 0xBB, 0xB0, 0x5B, 0xC0, 0x9E, 0x05, 0x6C, 0x0B,
    0x92, 0x94, 0x86, 0x7A, 0x5E, 0x99, 0xDE, 0xB2, 0xD9, 0xCC, 0x19, 0x8A, 0xE2, 0x84, 0x8F, 0x50, 0xF7, 0x70, 0x04, 0x55, 0x10, 0xDF, 0xC0, 0x00,
    0x12, 0xE1, 0x69, 0x3E, 0xC2, 0x58, 0xF2, 0x46, 0xFE, 0x11, 0xFC, 0x73, 0x52, 0x9D, 0xCB, 0x9D, 0x2A, 0x3E, 0xC9, 0x43, 0x94, 0x25, 0x99, 0xC1,
    0x7E, 0x42, 0xC6, 0xFA, 0xBF, 0x31, 0xAB, 0xF4, 0xAE, 0x66, 0xD7, 0x51, 0xEA, 0x9C, 0xD4, 0x1B, 0xBF, 0x66, 0xC6, 0xA8, 0x6B, 0xA0, 0x1F, 0x46,
    0xE1, 0xE0, 0x27, 0xF8, 0x4A, 0x2D, 0x30, 0xD7, 0x7C, 0x74, 0xDD, 0x22, 0x46, 0x5D, 0x81, 0xF7, 0x00, 0x3B, 0x0A, 0xC4, 0xA9, 0xF2, 0xF1, 0x18,
    0x1C, 0x58, 0xFE, 0x69, 0xF6, 0x2B, 0x9A, 0x54, 0xB8, 0x8D, 0x05, 0x1F, 0xBC, 0x00, 0x7F, 0x8F, 0x38, 0xC9, 0x97, 0x0C, 0xB4, 0x29, 0x6B, 0x00,
    0x02, 0x21, 0x70, 0x64, 0x9E, 0x7C, 0x95, 0xC1, 0x1D, 0x7F, 0x4E, 0x98, 0xC3, 0x71, 0x02, 0x35, 0xEE, 0xC1, 0x6F, 0x68, 0x1E, 0xC0, 0xE3, 0xE9,
    0x7F, 0x64, 0x44, 0x5F, 0xA4, 0xC2, 0x81, 0xF3, 0xC8, 0xFD, 0x1D, 0x74, 0x6E, 0xE0, 0xB4, 0x57, 0x54, 0xAE, 0x0C, 0x67, 0xBD, 0x89, 0x88, 0x10,
    0x20, 0x30, 0x9C, 0xBE, 0xF1, 0x02, 0x8E, 0xB5, 0x8B, 0x7A, 0xD3, 0xA1, 0xAB, 0x23, 0xBF, 0x81, 0x32, 0x02, 0x1F, 0x4A, 0x9C, 0x81, 0x98, 0xEB,
    0x62, 0x0D, 0x40, 0x03, 0xF2, 0x3E, 0xA4, 0x5B, 0xBB, 0x54, 0x7B, 0xAA, 0x75, 0xF2, 0xEB, 0xE2, 0xA5, 0xC3, 0x8F, 0xA3, 0x8B, 0xCF, 0x19, 0xC1,
    0x4A, 0xA1, 0xD5, 0xC4, 0xEA, 0xB1, 0x0F, 0xAA, 0x64, 0xA1, 0x76, 0x6A, 0x1B, 0x84, 0xF6, 0xC8, 0x8E, 0xE6, 0xEC, 0x53, 0x8A, 0x98, 0x72, 0x3A,
    0x16, 0x1C, 0xEA, 0xA1, 0x4D, 0x43, 0x5D, 0xCD, 0xF1, 0x16, 0xE3, 0x89, 0x6A, 0x4D, 0xB4, 0xE6, 0xF1, 0x6C, 0x68, 0x1F, 0x3D, 0x13, 0x70, 0xCB,
    0x45, 0x8D, 0x09, 0xBA, 0x06, 0x43, 0x07, 0xC2, 0x1A, 0xFD, 0x41, 0xC3, 0x25, 0x19, 0x57, 0x5E, 0x86, 0x37, 0x1E, 0xFA, 0x81, 0xB8, 0x1B, 0x80,
    0xDF, 0xA1, 0xE8, 0xB5, 0xF5, 0xC2, 0xD9, 0xF7, 0xCB, 0x25, 0x10, 0x5B, 0x52, 0x5A, 0x57, 0xDD, 0x5F, 0xA6, 0x65, 0x26, 0x69, 0x56, 0x7C, 0x76,
    0xBD, 0xEF, 0x50, 0x16, 0xEB, 0xE0, 0x0A, 0x03, 0xC8, 0x3D, 0xF7, 0xFC, 0x7A, 0x0D, 0x02, 0xD3, 0xF7, 0xAD, 0x74, 0xFB, 0xE9, 0x7C, 0xB7, 0x60,
    0x5F, 0x88, 0x81, 0x09, 0x47, 0xCF, 0x13, 0x7E, 0xD9, 0xFF, 0x87, 0xFE, 0x5A, 0xF4, 0xD3, 0x28, 0x38, 0xF4, 0xA3, 0xE8, 0x9F, 0x81, 0xDE, 0x80,
    0xE9, 0x14, 0x1E, 0xC6, 0x0B, 0x37, 0x61, 0x1C, 0x1A, 0x7A, 0xB6, 0xCB, 0xDF, 0x52, 0x85, 0xDF, 0xBF, 0xEC, 0x89, 0x3F, 0xF5, 0xC4, 0xF4, 0xEB,
    0xE9, 0xC0, 0x1F, 0xEC, 0xF9, 0x1F, 0x38, 0xFD, 0x03, 0x66, 0xFB, 0x8F, 0xD4, 0x96, 0x4E, 0xC9, 0xD0, 0xA7, 0x5B, 0x17, 0xAF, 0x10, 0x76, 0xDA,
    0x73, 0x65, 0x51, 0x32, 0x7C, 0xFC, 0x8A, 0x4E, 0xF4, 0x0E, 0x6E, 0xA1, 0x0D, 0xC5, 0xB8, 0x1F, 0x5A, 0x19, 0x91, 0x37, 0x7A, 0x44, 0xC3, 0x34,
    0x20, 0xAD, 0xCC, 0xC1, 0x82, 0x9E, 0xB5, 0x4B, 0xCD, 0xBB, 0x31, 0xF8, 0x7B, 0x71, 0x6B, 0x0D, 0x3B, 0x50, 0xCC, 0x22, 0xB3, 0xC0, 0x9D, 0xA1,
    0xB7, 0xE4, 0x05, 0xC7, 0x3F, 0x53, 0x76, 0x69, 0x7F, 0x5D, 0x66, 0x87, 0x9B, 0xE1, 0xCD, 0x83, 0x47, 0xD0, 0xB2, 0xAA, 0x54, 0x27, 0x99, 0x92,
    0xF2, 0xF2, 0x58, 0xD9, 0x82, 0x08, 0x04, 0x7B, 0x84, 0x09, 0xED, 0x8F, 0x4F, 0x58, 0xF8, 0xBF, 0x03, 0xB3, 0x2B, 0xFE, 0xA7, 0xF1, 0x4C, 0x59,
    0x62, 0x48, 0x96, 0x57, 0xE4, 0x32, 0x60, 0xC2, 0x00, 0x45, 0x04, 0x65, 0x79, 0xC2, 0x00, 0x15, 0x1A, 0x19, 0x44, 0x6A, 0x0E, 0x26, 0xE8, 0x7D,
    0x5E, 0x00, 0x39, 0x45, 0x1C, 0x11, 0x2C, 0xE4, 0x28, 0x05, 0x1C, 0x85, 0x55, 0x2C, 0xCC, 0x0B, 0x28, 0x50, 0xA4, 0xF4, 0x39, 0x73, 0x46, 0x82,
    0x57, 0xBA, 0x37, 0x17, 0xD1, 0x08, 0x45, 0xE8, 0x41, 0x2E, 0xB4, 0x04, 0xFB, 0x97, 0x9B, 0x57, 0x48, 0x06, 0x51, 0xA9, 0xE9, 0x1B, 0x07, 0xA5,
    0x67, 0xCD, 0x47, 0x52, 0x26, 0xF0, 0xD2, 0x05, 0xD4, 0xD2, 0xD7, 0x64, 0x3B, 0xB9, 0x07, 0xBD, 0xF5, 0x70, 0xEB, 0x0E, 0xFD, 0xAC, 0xD5, 0x04,
    0xD8, 0x49, 0x0D, 0x72, 0xF9, 0x5A, 0x71, 0xA4, 0x15, 0x81, 0xE3, 0x00, 0x5C, 0x0A, 0xD5, 0xF6, 0xCF, 0xC7, 0x78, 0x2F, 0xD6, 0x78, 0xBC, 0x6E,
    0x9B, 0xCF, 0x87, 0xFF, 0xB5, 0x3B, 0x7A, 0x92, 0xCF, 0x45, 0xFF, 0xD2, 0x1B, 0xD3, 0x29, 0x21, 0xE7, 0x95, 0x47, 0x34, 0xE3, 0x19, 0x1F, 0x3C,
    0x17, 0x83, 0xE3, 0x78, 0xD1, 0x25, 0x9D, 0x44, 0x48, 0x9B, 0x07, 0xA8, 0x80, 0xA0, 0xF7, 0xC5, 0x19, 0xDB, 0x1B, 0xAB, 0xE7, 0xC1, 0x60, 0x09,
    0x00, 0xB9, 0x0C, 0xBA, 0x76, 0x47, 0xA2, 0x28, 0x08, 0x20, 0x89, 0xB3, 0x9F, 0xC1, 0x56, 0x4C, 0xF5, 0x8F, 0xED, 0x59, 0xAC, 0xB3, 0xD8, 0x21,
    0xC2, 0x30, 0x23, 0x0A, 0xA5, 0x78, 0xAB, 0xAB, 0xC7, 0xAD, 0xC7, 0x79, 0x32, 0xE7, 0x07, 0xC5, 0x7E, 0xB8, 0xB7, 0x39, 0x05, 0x98, 0x4C, 0x5A,
    0xFF, 0x44, 0xF9, 0x6D, 0xD5, 0x85, 0x53, 0xCC, 0x8A, 0xC1, 0x09, 0x80, 0x9A, 0xCA, 0xDB, 0x72, 0xD3, 0x83, 0xAF, 0xDE, 0x6D, 0x43, 0x54, 0xF9,
    0x12, 0x96, 0xA0, 0xAE, 0x60, 0xD8, 0x78, 0x34, 0x9B, 0xF5, 0x66, 0x92, 0x39, 0x55, 0xAD, 0x92, 0x65, 0x39, 0xE6, 0xC7, 0x8D, 0x9E, 0x10, 0x64,
    0x35, 0x86, 0x84, 0x11, 0x05, 0x14, 0x4B, 0x33, 0x9A, 0x10, 0x55, 0xB4, 0xC8, 0x7C, 0x00, 0x3C, 0x2F, 0xC2, 0xC1, 0x92, 0x46, 0x18, 0xD8, 0xC0,
    0xA7, 0x19, 0x9B, 0x37, 0x36, 0xE3, 0x1D, 0x11, 0x54, 0xF6, 0x73, 0x24, 0x51, 0x48, 0x7F, 0x4B, 0x9E, 0xC9, 0x5C, 0x9F, 0x0D, 0x78, 0xE7, 0x46,
    0xBE, 0x1F, 0xC3, 0xD0, 0x5E, 0x5E, 0x7A, 0xE7, 0x09, 0x50, 0xF5, 0xA3, 0xA2, 0xC7, 0x45, 0xE9, 0x5E, 0xA5, 0x8F, 0xF1, 0xF7, 0x9D, 0x8C, 0xA8,
    0x2B, 0x3B, 0x57, 0xAE, 0x88, 0xE2, 0x96, 0x0F, 0xCC, 0x78, 0x34, 0x96, 0x0D, 0x6C, 0xD1, 0x3A, 0xE8, 0xBF, 0xF8, 0x8C, 0x6C, 0x7F, 0x0D, 0x0D,
    0xEA, 0x2D, 0x7C, 0x72, 0x73, 0x70, 0x13, 0x1A, 0xA1, 0x31, 0x24, 0x80, 0x5F, 0xFF, 0xFD, 0xC9, 0xBE, 0xD6, 0x1C, 0x1A, 0xB1, 0x85, 0x59, 0x74,
    0xC4, 0x3C, 0x1C, 0x86, 0x0A, 0xE3, 0xB7, 0x3F, 0xBC, 0x2C, 0x1B, 0x0A, 0x4D, 0xC2, 0x8F, 0x82, 0x9F, 0x3C, 0xF9, 0xA8, 0xD2, 0xC7, 0x62, 0xDB,
    0x99, 0x9D, 0x7B, 0xD6, 0x8E, 0xDB, 0xF1, 0x04, 0x38, 0x9B, 0x6C, 0x63, 0x9F, 0x50, 0x19, 0x5C, 0x62, 0x17, 0x21, 0xE7, 0xCC, 0xC5, 0xCF, 0x1F,
    0xA0, 0xF6, 0xC5, 0x57, 0xA5, 0xEF, 0xF8, 0x47, 0xE2, 0x74, 0x43, 0x44, 0x23, 0x54, 0x4B, 0x90, 0xFB, 0x81, 0xD3, 0xE9, 0x12, 0x41, 0x5F, 0x10,
    0x54, 0xC4, 0x0C, 0x40, 0x8B, 0x61, 0x4B, 0x37, 0xFE, 0x7A, 0xC8, 0xD2, 0xC7, 0xE9, 0x36, 0xF0, 0x12, 0xCC, 0x70, 0x07, 0x52, 0x4A, 0x05, 0x21,
    0x8A, 0xFE, 0x3C, 0x0B, 0x16, 0x42, 0x85, 0x90, 0x7A, 0x0F, 0x17, 0x2B, 0xF3, 0xFE, 0xDF, 0x71, 0x0A, 0x14, 0xFC, 0xA9, 0x31, 0xD2, 0x8F, 0x4B,
    0xB8, 0xEC, 0xEE, 0x41, 0x1A, 0xFA, 0x4A, 0x58, 0x4A, 0xE1, 0xF7, 0x92, 0x0F, 0xCA, 0x49, 0xF4, 0xD8, 0x5B, 0x88, 0x30, 0xED, 0x81, 0xF9, 0x83,
    0x83, 0x38, 0x44, 0xAE, 0x17, 0xB1, 0x75, 0x3E, 0x57, 0xB4, 0x1C, 0x78, 0x4E, 0x23, 0xBE, 0x04, 0xB9, 0x0A, 0x05, 0x85, 0x2A, 0x12, 0x8C, 0xD7,
    0xC4, 0x63, 0x29, 0xD3, 0x6F, 0x20, 0x7E, 0x3A, 0xCE, 0x14, 0xF2, 0xF4, 0x55, 0x6F, 0x3C, 0xF1, 0x44, 0x8E, 0xFA, 0x2F, 0x0A, 0x1C, 0xF1, 0xED,
    0x29, 0x80, 0x36, 0x00, 0x4F, 0x14, 0xE3, 0xE7, 0xF9, 0x48, 0x04, 0x03, 0xF0, 0x2A, 0xEB, 0xE0, 0xE6, 0xA2, 0x13, 0x4F, 0x09, 0x5A, 0x06, 0x90,
    0x48, 0x2A, 0x14, 0x6A, 0x98, 0x10, 0x3D, 0x24, 0xC8, 0x45, 0xDE, 0xAC, 0xDA, 0xEE, 0xC3, 0xE8, 0x9A, 0xC0, 0xA6, 0x1E, 0xC2, 0x80, 0xC1, 0xCE,
    0x32, 0x41, 0x14, 0x6B, 0xC8, 0xF7, 0xAB, 0xE4, 0x90, 0x9E, 0xDE, 0xB6, 0x22, 0x88, 0x30, 0x96, 0xF6, 0x63, 0x39, 0x97, 0x1F, 0xD6, 0xA0, 0x19,
    0xB3, 0x4A, 0x8C, 0xDC, 0x1F, 0x80, 0x5F, 0xB5, 0x0A, 0x98, 0x6B, 0x99, 0x71, 0x07, 0x84, 0xB1, 0x7C, 0xD0, 0xDB, 0xAF, 0xF5, 0x72, 0x98, 0x7F,
    0x01, 0x15, 0x28, 0x39, 0xA0, 0xB0, 0x9F, 0xE1, 0x5F, 0xFA, 0xF2, 0xF0, 0xFA, 0x7F, 0xC8, 0xA1, 0x89, 0x8A, 0xD3, 0x8C, 0x90, 0x0D, 0x69, 0xBA,
    0xA9, 0x11, 0xDC, 0xA5, 0x12, 0x7D, 0x3F, 0x82, 0x53, 0xF0, 0x57, 0x7D, 0x12, 0xE7, 0xF4, 0x33, 0x2A, 0xA9, 0xF5, 0xFE, 0x7C, 0xC1, 0x77, 0xB9,
    0x7A, 0xBE, 0xD9, 0x13, 0x58, 0x4E, 0xFE, 0x6D, 0xF4, 0x05, 0xD9, 0xD2, 0x17, 0x97, 0x05, 0x81, 0x01, 0x05, 0x72, 0x36, 0x88, 0x99, 0x23, 0xF8,
    0x9B, 0x76, 0xB4, 0x5B, 0x8E, 0xA4, 0x8F, 0xAB, 0xEF, 0x60, 0xA9, 0xC9, 0xD6, 0x7E, 0xE4, 0xDA, 0xB4, 0xAB, 0xE0, 0x9E, 0xE8, 0x71, 0x0A, 0x51,
    0xA0, 0x33, 0xDC, 0x9D, 0x44, 0x17, 0x17, 0x24, 0x94, 0x21, 0x40, 0x44, 0xE2, 0x6D, 0xD3, 0xF0, 0x51, 0x73, 0xC5, 0xF7, 0xC4, 0xBC, 0x92, 0xB8,
    0x8E, 0x96, 0xAE, 0x4A, 0x3E, 0x19, 0x73, 0xA4, 0x1B, 0xA7, 0x09, 0x4F, 0xF7, 0x17, 0x90, 0x6B, 0xD4, 0xC3, 0x3B, 0x16, 0x48, 0xA4, 0x59, 0x18,
    0xD0, 0xAB, 0x80, 0x70, 0x60, 0x3B, 0x36, 0x0A, 0x8F, 0xC1, 0x58, 0x12, 0xFF, 0xA2, 0x37, 0x1E, 0x61, 0x53, 0x41, 0xD6, 0x3A, 0xB9, 0x39, 0x5C,
    0x33, 0xAD, 0xEF, 0xE2, 0x70, 0x7D, 0x30, 0x13, 0xDB, 0xFD, 0xF0, 0xC7, 0x9A, 0x1B, 0x16, 0x94, 0x71, 0x15, 0x1C, 0x7E, 0xB8, 0x5C, 0x33, 0x67,
    0x7E, 0xCE, 0xB2, 0xCF, 0xD7, 0x8A, 0x94, 0x2A, 0x84, 0x56, 0x3D, 0x9B, 0x07, 0xF8, 0x1C, 0xFF, 0x88, 0xF7, 0xE6, 0xA6, 0xB1, 0x5D, 0x61, 0x3F,
    0x68, 0x88, 0x07, 0xC3, 0x7E, 0x25, 0xFF, 0x0C, 0xC6, 0xC7, 0xA5, 0xD6, 0xB3, 0x67, 0x00, 0x4A, 0xC0, 0x87, 0xC4, 0x37, 0x68, 0x4D, 0x7B, 0x07,
    0x27, 0x4B, 0x86, 0x30, 0x4C, 0x6C, 0x4B, 0xF6, 0x8C, 0x9E, 0xAE, 0x4F, 0xFA, 0x08, 0x0E, 0x34, 0x78, 0xE2, 0xA6, 0x93, 0xF5, 0xBB, 0x78, 0x38,
    0xB2, 0x95, 0x3A, 0xEC, 0x35, 0x11, 0x40, 0x8C, 0x10, 0xC4, 0x18, 0x47, 0x00, 0x61, 0x04, 0xC1, 0x62, 0x80, 0x30, 0x82, 0x00, 0x00, 0x00, 0x20,
    0x80, 0x30, 0x82, 0x00, 0x21, 0xE4, 0x08, 0x62, 0x80, 0x10, 0x42, 0x20, 0x80, 0x00, 0x62, 0xA4, 0x18, 0x20, 0x8C, 0x20, 0x00, 0x00, 0x00, 0x08,
    0xA0, 0x42, 0x84, 0x40, 0x00, 0x01, 0xC4, 0x08, 0x41, 0x8C, 0x71, 0x04, 0x10, 0x46, 0x10, 0x20, 0x84, 0x90, 0x22, 0x04, 0x31, 0xC0, 0x18, 0x00,
    0x08, 0x23, 0x8C, 0x10, 0xC4, 0x18, 0xE3, 0x00, 0x61, 0x14, 0x00, 0x61, 0x84, 0x11, 0x04, 0x08, 0x21, 0x84, 0x00, 0x08, 0x20, 0x46, 0x83, 0x01,
    0xC2, 0x08, 0x02, 0x00, 0x00, 0x80, 0x00, 0xC2, 0x08, 0x36, 0xBC, 0x90, 0x22, 0x84, 0x32, 0xC2, 0x08, 0x02, 0x84, 0x10, 0x42, 0x00, 0x31, 0x06,
    0x18, 0x40, 0x00, 0x61, 0x04, 0x01, 0x42, 0xC8, 0x11, 0xC4, 0x00, 0x21, 0x84, 0x40, 0x00, 0x01, 0xC4, 0x08, 0x41, 0x8C, 0x71, 0x04, 0x10, 0x36,
    0x02, 0x10, 0x40, 0x18, 0x41, 0x80, 0x10, 0x42, 0x08, 0x80, 0x00, 0x62, 0x04, 0x31, 0x20, 0x04, 0x31, 0x40, 0x08, 0x21, 0x10, 0x40, 0x00, 0x31,
    0x42, 0x10, 0x63, 0x1C, 0x09, 0x63, 0x80, 0x01, 0x04, 0x10, 0x46, 0x10, 0x20, 0x06, 0x63, 0x19, 0x40, 0x38, 0x61, 0x84, 0x20, 0xC6, 0x18, 0x07,
    0xC5, 0x18, 0x60, 0x00, 0x01, 0x84, 0x11, 0x04, 0x08, 0x21, 0x84, 0x0C, 0x00, 0x00, 0x00, 0x80, 0x00, 0xC2, 0x08, 0x02, 0x84, 0x10, 0x52, 0x84,
    0x20, 0x06, 0x18, 0x03, 0x00, 0x61, 0x84, 0x11, 0x82, 0x18, 0x07, 0x42, 0x10, 0x03, 0x8C, 0x01, 0x80, 0x30, 0xC2, 0x08, 0x41, 0x8C, 0x71, 0x23,
    0x04, 0x31, 0xC0, 0x18, 0x00, 0x08, 0x23, 0x8C, 0x10, 0xC4, 0x38, 0x10, 0x82, 0x18, 0x60, 0x8C, 0x04, 0x64, 0x14, 0x01, 0x42, 0x28, 0x9C, 0x21,
    0xC2, 0x28, 0x23, 0x04, 0x31, 0xC6, 0x38, 0x28, 0xC6, 0x00, 0x03, 0x08, 0x20, 0x8C, 0x20, 0x40, 0x54, 0x0C, 0x66, 0x00, 0xE1, 0x84, 0x11, 0x82,
    0x18, 0x63, 0x9C, 0x00, 0x00, 0x00, 0x00, 0x04, 0x10, 0x46, 0x30, 0x30, 0x40, 0x18, 0x41, 0x00, 0x00, 0x00, 0x10, 0x40, 0x85, 0x08, 0x81, 0x00,
    0x02, 0x88, 0x11, 0x82, 0x80, 0x20, 0x06, 0x08, 0x21, 0x04, 0x02, 0x08, 0x8A, 0x00, 0x04, 0x10, 0x46, 0x10, 0x20, 0x84, 0x90, 0x22, 0x04, 0x31,
    0xC0, 0x18, 0x00, 0x08, 0x23, 0x8C, 0x08, 0x03, 0x84, 0x11, 0x04, 0x00, 0x00, 0x00, 0x81, 0x41, 0x84, 0x10, 0x00, 0x01, 0xC4, 0x08, 0x62, 0x80,
    0x01, 0x21, 0x88, 0x01, 0xC6, 0x00, 0x28, 0xC6, 0x00, 0x03, 0x08, 0x20, 0x8C, 0x20, 0x58, 0x0C, 0x10, 0x46, 0x10, 0x00, 0x00, 0x00, 0x04, 0x10,
    0x36, 0x02, 0x10, 0x40, 0x18, 0x41, 0x80, 0x10, 0x42, 0x08, 0x80, 0xB1, 0xC6, 0x8B, 0x80, 0x12, 0x46, 0x31, 0x8E, 0x5C, 0x7A, 0xB3, 0xCE, 0xDC,
    0x9D, 0x75, 0x7C, 0x39, 0xB4, 0x3E, 0x50, 0x50, 0x2F, 0x6C, 0xFE, 0x67, 0x89, 0x8D, 0x55, 0xA2, 0xDF, 0xF8, 0xE6, 0x29, 0xCE, 0x9E, 0x55, 0x7A,
    0x94, 0xB6, 0xB5, 0xB3, 0x4E, 0xA3, 0x1D, 0x7C, 0x9D, 0xAF, 0xBA, 0xF5, 0xA8, 0xEC, 0x61, 0xB0, 0xE0, 0xA3, 0x06, 0xEB, 0x5A, 0x27, 0x95, 0xAF,
    0xEA, 0xD4, 0x93, 0xDD, 0x53, 0x8E, 0xFC, 0x18, 0x7B, 0x45, 0x6C, 0xFC, 0xBC, 0xF1, 0x56, 0xAF, 0xBA, 0xF1, 0xC6, 0x59, 0x1B, 0x61, 0x62, 0x38,
    0x6F, 0x1D, 0xD1, 0xA0, 0xBD, 0xF7, 0x84, 0x71, 0x30, 0x82, 0x11, 0x46, 0xAE, 0x2A, 0xD3, 0x9D, 0xDF, 0x62, 0x5C, 0x3E, 0x49, 0xA4, 0x7D, 0x6E,
    0x72, 0x49, 0x90, 0xFF, 0x57, 0x7F, 0xE2, 0x57, 0x6F, 0x23, 0x94, 0xFA, 0x84, 0x27, 0xAB, 0x4F, 0xB3, 0x2F, 0xA2, 0x23, 0x90, 0xA8, 0x97, 0x21,
    0xD1, 0x56, 0xE8, 0x8B, 0x3F, 0x0C, 0x3D, 0x24, 0xFE, 0x38, 0x49, 0xC9, 0x09, 0x5B, 0x6E, 0x94, 0x30, 0x28, 0xB4, 0x66, 0x76, 0xA5, 0xD6, 0xB9,
    0x61, 0x66, 0xCF, 0xA6, 0xD1, 0x1D, 0xB4, 0xD8, 0x4B, 0xAF, 0xDB, 0x11, 0xB4, 0xB6, 0x78, 0x0F, 0x4A, 0x46, 0x95, 0x7F, 0x53, 0x06, 0x45, 0x6F,
    0x45, 0x60, 0x17, 0x2F, 0x82, 0x04, 0x66, 0x33, 0x7A, 0xEC, 0xE0, 0xFC, 0x85, 0xD8, 0xBB, 0xE6, 0x15, 0xAC, 0xB7, 0x24, 0x4A, 0xE3, 0x2C, 0x49,
    0xDA, 0x86, 0x7A, 0x3F, 0xE6, 0x97, 0x0C, 0x52, 0x2B, 0xDC, 0x18, 0xE0, 0xF1, 0xA2, 0x17, 0x12, 0x88, 0xC0, 0x9B, 0x1B, 0xCB, 0xD0, 0x60, 0x7D,
    0x43, 0x94, 0x29, 0xCC, 0xDE, 0x98, 0x10, 0x2A, 0x48, 0xB3, 0x64, 0xE5, 0x8E, 0x0A, 0x03, 0x5C, 0x59, 0x40, 0x4E, 0x88, 0x0A, 0x90, 0x44, 0x43,
    0x79, 0xA7, 0x82, 0x93, 0x62, 0x87, 0x80, 0x1B, 0xC2, 0xAE, 0xC6, 0x1B, 0xF3, 0x6E, 0x41, 0x93, 0xC2, 0x6C, 0x0D, 0x0E, 0x89, 0x03, 0x38, 0x62,
    0x84, 0xB0, 0xBB, 0x31, 0x43, 0xAC, 0x39, 0x56, 0xAA, 0x11, 0x3B, 0x6B, 0xC6, 0x88, 0x40, 0x41, 0x12, 0xB4, 0x59, 0x01, 0x37, 0xAE, 0xC9, 0x90,
    0x31, 0x27, 0xA8, 0x55, 0xF9, 0x80, 0xB5, 0xA9, 0xD2, 0x71, 0xDF, 0x38, 0x22, 0xBF, 0x5A, 0x7D, 0x73, 0xB9, 0x73, 0xB6, 0xDA, 0xCE, 0xD9, 0x57,
    0xD7, 0xBD, 0xB6, 0x4A, 0xCD, 0xB8, 0x18, 0xFA, 0xA5, 0xFC, 0x7B, 0xFE, 0xB5, 0xFF, 0x37, 0x76, 0xAD, 0xDC, 0xF7, 0xFC, 0x75, 0x42, 0x4B, 0x7D,
    0xFD, 0x3F, 0xFD, 0xB5, 0x5E, 0x69, 0xF7, 0x8E, 0x39, 0xA7, 0x4E, 0xEB, 0x9B, 0x7D, 0x69, 0xA9, 0xC7, 0xC8, 0xEC, 0xE2, 0xE8, 0x18, 0x4B, 0xCE,
    0x3B, 0x6A, 0xA6, 0x88, 0x9A, 0x73, 0x42, 0x24, 0x24, 0x19, 0x22, 0x68, 0xE6, 0x8C, 0x8D, 0xA4, 0x72, 0xB2, 0x5C, 0xF9, 0xF2, 0xC6, 0x4E, 0x89,
    0x15, 0x73, 0x59, 0x75, 0x99, 0x61, 0x62, 0x71, 0x76, 0x5D, 0x23, 0x86, 0xDB, 0x77, 0xB5, 0x1D, 0x79, 0x73, 0xD6, 0x41, 0x96, 0x23, 0xAD, 0x97,
    0x9D, 0x97, 0xB3, 0x9E, 0x1C, 0xEF, 0x7B, 0x47, 0x8D, 0x37, 0x96, 0xD4, 0xB6, 0x22, 0x23, 0x76, 0x97, 0x0E, 0x85, 0x29, 0x40, 0xD6, 0x98, 0x12,
    0x2E, 0x48, 0xB3, 0x04, 0x99, 0x60, 0x85, 0x90, 0x9C, 0xAD, 0x13, 0x56, 0x0A, 0x25, 0x33, 0x0E, 0x65, 0x3F, 0x65, 0x67, 0x29, 0x0C, 0xB4, 0x6D,
    0x21, 0xFC, 0x9D, 0x60, 0x1A, 0x5E, 0x98, 0x62, 0xA0, 0x78, 0x73, 0xDC, 0xAD, 0x61, 0x61, 0x1A, 0xA9, 0xF1, 0x66, 0x3C, 0x4C, 0x91, 0xC7, 0xBC,
    0x41, 0xB2, 0x98, 0x2D, 0xA6, 0x9A, 0x7E, 0xF3, 0x9D, 0x57, 0x41, 0x9D, 0xF0, 0xB2, 0xD2, 0x8D, 0x86, 0x62, 0x4D, 0x9F, 0x78, 0x67, 0x36, 0x9A,
    0x5F, 0x39, 0x31, 0xDE, 0xFF, 0xFD, 0xED, 0xDF, 0xCD, 0x6A, 0x23, 0xEA, 0xB9, 0xDB, 0x68, 0x15, 0x8D, 0x80, 0x66, 0x44, 0xD9, 0xD0, 0xC5, 0x4B,
    0x1B, 0x69, 0xB2, 0x86, 0x19, 0x6C, 0x26, 0xC8, 0x08, 0xA7, 0x6B, 0x85, 0x05, 0xC5, 0x01, 0x27, 0xAF, 0xF9, 0xCE, 0x60, 0x34, 0x5C, 0xB9, 0xB3,
    0xEC, 0x68, 0xFF, 0xEF, 0xF4, 0x5A, 0x79, 0xEB, 0xE8, 0x79, 0xBF, 0x67, 0xE9, 0x73, 0xE9, 0x72, 0xB6, 0xB7, 0xCA, 0xF3, 0x8E, 0x7A, 0xDD, 0xCB,
    0x8B, 0xDB, 0x1D, 0x15, 0x70, 0x59, 0x69, 0x67, 0x3C, 0x8B, 0xDE, 0xF8, 0xDB, 0xDB, 0xA6, 0x59, 0xAB, 0xC6, 0xDD, 0x32, 0x55, 0x5E, 0xC7, 0x4F,
    0xD3, 0x88, 0x46, 0x37, 0x3A, 0xAB, 0xBB, 0x04, 0x40, 0x71, 0x10, 0xB8, 0x2A, 0x76, 0x68, 0xF6, 0xE9, 0xA6, 0x43, 0x3C, 0x69, 0x31, 0x74, 0x03,
    0x22, 0xB4, 0x06, 0xE2, 0x44, 0x6D, 0x36, 0x0B, 0xB1, 0x73, 0x3E, 0xD8, 0xEB, 0x98, 0x47, 0xB7, 0x93, 0xF1, 0x7C, 0xB5, 0x9D, 0xB3, 0xEC, 0xAC,
    0xFF, 0x75, 0xF4, 0x5A, 0x39, 0xAE, 0x5D, 0x5B, 0x7F, 0x6A, 0x4F, 0x22, 0x30, 0xD9, 0x57, 0x7C, 0xB1, 0xB2, 0x38, 0x3C, 0x12, 0x75, 0xBB, 0xEF,
    0x5B, 0x84, 0xD0, 0x58, 0xC6, 0x6A, 0x09, 0xC3, 0x5F, 0x07, 0xA2, 0xD3, 0x0F, 0x4C, 0x0F, 0xFB, 0x8F, 0xE1, 0x09, 0xFD, 0x9A, 0x3D, 0xA7, 0xB8,
    0x1F, 0x24, 0x2C, 0x48, 0x26, 0xA5, 0xE1, 0x3F, 0x51, 0xEB, 0xFE, 0xEA, 0x2F, 0xB3, 0x57, 0x93, 0x25, 0x5A, 0x04, 0x0B, 0x40, 0x88, 0xAC, 0x0C,
    0xD1, 0x61, 0xDE, 0xD8, 0x60, 0xCA, 0x1D, 0x68, 0x53, 0x06, 0x5C, 0x32, 0x10, 0x07, 0x34, 0xB3, 0x7C, 0x85, 0x69, 0x67, 0xA3, 0xB4, 0x8D, 0x71,
    0x2D, 0x18, 0x89, 0x3A, 0x4D, 0x62, 0xC8, 0x1E, 0xE2, 0x78, 0xCF, 0xC8, 0x27, 0x65, 0x4A, 0x80, 0x23, 0x6B, 0xAA, 0x6A, 0x31, 0x98, 0xC1, 0x65,
    0x5C, 0x30, 0x33, 0x68, 0x26, 0xC1, 0x0C, 0xE1, 0x06, 0x38, 0x2F, 0x65, 0xC6, 0xFC, 0xA1, 0xF8, 0xB7, 0x0F, 0x8D, 0x6F, 0x6F, 0x4C, 0xDD, 0x81,
    0x2C, 0xA5, 0xF0, 0x0F, 0x08, 0xCC, 0x1C, 0xC4, 0xFE, 0x40, 0xDD, 0x02, 0x5B, 0xEB, 0xC3, 0x7A, 0xC9, 0x9E, 0x76, 0x6B, 0x8A, 0x87, 0x74, 0x30,
    0x29, 0x6E, 0x04, 0xD0, 0xCC, 0x49, 0x8E, 0x06, 0xD0, 0x6B, 0x05, 0x24, 0x53, 0xC6, 0x7C, 0xE2, 0x04, 0x18, 0xEB, 0x5B, 0x4F, 0xE1, 0xD4, 0xCF,
    0x57, 0x9F, 0xEB, 0xCE, 0x4A, 0x83, 0x7B, 0x2C, 0xE2, 0x6F, 0xE8, 0xA6, 0x2A, 0x6D, 0xF1, 0xAB, 0x51, 0x18, 0x76, 0x27, 0xDE, 0xD0, 0x7C, 0x0B,
    0x27, 0x65, 0x02, 0xC3, 0x4B, 0x5D, 0xF4, 0x6F, 0xEE, 0x1A, 0x44, 0xAE, 0x36, 0xA6, 0x16, 0x22, 0x0C, 0x3C, 0x58, 0x7E, 0x55, 0x37, 0x41, 0x49,
    0x77, 0xE1, 0x73, 0x45, 0x64, 0x6F, 0xC2, 0x22, 0x6C, 0xE4, 0x6C, 0xB8, 0x77, 0x01, 0xF8, 0xF3, 0x75, 0x86, 0xAA, 0xB5, 0x75, 0x7C, 0x84, 0x25,
    0xBD, 0xFD, 0x8B, 0xEF, 0xFF, 0x1F, 0x1C, 0xA7, 0xBB, 0xC0, 0x0C, 0x5E, 0xBC, 0x37, 0x79, 0x67, 0xD1, 0x1A, 0x27, 0xE5, 0xB6, 0x7A, 0x78, 0x88,
    0x93, 0x13, 0xE8, 0x9F, 0xE5, 0x18, 0xD6, 0xC5, 0xC7, 0x4C, 0xA4, 0x7E, 0x5F, 0x7F, 0x21, 0x5E, 0xD8, 0xEE, 0x02, 0xFC, 0x17, 0x4D, 0xE7, 0xDE,
    0xAF, 0x4C, 0x24, 0x94, 0xA6, 0xF6, 0xB0, 0x09, 0x0B, 0x88, 0x8B, 0xD7, 0xB4, 0x1B, 0x05, 0x61, 0xA6, 0x25, 0x58, 0x25, 0xB8, 0x0C, 0xDF, 0x57,
    0x32, 0x31, 0x64, 0xF8, 0xD1, 0x24, 0x58, 0x58, 0x71, 0xC5, 0x57, 0x28, 0x8C, 0xDC, 0x82, 0xCF, 0xD2, 0x0C, 0x87, 0x7B, 0x8F, 0x3E, 0x45, 0xB0,
    0xF7, 0x28, 0xCC, 0xA1, 0x31, 0x4C, 0x98, 0x64, 0x6D, 0x22, 0x0F, 0x75, 0x45, 0x8B, 0xF1, 0xD8, 0x3D, 0x3D, 0x3A, 0x87, 0xB2, 0x2A, 0xD7, 0x8C,
    0xE7, 0xD9, 0x81, 0x00, 0xFB, 0x72, 0xC8, 0x63, 0x40, 0x94, 0x5E, 0xE0, 0x02, 0x66, 0x31, 0x78, 0xEE, 0x3D, 0xE4, 0x08, 0xF8, 0x94, 0x0D, 0x38,
    0x55, 0x1E, 0x27, 0x90, 0x6B, 0xDE, 0x74, 0xEF, 0x34, 0xA8, 0x23, 0xA0, 0xBF, 0x51, 0x07, 0x9E, 0xA1, 0x72, 0x83, 0x6E, 0x9F, 0xE9, 0x1E, 0x4C,
    0x30, 0x7B, 0xA6, 0x60, 0x91, 0xA4, 0xD1, 0x6A, 0x41, 0xDA, 0xB8, 0x4E, 0xC5, 0xE2, 0x6D, 0x45, 0x05, 0x17, 0x70, 0x51, 0x21, 0x0B, 0x5D, 0x1F,
    0x65, 0xAC, 0x87, 0x0B, 0x5C, 0x4E, 0xC4, 0x1C, 0x3B, 0x35, 0xDF, 0x48, 0x41, 0x99, 0xBE, 0xBE, 0x6C, 0xC0, 0x3D, 0x45, 0x29, 0xFE, 0x5A, 0xD9,
    0x5C, 0xF9, 0x86, 0xFA, 0x82, 0xD6, 0xC5, 0x12, 0xA4, 0xC3, 0x0C, 0xEB, 0x07, 0x78, 0x6E, 0xF5, 0xDD, 0x13, 0x7B, 0x34, 0x96, 0xBE, 0xB2, 0xFC,
    0x6B, 0x7A, 0xE1, 0x64, 0xFB, 0x5D, 0xF4, 0xDA, 0xE0, 0x95, 0xB8, 0x73, 0x6D, 0xAF, 0x81, 0x71, 0xD3, 0xF6, 0x1A, 0xED, 0xF6, 0x13, 0xF1, 0x1B,
    0x95, 0xDB, 0x42, 0x4D, 0xDF, 0x28, 0x61, 0xBA, 0xF9, 0xCA, 0x25, 0xBF, 0x9C, 0xA0, 0x1D, 0xAE, 0x7E, 0x5F, 0xD9, 0x3E, 0xEA, 0x72, 0xFC, 0xEA,
    0x1F, 0x81, 0xBA, 0xA2, 0x0A, 0x2B, 0x99, 0x61, 0xC3, 0x25, 0x9E, 0x8C, 0x3E, 0x13, 0x7D, 0xAA, 0x56, 0x0C, 0xE0, 0x6F, 0x8B, 0x26, 0x9E, 0x96,
    0xDB, 0xA6, 0x8E, 0x95, 0xB8, 0x07, 0xB2, 0x41, 0x08, 0x42, 0xFA, 0x7C, 0xDB, 0x9B, 0xF7, 0xDF, 0x16, 0x4F, 0xB2, 0xDF, 0x9D, 0x9E, 0xFD, 0x40,
    0x1C, 0x26, 0xA5, 0xEF, 0x96, 0xB4, 0x6F, 0x63, 0x8F, 0x79, 0xF9, 0x49, 0xC6, 0x82, 0x52, 0xD4, 0x77, 0x82, 0x99, 0xB3, 0x02, 0xBA, 0xC1, 0x39,
    0x19, 0x56, 0x44, 0xAE, 0x75, 0x9F, 0xCE, 0x14, 0x30, 0x86, 0x86, 0x58, 0xD6, 0x6D, 0x88, 0x33, 0xF6, 0xB8, 0x12, 0x93, 0x3A, 0xE7, 0x7F, 0xB1,
    0xF3, 0x32, 0x51, 0xD2, 0xEE, 0xD9, 0xE8, 0x9E, 0x63, 0x84, 0xD1, 0xBF, 0x47, 0x27, 0xBE, 0x46, 0x86, 0x8B, 0x96, 0x52, 0xD7, 0x34, 0x63, 0x77,
    0xC5, 0x58, 0xCC, 0xAB, 0x0D, 0xDE, 0xEC, 0xB0, 0xDA, 0x6B, 0xD1, 0x42, 0x27, 0x94, 0x38, 0xB2, 0x34, 0x5F, 0x06, 0x35, 0x3B, 0x59, 0xB4, 0x8C,
    0xCF, 0x14, 0x54, 0x9C, 0x76, 0x14, 0x9F, 0xB0, 0xCD, 0x74, 0x7B, 0x36, 0x3B, 0x15, 0xE6, 0x85, 0x46, 0x5B, 0x2A, 0x42, 0x4F, 0x9B, 0x79, 0x44,
    0xF3, 0xB5, 0x25, 0x37, 0x39, 0x76, 0x2C, 0x08, 0x82, 0x61, 0x27, 0x30, 0x9B, 0x25, 0x62, 0x0C, 0x2B, 0x4A, 0x52, 0x20, 0x6D, 0x76, 0x0C, 0x19,
    0x1F, 0x82, 0x71, 0xD0, 0xB8, 0xF6, 0xF3, 0x53, 0x8C, 0x38, 0xF2, 0x9E, 0x36, 0x87, 0x9B, 0xB7, 0x62, 0xE5, 0xA9, 0xC0, 0xD9, 0x46, 0x1D, 0x56,
    0x45, 0x85, 0xAD, 0x67, 0xF5, 0x3D, 0x35, 0x15, 0x36, 0xFF, 0x36, 0x7D, 0xF7, 0x70, 0xC6, 0xD7, 0xD3, 0xEA, 0xB7, 0xAD, 0x43, 0xEF, 0x25, 0xE8,
    0x9F, 0x2B, 0x48, 0x87, 0x47, 0x94, 0x19, 0x28, 0x26, 0xA7, 0x2A, 0x2D, 0x8C, 0x5A, 0x37, 0x96, 0x38, 0x3D, 0x1E, 0xD8, 0x7E, 0x2A, 0x98, 0x4B,
    0xC8, 0x08, 0xA4, 0x30, 0xB7, 0x50, 0x81, 0x13, 0x4B, 0xDD, 0x5E, 0x6C, 0x25, 0x3B, 0xBD, 0x61, 0xE3, 0xF7, 0xFD, 0x32, 0x93, 0xFC, 0xA5, 0x86,
    0x6A, 0xAE, 0xA8, 0xA7, 0x49, 0xE9, 0x38, 0xBE, 0xC0, 0x16, 0xE8, 0xC2, 0xF6, 0xB5, 0x8A, 0xB3, 0xFB, 0xB1, 0x64, 0x04, 0x07, 0xB2, 0xC3, 0x22,
    0x95, 0x80, 0x79, 0x76, 0x4F, 0x5F, 0xF6, 0xD7, 0x77, 0xFD, 0x8F, 0xAA, 0x86, 0x86, 0x15, 0xF0, 0x1B, 0xD4, 0xBF, 0x15, 0x75, 0x62, 0xA5, 0x8B,
    0x3A, 0x58, 0x91, 0xA6, 0x97, 0xE9, 0xF7, 0x35, 0xCF, 0xFC, 0x95, 0xDA, 0x0E, 0x0D, 0xBC, 0x7D, 0x30, 0xBA, 0x05, 0x7A, 0xED, 0x6C, 0x7E, 0xA4,
    0x9E, 0xD3, 0x38, 0x37, 0x9A, 0x32, 0x06, 0x83, 0x29, 0xD1, 0xB6, 0x66, 0x42, 0xF1, 0x86, 0x1B, 0x77, 0x22, 0x4F, 0x32, 0xD9, 0x76, 0x7A, 0x91,
    0x19, 0x38, 0xE8, 0xB5, 0x58, 0x47, 0x11, 0x34, 0x06, 0xE3, 0x3F, 0x7D, 0x3B, 0x8B, 0x13, 0x37, 0x55, 0x80, 0x3D, 0xBA, 0xA7, 0x83, 0xAE, 0x8D,
    0xF8, 0x9F, 0x9F, 0x16, 0x47, 0x7C, 0xE2, 0x74, 0x4D, 0x40, 0xC9, 0xBC, 0x80, 0x39, 0xCB, 0xEA, 0xB3, 0x9D, 0x9D, 0x00, 0x9D, 0xC5, 0x7B, 0xBE,
    0xE3, 0x04, 0xB7, 0xC5, 0x3C, 0x16, 0xD2, 0xAB, 0x02, 0x7D, 0x26, 0x70, 0x7E, 0xB7, 0x27, 0xA4, 0x6B, 0x42, 0x8F, 0x5D, 0x9B, 0xDF, 0xA0, 0x74,
    0x14, 0x4F, 0xFB, 0x9F, 0xC9, 0x33, 0xEE, 0x1A, 0x47, 0xF8, 0x17, 0x3D, 0x87, 0x99, 0x95, 0x03, 0xD2, 0xDE, 0x77, 0x8D, 0xCD, 0xD4, 0xD0, 0xC1,
    0x6F, 0x67, 0x31, 0xD1, 0x8A, 0x53, 0x21, 0x79, 0x08, 0x3A, 0x27, 0xA8, 0xF7, 0x3A, 0xDD, 0xC2, 0x94, 0x35, 0xA9, 0xE5, 0xAC, 0xDD, 0x68, 0xF1,
    0xB3, 0x7F, 0x46, 0x5A, 0x9C, 0xB9, 0x40, 0x1B, 0xBB, 0x12, 0x86, 0x28, 0x83, 0x92, 0x98, 0x26, 0x3F, 0x2B, 0xB8, 0x5E, 0x06, 0x5A, 0x2E, 0xBF,
    0x32, 0x72, 0x07, 0xC5, 0xAC, 0x5E, 0x44, 0x0C, 0xBD, 0x46, 0xE6, 0xC3, 0xA5, 0xF5, 0x0E, 0x09, 0x08, 0x29, 0xEF, 0xCD, 0xB7, 0xC0, 0xE7, 0x23,
    0x41, 0x7A, 0x2F, 0xA4, 0x3F, 0x83, 0x55, 0x5F, 0xA5, 0xD8, 0x74, 0xEC, 0x28, 0xE7, 0x95, 0x66, 0xC7, 0x31, 0xB7, 0xA6, 0x3F, 0x7E, 0x6C, 0x45,
    0x44, 0x27, 0xD3, 0x18, 0x18, 0x99, 0xB3, 0x9E, 0x8B, 0x11, 0xE7, 0x98, 0xC5, 0xE5, 0x04, 0x66, 0x6E, 0x69, 0xBC, 0x0B, 0x3C, 0x8C, 0x15, 0x14,
    0xBD, 0x1D, 0xFD, 0x04, 0x64, 0x6D, 0x43, 0xF1, 0x56, 0x01, 0xBF, 0x23, 0x46, 0x38, 0x45, 0xA6, 0x43, 0x78, 0xA6, 0xED, 0x8E, 0x3D, 0xD9, 0xA9,
    0xB5, 0xE0, 0x09, 0x4C, 0xE7, 0x66, 0x19, 0xF7, 0x14, 0x8D, 0x58, 0x73, 0x93, 0xAC, 0x34, 0xC7, 0xD1, 0x34, 0xC7, 0x25, 0xF7, 0x69, 0x07, 0xD4,
    0x80, 0xDD, 0x7B, 0x43, 0x59, 0xBB, 0xF1, 0xE3, 0x55, 0x4D, 0xAF, 0xA8, 0xDD, 0xFD, 0x2C, 0xE6, 0xD1, 0xFF, 0xA1, 0xEB, 0x42, 0xD6, 0x0B, 0x36,
    0x7E, 0x3D, 0x8F, 0x9B, 0x08, 0xD0, 0x36, 0xDC, 0x43, 0x21, 0x44, 0xED, 0x84, 0xDB, 0x05, 0xA4, 0x56, 0xDE, 0x9D, 0x59, 0x6C, 0x9F, 0x88, 0xD8,
    0x46, 0xEB, 0x3E, 0x64, 0xAC, 0x51, 0xBD, 0x59, 0xD9, 0x3B, 0xF8, 0x8B, 0x3A, 0x67, 0xF1, 0x68, 0xAB, 0xC3, 0xA1, 0xE0, 0xBA, 0x94, 0x71, 0x00,
    0xFC, 0x7E, 0xE6, 0xF8, 0x98, 0x87, 0x76, 0xA3, 0x56, 0xF7, 0x29, 0xF4, 0x1B, 0x31, 0x6D, 0x4A, 0x3D, 0x10, 0x2D, 0xC5, 0xC2, 0xA2, 0x9E, 0x69,
    0x37, 0x63, 0x63, 0xC3, 0xC2, 0x0B, 0x2B, 0x24, 0x6A, 0xAD, 0x2F, 0x0B, 0x9B, 0x66, 0x4C, 0x2D, 0x9C, 0x13, 0xA8, 0x4F, 0xC0, 0x13, 0xAF, 0x31,
    0x1C, 0xE0, 0x8B, 0xA8, 0xB5, 0xF7, 0x4D, 0xF5, 0x1B, 0x78, 0x40, 0x7B, 0x65, 0x5D, 0x4B, 0x71, 0x6E, 0x62, 0x0C, 0xEF, 0x3D, 0x37, 0xE9, 0x66,
    0x29, 0x5F, 0xFB, 0xF3, 0x23, 0x6E, 0x34, 0xD5, 0x6F, 0xD7, 0x7E, 0x21, 0x89, 0xA7, 0xB0, 0x22, 0xCE, 0x9D, 0x3E, 0xDC, 0x84, 0x22, 0x12, 0x52,
    0xC6, 0x66, 0xDF, 0xEC, 0x48, 0xC2, 0x31, 0x0B, 0x2A, 0xD3, 0x5F, 0x9D, 0xB4, 0xA5, 0x40, 0xB5, 0x42, 0xC0, 0x5B, 0x57, 0xF3, 0x7B, 0x76, 0x43,
    0x3E, 0x93, 0x1E, 0x8A, 0xC7, 0xCE, 0x21, 0x8A, 0x1B, 0x6E, 0x34, 0x36, 0x94, 0xFA, 0x4A, 0x7C, 0x25, 0xE1, 0xE0, 0x81, 0xEE, 0xF6, 0xC3, 0x1F,
    0x6C, 0x55, 0x6C, 0xEC, 0x95, 0x4B, 0xCB, 0x28, 0x51, 0x51, 0x75, 0x88, 0xED, 0xD3, 0xD6, 0x99, 0xC0, 0x5B, 0xC6, 0xFC, 0x72, 0x50, 0xFD, 0xB0,
    0xA3, 0x32, 0x26, 0xD3, 0x42, 0xF0, 0xC0, 0x3E, 0x35, 0xAB, 0xB1, 0x13, 0xA0, 0x77, 0x35, 0xFF, 0xF9, 0xEE, 0x55, 0xB9, 0xFF, 0xE7, 0x09, 0xCB,
    0x07, 0x47, 0xDC, 0x5D, 0x76, 0xD1, 0x05, 0x17, 0xDC, 0x22, 0x39, 0xF6, 0x7D, 0x02, 0xE9, 0x06, 0xA1, 0xCB, 0x85, 0x58, 0x3B, 0xE9, 0x03, 0x17,
    0xD6, 0x22, 0x4F, 0x72, 0x08, 0x60, 0xAA, 0x6D, 0x98, 0xA7, 0xCA, 0xB5, 0xA5, 0x69, 0xC6, 0xD7, 0x77, 0x2E, 0xF9, 0x62, 0x15, 0xEB, 0xCA, 0x8C,
    0x22, 0xA0, 0xD7, 0x31, 0x8A, 0x6E, 0x2B, 0x9E, 0x9B, 0x01, 0xAF, 0x51, 0xDA, 0x68, 0xC0, 0xBE, 0xD6, 0xF9, 0x96, 0xA9, 0x08, 0x73, 0x35, 0xE0,
    0xEE, 0xCE, 0x68, 0x46, 0x11, 0x5D, 0xEE, 0xEE, 0x5E, 0xE5, 0x20, 0xB6, 0xA0, 0x58, 0xB0, 0xD6, 0xD6, 0xA3, 0xDD, 0x75, 0x3E, 0x09, 0x4C, 0x6D,
    0x6B, 0x78, 0xEA, 0xF7, 0x67, 0x8B, 0x71, 0xFA, 0xAE, 0x1E, 0x0D, 0x41, 0x86, 0xEF, 0x55, 0x91, 0x00, 0xCF, 0xDE, 0x46, 0x18, 0x2A, 0x61, 0x69,
    0xCF, 0x1B, 0x79, 0xB3, 0x64, 0xFA, 0xFA, 0x4A, 0xEA, 0xC3, 0xE0, 0xB5, 0xE2, 0x80, 0xB4, 0xB9, 0xCD, 0x45, 0x55, 0xFD, 0xDA, 0x3B, 0x98, 0xA6,
    0xEA, 0x10, 0x46, 0xEA, 0x02, 0xE6, 0x2B, 0xE5, 0x36, 0x17, 0x16, 0x59, 0x0A, 0x3F, 0xF7, 0xE7, 0x9B, 0x37, 0x65, 0xDE, 0x19, 0xC8, 0x5A, 0x08,
    0xF7, 0x29, 0x69, 0xE7, 0x91, 0x34, 0x0C, 0xAC, 0xCB, 0xEE, 0xDC, 0x18, 0x22, 0x64, 0xFD, 0x71, 0x74, 0xA1, 0x12, 0x3D, 0x8C, 0xB8, 0xA3, 0x8B,
    0xFF, 0x8D, 0x81, 0xCF, 0xEC, 0x09, 0x5E, 0x64, 0xDE, 0x35, 0x88, 0xD3, 0x80, 0x64, 0xAC, 0x92, 0xC9, 0xDC, 0xA9, 0xE4, 0x2A, 0x29, 0x70, 0x6B,
    0x6B, 0xAE, 0xCA, 0xAC, 0x86, 0x36, 0x71, 0x2F, 0x09, 0xE4, 0xD6, 0x25, 0x36, 0xAD, 0x3C, 0x36, 0xEA, 0x53, 0x1D, 0xAE, 0x5E, 0x0C, 0x2C, 0xF6,
    0xC9, 0x51, 0xA5, 0xC3, 0x6C, 0x23, 0x04, 0x64, 0xEC, 0x54, 0x78, 0xB0, 0x62, 0x14, 0xF0, 0x4B, 0x5E, 0x43, 0x89, 0xE3, 0x1F, 0xD8, 0xB1, 0xDF,
    0xFC, 0xB1, 0x7F, 0x8B, 0x1C, 0xC8, 0xE0, 0x7A, 0xAF, 0x09, 0x81, 0x53, 0xCF, 0x0B, 0x57, 0x14, 0xC2, 0x3E, 0xE2, 0x4D, 0xAB, 0xEE, 0x9F, 0x26,
    0x47, 0xC3, 0x2B, 0xA8, 0xE1, 0x6C, 0xF5, 0xD5, 0xE0, 0x79, 0x3C, 0x3C, 0xF2, 0x67, 0x9B, 0xB1, 0x87, 0x58, 0xDC, 0x42, 0xF7, 0xFF, 0x7F, 0x03,
    0x77, 0x4C, 0x33, 0x2C, 0xB7, 0x6F, 0x11, 0x3D, 0xDD, 0xF8, 0x74, 0x75, 0xDB, 0x78, 0xC8, 0xAC, 0x39, 0x7A, 0x53, 0xC3, 0x86, 0xF4, 0x58, 0x23,
    0x15, 0x37, 0xC7, 0x12, 0x99, 0x1A, 0x82, 0xA8, 0x27, 0x4F, 0xF2, 0x2C, 0x05, 0xE2, 0xA0, 0xD8, 0x9E, 0x1E, 0xFC, 0x31, 0x2A, 0x6F, 0xAE, 0xF1,
    0x9C, 0xC7, 0xC2, 0xBF, 0x6E, 0x36, 0xE4, 0x26, 0x40, 0x2C, 0x3D, 0x89, 0xB6, 0xD0, 0x91, 0xDE, 0xDE, 0x79, 0xD2, 0xD7, 0xA6, 0x6C, 0xA8, 0xB1,
    0x2B, 0xCF, 0xD7, 0xFB, 0x1F, 0xEE, 0x39, 0x08, 0x43, 0xBC, 0xC7, 0x8B, 0x13, 0xD3, 0x64, 0x96, 0xD5, 0xFB, 0x4F, 0xB5, 0x6D, 0xE1, 0x75, 0xAA,
    0xD8, 0x02, 0x8B, 0x61, 0xAD, 0xE8, 0x51, 0x02, 0x57, 0x34, 0x74, 0xF4, 0x0D, 0x22, 0xE2, 0xE2, 0xF0, 0xBD, 0x25, 0x3F, 0x9F, 0x41, 0x37, 0xF7,
    0xB0, 0x98, 0x4B, 0xD5, 0x46, 0x29, 0xA0, 0xD5, 0x78, 0x06, 0x4E, 0xCA, 0x74, 0x31, 0x30, 0x18, 0xC7, 0x29, 0x8D, 0x9D, 0x60, 0x93, 0x46, 0x73,
    0x68, 0xE8, 0x1E, 0x4A, 0xC8, 0xD5, 0xAF, 0x07, 0xA4, 0xE6, 0x7B, 0x4B, 0x58, 0x2A, 0xA0, 0xE7, 0x49, 0xC1, 0x6B, 0xE1, 0x7C, 0xF0, 0x2A, 0xE4,
    0x11, 0xC4, 0xE0, 0x30, 0x52, 0x8F, 0xD0, 0xA9, 0x39, 0x47, 0xCC, 0x1A, 0x48, 0xA2, 0x81, 0x79, 0xB7, 0xC2, 0x49, 0x91, 0x69, 0x15, 0x15, 0x88,
    0x6D, 0x0E, 0x53, 0xA6, 0xF8, 0xF7, 0xE7, 0xB6, 0xFB, 0x73, 0xEA, 0xB3, 0x16, 0x86, 0xC8, 0x9A, 0x50, 0x93, 0x75, 0x77, 0x6C, 0x32, 0xC9, 0x18,
    0xB7, 0xDD, 0xE4, 0x49, 0x2B, 0x66, 0xB7, 0x45, 0x2C, 0xE6, 0x92, 0x53, 0x54, 0xFA, 0x76, 0x82, 0xBE, 0x0B, 0x6B, 0xC6, 0x51, 0xB9, 0xB9, 0x8E,
    0xC9, 0x23, 0x32, 0xFB, 0x8E, 0x9F, 0x6E, 0xF6, 0x45, 0x4F, 0x4C, 0xA1, 0x1C, 0xDE, 0xF8, 0x2D, 0x94, 0xEB, 0xFD, 0xF8, 0x72, 0xF9, 0x5F, 0xF0,
    0x86, 0x0F, 0x9A, 0x0B, 0x6D, 0x07, 0xD7, 0x53, 0x6D, 0x7B, 0xDB, 0x21, 0xEF, 0xB5, 0x20, 0xAD, 0xCF, 0x5D, 0x1A, 0xEA, 0x80, 0xCC, 0x57, 0x0D,
    0x65, 0x73, 0x5A, 0xC0, 0x45, 0x24, 0x95, 0x08, 0xA3, 0xB3, 0x45, 0x40, 0xB4, 0x43, 0x84, 0xDF, 0xAC, 0xAF, 0x79, 0xC7, 0xC1, 0x1B, 0x03, 0xB9,
    0xCD, 0xF5, 0xD5, 0x62, 0x4A, 0xF1, 0xB3, 0xF8, 0xD0, 0x90, 0xE7, 0xE2, 0xAB, 0x0D, 0xCD, 0x7B, 0xC0, 0xAC, 0x75, 0x32, 0xE3, 0x3B, 0xC4, 0x25,
    0x1E, 0x72, 0x45, 0xE4, 0x62, 0xFD, 0xA8, 0xC6, 0x7D, 0x46, 0xC4, 0x64, 0xC2, 0x16, 0x40, 0xE5, 0x48, 0x11, 0x4E, 0xD3, 0xE3, 0x5A, 0x47, 0x20,
    0xA9, 0xA1, 0xC7, 0x50, 0x3E, 0xC9, 0x12, 0x45, 0x83, 0xEC, 0x32, 0xC9, 0xDD, 0xAC, 0x32, 0x0D, 0xEB, 0xB4, 0xD5, 0xB0, 0xBF, 0x3D, 0x98, 0x9F,
    0x93, 0x2C, 0x46, 0x67, 0xFF, 0xC9, 0x50, 0xBF, 0xFE, 0x47, 0x80, 0xA8, 0x67, 0xC3, 0x5C, 0x60, 0xF4, 0x6E, 0x38, 0x19, 0x68, 0xB9, 0x9C, 0x8F,
    0x52, 0xAF, 0xEB, 0x9C, 0xC1, 0x57, 0x18, 0x8B, 0x45, 0x47, 0x2C, 0x37, 0x95, 0xD4, 0x9F, 0x5C, 0x4D, 0xF7, 0xDD, 0xC6, 0xF4, 0x0F, 0xC9, 0x16,
    0x3A, 0x9C, 0xBC, 0x7F, 0x9E, 0xEB, 0xDC, 0xCA, 0xC5, 0x07, 0x3A, 0x44, 0x91, 0x12, 0xBF, 0x3E, 0xAB, 0xA6, 0x93, 0xFA, 0x11, 0xE3, 0x0D, 0xBB,
    0xD3, 0xB7, 0xC7, 0x22, 0xAA, 0x3D, 0x2C, 0x62, 0x36, 0x94, 0x53, 0x88, 0xDB, 0xED, 0xCC, 0x22, 0xBE, 0x1C, 0xD0, 0xB6, 0x14, 0x01, 0x35, 0x25,
    0x46, 0x39, 0xAB, 0x58, 0x35, 0x6C, 0x66, 0x21, 0xAA, 0xF9, 0x0D, 0xC6, 0x5A, 0x37, 0x01, 0x6E, 0x3F, 0xC5, 0x07, 0xBF, 0x74, 0x96, 0x61, 0xEE,
    0x6B, 0xB4, 0xD8, 0x76, 0x68, 0xF3, 0x06, 0x31, 0xFD, 0x31, 0xF6, 0x1F, 0x5F, 0xA4, 0x14, 0x60, 0x23, 0xA2, 0x4C, 0x38, 0x85, 0x3A, 0xF5, 0x19,
    0xD3, 0xC8, 0x24, 0x02, 0x0F, 0x2A, 0xB8, 0xA0, 0x6E, 0xC9, 0xE8, 0x4B, 0x14, 0xC1, 0x26, 0xC1, 0x3A, 0xF4, 0x6B, 0x6E, 0xF4, 0x2E, 0x55, 0x4E,
    0x01, 0xE8, 0x27, 0x23, 0x03, 0x35, 0xEC, 0xAB, 0xCC, 0x27, 0xF0, 0x17, 0x1A, 0xF1, 0xDC, 0x92, 0xE2, 0x78, 0xC6, 0x67, 0x9A, 0x01, 0xD9, 0xEF,
    0x71, 0x8B, 0x02, 0x06, 0xC2, 0x48, 0x9E, 0x8D, 0x22, 0xEF, 0xE6, 0xEF, 0x04, 0x0B, 0xB0, 0x74, 0xD6, 0xA8, 0xAD, 0xDB, 0xB1, 0xD4, 0xEC, 0x00,
    0x72, 0xDB, 0xE6, 0x0D, 0x0A, 0x0C, 0x36, 0x9E, 0xDB, 0x26, 0xA7, 0x19, 0x27, 0x9C, 0x0A, 0xAB, 0x34, 0x58, 0x74, 0x32, 0x5A, 0xF1, 0x75, 0x67,
    0xEC, 0xAE, 0x85, 0x1B, 0x7F, 0x63, 0xFE, 0xE4, 0xD3, 0x64, 0x5E, 0x38, 0x36, 0xB2, 0x95, 0x40, 0xE8, 0x3B, 0xF5, 0x51, 0x40, 0xBC, 0x48, 0xA5,
    0x01, 0xAD, 0x55, 0xFA, 0xF1, 0x3F, 0x74, 0xDA, 0x0C, 0x8B, 0x77, 0x0F, 0xCC, 0xA6, 0x74, 0x54, 0x32, 0x36, 0x75, 0xD4, 0xCE, 0x6F, 0x82, 0x9C,
    0x89, 0x98, 0x8A, 0x53, 0x70, 0x85, 0xC0, 0xAA, 0x70, 0xA4, 0xC9, 0x67, 0xC3, 0x6C, 0x67, 0x96, 0x91, 0x75, 0x86, 0x98, 0xB7, 0xD4, 0xEB, 0x38,
    0x37, 0x0F, 0x9A, 0xAA, 0xAD, 0x21, 0x62, 0x1A, 0x46, 0x7A, 0x1B, 0x56, 0xC2, 0xAB, 0xE3, 0x69, 0x43, 0x2C, 0x5D, 0xDB, 0x4E, 0x7B, 0xFA, 0xB4,
    0x33, 0x4C, 0xF3, 0xA8, 0x60, 0xD8, 0xCE, 0xB6, 0x2D, 0xDF, 0xD8, 0xF1, 0xA3, 0xA3, 0x8A, 0x1B, 0xA8, 0xD4, 0x2C, 0x12, 0xCB, 0x74, 0x1F, 0xFA,
    0x59, 0x9A, 0x86, 0x34, 0x8A, 0x57, 0xF2, 0xEA, 0x8D, 0x32, 0x2C, 0xC7, 0xEE, 0x84, 0xFD, 0x7C, 0x9D, 0x8E, 0x83, 0x83, 0x58, 0x95, 0x38, 0x9B,
    0x84, 0xE7, 0xA2, 0x1C, 0x7E, 0xB3, 0x2F, 0x78, 0xE6, 0x30, 0x44, 0x8E, 0xBF, 0x62, 0xC4, 0x14, 0xA4, 0xAE, 0x62, 0x5C, 0xB4, 0x8B, 0x30, 0xD2,
    0x5A, 0xFD, 0x3D, 0xEF, 0x7E, 0x68, 0x34, 0xDB, 0x77, 0xA1, 0xED, 0x9F, 0x63, 0xC7, 0x18, 0x20, 0x5E, 0xA2, 0x93, 0x04, 0xFC, 0x48, 0xA1, 0x2D,
    0x9C, 0xEB, 0xCE, 0x81, 0x11, 0xDA, 0x08, 0x42, 0xC0, 0x76, 0xB6, 0xDE, 0x81, 0xDA, 0x7A, 0x5C, 0xAC, 0xBB, 0x8F, 0x57, 0x6D, 0x57, 0x41, 0x6E,
    0x25, 0xD3, 0xAC, 0x2E, 0xC1, 0xBB, 0xD9, 0x9D, 0x0B, 0x49, 0x76, 0x5A, 0xFB, 0x21, 0x64, 0x0A, 0x15, 0xB8, 0x61, 0x77, 0xBD, 0x14, 0xC4, 0xD9,
    0xA5, 0x49, 0x5C, 0x88, 0x96, 0xAB, 0x6E, 0x03, 0x10, 0xC4, 0x66, 0x09, 0x7A, 0x52, 0xD1, 0xB6, 0xBB, 0xAD, 0xDA, 0x9E, 0x0A, 0x15, 0xAB, 0xDE,
    0xDD, 0x52, 0x0D, 0x77, 0x2F, 0xA6, 0x6D, 0x17, 0xE1, 0x38, 0x76, 0x3E, 0xAF, 0x57, 0x22, 0x73, 0x12, 0x33, 0xB6, 0x08, 0xEC, 0x50, 0xAD, 0xCD,
    0x82, 0x20, 0xF5, 0xFF, 0x78, 0xC0, 0x96, 0xD9, 0x91, 0x09, 0x69, 0xDC, 0xF4, 0x58, 0xD6, 0x09, 0xB5, 0x96, 0xA2, 0xDF, 0xF9, 0x9E, 0xDF, 0x85,
    0x54, 0xCC, 0x9C, 0xF6, 0xC4, 0x12, 0x3B, 0xB7, 0xC2, 0x63, 0x0F, 0x08, 0x59, 0xF9, 0x3F, 0xBB, 0x98, 0x92, 0x39, 0xB0, 0x30, 0x47, 0xD7, 0xFF,
    0xA6, 0xCD, 0x05, 0xAA, 0x3A, 0x36, 0xBC, 0x6E, 0x3C, 0x3D, 0xA3, 0x21, 0x0D, 0x9D, 0xD7, 0x7E, 0x69, 0x3D, 0xE6, 0x30, 0x0E, 0x78, 0x88, 0x5B,
    0xC4, 0x94, 0xD9, 0xE3, 0x93, 0x93, 0x1E, 0x87, 0x2F, 0x62, 0x5D, 0x3A, 0x96, 0x47, 0x53, 0x82, 0xC5, 0xEE, 0x2A, 0x77, 0x17, 0xC2, 0x2E, 0x43,
    0xD0, 0x85, 0x94, 0x6D, 0x08, 0x40, 0xEF, 0x4D, 0xE3, 0xC5, 0xE3, 0xE5, 0xEC, 0xBF, 0x83, 0xD4, 0x95, 0x5D, 0xE2, 0x1E, 0x52, 0x91, 0xCA, 0x8C,
    0xCB, 0x8B, 0x5A, 0x84, 0x32, 0x61, 0x60, 0x0F, 0xEA, 0x43, 0xB2, 0xB9, 0xCF, 0xA0, 0x31, 0x28, 0xB0, 0xDD, 0x52, 0x9D, 0x4B, 0xF8, 0x79, 0x8E,
    0xE0, 0x45, 0xDA, 0x8C, 0x5A, 0x6E, 0xD7, 0x01, 0x76, 0xE5, 0x10, 0xBA, 0x94, 0x9C, 0xD6, 0xB9, 0x1A, 0xD6, 0x60, 0xEE, 0x14, 0x8A, 0xD0, 0xF1,
    0x73, 0x99, 0xEF, 0x90, 0x53, 0x40, 0xB8, 0x29, 0x3F, 0x57, 0xB9, 0x45, 0x9C, 0x1D, 0xED, 0x82, 0xB7, 0x51, 0x57, 0x8A, 0x97, 0x9F, 0xD3, 0x0D,
    0x49, 0x37, 0x7F, 0xC5, 0x64, 0x87, 0xC5, 0x06, 0x6E, 0x76, 0xB9, 0x4D, 0x6D, 0x0C, 0x7B, 0xF3, 0xF6, 0xF0, 0x62, 0xAD, 0xFA, 0x2E, 0x16, 0x06,
    0xF1, 0x7C, 0xB5, 0x1C, 0xFE, 0x8D, 0x8C, 0xF0, 0x5C, 0xE8, 0x6B, 0x5C, 0x41, 0x2F, 0xF2, 0xA0, 0x37, 0xA2, 0xE6, 0xDE, 0x61, 0x87, 0x16, 0x31,
    0x64, 0xA1, 0xE7, 0xE5, 0xAC, 0x34, 0xB5, 0xCA, 0x65, 0xFE, 0x91, 0x64, 0x25, 0x93, 0x83, 0x0E, 0x38, 0x70, 0xD0, 0x01, 0x87, 0x1D, 0x38, 0xE4,
    0xB0, 0x43, 0x07, 0x1D, 0x80, 0x15, 0x2F, 0xE0, 0x62, 0x5E, 0xD0, 0x41, 0x85, 0x02, 0x0A, 0x28, 0x50, 0x40, 0x01, 0x15, 0x94, 0x87, 0xDE, 0x28,
    0xFC, 0xB6, 0x38, 0x8A, 0xD1, 0xD0, 0x78, 0x9A, 0x2B, 0xED, 0xF0, 0x44, 0x32, 0x29, 0x39, 0x62, 0xAE, 0x35, 0x87, 0x5A, 0x85, 0xC1, 0x8C, 0x34,
    0xE2, 0x42, 0xBF, 0x9D, 0x7B, 0x89, 0xB6, 0x9A, 0x86, 0x79, 0xAC, 0x4E, 0x43, 0x27, 0xA0, 0x4E, 0xDA, 0xCA, 0xD1, 0xF3, 0x22, 0xEA, 0x23, 0x8D,
    0xE2, 0x5E, 0xEF, 0x32, 0x46, 0xE4, 0xAB, 0x05, 0x97, 0x04, 0xE2, 0x7D, 0x00, 0x7E, 0xAA, 0x46, 0x2B, 0xCB, 0xA8, 0x35, 0x7D, 0xC9, 0xD6, 0x29,
    0x24, 0x4A, 0xDF, 0xD3, 0x8F, 0x69, 0x4A, 0xB2, 0xA9, 0x4A, 0x16, 0x04, 0x5C, 0xE0, 0xE3, 0x7D, 0x44, 0x02, 0xB9, 0xD2, 0xAC, 0xB4, 0xB1, 0x2E,
    0x9B, 0x91, 0xF2, 0xEC, 0xBB, 0xDF, 0xFE, 0xDC, 0xA1, 0x6D, 0xE9, 0x2A, 0x93, 0xAF, 0x7D, 0x4B, 0x9C, 0x56, 0x96, 0xC9, 0x38, 0xF4, 0x85, 0x87,
    0x91, 0x7F, 0x09, 0xA7, 0xDD, 0x42, 0x92, 0x2E, 0x64, 0x4B, 0x8C, 0x9F, 0x1F, 0x31, 0x35, 0x4E, 0x7F, 0xF9, 0x96, 0x39, 0x19, 0x1B, 0xE1, 0x8E,
    0x81, 0x31, 0xAD, 0x8B, 0xD6, 0x28, 0xB5, 0x10, 0x4E, 0x60, 0x95, 0x34, 0x01, 0x2B, 0xC6, 0x01, 0x5B, 0x09, 0x27, 0x19, 0x96, 0x84, 0x01, 0xAA,
    0x37, 0x9F, 0x4D, 0x68, 0x9D, 0x61, 0x4B, 0xCD, 0x90, 0x0A, 0x0E, 0x9C, 0x8C, 0x39, 0x19, 0x06, 0x75, 0x12, 0x75, 0x31, 0xDC, 0x15, 0xCC, 0x0D,
    0xCA, 0xC2, 0x58, 0x9A, 0x04, 0xC2, 0xDC, 0x1D, 0x37, 0x0C, 0x1E, 0xDE, 0xE2, 0x3B, 0x55, 0x00, 0x9E, 0x6D, 0x8A, 0xAF, 0x4A, 0x30, 0x15, 0x49,
    0xFD, 0x33, 0xA5, 0xF8, 0x19, 0xD2, 0x89, 0xA4, 0x87, 0xBE, 0x7A, 0x83, 0x99, 0xE8, 0x1B, 0x7B, 0x50, 0x81, 0xA3, 0x8F, 0xF9, 0x7C, 0xE5, 0x04,
    0x4C, 0x99, 0xCC, 0xB4, 0x66, 0x43, 0xEF, 0x6B, 0xB7, 0x52, 0x93, 0x42, 0xEB, 0x03, 0xF5, 0x8A, 0xCD, 0xFB, 0x9A, 0x42, 0x97, 0xF9, 0x84, 0x05,
    0x91, 0xE9, 0x10, 0xAE, 0xCE, 0x30, 0x1E, 0x23, 0x83, 0x54, 0xF5, 0x65, 0xFD, 0x43, 0xB0, 0xBC, 0x71, 0x71, 0xCA, 0x46, 0x17, 0x68, 0x33, 0x4F,
    0x46, 0x1B, 0x6B, 0x62, 0x24, 0x71, 0xDE, 0x34, 0xC1, 0xFD, 0xAD, 0x21, 0x0A, 0x69, 0xCE, 0x94, 0xEC, 0xD8, 0x08, 0xFA, 0x55, 0x95, 0xF7, 0x15,
    0x48, 0x42, 0x5C, 0x9C, 0x28, 0x98, 0xEB, 0xD1, 0x12, 0x45, 0xE1, 0x5C, 0xD7, 0x30, 0x62, 0xD1, 0x1D, 0xBE, 0xF2, 0x0D, 0xC6, 0x39, 0x99, 0x60,
    0xE1, 0xB0, 0x25, 0x4D, 0xC6, 0x97, 0x74, 0xD9, 0x15, 0x8B, 0xA7, 0xE2, 0x28, 0x75, 0x8E, 0xBD, 0x96, 0x35, 0x73, 0xB0, 0x34, 0x63, 0x46, 0xD8,
    0xB6, 0x9D, 0x47, 0x46, 0xE8, 0xC9, 0xE9, 0x58, 0x01, 0x77, 0x33, 0x16, 0x16, 0xD7, 0x94, 0xD6, 0x6F, 0xFF, 0x34, 0xB8, 0x27, 0xFC, 0x76, 0x66,
    0x4F, 0x49, 0x37, 0x23, 0x3E, 0xE3, 0x3B, 0xDE, 0xDA, 0x79, 0x6F, 0x61, 0x67, 0xB7, 0xFB, 0x82, 0x74, 0xD3, 0x30, 0x1A, 0x1A, 0xE6, 0x10, 0x96,
    0x8C, 0x69, 0x42, 0xF3, 0xA0, 0xE3, 0xDD, 0x9B, 0x50, 0x60, 0xAE, 0x28, 0xD8, 0x5A, 0xF5, 0xC7, 0x95, 0x59, 0x8F, 0x94, 0x76, 0x09, 0x74, 0x09,
    0x41, 0xC0,
};

const idx_t TZ_COMPRESSED_SIZE = 44906;
const idx_t TZ_UNCOMPRESSED_SIZE = 209653;
const char *const TZ_VERSION = "2026e";

} // namespace datetime
} // namespace duckdb
