ps_partkey|value
393251|20382773.62
534271|19554795.32
828067|19354244.05
1878002|19163817.20
28091|19108633.28
1598052|18718989.58
1106308|18685549.06
930028|18634219.75
1682288|18284365.73
562641|18259785.46
1851682|18051795.53
1816921|17629582.82
931685|17590775.02
1635077|17529603.70
1919946|17487557.86
934033|17461048.49
1133018|17372161.80
400628|17196246.29
522272|16983646.48
702073|16904884.21
126900|16900272.58
1220502|16831931.36
147567|16698735.98
1563225|16670296.94
136004|16647760.04
1391883|16590006.15
532620|16516621.56
162645|16484838.04
1200840|16453046.57
1073301|16427739.50
1501926|16395744.18
556105|16371257.04
1427098|16355688.68
853075|16329475.98
447567|16306006.94
231043|16150116.00
1699887|16082332.02
388969|16072841.00
1036607|16066027.65
1797709|16065860.00
1062881|16063126.94
750029|16062525.89
1122259|15972383.48
158015|15971789.85
609218|15945199.80
1093618|15938213.35
1361218|15894114.51
179769|15874361.52
775172|15799889.10
1908307|15790701.90
1128323|15713273.40
1528076|15702259.54
1577568|15635453.71
718259|15626960.77
1943754|15617783.64
1371258|15610663.47
1740391|15603192.84
47548|15581747.24
1359347|15573471.34
1284579|15572352.63
738740|15569042.22
1161661|15541387.18
1163959|15534865.00
1294905|15531048.18
63380|15511279.17
6243|15503189.64
17611|15497082.92
1199396|15449618.14
1238588|15411363.99
1998135|15379074.10
926673|15374531.96
200368|15355363.66
415554|15352192.27
204166|15271862.48
708504|15225172.54
526951|15215834.59
11851|15210727.19
808696|15208930.63
1956684|15181765.64
1404880|15172910.71
1665214|15141972.63
437591|15105646.39
30457|15066161.66
988060|15061166.64
1043219|15056211.57
1869641|15048083.46
760870|15013730.88
1952268|14992365.84
185182|14967802.06
1343604|14955845.79
938863|14954618.40
174886|14949804.65
1461454|14947498.77
1289832|14946380.41
500181|14932944.64
1064381|14916678.78
411839|14915084.06
315983|14904581.59
669338|14895952.00
712076|14883025.08
1228549|14873884.50
1044789|14857091.85
1495894|14843382.41
780418|14795575.02
771443|14783825.56
3091|14781632.12
1011317|14764740.81
922887|14758219.92
1409276|14752671.78
353741|14751147.06
1652855|14749184.40
1294229|14740096.40
738666|14714977.79
971069|14708180.44
1861211|14702912.11
1103199|14697667.85
1722015|14695483.54
1633571|14684861.14
1796704|14662171.14
1999869|14634526.91
285158|14606447.80
97548|14592630.75
230943|14572081.95
100648|14553072.00
203901|14543948.55
1543511|14537271.61
819391|14532324.16
1759860|14512561.51
618217|14487110.12
636269|14483922.35
955430|14462965.49
834224|14462828.91
762240|14453037.75
541185|14408043.06
1088656|14393496.88
1716522|14385986.49
254415|14362787.34
259662|14339122.25
301271|14329361.14
126730|14292415.44
418331|14265500.15
1356636|14258859.42
284240|14248258.77
1681738|14222593.66
1915604|14208451.68
590858|14196225.78
649190|14192860.74
569658|14185868.60
864355|14140524.03
1602819|14130160.09
1582823|14101403.87
1281426|14075856.30
1014636|14053008.35
945401|14028590.77
1443209|14016677.41
83792|14014476.00
1726101|14004850.85
1100653|13996369.16
1585743|13993412.34
255433|13989162.06
506383|13981187.03
364630|13962038.66
1615181|13951073.81
965461|13949625.90
1578061|13949609.62
1212783|13942463.45
1876253|13939921.59
168893|13935757.77
585763|13922242.24
1476253|13916645.32
1340976|13908478.61
1640755|13869032.64
1162819|13864548.55
499563|13863965.16
792459|13862554.84
1921125|13858624.72
481381|13855601.28
933606|13852642.73
1045956|13840763.58
1828836|13837208.91
309027|13836589.86
1574670|13835959.71
638171|13824703.92
1652787|13819910.70
1858771|13810572.75
66028|13808933.99
1237806|13807526.92
1561482|13800747.63
1039268|13799896.74
112058|13787765.61
880631|13771194.15
1900257|13769324.41
763673|13768115.12
1668505|13755509.33
1321633|13744581.78
888247|13742610.84
478718|13735070.53
7967|13731083.92
996078|13730045.64
655084|13729966.41
930528|13718677.77
1015252|13704034.35
1539076|13698955.16
1378483|13685867.61
1740854|13674072.79
1339893|13666564.21
769541|13644743.85
1659759|13636444.49
478356|13634765.07
1844337|13625333.86
1329790|13622278.79
1042763|13617210.72
1434719|13609935.22
938803|13607725.95
1555558|13605434.50
838720|13602761.76
1802193|13600157.64
797873|13587685.44
1273606|13580143.65
1557940|13575874.38
1205071|13575385.42
1628059|13574984.97
338959|13562621.71
825939|13556442.44
1711256|13556014.00
1745083|13548276.51
1374831|13535086.74
1851116|13520469.54
568706|13507111.03
221530|13500571.86
266601|13491144.10
1193315|13490676.06
956332|13476903.35
1084544|13473212.90
1296578|13472916.05
260251|13449834.08
1804709|13438314.40
676664|13415421.46
269825|13410881.34
623087|13407125.43
1974631|13390573.98
798135|13386161.42
955288|13366659.60
368505|13365782.74
1564053|13362355.09
857347|13340147.18
1263425|13308941.53
1667401|13302850.41
1773253|13302163.76
878857|13299530.40
223188|13296902.84
868033|13294432.20
800755|13287519.26
1166818|13268701.00
1365873|13268426.76
57751|13265416.72
1573403|13265297.52
1329895|13259358.24
78091|13254184.94
809046|13252194.90
1805877|13251258.90
355415|13250095.19
1408847|13231976.62
1146578|13227014.48
100147|13219909.04
1430083|13218757.60
1358459|13201684.32
1941663|13189454.00
1600932|13178569.01
334146|13174891.17
1082129|13173015.33
674836|13170551.06
1773824|13168834.50
1371581|13164408.10
152158|13163497.00
1872936|13162140.28
668795|13161114.12
327515|13158680.99
1627218|13145674.79
714081|13138248.54
1764138|13115679.01
76926|13111290.38
1866601|13108410.68
1529229|13104810.53
1307826|13102736.19
352717|13102690.56
1185470|13099073.71
286244|13096875.41
1902530|13095126.14
1820839|13095108.68
1638670|13091689.26
1777029|13085815.43
453351|13083457.01
768261|13077364.52
515661|13068831.52
1643960|13065337.12
1633403|13061580.82
1540595|13053011.24
598210|13045939.10
789467|13042992.09
1190696|13039001.52
613892|13033285.49
629510|13029001.29
976108|13020504.30
196246|13017429.20
447374|13006682.72
1177112|13004378.74
16980|12997791.12
522469|12986857.52
1994632|12979860.17
1427197|12976912.12
124983|12971617.65
1069922|12965822.04
986229|12960038.26
1889978|12958215.79
651484|12953152.22
1217645|12931362.18
1497506|12920256.25
419391|12913092.44
932382|12905724.26
1554292|12899396.99
431389|12894509.03
200408|12882540.10
608702|12879751.70
662663|12871864.40
598321|12868621.65
1192888|12858947.28
668428|12852944.88
136508|12845409.55
857994|12838705.61
1124166|12829648.89
1313924|12828467.61
381512|12826778.65
1520157|12826037.52
1639887|12814433.62
1545475|12811892.72
527197|12807158.67
1694493|12806165.70
737199|12801994.23
1304882|12796635.44
561501|12794079.58
1353434|12792541.88
62881|12789284.76
270673|12787820.10
1088524|12783521.56
883435|12778382.52
902500|12771817.13
807604|12770177.17
1379479|12769689.70
1162019|12761593.09
1827750|12755825.20
792968|12745695.66
982018|12743166.20
1258672|12739962.68
902429|12738787.11
1332257|12738284.13
425494|12737955.72
750846|12723809.47
992831|12722640.37
772568|12721182.86
1836398|12712729.23
1017979|12712635.18
1268183|12702316.57
1305413|12700807.93
1971521|12692057.26
572675|12690730.56
243614|12687848.98
46286|12687752.88
1549533|12683000.26
906280|12680582.52
72548|12677985.12
684236|12676902.80
1250562|12675241.86
1962322|12671528.70
138704|12668748.04
674725|12665079.98
1874812|12665071.44
1265990|12664415.86
1039892|12660673.56
1333355|12659006.72
1284006|12658402.41
1398577|12649155.55
144342|12648821.73
1324204|12634576.53
427724|12631148.10
1283423|12624913.37
311661|12624177.96
1154452|12615809.85
93508|12609906.88
322248|12605262.66
78865|12601043.20
1150249|12597058.73
1735482|12595648.86
177938|12594688.82
1260221|12579018.94
258931|12577435.92
152528|12570847.10
393418|12566544.92
1768238|12563552.97
1301585|12558699.21
1563786|12541713.07
727822|12535996.33
1317969|12530545.32
750165|12529434.97
914079|12522338.87
445522|12518634.74
8504|12516138.98
1938720|12515523.23
949315|12508156.06
529469|12507685.91
977465|12506679.61
68351|12506017.24
365635|12505661.56
892637|12504506.24
1698661|12496337.46
866624|12496160.10
306790|12492113.06
324886|12485630.45
199939|12472533.84
174913|12469313.88
1250628|12464243.10
1723287|12453716.72
764493|12453336.91
1078405|12448959.51
1792166|12446683.05
45799|12444311.64
331234|12439716.36
1522499|12428281.76
33507|12425183.19
338050|12421415.07
83381|12421060.32
381223|12413869.57
625842|12402935.13
1248563|12399986.76
156385|12393107.51
855828|12392254.68
1012297|12390874.70
1636640|12389030.44
1522461|12386900.04
1416402|12382268.14
1586231|12367117.34
576667|12366099.61
1890419|12364696.06
669436|12357968.13
1200532|12357655.90
1977232|12356418.99
830091|12354926.64
800653|12345558.20
1157617|12343717.36
956298|12341365.21
322092|12341244.24
91390|12334297.17
989251|12332664.45
402193|12325619.92
1716156|12321385.94
990231|12317343.70
692052|12308220.50
872956|12300483.69
1242587|12297450.12
1168119|12295256.35
284056|12291262.72
1420908|12288885.89
746547|12288319.36
234236|12286674.08
1965617|12284736.40
438859|12284705.68
58381|12284406.58
1947848|12284376.48
433524|12283252.91
61788|12275764.59
750614|12264299.04
152229|12262122.75
215558|12256888.22
296070|12255923.94
563245|12255332.97
321599|12254845.16
1729929|12251435.37
331382|12249183.77
23338|12248173.68
1358409|12241135.90
692461|12239012.30
1059741|12237686.19
1641028|12218742.57
1350578|12211030.62
1043993|12210149.49
1078106|12202917.56
1895901|12202241.84
1330382|12194841.77
1603715|12193981.66
238243|12186848.77
572437|12182410.54
591538|12182235.66
420607|12171588.00
694362|12169987.26
175813|12167550.98
1950920|12162014.33
1537852|12160228.85
427927|12158436.06
929842|12157469.99
409402|12157370.73
351804|12156932.55
944932|12154798.96
1792495|12141102.97
1258495|12135900.89
98630|12125768.33
682404|12123220.44
1237611|12122702.00
302158|12120438.78
1894832|12119748.34
540460|12117102.54
1843881|12116536.67
866032|12109153.90
578952|12108150.86
64093|12093458.43
279098|12093034.12
1078232|12087183.17
1961439|12083467.20
1176311|12082483.34
3135|12081051.32
1809172|12074734.80
393571|12064307.16
1462627|12063398.58
1328700|12062886.36
382958|12056189.52
1878324|12054287.70
1169229|12053716.02
421923|12044779.16
943858|12037761.50
927197|12037120.50
1399101|12033829.28
593876|12023164.63
1460095|12013038.78
661747|12007162.59
487583|12004643.96
1115365|12003732.63
344436|12000501.46
851653|11995532.91
248152|11994226.27
824707|11992707.81
1480932|11990995.99
689498|11987409.48
1199759|11976774.12
1987204|11975030.33
1849505|11970429.88
1059969|11966043.70
685965|11965104.36
1411301|11963223.70
297957|11956274.93
711126|11948432.41
1062019|11940779.88
568274|11936296.44
1980668|11935544.50
1955139|11935285.44
1711619|11933340.46
1041780|11927461.02
1753561|11927214.16
1686476|11925730.14
1754097|11924565.88
1682284|11909984.66
1457952|11905596.69
1698330|11904843.63
1522017|11903388.15
1513756|11902951.92
1757988|11896622.60
267793|11890999.53
1612165|11887686.70
799064|11884368.41
159600|11881052.04
838568|11878629.90
1931502|11873346.30
1252495|11870616.93
802158|11861924.49
1086236|11860251.52
136849|11857557.94
1667026|11851414.10
1014072|11849156.64
1886228|11844151.14
864488|11842235.88
1931898|11838494.71
960864|11836425.96
1807234|11832381.30
399131|11826722.58
1897144|11821729.00
976266|11820805.86
1566628|11814330.66
1065982|11812729.61
931411|11810544.76
768842|11809603.64
648170|11800448.45
1697234|11799275.54
1101273|11794153.26
471760|11781783.16
833273|11773930.04
628049|11773298.66
734968|11769591.89
458929|11764873.74
1886164|11762371.44
1562261|11762293.97
1664598|11761028.99
1191814|11760127.66
533549|11756800.11
1797736|11753349.01
250142|11745525.40
43315|11732909.39
1748304|11732508.36
1618704|11731729.06
1809026|11725850.80
1844977|11723853.92
1624|11721386.34
1648140|11721051.28
1786231|11719248.87
1959139|11716866.90
1452837|11715457.24
159515|11713566.37
1140720|11710988.81
1457390|11707558.32
1431215|11707220.69
1730566|11703084.15
980534|11702283.15
1524700|11701457.26
858503|11699496.14
1321896|11687127.52
1285947|11684777.37
1829918|11681349.18
366590|11678669.96
1606489|11673888.94
1596457|11673815.65
940984|11672987.35
1531741|11667824.45
1534021|11666753.48
13380|11664099.11
611521|11658376.27
1913000|11655373.73
1695442|11651021.29
758875|11650402.14
1133440|11650237.10
1329434|11650117.66
724384|11649944.34
858124|11648585.99
1126299|11645010.52
1796478|11644845.04
298372|11642973.08
1189870|11631550.40
1587061|11628236.34
1364024|11626697.44
1495402|11625639.15
1760499|11618247.82
1983095|11612298.14
290662|11601127.80
1441043|11601021.77
1391624|11597132.06
1758397|11596107.72
215781|11590760.68
1748744|11587070.32
1505944|11586970.72
319819|11584504.02
939609|11581491.40
862808|11580910.15
1649086|11577933.00
1191355|11577154.48
1361657|11570645.04
564355|11561687.36
474885|11558182.08
1022459|11552132.60
1311865|11550020.17
1004829|11545467.39
1659554|11544216.74
1263739|11543578.62
1915935|11542865.60
1876170|11542091.68
459554|11541598.08
1087213|11541003.36
731772|11536692.29
690692|11530239.08
1090242|11527379.76
13680|11521006.00
467793|11520289.77
1079595|11519460.22
1254676|11518970.47
921072|11514119.55
83937|11505663.78
1418399|11505411.74
657949|11504280.08
336238|11502502.00
1763639|11498776.29
1068494|11496733.98
1947266|11495932.53
575939|11486839.98
1028385|11482246.10
1523795|11473975.06
1417793|11471570.09
1251224|11468922.24
1185235|11467608.07
1385733|11467510.36
1440548|11466844.65
1927926|11462423.66
1175260|11461055.57
307909|11458878.03
600134|11457314.12
1004191|11455170.92
1970780|11454985.06
750819|11451938.21
1426629|11451617.88
1641592|11450251.90
1003904|11449632.92
1406040|11438816.75
1894856|11438704.99
348572|11434809.98
1533474|11431131.54
665753|11430942.26
49134|11426206.86
969990|11421928.72
652518|11421339.10
1027598|11421302.93
239691|11419642.21
1171253|11417588.72
1669605|11414199.12
267652|11414192.07
550261|11413899.62
1832899|11411645.32
466351|11410587.66
882124|11409581.53
1953428|11406805.20
452185|11403733.58
254192|11395038.42
97399|11394247.97
306040|11391280.13
1544356|11386515.66
898270|11385763.06
841867|11385682.91
1186960|11382616.05
1902907|11382295.45
1283492|11381204.61
1936831|11377232.76
86617|11371161.00
1265892|11365172.90
128865|11364715.29
700269|11364491.90
1045398|11361383.30
429593|11361200.05
798716|11361122.14
823940|11357889.18
1566098|11355608.16
1168970|11342303.21
19673|11341064.85
832339|11336825.02
197545|11335167.97
138188|11334157.38
1878652|11334029.52
1898695|11328184.36
610266|11327311.88
1228507|11325741.25
698477|11318611.44
475048|11312355.34
48705|11302834.40
1682588|11295387.66
1428325|11291769.84
969668|11291069.14
690470|11288790.60
743514|11284960.68
1075466|11272519.83
896510|11269134.10
749263|11268076.21
439492|11267226.58
1450448|11265865.61
1284856|11264598.90
513391|11261519.10
1301295|11260864.44
1225169|11254907.06
521595|11254377.30
1057807|11251667.25
1526459|11250806.57
271815|11250171.01
1261891|11247023.04
1932607|11246124.02
1583406|11242841.98
1403533|11241463.28
1968663|11238213.60
1988361|11236725.18
1270257|11235399.90
1402678|11231318.52
1103020|11231221.60
947800|11228657.62
1177041|11226324.51
1103595|11225151.84
901372|11219400.14
693178|11215090.11
1037460|11214137.75
633501|11212899.59
1796941|11210836.50
409791|11210722.30
1158387|11201507.94
429551|11199821.73
1962795|11195184.67
585253|11193439.35
672529|11192090.83
814548|11191579.43
103438|11191255.00
652145|11187662.15
857620|11185280.93
32620|11176716.22
1118304|11173478.11
1212427|11172466.52
449452|11171796.10
584332|11169173.59
1284540|11168055.48
461173|11167068.32
1846933|11164790.82
1215498|11162017.74
443385|11159388.58
1510469|11159201.98
143357|11159009.40
1138647|11155868.51
1703032|11151862.19
1599842|11150006.67
748167|11149440.80
1771534|11147989.31
1680240|11140502.16
1385235|11138596.50
1483156|11132486.33
1073490|11131790.93
537282|11131759.95
1222782|11131004.97
1661756|11129787.80
859842|11128968.00
1449805|11125127.46
1307914|11122653.98
1656107|11122567.07
51295|11121584.30
1591951|11117417.82
1835697|11116374.03
538713|11112829.20
122542|11110568.12
300158|11109164.44
1847104|11106282.32
1592508|11105312.06
106091|11101186.08
858507|11097721.79
400239|11097580.47
1377374|11092822.26
795619|11092201.75
1552705|11087264.54
1881015|11086823.54
1063531|11084392.40
447030|11083314.25
282206|11082986.33
1474483|11082911.80
1043170|11082368.60
122566|11079792.18
1659603|11079611.42
693508|11078963.20
353775|11075583.22
447277|11074587.54
1252506|11072707.74
141026|11072179.06
1590958|11070634.29
741466|11069610.79
1806723|11069426.63
533085|11065011.48
1209018|11064013.41
1690955|11063972.00
842233|11061123.05
635740|11058988.62
798694|11053575.36
187426|11053268.94
168348|11049747.38
793849|11049527.28
1646578|11049518.56
372877|11048389.20
584175|11047922.87
1931594|11045604.61
901117|11044634.56
25628|11042748.29
1487830|11041276.60
1213762|11038749.94
1940848|11037951.15
525949|11035369.47
1013930|11035211.92
1470505|11034840.45
430188|11032836.35
169516|11031991.04
1612833|11031398.91
293253|11030662.73
1703354|11027308.45
1451256|11024334.50
962807|11023010.97
756229|11022091.71
637765|11017677.43
1787090|11017198.70
1618598|11015615.76
1681210|11013495.90
549976|11012660.42
1025664|11011398.72
1801271|11011133.20
183504|11011026.00
555945|11011022.28
1582285|11010780.72
280807|11006215.26
34512|11004863.62
315768|11004604.62
301499|11004416.83
1405952|11000945.14
396521|11000444.85
260107|11000371.27
209058|10994439.41
438912|10994284.20
1689467|10992952.08
439218|10990497.00
1672078|10989733.63
1807951|10983742.71
300740|10982249.10
523726|10981508.39
43224|10978069.72
100281|10977499.21
322542|10973750.30
293581|10972459.51
1136839|10970006.54
1830632|10968505.12
1275167|10967867.58
1745417|10967840.79
1025082|10966548.64
529568|10964168.69
622833|10961742.33
1350330|10960441.14
569627|10959893.70
58792|10957765.99
169389|10957090.70
1584555|10956538.82
318333|10955261.17
1949612|10954525.53
1463896|10949977.87
1744419|10948800.76
1232258|10948544.48
1866742|10940958.34
368437|10937944.47
1479866|10937825.79
199355|10937202.35
667563|10934652.29
1537433|10934614.60
1702484|10932157.36
199833|10926578.46
1125840|10924500.81
1952492|10922614.44
938010|10922061.72
335100|10921966.95
1794450|10919136.20
6786|10911615.46
1681131|10910436.38
213208|10909582.07
1270584|10908767.25
209458|10907263.67
1717131|10906141.44
1863739|10904651.75
892650|10904474.02
214172|10904027.22
252205|10902856.67
909035|10901349.78
417969|10897061.40
1431191|10895638.90
564914|10895541.78
724403|10894957.61
482823|10889647.80
814160|10887779.81
1231552|10886824.43
1777185|10882038.73
771554|10881229.92
1312945|10881061.78
345475|10878194.44
838470|10868685.91
1187830|10867583.76
593981|10862837.28
1708738|10861960.58
625579|10860593.34
14500|10860325.65
1643859|10859353.00
1509570|10857651.20
1901711|10854495.78
1540666|10851215.55
918890|10849973.07
1231319|10848718.65
1452248|10847754.00
26435|10843113.01
148155|10840238.28
1328080|10839663.88
1858271|10837662.26
703547|10837298.83
372393|10836143.26
1706372|10836006.27
373925|10835374.50
888307|10829280.21
993614|10829138.19
1304254|10829029.51
1020118|10826711.68
1983789|10826068.11
1754843|10825948.00
1254211|10817834.18
1824578|10815968.57
847459|10814170.33
422387|10807413.84
132616|10805276.84
1373715|10804930.10
605974|10804411.07
777517|10800445.82
963019|10797568.76
1911663|10795775.82
406438|10795668.29
609969|10795424.96
1779490|10793694.68
214337|10792637.00
238399|10786300.54
1854841|10786193.98
390335|10784342.39
188881|10783363.52
1460230|10782737.00
580418|10781255.58
165102|10779713.72
1997231|10777825.98
188679|10775478.65
1332718|10773829.19
1722250|10771890.19
1424497|10767243.77
1092791|10762061.31
731222|10759987.83
381347|10755662.85
15753|10753305.71
1891469|10750356.80
88019|10749135.81
937662|10748618.88
594529|10745493.28
1498400|10743891.40
431976|10743441.18
200138|10741979.14
1225804|10741809.94
1913701|10741573.29
912411|10741120.05
674919|10739339.03
1876134|10737931.30
1847366|10736931.42
199364|10736859.98
1036216|10734786.33
1765361|10733936.85
1357646|10733570.99
730090|10733534.64
1852829|10729525.99
1572942|10727180.71
1163046|10726467.29
1246702|10723472.18
1983040|10723367.92
1899722|10723000.21
872422|10720096.05
277094|10718398.68
967621|10715846.13
618508|10715814.65
1716810|10715180.70
554811|10714184.19
1061297|10711479.95
429198|10710768.87
1757271|10710746.82
313860|10709556.56
518249|10707739.78
976280|10707567.99
516654|10707448.21
1048326|10706766.17
1622674|10706644.31
675265|10693760.44
109467|10693562.16
1318049|10693134.08
78923|10688354.02
143007|10688030.22
1503145|10682233.08
1289365|10676543.48
680931|10674952.00
1884549|10671307.10
1524770|10667914.60
593224|10667780.85
870410|10666119.47
1609512|10663118.70
178241|10662724.09
144398|10660913.73
1043511|10659654.39
1582225|10652516.44
1084327|10650139.55
1668928|10649320.62
1682935|10644062.04
1880030|10638352.71
123337|10632551.74
603088|10631324.88
730115|10630321.08
154452|10622679.99
250249|10616917.00
1424160|10616449.55
987376|10615314.64
1631268|10614425.32
787240|10611338.44
275366|10609920.30
1753960|10605074.28
517466|10603707.61
198706|10601871.40
1860164|10601382.30
1932416|10596054.40
1452684|10595053.85
103134|10591549.88
307722|10591090.68
1375742|10590912.67
1113157|10590274.09
1850313|10590002.02
1726939|10578733.75
1658472|10576904.21
909286|10576653.86
927697|10575432.19
400895|10574344.84
23372|10572336.39
454266|10571376.25
1687213|10565554.16
1778683|10563976.79
999355|10562565.92
194636|10562537.43
244002|10559747.54
762261|10557716.45
555411|10554389.25
346716|10553999.11
57745|10553034.22
330289|10550004.49
1555192|10549710.74
723069|10549010.58
1143874|10548534.11
270931|10547486.31
93442|10546877.41
571374|10545540.21
323666|10544336.31
1141447|10543809.92
960139|10540149.47
1814712|10537371.37
1855906|10532496.30
1615371|10532441.87
660508|10529921.80
1468958|10528814.45
923630|10528393.01
783612|10527338.17
1927249|10525443.26
1120468|10524024.63
629766|10521300.56
1649172|10520911.80
1632903|10518466.19
819418|10514108.56
393764|10513063.55
1957628|10512622.95
495567|10510591.49
950153|10510170.49
800562|10510151.29
1015962|10509614.44
1062872|10505779.40
1775162|10502327.18
140942|10499650.57
821486|10498008.07
4184|10497477.08
986674|10497256.89
318421|10495742.32
239121|10493533.78
820741|10492899.42
1175642|10492760.33
1671594|10492716.21
1388173|10491057.75
894881|10486712.71
1028126|10484006.93
1325140|10483222.99
49102|10482755.85
1708247|10481835.56
896610|10480432.86
288869|10479603.09
1497475|10477118.85
1077185|10474610.80
536243|10471107.01
440984|10470128.40
628|10464527.40
1788307|10464120.48
56775|10462547.63
747446|10461688.44
361661|10456832.17
61329|10456727.88
762875|10456453.51
1511625|10455699.10
220275|10452526.80
1215741|10450170.90
654403|10450014.66
512423|10449531.66
562184|10448237.50
1998452|10445370.12
1703328|10442998.83
473059|10440979.17
1137750|10440185.60
282981|10440019.72
402746|10437661.20
908188|10436869.05
1911378|10433789.27
1806372|10432943.27
1337869|10432858.65
755593|10432628.66
1003714|10432062.27
1324478|10431257.31
107315|10430113.03
1310067|10427999.06
510031|10425040.61
839168|10421190.22
550171|10417914.78
1784240|10416207.52
1477698|10415150.10
453079|10412240.25
1255274|10410957.73
804545|10409262.74
691573|10407952.04
1185803|10407367.15
1937594|10407281.80
1389530|10407029.52
699986|10402567.41
1264545|10399096.38
930244|10396858.46
1290332|10396196.19
1639409|10393238.56
1367845|10392744.93
128795|10391702.91
114449|10391191.88
1240429|10387994.46
1484538|10387267.62
42895|10384983.31
1399844|10384927.12
804557|10383951.98
164903|10381385.90
1500261|10380589.54
226326|10380182.89
1349064|10377907.17
720898|10377727.12
1919635|10375974.64
581675|10375225.36
1747638|10374626.20
1096222|10367103.34
637183|10363311.28
1250851|10361298.78
785182|10360471.91
640637|10360121.83
1463959|10359556.88
1119648|10359537.31
214449|10359344.96
1129915|10358483.50
181770|10352611.34
1132734|10350665.24
364847|10350047.34
1796338|10349461.04
35109|10346702.48
606033|10345978.99
1432838|10344769.63
665830|10342226.16
1893246|10339416.14
1239476|10334874.07
99885|10333701.22
1543446|10332443.27
1813494|10330268.51
1873687|10327136.26
1554005|10326834.08
427207|10326756.14
1646301|10326341.20
580236|10326128.48
1756692|10320073.52
1552236|10318729.44
1165127|10316849.83
1287438|10314373.52
721575|10314340.82
222674|10314220.72
1881649|10310576.97
302249|10308874.94
23067|10305960.23
1589595|10304841.19
1661269|10303511.74
137428|10299435.29
1884482|10299328.98
463029|10298784.13
1208172|10293671.11
267575|10293256.18
795192|10293068.38
361540|10292686.00
419791|10292146.82
903328|10292037.65
1563576|10291685.97
331697|10289563.44
690365|10288459.92
67611|10285540.64
1624350|10285208.92
45976|10284247.35
937806|10283783.44
187592|10283045.28
604180|10283006.14
729524|10278366.93
799120|10275112.32
1851235|10273371.59
1026787|10271983.13
998179|10270206.10
1207673|10270056.15
765391|10269181.42
1127903|10268801.24
1571252|10259955.82
1600266|10258697.28
1226189|10257798.61
446452|10254525.96
1724269|10252699.02
1169506|10250351.25
81233|10250259.82
1764962|10249813.83
1278355|10247462.46
1652199|10241327.08
1834518|10240121.78
1561653|10239662.25
1203055|10237560.39
1759554|10233840.23
1423164|10232368.29
440379|10232110.12
911477|10230912.10
795734|10229887.80
1817737|10227109.50
969832|10223601.70
76730|10223370.03
735088|10223222.09
1915965|10222840.09
1203537|10221639.78
254559|10220896.05
325848|10220208.77
1088881|10219218.30
1097437|10217092.95
650241|10216768.40
1286617|10213371.99
1572803|10211640.57
1115252|10211296.57
1107595|10207657.05
276280|10207606.65
1847791|10207596.75
368248|10205609.06
779538|10201300.20
1973919|10200090.60
1938704|10199855.10
961821|10197246.14
464278|10193620.83
174938|10192474.33
326946|10191934.50
1528820|10190185.88
609450|10186786.65
969158|10185802.24
1061457|10184454.24
1773636|10184032.89
1509853|10181858.54
213241|10178347.14
1649308|10177751.22
1311515|10172805.21
1811246|10167047.30
1561271|10166769.98
1111511|10163120.84
1657272|10162736.86
538168|10158694.22
1551384|10158093.01
1659148|10155043.27
438750|10154903.78
1557802|10153694.70
1374926|10153516.94
844434|10146196.72
1152158|10145749.53
1495685|10144922.16
81115|10144702.42
1470962|10143913.55
1247690|10138831.78
434141|10138800.32
1576429|10136520.44
1859551|10132669.54
1554033|10129794.94
484803|10128892.89
1779403|10126529.86
1714104|10123505.85
75368|10123092.24
773072|10122784.08
1723158|10121715.78
215690|10119093.81
495366|10117997.37
398627|10117927.64
1450091|10116356.74
738168|10116189.54
1690165|10109532.36
753948|10108764.12
1396712|10108516.00
1846602|10107893.30
193630|10107690.10
50368|10107620.54
1084585|10105939.74
1879455|10105224.49
140532|10103981.42
1044395|10103944.96
1324750|10103570.01
1499917|10103085.59
1439555|10102540.75
890787|10101726.54
1383548|10099748.84
1566633|10095808.10
232903|10094810.16
1648167|10094430.69
441390|10094249.96
309969|10093545.14
500147|10091756.76
1064584|10090913.80
1193267|10088828.89
76435|10088063.85
1170962|10087981.86
1428735|10081974.41
249401|10081613.08
1102082|10079736.58
1289685|10078666.92
737656|10078586.81
1273985|10078183.78
1711499|10074815.88
219732|10071772.22
95428|10070691.31
153244|10069723.71
1718707|10069457.22
12262|10069195.36
1269217|10068218.21
985862|10066033.62
884787|10062507.48
168507|10059367.43
82751|10058207.03
1852768|10057945.27
1496034|10056456.04
4616|10056340.55
1393387|10055337.81
114905|10054839.44
1282292|10054180.82
263346|10054162.86
1395887|10053835.56
1056739|10051159.48
407609|10051148.62
681483|10049625.43
111948|10049160.03
618574|10048745.80
1273773|10048731.72
989328|10048595.32
1610540|10048177.80
643257|10047086.30
387830|10046552.54
1897548|10046163.78
1899679|10043992.59
267607|10043464.44
1281562|10042938.69
1752353|10041433.10
1529437|10038766.30
1529165|10037378.76
1323041|10037176.64
1908324|10035563.09
1918357|10034574.84
409286|10033870.80
32751|10033748.53
390701|10033613.66
1921433|10031775.00
782966|10030703.05
1353052|10028999.39
409039|10026714.02
568755|10026541.72
1168580|10026060.55
1536690|10025649.38
94827|10025549.48
678527|10024799.22
267462|10024069.94
702008|10023950.09
489068|10020568.21
1354803|10020147.19
815395|10018057.76
368339|10017363.63
723701|10014563.96
513665|10014364.70
673846|10013872.46
1415862|10009901.60
1258744|10008674.52
13541|10007846.80
1877175|10006382.91
1371699|10004632.20
1925292|10002886.80
1777141|10000781.22
1745106|9997569.85
559145|9997224.23
1571901|9996639.61
1214636|9996443.76
1557850|9995341.56
1771924|9993168.91
906493|9991398.23
1069658|9989584.10
1391474|9986733.12
1084711|9986709.84
1119420|9986029.84
553232|9984880.96
367773|9983314.47
9304|9982624.80
739621|9980347.96
1278111|9976586.12
1624111|9976418.25
957617|9975726.14
1230644|9975354.61
1127218|9975131.11
680046|9974970.94
706765|9973658.84
1432258|9972815.20
1203411|9972626.53
1564714|9971720.16
389080|9970615.68
275836|9970449.98
1451344|9968930.78
1478698|9967725.36
332312|9967523.10
799842|9966616.56
173051|9966553.35
600836|9965579.22
287250|9964531.00
660041|9964035.23
216028|9962765.78
1728182|9962105.40
461638|9960807.44
1939429|9959208.84
1730811|9957156.99
864381|9954853.50
1292046|9954345.59
676366|9954088.47
1244426|9953252.82
1465678|9951944.69
1554110|9951635.46
1771981|9949733.66
336863|9948490.22
1410946|9943411.12
340595|9942397.18
1334950|9941090.18
1519018|9940430.70
189635|9939466.07
227067|9939292.08
424865|9936932.02
1524327|9935568.50
695508|9933769.48
979052|9932704.57
1204473|9927033.96
1715216|9918455.15
1504415|9917899.90
266777|9916149.79
1333446|9916120.55
1167957|9915563.26
1402117|9913465.82
1150060|9911867.00
516023|9908801.79
125550|9908532.10
1455126|9907839.27
106391|9907787.05
1555057|9906525.04
1787766|9906280.23
1841892|9905996.56
488642|9905712.09
651474|9904853.52
968908|9903400.38
870968|9902098.82
1987818|9900489.25
1634684|9900395.56
183328|9897473.86
148651|9896861.85
262486|9896654.40
748560|9896386.63
1123030|9894994.67
950331|9891663.68
311787|9891369.20
1823523|9891255.48
990493|9887317.40
800076|9884375.84
505434|9881571.96
232264|9880194.33
188668|9879693.93
532615|9878655.15
1077935|9876960.24
1419288|9873590.72
1097048|9872707.61
1771721|9872635.31
7745|9871075.15
1022871|9870850.08
951682|9869784.02
705804|9869310.09
134224|9867849.68
368473|9866997.38
1232059|9865986.74
1708710|9865706.73
1218502|9864013.76
743877|9863865.40
682285|9863046.37
96501|9862935.60
1014605|9861575.36
1577058|9860393.90
492965|9859750.92
496927|9859277.60
1059913|9857907.64
639622|9856857.75
1747531|9855081.57
569817|9854994.10
535243|9854720.98
1137785|9854529.90
463508|9853972.65
503752|9850928.59
224114|9850855.56
1111301|9848938.75
106746|9846957.17
1784441|9844858.11
799160|9844614.64
1324500|9844541.96
367639|9844396.54
1541917|9844213.28
382906|9843249.01
1057704|9842415.50
618547|9839273.73
125329|9838759.99
1442309|9838390.00
713950|9836967.59
816028|9836169.38
221758|9835928.10
1388159|9835539.22
636851|9835392.66
1052136|9835108.54
1250816|9833319.52
496504|9832178.10
954811|9830751.00
1823286|9829829.10
1235971|9829072.16
939186|9828600.90
948330|9828442.18
393815|9828201.64
1035096|9824707.27
1187772|9821711.62
1783824|9821363.80
1117462|9820676.12
1043213|9819503.11
141918|9819362.35
1301092|9816990.48
9039|9816447.72
126629|9816227.30
1321725|9816200.60
1793801|9815846.02
1215148|9815674.32
1914410|9814317.76
1963342|9814258.73
1345498|9813853.89
1812841|9813574.16
954868|9811905.48
60760|9811296.94
542084|9810117.01
1347543|9810026.26
239646|9809218.65
114624|9808716.83
1831775|9808030.24
20799|9806706.65
196302|9806506.30
1608358|9806462.30
489576|9805719.28
1025227|9804906.49
1495022|9803813.04
1122671|9803506.44
506547|9802093.22
1650819|9801220.05
1857987|9798884.50
822077|9797865.74
1016363|9797549.22
1013189|9797078.04
402613|9797060.44
218422|9796465.40
88680|9795842.85
1356997|9794290.35
1039415|9793445.00
568112|9792871.36
1423765|9792663.27
362189|9790841.61
1324668|9789741.39
861895|9789727.32
392620|9787953.60
1228497|9786701.33
1609808|9783514.28
1874181|9782511.55
422972|9782138.75
1298627|9781666.12
349185|9780475.07
323484|9780256.12
19483|9780145.35
483692|9779178.88
68009|9779111.10
1804763|9778925.42
1068229|9778818.83
698061|9778785.51
1328846|9777583.52
370102|9777289.80
1804061|9776702.98
1030010|9775698.96
912220|9775320.92
1622110|9774978.30
993117|9774637.27
540242|9772980.97
1138891|9772479.24
1787824|9772047.98
24889|9769982.10
404420|9768656.70
1713382|9768209.00
1139892|9768062.13
1895882|9767985.22
222320|9766579.68
149727|9765190.96
1059534|9765162.94
1338705|9764102.34
1011592|9764007.61
1584838|9763349.83
772907|9763193.22
1354228|9763179.44
732026|9761584.24
954676|9761378.52
670716|9760523.85
1507243|9760130.27
1567192|9759041.60
419864|9758356.95
1757885|9757821.52
506970|9757632.60
1144209|9756666.54
642782|9756584.27
711416|9756400.59
1496672|9755453.30
823479|9755424.03
1998083|9754713.80
985045|9752149.67
495485|9751754.88
1787807|9750981.16
54794|9750710.95
1453339|9750333.28
831127|9749439.65
1810310|9746475.17
1096096|9746280.96
982645|9745770.30
1041754|9745686.45
1721571|9745146.18
1006213|9742829.30
615065|9742686.25
1181775|9742415.10
1230713|9742101.60
1613539|9740907.47
1885614|9740800.41
440469|9740613.12
435342|9738192.36
704873|9737929.32
1814577|9737652.60
661275|9737515.64
300253|9733901.63
1402712|9733606.11
281487|9732572.28
1402052|9732241.23
1957336|9732187.57
1693035|9731790.36
1544653|9731694.05
395200|9731488.43
1338553|9731397.28
15945|9731096.45
842538|9729710.82
357555|9728740.14
1356463|9728602.47
479176|9728566.20
1808246|9728489.49
1024931|9728124.46
1746624|9727138.47
741089|9725997.80
1475462|9725455.77
1974858|9724756.32
1831289|9724657.47
35364|9724485.00
1446975|9724029.72
1435812|9724019.43
471267|9723064.32
1732179|9722748.24
1396594|9721810.23
52822|9721693.73
1247717|9721318.85
972282|9720982.29
571346|9720454.65
849245|9720192.15
1283507|9719328.84
850172|9719119.40
228135|9718641.05
1480030|9718431.13
812792|9717217.32
536358|9716964.77
350556|9716348.38
356385|9713774.10
481426|9713411.82
1191469|9708227.44
1037046|9708199.50
1630643|9708050.32
558751|9707264.13
415686|9706774.76
649830|9705234.54
973612|9704368.73
779724|9703936.85
1213300|9703666.14
397880|9703346.64
1551896|9703247.32
984441|9702770.92
856246|9702686.00
746903|9702278.08
350957|9702205.95
218207|9701870.11
226680|9700831.86
687863|9699160.58
799396|9698563.36
1962259|9697455.72
552237|9697286.54
814606|9697266.76
816980|9696899.08
521524|9696672.30
513786|9694638.58
1355444|9694391.10
1843903|9693875.07
449347|9693819.36
705579|9693270.66
746528|9692426.20
113716|9691800.98
370955|9691232.53
1581455|9690690.24
1739580|9690627.61
699925|9690071.10
835124|9689947.26
1725620|9689861.64
498277|9689815.08
514893|9689509.99
933866|9689074.29
803718|9687917.86
1045969|9686433.46
1382596|9686200.85
50674|9686023.48
1964900|9684138.65
731212|9683816.31
177159|9683530.20
78741|9682463.90
599877|9681628.88
1389919|9681359.09
817645|9681275.76
1043781|9680200.43
1498646|9678389.65
1480736|9678293.52
680083|9677203.04
1257899|9676132.84
815446|9675016.18
1835485|9674932.28
943007|9673743.56
456566|9673187.85
1653078|9672024.40
14401|9671985.90
85275|9671335.42
1543804|9671154.26
292750|9669917.76
1883690|9669740.67
1202995|9669338.45
505114|9668507.58
928766|9668445.74
1720325|9668312.26
108385|9666747.25
1415377|9665570.18
420027|9662643.99
1123931|9662498.16
1664040|9661351.20
1480082|9660454.96
364611|9660341.10
1263898|9656419.59
316782|9656387.67
1667880|9656339.22
1598627|9656025.53
1307635|9654959.92
523914|9654165.36
493855|9652120.44
699963|9651874.40
1414572|9650609.46
94399|9650426.07
1490931|9649792.99
1216014|9649335.60
975621|9648481.34
116030|9648410.52
1217526|9648245.76
659548|9646960.08
1192451|9646896.69
1974624|9646718.90
166773|9646111.50
233817|9645070.32
36121|9644560.62
860998|9644246.70
1075621|9643788.00
1840974|9642011.26
1552706|9641984.25
522645|9641954.24
1373043|9641319.30
1098372|9641180.49
1050330|9639252.25
1005555|9638917.40
957646|9637841.20
880415|9637385.66
564628|9636769.01
1236483|9636430.59
15778|9636332.82
228088|9636296.78
1368891|9635134.10
465888|9634831.88
139499|9634653.28
754165|9632005.34
90532|9631152.82
925359|9629909.90
804886|9628991.43
1208378|9628266.62
1499139|9628178.31
1895197|9628107.93
912076|9627692.97
1775340|9627604.73
58438|9627604.47
513985|9627028.18
928439|9626837.44
404441|9626292.00
1448429|9625402.93
1258369|9625162.80
638703|9625125.20
1370872|9624596.41
484965|9623730.84
985872|9623628.06
168581|9622748.88
1372430|9622034.64
495455|9621667.04
1172524|9621640.10
1911832|9621524.94
1155614|9620438.10
1666922|9620224.35
1493944|9619979.16
849180|9619704.26
1664116|9619047.90
804539|9618210.48
1000386|9617542.44
1865221|9616594.02
1305843|9616511.66
1313586|9615975.64
1635078|9615356.80
271927|9614362.91
932802|9614283.34
228382|9614084.48
1955528|9613978.76
480970|9613621.68
686486|9613382.97
1239661|9613085.74
786415|9612279.18
1858842|9611262.51
540356|9610513.06
1261275|9610360.80
444395|9609959.66
71717|9609780.21
1049633|9609112.64
1442782|9608862.60
1146907|9608720.00
164496|9608099.80
626712|9607461.53
1856190|9607310.68
1801107|9607199.06
399662|9606975.88
897257|9606701.07
906343|9606618.84
701335|9606544.40
473109|9606461.80
1291002|9606399.48
1276891|9606217.12
1388587|9606054.45
1598779|9606031.39
1931954|9605780.82
109189|9605780.03
790362|9605557.51
107265|9604567.56
843492|9603692.09
1665547|9603470.76
901108|9603024.69
948167|9602996.76
1238676|9602305.64
1049005|9599052.54
486720|9598202.08
837852|9598196.65
289695|9598099.95
786240|9597923.40
241042|9597212.77
1002000|9596543.34
1758490|9596078.50
837199|9595950.90
1530793|9595855.50
299886|9595643.72
434779|9595179.28
690058|9594898.50
1719907|9594687.18
311270|9594543.04
872665|9594250.80
503242|9593206.02
92895|9592422.84
1119345|9592339.86
531364|9592142.12
1983208|9588654.72
1430794|9588480.27
1232685|9588158.46
777646|9587304.14
558444|9586636.29
1402535|9586544.60
1917520|9586240.14
590252|9585940.05
1561936|9583797.96
472491|9583508.48
412845|9583488.42
1889106|9583424.91
1799135|9582846.28
1109853|9581733.21
645840|9581677.56
620246|9580489.50
400052|9580286.21
1761628|9579629.53
1520034|9578976.48
1521924|9578599.79
1643769|9577845.97
87503|9577444.61
372472|9575808.52
433091|9575773.83
880588|9575727.56
1291289|9575324.19
1285739|9575139.60
763250|9574294.80
1609092|9574137.30
1515608|9573821.04
1108365|9573258.38
345075|9573187.68
111397|9571801.25
472069|9571467.06
1502826|9570717.00
352518|9570243.23
867512|9568924.66
1840134|9568263.30
449723|9567772.30
1482823|9567302.88
288587|9567186.72
1526041|9566979.60
761246|9566902.80
1572196|9566898.25
566013|9566631.36
452211|9566597.69
1854745|9566333.04
198580|9566319.80
470362|9565861.63
595902|9565767.90
849590|9565644.78
1209874|9565587.99
1963058|9565548.30
1123746|9565331.35
1896748|9564477.78
1734407|9564297.60
1925901|9563787.48
1147682|9563725.00
1278020|9563267.16
452223|9563233.14
545950|9562985.55
1911291|9562632.09
956636|9562207.68
739715|9562071.52
1972263|9561993.92
256385|9561607.20
1462422|9560250.80
989401|9560230.92
939667|9559349.28
668911|9558420.30
581343|9557919.84
1892349|9557631.65
1213229|9556960.00
737806|9555973.35
818249|9555639.29
1291391|9555285.40
1674889|9554146.10
134055|9553125.45
1966928|9552978.45
1812286|9552595.52
1663151|9552377.45
235654|9552199.54
1643219|9550852.33
1384442|9550824.36
863952|9550749.78
1280408|9549788.19
1355921|9549648.34
1736690|9549281.34
1387437|9548027.28
216999|9547165.08
1340356|9546559.40
863175|9546255.30
897039|9545546.85
1659081|9545243.37
669641|9545171.94
1388911|9543556.91
732219|9541097.01
460229|9541070.76
1922005|9539185.39
1621568|9539152.08
374333|9538903.80
1096441|9538163.75
458924|9538090.80
1182696|9537346.35
1101663|9537265.64
963606|9537187.59
108807|9536247.16
1413498|9536068.32
167446|9535339.78
228903|9535180.67
496919|9535168.95
12683|9534161.34
393315|9533923.02
259130|9533912.64
477456|9533741.14
1661214|9533632.06
811519|9533173.74
301733|9532475.10
1891384|9532048.26
743642|9531922.89
49770|9531671.36
809123|9531317.58
1665982|9531155.22
1849878|9530889.00
474283|9530433.10
504563|9530334.22
52726|9528453.12
435891|9527814.63
1261972|9527291.76
86664|9527239.20
1879043|9526980.95
1158078|9526841.77
1014088|9526027.11
1714731|9525652.76
1050032|9525583.60
1127163|9525434.06
361667|9525322.50
810941|9524555.25
512801|9524489.24
660153|9523991.10
987573|9523903.14
1693725|9522797.70
682955|9522138.20
29368|9521811.00
361389|9520946.96
1086670|9520894.10
389614|9520477.88
1618191|9520195.74
825028|9519095.70
1607167|9519095.00
1919922|9518170.72
548643|9516932.04
1306376|9516597.45
488790|9515466.90
1491914|9515428.16
1579888|9515089.37
1677806|9512269.94
1644500|9512212.24
315252|9511248.94
1214377|9511239.45
898425|9510998.40
130421|9510997.05
1723001|9510781.73
313238|9510766.45
1143170|9510405.16
1591561|9510159.26
1100864|9509799.78
752740|9509442.76
469946|9509076.00
950172|9509032.50
766352|9508337.08
1182407|9507940.00
1440596|9507708.65
702245|9507410.77
1775577|9506826.62
1880924|9506437.06
747722|9506337.45
1701875|9505749.57
488758|9505699.92
1471219|9505695.87
725365|9504961.63
1615515|9503995.20
1529277|9503945.71
280030|9502710.00
766570|9502565.76
658981|9501817.98
1777259|9501506.49
1499146|9501373.73
148548|9501065.10
1591432|9501022.44
809520|9499836.48
358823|9499769.33
1634406|9499608.84
973971|9498286.28
5631|9498081.84
1984147|9497543.24
1180836|9497524.97
1063169|9497378.40
1119889|9497298.33
1951716|9496141.77
1189251|9495762.90
1564381|9495513.72
540049|9495129.70
933372|9494704.13
972954|9494566.65
1152196|9494557.54
321283|9494198.64
799850|9493639.55
193502|9492083.84
91980|9491359.23
1499424|9491207.36
254772|9490899.60
621576|9489185.20
1780549|9489008.10
1770373|9488564.80
25895|9488491.20
1230581|9488401.66
237401|9486978.80
815834|9486780.07
1378726|9486359.76
1227927|9485547.12
248014|9484922.64
337241|9483500.32
1832130|9483444.72
145720|9483354.44
1321384|9483063.66
1361510|9482845.08
1887311|9482679.50
143721|9482372.25
837077|9482167.50
305399|9481833.06
239699|9481674.40
294079|9481516.03
1714449|9481477.56
1458055|9480909.20
501310|9480889.32
423027|9480878.99
2682|9480751.50
1931388|9480223.08
1636425|9479108.41
750918|9478775.09
160306|9478280.70
1570530|9477718.98
1918643|9477634.92
974885|9477498.24
1266473|9476874.40
1757852|9476856.34
1863345|9476792.10
1794961|9475814.40
1580929|9475588.24
1098785|9474743.33
972529|9474115.59
1173606|9474109.28
472018|9472967.64
1483328|9472905.75
1922807|9472641.50
395931|9472638.89
59108|9471800.45
1364584|9471770.62
1194437|9471707.92
197705|9471502.94
1478091|9470930.00
614449|9470439.12
784591|9470355.60
525611|9469805.14
1072841|9468890.38
783993|9468873.86
1669416|9467846.15
999660|9467712.75
965483|9467212.40
337680|9466964.15
1438229|9465968.75
271859|9465875.23
801252|9465363.18
1529681|9464468.27
4357|9464355.64
937253|9464140.47
1933434|9463670.68
1357935|9460148.21
1768395|9460045.68
896916|9459837.60
410602|9459823.74
1730670|9459697.36
1864902|9459321.64
1621626|9458826.78
650585|9458227.36
243257|9456973.79
1003622|9456708.28
1954729|9456327.76
1881178|9455916.12
1739945|9455860.52
669406|9455705.76
1020263|9455297.43
892231|9455275.26
1888908|9454399.78
153659|9454355.28
875314|9454346.04
1062317|9454281.30
1885844|9453517.52
247032|9453396.90
1161475|9452819.44
1077177|9452296.60
990035|9452277.80
84991|9451938.60
517007|9451638.90
1742121|9451629.40
736268|9450749.70
1111787|9450533.04
1627080|9450328.44
481321|9449740.30
837091|9449579.00
1730077|9449575.04
164399|9449231.00
594257|9448975.46
1883720|9447683.07
1264820|9447518.72
1483794|9447077.64
416596|9446856.12
890103|9446818.02
266295|9446640.88
883924|9446325.40
639489|9446139.56
1810128|9445578.30
1894382|9445245.54
1272850|9445113.16
1343707|9445084.20
72428|9444236.28
716366|9444197.24
1760551|9443522.20
1610184|9443447.72
469393|9442498.41
637306|9441970.99
398815|9441802.24
263033|9441741.86
1289312|9441609.78
1547117|9441135.08
1815004|9440626.96
1130058|9440395.56
1874956|9440341.68
656778|9440127.87
318885|9440004.54
1771862|9439809.17
1524351|9438974.20
561275|9438863.28
118914|9437978.38
1968761|9437075.50
346989|9436608.48
652411|9436601.55
403861|9436132.88
1871232|9435860.95
821182|9435583.33
850851|9435335.85
1339595|9434622.60
1809883|9434548.72
1287771|9434336.01
855580|9434046.72
1203811|9434014.92
1310475|9433784.31
508519|9433033.88
1718753|9432748.25
1985106|9432507.30
767424|9432501.36
283449|9432348.96
1732494|9432007.52
348906|9431315.69
700918|9431078.60
197506|9431059.50
187660|9430445.26
273953|9430376.13
505442|9430220.28
336429|9430056.08
1629719|9428606.28
554109|9426872.88
1603043|9426241.66
241293|9425603.74
779595|9425244.40
1308425|9424016.55
770912|9423982.59
510568|9423582.12
1254154|9422520.90
104190|9422395.58
1854587|9422367.90
1305549|9421999.68
1435043|9421750.80
1337669|9421739.62
1999250|9421472.48
258390|9421326.06
1915801|9421288.01
1822218|9420887.06
1616402|9420530.28
275614|9419754.40
538073|9419380.08
280107|9418443.92
761140|9418386.76
1188625|9417911.68
340792|9417870.64
360358|9417831.84
1449126|9417260.16
387650|9417251.42
1839872|9417058.60
361638|9416425.08
992594|9416327.04
1345660|9415974.33
576280|9415783.92
1353921|9415647.75
207690|9415546.98
1803052|9415302.60
1403112|9415202.91
1442436|9414969.20
21258|9414607.93
1674371|9413680.64
1025154|9413656.56
1369910|9413319.02
986531|9412351.60
1449174|9412109.14
1574885|9411626.36
880705|9411328.00
1212946|9410954.53
45267|9410863.78
666397|9410694.14
1942471|9410604.28
1650964|9410591.50
89627|9410334.69
1431315|9410062.67
795024|9409855.72
1718298|9409828.76
1327202|9408721.14
915455|9406742.68
1176724|9406558.85
1575845|9406430.79
1700641|9406153.37
380268|9405268.05
871496|9405155.12
438650|9404552.96
1916154|9404505.32
322438|9403934.28
1284|9403341.08
1715578|9402047.23
107615|9401167.84
1430815|9400890.73
1377178|9400441.32
1819925|9399795.62
254416|9399753.42
467524|9399666.70
1758480|9399535.60
158091|9398887.68
1040771|9398801.01
274985|9398001.34
93801|9397957.20
727419|9397373.82
848059|9397245.06
703980|9396370.56
510103|9396092.42
1488158|9395923.40
1199830|9395687.12
1001378|9395473.12
215938|9395447.76
1330276|9395165.84
340557|9394948.00
1275169|9394830.06
626676|9394775.02
171076|9394440.04
288378|9394287.00
1240366|9394140.16
690681|9393690.51
1664635|9393504.64
344952|9393404.02
1393805|9393208.60
4964|9393081.06
726057|9392927.16
1071985|9392430.89
219435|9392029.05
501671|9391858.30
118221|9390987.55
1502412|9390631.25
1028717|9390444.24
341973|9390368.04
673176|9390052.47
416652|9389985.60
384033|9389952.00
1406608|9389811.96
470681|9389667.43
238996|9389395.28
281145|9389019.41
531658|9388742.66
637737|9388393.69
1071|9388264.40
1964675|9387555.45
385655|9387529.68
605617|9387502.68
880862|9386599.50
169691|9386200.26
1915089|9385732.32
46897|9385056.21
223485|9384673.50
1001056|9384644.27
837634|9384083.07
1804580|9383931.15
1704420|9382562.92
1068412|9382427.76
961459|9382181.22
518993|9381851.71
1392447|9381251.62
910258|9380813.75
970529|9379961.20
596075|9379866.72
562480|9379710.90
866759|9379668.40
1284775|9379561.03
1585441|9379282.50
303552|9378806.34
1814607|9378788.43
35893|9377877.33
221622|9377487.86
963047|9377239.95
1709124|9376590.08
846796|9376193.52
1423107|9376124.00
1769322|9375685.48
577047|9374989.25
1274650|9374774.07
1951234|9374659.75
319433|9374576.70
1466734|9374458.88
488851|9374339.43
497944|9373751.52
554516|9373746.72
833512|9373653.90
1527703|9373549.90
1418826|9373106.25
166108|9372600.00
1222195|9371875.24
1026831|9371790.50
1677094|9371743.47
449477|9371099.72
1595722|9370918.24
9662|9370720.92
1414697|9370430.08
786514|9370016.90
461249|9369734.22
468887|9369642.52
1335840|9369399.60
88726|9369102.96
1567283|9369074.00
804839|9368829.80
1924646|9368576.30
1257338|9368480.52
127617|9368026.38
1031970|9367767.36
731769|9367517.76
9196|9367477.28
548328|9367006.66
1200005|9366288.12
347224|9366099.82
309782|9365944.42
907839|9365636.50
201823|9365346.09
1436425|9364424.80
1303675|9364185.76
1661922|9364119.64
836508|9363738.24
1171621|9363189.15
1560218|9363084.56
121908|9362870.40
1942236|9362738.91
1597914|9362597.92
545775|9362101.52
693499|9361869.80
1080798|9361439.60
1525541|9361284.03
890081|9361143.00
307243|9361120.76
546247|9360663.28
73995|9360469.84
767513|9360428.22
1047507|9360171.00
926644|9360124.11
1848021|9359443.60
330534|9358760.42
1929163|9358757.80
1499844|9358468.21
1784225|9358097.65
1845976|9358082.65
1162202|9357685.88
561652|9357652.54
7323|9356712.30
1692701|9356326.38
1945738|9356238.45
21716|9355867.62
1922726|9355470.11
1551265|9355088.68
1266942|9354950.08
1286239|9354923.16
372954|9354745.89
1568106|9354684.75
1053460|9354357.76
785514|9353873.03
443270|9353641.44
1666735|9353354.40
142536|9353074.48
86159|9352086.59
551618|9352053.25
893508|9351514.49
636726|9351445.20
1721121|9350858.16
1098348|9350639.19
534111|9350608.75
1536788|9350519.40
343514|9350114.00
459599|9349940.50
873584|9349781.52
1262055|9349416.47
1184736|9348703.20
1087286|9348565.40
61285|9348480.54
688194|9348048.65
1457598|9348009.74
1113940|9347862.79
1554180|9347472.49
1089093|9347148.54
930974|9346954.50
767756|9346856.31
1524790|9346511.20
1709586|9346224.93
141519|9345868.68
1430884|9345692.38
833119|9345240.90
586638|9345185.16
1680551|9344776.56
1922247|9344720.28
1498490|9344073.71
1299330|9343947.42
873051|9343784.00
1201803|9343244.24
1789230|9343009.16
1497790|9342560.76
1443759|9341944.64
266089|9341765.05
338364|9340865.79
284584|9340338.61
1995460|9340199.10
1976708|9340118.04
1477722|9340080.39
361282|9340079.71
1931741|9339313.80
583803|9338571.00
1974077|9338289.60
969872|9337659.75
1172377|9337589.30
743189|9336851.80
1119822|9336183.32
403713|9336080.00
713674|9336065.60
479886|9336039.88
1546580|9335713.54
1163879|9335561.55
1508421|9335480.82
1364865|9335359.78
824915|9335160.98
313327|9334986.54
156056|9333687.04
1073750|9333669.20
976760|9333314.64
1543758|9333132.28
466077|9332648.52
892455|9331969.27
8390|9330726.92
1525338|9330585.90
845921|9330472.50
1168648|9330180.43
1958533|9329745.12
367134|9329387.00
648669|9329093.20
85512|9329065.91
1320481|9329012.33
1323679|9328960.20
1838470|9328779.72
26344|9328291.86
71249|9327727.98
1397296|9327580.80
909306|9327421.41
613239|9327099.24
920479|9326642.16
1365845|9326324.78
858616|9325078.32
1360720|9324615.17
667648|9324613.60
996879|9324361.02
1085514|9324113.41
850236|9323921.88
1255828|9323621.30
419650|9323207.90
1129324|9323190.24
582893|9323091.84
1623415|9322979.34
1872125|9322970.74
1153013|9322462.97
1793212|9322160.29
836421|9322016.20
999691|9321193.90
298944|9320925.48
1534530|9320856.82
1547266|9319855.99
1268827|9318832.90
1340114|9318784.10
1444215|9318480.50
446602|9318233.06
1643211|9317800.45
1799097|9317762.10
984883|9317092.68
841498|9316539.28
264498|9316359.75
936845|9315604.48
1439109|9314753.24
858040|9314580.24
684842|9313692.65
1516460|9313522.14
1948769|9312442.56
454555|9312356.62
1988257|9312034.92
67140|9312009.90
1380302|9311762.25
1314594|9311561.60
540689|9311054.05
659023|9309723.15
1857985|9309443.67
1043865|9308133.90
1519836|9307504.01
1969325|9307304.05
1946387|9307123.80
102266|9305962.32
763666|9305932.86
486835|9305766.06
115196|9305363.00
1600060|9305303.10
1825903|9304469.23
1589630|9304272.84
894983|9303759.93
1099896|9303646.97
1099393|9303628.32
1908536|9302992.54
284633|9302877.81
1575651|9302514.81
839153|9302191.89
1537788|9302093.23
1119176|9301792.59
877480|9301578.72
249535|9301282.90
482873|9300628.58
1663255|9300413.27
238786|9299681.00
239668|9299613.96
1451433|9299339.55
141881|9298791.90
230839|9298606.24
1406302|9298317.60
372437|9298212.20
188612|9298062.36
833164|9297918.63
797704|9297846.90
857945|9297745.42
568239|9297502.14
379388|9296939.01
357048|9296790.40
721609|9296359.60
1650102|9296052.48
1287630|9295596.45
995191|9295330.66
990595|9294233.20
1390648|9293020.54
929013|9292686.36
1050624|9292287.48
1418248|9292090.92
1525989|9292045.70
1823081|9291876.24
1878570|9291705.60
919586|9291578.72
1119714|9291535.92
192978|9291019.26
540487|9290097.60
626773|9289914.30
1595155|9289475.52
821309|9288835.90
1113145|9288748.40
860237|9288162.14
1443853|9288068.02
827356|9287048.60
967455|9286903.97
296941|9286741.30
996394|9286385.28
1878355|9286067.56
1317631|9285466.60
1533384|9285396.12
692524|9285229.46
951982|9285219.99
1348149|9285165.00
1869062|9284885.01
465250|9284864.37
17979|9284648.49
1935184|9284489.12
1926470|9284267.23
1275681|9284207.25
1953037|9283951.48
1210590|9283908.28
1697233|9283751.60
1219134|9283315.98
268526|9282984.66
694393|9282736.85
143385|9282647.60
137180|9282594.36
1835146|9282129.46
1018275|9281204.43
763053|9281094.15
768235|9280613.66
1460081|9280206.76
1432290|9280087.76
1005356|9279619.16
761940|9279169.61
293520|9278308.34
1418478|9277740.00
237611|9277678.63
303954|9277477.58
392736|9276864.00
246717|9276825.01
854887|9276522.06
194667|9275895.76
1725534|9275366.10
648360|9274916.95
1656086|9274875.00
1108864|9274859.24
1497418|9274170.20
1562423|9273920.81
97886|9273852.42
548286|9272718.00
968523|9271383.31
745010|9271270.80
1303629|9271221.00
1309969|9270987.60
1457253|9270868.48
1599324|9270714.40
1114002|9270662.48
1696302|9270398.86
1993497|9270283.98
893904|9269614.07
1333069|9269481.65
1587094|9269438.19
648134|9269432.40
1926995|9268368.48
1552353|9267872.25
1339667|9267540.48
923471|9267223.12
502668|9267136.98
1518207|9266792.72
1778470|9266791.97
1910715|9266670.32
652394|9265939.20
947054|9265464.55
1266663|9265326.48
905430|9264855.19
1253013|9264559.90
799284|9264522.36
459173|9262511.70
1330426|9262221.15
487072|9261913.17
1643892|9261783.92
1830100|9261656.25
466964|9261461.07
1270938|9261445.12
1525611|9259680.43
1204425|9259608.96
1328457|9259589.02
1730416|9259334.16
242005|9259221.13
58015|9258817.40
171884|9258795.00
166782|9258767.07
22704|9258432.64
1994950|9257550.72
75148|9257420.83
1745889|9256128.48
1661268|9256122.84
1421896|9256117.65
628393|9255894.48
1735580|9255530.28
1459488|9255255.90
1101475|9255061.00
1667002|9254603.98
58875|9254189.96
944374|9253943.93
1777919|9253928.48
373061|9252756.93
1931381|9251961.00
1548550|9251892.65
1474382|9251729.85
1824919|9251711.72
1669820|9251431.44
1303308|9251216.50
1410929|9251109.45
827821|9250963.94
154497|9250729.18
1954586|9250625.70
847114|9250602.12
306694|9250455.75
367963|9250164.42
712845|9249862.89
1954211|9249852.80
1072529|9249225.19
1113882|9249042.11
920108|9248635.44
1074454|9248450.91
1300313|9247848.65
129275|9247566.60
167010|9247312.50
1857998|9247251.60
732341|9247147.43
1198447|9246430.76
72202|9246371.10
1674733|9245786.31
1496504|9245394.27
71286|9244970.30
1793704|9244855.90
115940|9244422.00
1576807|9242992.60
1321626|9242373.49
1315963|9242230.23
1986391|9241775.36
492607|9240914.77
1825203|9240874.29
880214|9240854.70
1253270|9240688.26
1985631|9240345.18
68740|9240238.54
1710255|9239757.00
881992|9239705.30
1777182|9239274.55
103388|9239218.08
1085344|9237903.36
800319|9237742.91
1347032|9237614.40
131442|9237244.64
897428|9237119.10
1798942|9236351.88
1539386|9235949.46
1489458|9235896.58
441468|9235696.05
1994429|9235682.85
336349|9235576.35
806775|9235322.82
1848027|9234882.36
470462|9234670.17
324269|9234268.42
1159968|9233984.64
1357949|9233673.84
1259127|9233170.92
678129|9232555.18
211781|9231243.81
934962|9231214.40
1332683|9230887.28
1336069|9230605.84
1393877|9229656.15
837254|9229644.24
253388|9229399.52
1593342|9229380.65
1858451|9228698.70
1301627|9228674.84
666228|9228519.86
181683|9227571.60
1269335|9227235.88
1229904|9226383.88
1537800|9226268.93
970249|9225840.31
349758|9225321.50
83328|9224792.20
803877|9224349.47
1271035|9223928.77
1138036|9223225.79
1849818|9222673.03
1543724|9222600.00
893352|9222389.87
647636|9221807.07
1513883|9221434.55
1207655|9220921.20
1253994|9220814.68
519218|9220407.30
88323|9220394.56
1720108|9220016.00
1314996|9219429.31
975528|9218815.35
762809|9218165.76
263263|9217805.99
1289615|9217633.15
198222|9217319.46
230611|9217086.06
1444762|9216640.08
1143011|9216352.32
436671|9216307.80
138018|9215987.90
1885470|9215938.70
1444302|9215683.61
959061|9215627.54
1415686|9215612.28
613172|9215340.63
359741|9215207.70
693371|9214558.25
1931810|9214398.05
472471|9214130.88
1903776|9212974.96
462579|9212688.03
775297|9212685.41
708968|9212060.44
748708|9211983.64
1949418|9211425.57
762178|9211305.82
1090002|9211018.02
1798270|9210972.57
562066|9210900.71
491589|9210317.90
833326|9209959.99
1195522|9209558.97
408060|9208629.30
1477625|9208371.92
1588969|9208083.01
925363|9207951.36
818594|9207889.80
1734141|9207760.12
205526|9207493.50
193027|9207285.34
1743083|9207191.16
1289868|9207093.50
1210019|9207052.60
1277977|9206813.82
1918890|9206166.06
521897|9205651.80
901420|9204974.57
608197|9204702.66
325318|9204685.28
1619208|9204220.58
1912409|9203906.10
1575368|9203759.19
111824|9203253.36
1353774|9203176.56
732888|9202990.23
708311|9202773.84
443354|9202754.40
366725|9202513.50
858528|9202472.46
28504|9201669.20
528126|9201486.24
1989729|9200647.08
1036349|9200548.41
839638|9200529.42
660753|9200433.61
440073|9200368.45
1380285|9200127.30
1868797|9200072.80
1911973|9199683.12
462681|9199627.40
410224|9199497.06
289106|9199274.52
238911|9199119.94
1582288|9199038.81
883661|9198583.81
602082|9198488.17
1139617|9198477.50
250978|9198196.80
897881|9197893.48
322899|9197003.55
393330|9196567.58
621459|9196540.36
1523309|9196383.80
1199783|9196348.14
377446|9196258.80
10760|9196063.38
314814|9195795.80
795898|9195750.97
621706|9195730.95
650460|9195472.16
367795|9194987.88
1379907|9194766.62
1778405|9194342.96
58507|9194275.06
1729659|9193893.66
1233946|9193756.36
1318841|9193569.60
423680|9193458.33
537583|9193055.31
1877161|9192715.56
1910470|9192642.48
1826098|9192320.80
1175032|9192203.79
277372|9191621.54
713380|9191338.66
1293128|9190284.81
1690634|9190178.40
1850987|9189987.20
581218|9189869.18
1683007|9189279.63
27191|9189271.65
1776955|9189256.44
576488|9189139.50
1107609|9188383.02
1393573|9188372.88
1529399|9188175.40
1184468|9187795.76
1392953|9187705.70
1552163|9186404.69
614410|9186033.60
1310244|9185897.70
1124670|9185728.56
1444659|9185682.97
1941173|9185311.44
1243687|9184942.02
454172|9184772.90
785516|9183794.31
1718361|9183674.62
1520874|9183664.44
713586|9183477.94
1424590|9183117.70
1422438|9183099.24
1869341|9182890.08
721886|9182641.65
191195|9182086.23
1811178|9181376.67
1865978|9180961.80
1482348|9180907.97
1195596|9180553.80
222250|9180430.11
1914570|9180365.24
810077|9180124.54
1311246|9180105.40
1264455|9179882.38
1959815|9179776.30
555803|9179723.07
704063|9179639.55
59227|9179355.84
1635956|9179308.44
789000|9178261.90
324342|9178049.16
1195573|9177821.34
9145|9177787.60
1532967|9177700.00
882307|9176943.96
1124123|9176339.80
73477|9175902.82
647292|9175681.58
225647|9175265.32
149100|9174439.71
786676|9174273.00
375837|9174265.11
1416114|9173632.00
893962|9173346.56
1415008|9173266.20
1986939|9172842.56
427983|9172602.99
287199|9172531.02
1318212|9172499.55
1736629|9172306.62
1256385|9171987.74
930972|9171930.78
969941|9171919.51
1216096|9171729.48
1230719|9171633.65
882596|9171302.85
1264600|9171157.71
189096|9170963.36
1368836|9170839.25
736982|9170513.03
210438|9170264.88
1334731|9170236.74
343007|9170105.60
729808|9169304.60
81237|9168521.25
635811|9168179.16
499717|9168124.76
1540974|9168026.55
620134|9167285.02
229070|9166696.08
720468|9166652.33
1259139|9165729.00
914883|9165479.67
201491|9165291.40
934666|9164928.56
571505|9164882.43
1185109|9164876.67
213146|9164851.44
324717|9164637.74
435860|9163834.12
1269920|9163758.00
1579528|9163754.08
1826773|9163359.40
902416|9162451.61
1559903|9162094.41
656901|9162035.82
658875|9162005.16
425391|9161730.08
543632|9161546.05
1998938|9161507.69
184512|9161267.52
1188830|9161029.14
1609931|9161002.86
1142598|9160776.30
697060|9160625.41
1879172|9160487.52
1962902|9160378.24
719208|9160098.00
572572|9160094.14
994249|9159690.60
1138277|9159233.88
1035191|9158781.80
1589233|9158691.36
1888305|9158568.93
883028|9158496.60
348094|9158374.56
425848|9157910.19
238535|9157362.91
28726|9157335.52
464488|9156973.52
849715|9156353.25
1514083|9156328.51
178934|9156320.01
67313|9156209.50
1413716|9155546.62
289689|9155301.95
605089|9154288.37
941939|9151896.48
541691|9151717.95
1730671|9150570.60
1349889|9150095.37
196656|9150089.64
1874926|9149798.82
998502|9149401.80
1924605|9149145.92
843047|9149144.40
933517|9148563.60
340023|9148332.16
1237794|9147983.18
622136|9147875.31
788751|9147695.04
715975|9147436.76
1445741|9147033.10
1280287|9146602.52
1527563|9146462.00
1737429|9146400.00
1083319|9146298.86
459081|9145300.48
1307122|9145021.83
1805186|9144997.68
1285662|9143985.84
973213|9143965.52
1861343|9142604.96
777592|9142452.45
1757617|9141999.90
1211708|9141855.42
551414|9141827.48
1498997|9141811.41
1411166|9141716.76
656068|9141267.50
593807|9140988.54
328878|9140899.86
788923|9139892.36
220306|9139592.80
1731313|9138874.28
453798|9138636.00
1586437|9138528.72
58390|9138418.76
885760|9138166.08
602011|9137834.16
1074926|9137663.60
421524|9137609.72
1624929|9137541.23
202122|9136988.31
185721|9136838.98
1981892|9136712.97
164118|9136610.37
837049|9136100.52
1365892|9136085.41
404322|9135992.36
887290|9135883.89
668297|9135807.30
1974456|9135791.67
996888|9135500.30
1403350|9135296.52
1136503|9134952.48
1225318|9134940.99
1525166|9134507.98
1475854|9133811.18
1223551|9133628.95
1663390|9133256.30
1902406|9133153.77
1243152|9132957.76
441461|9132766.14
1890098|9132695.75
423677|9132287.43
1863458|9131982.05
1722766|9131781.12
1036940|9131775.51
1169872|9131650.48
220797|9131307.39
1865337|9131274.60
770477|9131170.40
1538771|9131003.11
1385801|9130906.96
805087|9130888.62
1716398|9130495.50
1340862|9130419.22
1792231|9130353.13
934554|9130230.81
1413658|9129596.30
1947886|9129452.35
1565710|9129434.97
1514061|9128286.01
928985|9128268.00
1756458|9128228.34
1686451|9128143.44
1103425|9127671.00
1744777|9127560.05
1055804|9126881.00
550934|9126406.40
309877|9126402.59
503748|9126022.62
1162878|9125930.85
1862608|9125867.51
1685235|9125814.54
1664140|9125585.20
1964724|9125462.22
1876161|9125059.56
1549174|9124975.42
1545522|9124174.78
73858|9124097.24
733911|9123964.50
1793342|9123666.42
1112278|9123135.39
1541477|9123110.91
518898|9122888.07
471497|9122595.30
1932432|9122224.85
360753|9122168.34
1245862|9121962.99
601332|9121668.51
1105301|9121659.30
97202|9121506.36
1594229|9121441.77
122889|9121440.25
680989|9120402.80
873097|9119983.34
1715736|9119914.14
583430|9119752.38
1175939|9119658.64
685146|9119457.01
1794883|9118724.31
208202|9118565.31
1210484|9117919.65
1544992|9117759.09
1115870|9117002.07
1882931|9116374.75
742088|9115984.00
609058|9115636.42
502416|9115510.83
448082|9115507.94
1902373|9115451.52
343348|9115270.62
316038|9115269.90
709596|9114547.46
1548914|9114444.27
998621|9114397.49
1508466|9114238.96
429049|9114236.60
1036496|9112885.72
1210812|9111842.85
582184|9111834.01
913762|9111712.50
201400|9111645.72
1144647|9111434.43
1022458|9110596.04
1552504|9110479.56
325150|9110307.36
1682919|9109856.85
1441577|9109806.00
951870|9109402.56
227027|9109339.65
319254|9109277.76
20520|9109256.51
705278|9108850.50
553590|9108112.98
106501|9108094.59
1676161|9106142.10
11760|9106037.10
314899|9105948.88
1151295|9105773.88
1410186|9105095.94
1893029|9104235.79
725148|9103800.00
1602474|9103668.48
950568|9103570.29
1365532|9103418.55
1254707|9103281.40
1587984|9102175.63
1720662|9102116.16
324376|9101387.84
1084737|9101024.40
1913903|9099910.01
1575948|9099403.59
837716|9099010.94
268004|9098898.71
514083|9098693.66
146346|9098628.00
317739|9098605.62
1497575|9097167.20
1135257|9096890.90
469724|9096607.08
370734|9096117.70
653100|9095615.80
1404507|9095064.80
1427223|9095049.34
53091|9094978.80
709782|9094592.29
513292|9094356.02
1103204|9094176.78
588529|9094101.60
62580|9094092.48
1182902|9094026.81
1551632|9093958.72
1387185|9093097.26
1671317|9092921.73
1001031|9092773.68
141977|9092684.55
1038319|9092369.26
834528|9092234.30
402936|9091896.13
230623|9091853.36
1556464|9091784.52
312908|9091763.54
481764|9091587.00
1373986|9090723.72
333229|9090215.91
62540|9090196.38
11788|9089999.91
1124171|9089227.35
624212|9088482.42
1215966|9088383.20
849877|9088051.75
512795|9087999.56
1963198|9087995.40
955570|9087419.98
1428217|9086504.83
313397|9086347.38
1675352|9086022.00
1019098|9085746.92
1334518|9085660.60
1433531|9085398.90
1510425|9084943.69
1079164|9084931.92
534286|9084843.60
851945|9084477.60
617776|9083881.88
167621|9083490.14
493327|9082737.48
1089439|9081670.37
778858|9081660.63
1978620|9081611.25
1406746|9081295.21
177317|9081276.48
1812367|9080640.45
1893594|9079894.55
1306226|9079775.25
113784|9079729.68
437379|9078734.14
634530|9078711.50
795389|9078364.80
1265047|9078262.27
819467|9077958.67
1832081|9077316.90
216460|9076663.98
295799|9076523.21
461701|9076181.06
718286|9076176.12
256786|9075971.51
904174|9075955.20
1662409|9075946.88
278328|9075794.13
16836|9075715.44
460757|9075332.80
1954097|9074118.57
1044148|9074090.14
835440|9073671.00
1279023|9073585.41
1210511|9073214.12
501601|9072870.14
829391|9072843.90
331898|9072711.96
3851|9072657.24
1900631|9072610.17
1796610|9072575.86
1866846|9072563.17
1065452|9072490.05
1835880|9072117.45
1214627|9072039.27
284664|9071954.81
1770560|9071944.21
1172652|9071906.40
503271|9071355.80
482324|9071244.32
1626595|9071195.04
1824932|9070972.35
1489060|9070704.69
396969|9070356.75
783843|9070202.68
1679649|9069515.11
1291886|9068935.68
1731212|9068190.40
1216449|9067656.00
1516765|9067540.16
1398297|9066954.42
1017801|9066922.98
1431379|9066848.40
1390692|9066345.20
1597105|9066241.99
695667|9066193.50
903367|9065854.60
1129102|9065830.62
1944324|9064708.68
392337|9064539.64
1906594|9064219.65
1548501|9064194.05
1989398|9064071.50
1259387|9063658.86
543777|9063565.40
1837282|9063435.81
1146452|9062862.27
1991968|9062716.92
380360|9062557.17
50551|9062434.72
580397|9061882.00
1184783|9061120.64
1287058|9059933.26
690943|9059842.74
168641|9059748.90
1599919|9059710.20
171874|9059356.44
322687|9059029.93
1352664|9059025.09
745931|9059012.28
1041226|9058686.00
1650872|9058382.38
86670|9058364.89
1614393|9058357.17
1890587|9057649.50
1204961|9057444.90
522554|9057257.38
911662|9057198.78
1924776|9056657.61
1338644|9056611.56
416199|9055989.76
166432|9055814.18
1963212|9055037.12
19953|9054919.68
1002548|9054669.60
1419696|9054438.16
943487|9053700.60
1334369|9053511.74
94692|9053482.71
1796558|9052298.64
843883|9052273.29
393846|9052232.25
539595|9051669.64
1682813|9051346.45
1737402|9050954.52
326679|9050931.60
677051|9050669.20
1243195|9050297.55
1142866|9050277.90
1978471|9050265.00
1920528|9050119.53
443883|9049969.50
597804|9049969.35
853439|9049540.18
1055251|9049428.04
767025|9049284.79
1136225|9049026.78
665198|9048855.66
1918834|9048489.94
482678|9048211.92
1194878|9048100.02
821331|9047620.15
111848|9047337.43
1272488|9047313.60
1797427|9046674.44
1958125|9046424.34
1147547|9046100.56
1435716|9046100.21
727485|9045966.36
960206|9045877.54
639098|9044890.26
1208563|9044555.12
1949183|9044551.88
1151986|9044337.77
1949079|9044202.51
34687|9043751.80
1754936|9043156.50
475612|9042931.12
562085|9042678.38
693873|9042023.76
1484407|9042007.15
1954441|9041971.20
742046|9041521.30
200254|9041224.50
8823|9040855.10
972787|9040704.80
1502819|9040488.30
58989|9040388.28
1668590|9040358.34
773630|9040018.72
425875|9039702.42
314569|9039522.75
1308873|9039133.83
69320|9038292.80
1221262|9037124.20
1127237|9036866.34
729794|9036604.32
356109|9036567.33
484910|9036129.86
138969|9035478.32
84731|9034775.88
1620858|9034168.00
1455946|9034103.16
1810239|9034071.47
873530|9034004.76
1864838|9033666.30
1887030|9032794.21
1276387|9032345.27
555381|9031942.28
1601372|9030659.90
1333018|9030445.70
1193815|9030053.15
1862407|9030048.00
666722|9029994.48
142473|9029696.80
1581556|9029333.28
863375|9029162.90
1786657|9028969.84
509700|9028797.24
1899857|9028441.50
1673037|9028279.68
453811|9028242.24
39410|9028000.74
60602|9027994.06
1611281|9027743.40
1714038|9027463.40
21755|9027327.33
989817|9027155.76
1275335|9027142.40
1609853|9026857.38
24661|9026355.91
940744|9025565.00
1036888|9024878.25
545905|9024602.51
1346587|9024562.12
393505|9024472.42
1392927|9023961.90
4005|9023227.44
1809552|9022762.68
608917|9022610.15
1960499|9021981.82
1434163|9021857.46
509522|9021387.63
646917|9021062.50
1563841|9020769.05
1333044|9020413.02
519178|9020256.00
901817|9020204.34
1287818|9020105.82
17910|9019688.45
9035|9019661.85
1951888|9019636.81
506223|9019165.98
1559347|9018906.88
1575037|9018796.50
263329|9018750.13
266081|9018576.12
1720914|9018360.31
1008280|9018282.26
1388579|9018178.56
1854964|9017935.16
1335585|9017512.24
1297535|9017481.60
132826|9017286.74
1095808|9017281.20
1920429|9017009.86
1433012|9016601.28
443954|9016264.21
949242|9016248.96
1020110|9015911.79
901671|9015540.02
1564142|9015474.72
103242|9015305.32
734585|9014839.20
39731|9014746.95
1327340|9014112.38
747951|9014052.30
51404|9014041.80
1088299|9012421.07
1922829|9011677.53
1877298|9011319.75
1021264|9011278.98
1787433|9011077.80
545818|9010984.71
616654|9010910.58
493568|9009893.50
1595286|9009853.02
1948948|9009776.11
1163740|9009521.25
176346|9009290.16
1114539|9009111.99
808100|9008734.88
763562|9008650.24
753452|9008138.19
1154917|9008057.10
169361|9007822.08
547462|9007718.62
444868|9007499.64
265785|9007304.04
1047148|9007260.46
957811|9006939.81
787998|9006617.20
308445|9006572.76
852525|9006505.64
1047408|9006184.65
1818574|9006135.24
443503|9006015.57
747274|9005925.82
1892265|9005571.96
948087|9005114.71
927166|9004816.80
1161351|9004432.44
358435|9004347.00
383364|9004200.18
478338|9003864.90
1568437|9003864.73
841656|9003770.90
752529|9003542.10
489079|9003495.46
878420|9003203.04
1809796|9003171.96
1707123|9002486.55
442511|9002324.64
1910959|9001922.28
1769785|9001594.15
504683|9001500.34
857026|9001370.39
1836629|9001003.60
368083|9000821.20
11496|9000803.97
947491|9000747.36
814227|9000662.96
1753681|9000164.04
1159533|9000112.00
1229808|8999954.80
721612|8999043.48
1352594|8998528.30
1630811|8998404.48
1622960|8998216.14
1453719|8998214.40
218176|8998034.36
1066390|8997803.61
727098|8997489.51
293117|8997325.94
123707|8997166.08
1395722|8997148.85
680843|8996814.20
791928|8996504.92
802477|8996460.40
45690|8996393.33
743152|8996067.31
494384|8995979.88
878731|8995740.00
475160|8995736.75
1975124|8995475.32
368351|8995130.49
1354466|8995017.54
6458|8994727.53
1647032|8994259.08
887238|8994045.93
1288367|8993790.75
1937052|8993633.04
416101|8993554.96
7508|8993393.92
328494|8993292.08
1670007|8993240.13
343351|8993107.68
1634100|8992596.93
189738|8991724.46
935854|8991710.80
1658776|8991424.26
943482|8991028.50
173456|8990721.25
1566372|8990004.30
681674|8989740.36
451664|8989735.24
789611|8989289.50
889683|8989278.48
1098734|8989051.50
1294265|8989015.62
1399835|8988994.70
939203|8988991.38
243472|8988949.35
39635|8988686.85
1107723|8987888.16
458427|8987666.16
74889|8987327.06
659291|8987296.50
775379|8986962.23
725745|8986874.00
599337|8986565.97
1563066|8986527.18
1691978|8986392.36
778105|8986337.80
1860113|8985706.93
1806452|8985555.60
1745939|8985190.44
1506381|8985190.27
350283|8985148.12
267858|8983697.84
1910165|8983508.96
1466494|8983409.96
1117260|8982750.60
1828784|8982639.45
412873|8982335.16
643864|8982084.85
222420|8981794.57
1468145|8981432.96
1103647|8981423.51
625864|8981142.24
1113214|8980992.75
1035945|8980585.88
158243|8979929.48
1393815|8979598.50
722310|8978582.80
1675103|8978577.52
225738|8978576.86
1678599|8978330.25
614608|8978315.82
1750150|8978048.94
1620458|8977888.58
145761|8977531.50
1593834|8977145.20
1435723|8977119.76
72791|8976622.92
988963|8976312.05
708268|8976034.00
1164979|8975976.10
1903739|8975704.40
1339834|8975556.00
776820|8975486.24
292|8975093.05
1358225|8974902.88
1831520|8974701.97
935654|8974563.43
998424|8974225.48
214249|8974151.34
1032881|8974111.96
1496761|8974075.60
710739|8974055.20
3136|8973940.82
1586990|8973604.80
1459197|8973354.28
1674558|8973198.75
401435|8972681.72
1260076|8972094.18
1795745|8971941.29
1306316|8971720.66
599090|8971364.92
865741|8971322.78
971878|8971261.83
484407|8970905.84
1665112|8970825.22
1663571|8970727.08
1500712|8970601.95
1370507|8970512.04
1448318|8970259.20
563878|8970035.88
1341577|8969799.55
1876330|8969632.12
1192775|8969039.76
1660600|8968958.18
1943385|8968685.10
177316|8968625.26
1611143|8968312.35
1961653|8968060.06
1350342|8967348.80
491887|8967313.19
1450637|8967289.69
997533|8967244.80
1675916|8966154.09
1169400|8965920.96
418510|8965530.09
1077182|8965323.18
1678694|8965191.56
528948|8964876.67
419071|8964614.65
894168|8964396.19
15022|8964064.20
588197|8963576.85
465653|8963285.87
947050|8963190.60
830820|8963185.77
489102|8963179.51
428182|8963144.40
263908|8963001.25
305241|8962540.24
1739088|8962498.14
1454445|8962468.59
642961|8962336.30
647507|8962188.86
480049|8962065.28
963860|8961756.55
348333|8961628.16
1044433|8961461.76
1638893|8961162.16
1414465|8960722.40
1798163|8959645.68
966719|8959425.78
1487944|8959200.60
996466|8959161.33
1485233|8958907.14
606502|8958651.13
733497|8958132.00
376823|8957373.10
28615|8957146.89
1848562|8957008.68
611023|8956910.40
656562|8956873.24
57316|8956287.76
1117652|8955994.73
1971932|8955660.06
694953|8955043.00
1955944|8954956.00
1574108|8954634.24
315545|8953645.96
1111148|8953628.76
1298728|8953401.35
699507|8953331.52
473705|8953212.25
152249|8952905.79
252616|8952616.88
596101|8952485.80
1367605|8952362.56
1729567|8951910.48
831959|8950786.36
56786|8950498.59
480360|8950479.72
1630894|8950436.56
408950|8950360.16
1215502|8950254.88
1263165|8949909.00
17577|8949484.80
1894104|8949079.22
543673|8948916.72
828038|8948611.20
910461|8948485.05
959563|8948307.24
575958|8948009.33
13470|8947949.76
1314259|8947931.01
1677604|8947795.98
1104520|8947750.42
740181|8947692.96
418622|8947526.88
1979308|8947455.30
437425|8946950.04
1905770|8946788.35
1269074|8946666.30
62785|8946663.00
1732935|8946657.44
1266436|8946241.00
630102|8945728.16
1462112|8945692.21
780967|8945470.20
1375882|8945447.71
874624|8944436.84
155092|8944217.73
172845|8944200.06
747508|8943867.12
274943|8943206.78
1439162|8943058.11
173751|8942914.28
853147|8942776.23
1148565|8942744.31
1228078|8942670.96
1676350|8942642.40
583836|8942638.04
727903|8942633.40
1743613|8942603.78
1722730|8942556.72
1507359|8941882.04
546584|8941305.92
1096266|8941143.12
320206|8941108.68
886591|8941006.32
48158|8940729.60
1469922|8940690.45
182714|8940523.73
1446148|8939462.40
1119026|8939421.60
30982|8939421.12
1686284|8937959.40
1758110|8937760.59
1713495|8937672.49
91783|8937620.54
21819|8937518.02
1001324|8937414.00
1566305|8937351.08
527254|8937192.12
947045|8937105.80
1106764|8936941.59
472907|8936932.61
658281|8936817.20
1241415|8936280.00
1082855|8936245.11
976611|8935982.65
1260041|8935788.18
1062686|8935327.16
1581376|8934833.60
1453908|8934340.86
706438|8933937.68
1274020|8933916.14
1667185|8933250.24
595079|8933154.12
1752987|8932704.85
1832969|8932318.10
122405|8932161.70
1455974|8932009.52
1820275|8931232.77
1481403|8930904.78
456047|8930162.56
1211994|8930060.88
487446|8929899.36
1342953|8929542.36
1341143|8929254.60
1661275|8929182.72
1148548|8929099.46
36996|8928522.67
1731068|8927909.10
1000134|8927779.93
1791728|8927418.90
1241659|8927391.80
1528588|8927274.40
1093766|8927165.30
245306|8926496.00
221925|8925887.05
1069691|8925849.32
1286580|8925695.82
1316999|8925384.24
908827|8925375.57
713945|8924560.16
1823189|8923781.30
1412580|8923581.74
202225|8923562.10
1228948|8923223.98
950819|8922841.74
1552792|8922719.30
879546|8922513.60
386522|8922404.50
850741|8922064.32
1600149|8921802.51
225067|8921430.00
1047982|8921092.32
489992|8921028.64
941420|8920882.92
621431|8920858.31
1667434|8920206.11
1638719|8920049.60
1710637|8919493.38
925962|8919163.84
1290777|8919112.62
963160|8918765.68
720512|8918595.54
1643633|8918312.44
1850040|8918231.28
702682|8917780.53
1160590|8917780.23
571357|8917556.49
931502|8916548.56
334177|8915876.40
1733264|8915765.53
1299083|8915747.25
1415816|8915741.10
1748671|8915495.90
81163|8915355.75
1970703|8915070.05
1853734|8914748.32
877236|8914114.80
1071406|8913384.32
338671|8913171.84
1851635|8912968.48
1438720|8912717.78
1388764|8912654.10
1122686|8912587.20
75256|8912227.20
134303|8912131.84
1146973|8911911.19
1377185|8911110.25
1709777|8911109.73
786655|8910970.08
798079|8910204.26
1650020|8910022.32
751725|8909634.58
350128|8909609.07
121284|8909496.72
1923267|8909429.88
1500809|8908920.00
58756|8908772.86
1280178|8908765.12
1657677|8908475.40
1619978|8908154.56
1922746|8908079.40
1168938|8908050.86
709712|8908008.64
351269|8907841.46
1681185|8907804.36
1895314|8907685.28
615516|8907586.92
989461|8907540.28
369730|8907443.76
882875|8907163.90
1652498|8906474.08
197544|8906413.50
443936|8905480.90
1671154|8905325.76
135932|8905282.95
403753|8904909.09
667774|8904676.22
1469071|8904621.60
656041|8904064.92
113170|8904002.96
586078|8903786.29
1297424|8903697.94
1970946|8903353.74
950914|8903209.35
462994|8903113.56
1599903|8902646.40
1364151|8902198.78
753041|8902148.16
33148|8901961.97
741618|8901764.58
309608|8901566.52
443138|8901242.68
1001182|8901144.00
8015|8900949.97
1774355|8900850.75
1047450|8900711.40
1871524|8900057.98
674871|8900001.66
1134124|8899968.00
1294371|8899891.89
1711965|8899541.30
1220166|8899341.30
702082|8898832.60
1031149|8898697.28
1818746|8898667.92
1495314|8898503.72
627653|8898444.46
856233|8898286.45
773715|8898275.15
287425|8898134.56
886764|8898110.32
51673|8898067.25
936531|8897859.54
749972|8897856.94
246603|8897757.56
283738|8897449.80
1262875|8897439.84
1743203|8897398.91
1751783|8897115.76
958624|8897054.58
234406|8896971.00
1353854|8896939.40
81226|8896779.62
254164|8896444.88
1903558|8895894.47
1283274|8895403.76
157116|8895317.92
1966|8895117.06
1586477|8894941.25
721279|8894781.65
717465|8894201.56
103073|8894159.00
820048|8893938.53
150106|8893553.13
855599|8893421.30
1759757|8893361.12
994169|8892541.06
1948197|8892166.08
276150|8891794.68
1043613|8890819.91
738331|8890748.36
789684|8890502.40
1669910|8890151.30
1101180|8890128.64
191919|8889932.12
1891903|8889810.50
544334|8889240.23
1827063|8889140.78
557952|8888699.44
688060|8888386.31
1995745|8888000.14
676281|8887950.72
397033|8887683.33
1780792|8887385.35
854238|8887250.51
953444|8887239.72
732222|8886832.57
109784|8886819.30
1229569|8886797.04
725158|8886784.88
325460|8886731.04
1464599|8886582.36
1449861|8886373.40
716989|8885664.34
789500|8885467.99
1730520|8885070.63
243086|8884847.79
139368|8884774.08
1286903|8884647.50
1363047|8884609.74
1385037|8883784.39
753052|8883533.29
1857125|8883477.30
709644|8883312.17
1025618|8883306.60
1188152|8883121.00
1339590|8883057.59
1097484|8882735.68
694718|8882651.42
1476271|8882195.62
137287|8882174.73
1297880|8882104.46
1619367|8882057.20
1129505|8881953.32
325805|8881501.23
1653969|8881195.35
1420428|8880713.91
1009396|8880698.40
1509212|8880594.75
1557613|8880512.40
624128|8879904.49
66388|8879695.72
1464903|8879641.45
44442|8879363.46
761774|8879358.40
660499|8879228.29
643793|8879125.23
1866336|8878613.31
1762080|8878604.56
1152167|8877860.84
1099690|8877479.84
181386|8876659.10
1477252|8876453.58
1493041|8876310.75
1141033|8876301.15
710494|8876062.08
1272500|8875936.39
309597|8875913.55
1298587|8875476.00
1144395|8875351.59
584475|8875109.76
111787|8874974.66
1499600|8874931.20
1325288|8874332.99
1148505|8874113.82
1541586|8873851.75
256045|8873850.60
1931830|8873512.94
883071|8873399.58
1570001|8873006.76
1091979|8872770.67
1771484|8872133.25
458036|8871667.60
1324848|8871376.46
1208120|8871345.61
1053862|8871291.12
599928|8871205.68
1545537|8871174.82
1950788|8870809.20
1832166|8870791.57
893625|8870243.65
1279551|8870161.90
1385087|8869752.54
1519547|8869560.08
626059|8869458.02
895828|8869119.98
732177|8868918.96
569198|8868901.50
1554563|8868844.67
1058484|8868362.76
1912490|8867514.45
1549342|8867221.35
942895|8866911.42
355099|8866858.08
1395666|8866355.14
1895439|8866254.93
50532|8866121.48
1418388|8865731.88
1975695|8865582.99
889105|8865401.16
1447032|8865389.58
1020927|8865374.24
1191113|8864927.61
578021|8864889.60
166210|8864881.29
1734769|8864842.63
1020943|8864525.67
757361|8864421.63
1372217|8864405.55
1370956|8864222.85
1535880|8863875.00
344458|8863685.60
108012|8863632.38
126677|8863559.48
1328349|8863239.01
1924078|8863171.60
625829|8862910.16
53112|8862876.98
1944575|8862530.28
557350|8862494.19
1353444|8862407.30
1743724|8862385.56
566771|8862049.56
431107|8861930.28
1710751|8861822.76
132986|8861335.20
170239|8861304.27
1386468|8861281.92
1402747|8860745.82
1925850|8860514.56
1737305|8860510.34
1002082|8860463.25
823723|8860439.34
1964616|8860267.84
1287570|8859742.40
1060137|8859729.06
690955|8859603.15
1544659|8859482.46
756040|8859398.22
1043322|8858947.04
303595|8858802.74
538341|8858800.50
1493232|8858678.40
307713|8858653.20
426063|8858637.14
548708|8858414.48
1565086|8858382.50
621492|8858146.70
840019|8857970.68
1439198|8857779.19
1849908|8857682.76
1947153|8856957.16
1407924|8856893.23
147058|8856758.97
1082085|8856436.14
1508844|8856025.08
1702292|8855950.16
163492|8855825.91
1583038|8855494.50
1041300|8855453.20
1946093|8855311.68
1350323|8855251.09
1794384|8854943.25
773672|8854596.09
1397004|8854150.51
111080|8853920.80
1731118|8853765.54
1179491|8853733.70
1836867|8853148.08
1666587|8853057.36
1875303|8852656.67
1874821|8852636.22
1648616|8852298.31
189398|8851926.69
1104420|8851815.84
1264298|8851809.12
1883823|8851605.60
1653749|8851454.82
1998395|8850956.84
1168144|8850798.40
1964710|8850607.50
1995818|8850601.42
1712362|8850448.80
1682214|8850289.42
582972|8850084.88
1034731|8850041.12
1177645|8849608.44
1633371|8849495.82
531297|8849313.00
610632|8849140.52
1122028|8848461.65
178861|8848459.55
595579|8848429.20
400059|8847540.69
1085871|8847468.98
579540|8847145.99
1293079|8847046.27
1758918|8846024.32
1609039|8845967.51
1682300|8845874.37
1173489|8845805.60
1508984|8845573.42
34566|8845319.25
57166|8845308.07
1746055|8845305.50
1722653|8845295.22
1166112|8845237.03
1857852|8844952.18
629962|8844717.82
1251398|8844546.69
1180005|8844408.23
1898634|8844037.74
174132|8843984.52
1719391|8843848.54
1208786|8843785.35
729469|8843762.37
1177071|8843619.68
1359107|8843582.10
1127698|8843477.65
41922|8843283.24
1086778|8842997.10
1259393|8842972.40
1429821|8842896.82
1464453|8842667.95
196192|8842399.38
751606|8842107.52
1315999|8841890.73
650475|8841851.69
1776807|8841013.00
142657|8840871.38
307042|8840133.26
15473|8839599.30
611477|8839289.46
1666304|8839161.45
274507|8839001.26
794579|8838598.48
1654496|8838594.58
1477790|8837850.00
1431772|8837819.68
695563|8837375.10
294254|8836653.00
984509|8836617.50
1396963|8836489.80
822447|8836340.16
1247814|8835959.39
1690493|8835823.48
1454033|8835774.52
1138225|8835663.39
793739|8835562.68
750881|8835491.62
341022|8835429.59
1286506|8835331.89
1936731|8835181.20
1431546|8834752.08
1009214|8834321.16
43442|8834163.82
567523|8833736.40
36788|8833491.51
1222880|8833203.94
992368|8833119.35
86121|8832827.71
1447224|8832799.80
899849|8832717.05
1798050|8832715.15
1106826|8832489.24
25231|8832111.34
1572729|8832096.00
722726|8831760.48
461996|8831101.00
1590441|8830592.82
1455192|8830368.75
1307365|8829698.92
1511014|8829466.64
603670|8829183.89
11093|8829110.43
1228375|8828976.31
1567737|8828625.30
1268884|8828490.64
1315604|8827950.43
1849424|8827890.60
1042069|8827432.38
1008100|8827251.04
1199579|8827197.12
367439|8827118.60
1081246|8826817.53
4247|8826575.10
1393917|8826044.15
684707|8825532.30
649390|8825397.45
446183|8825044.78
1248152|8824868.64
211238|8824564.08
1177178|8824365.40
144788|8824049.16
1732253|8822898.88
1219418|8822805.78
1172722|8822715.06
99974|8822583.28
881415|8822580.88
1387065|8822517.82
1032958|8822378.28
792261|8821902.54
1440739|8821800.95
1681473|8821328.98
505935|8821094.94
752706|8820276.24
9132|8819771.94
866071|8819682.01
1573331|8819410.50
681426|8819372.02
1874354|8818575.80
165620|8818404.74
1185343|8818403.00
771239|8818126.98
1642125|8817543.90
209313|8817494.50
1321258|8816774.34
1362228|8816723.80
839480|8816595.64
839892|8816411.67
1312475|8816298.17
1347672|8816034.05
142140|8815536.45
941232|8815420.16
1959697|8815324.40
177189|8815276.40
699162|8814949.44
1780770|8814524.88
518577|8814118.50
655057|8813934.58
1644308|8813465.97
148995|8813376.47
953559|8813307.69
541783|8813047.64
1408870|8812814.40
1904099|8812701.84
741509|8812628.94
1808606|8812421.25
1728688|8811852.30
1638555|8811827.30
1412512|8811748.44
552748|8811602.15
396668|8811048.60
824631|8810912.80
64555|8810643.12
1111435|8810508.46
1186525|8810335.44
371924|8809290.15
923243|8808885.02
629549|8808692.80
616020|8808636.37
1319208|8808121.84
638221|8808028.16
761430|8807830.20
1112849|8807810.62
279417|8807802.05
1931096|8807785.42
139917|8807484.24
925875|8807474.88
842499|8807299.20
989754|8806914.60
1988285|8806737.68
588158|8806709.66
1792298|8806533.08
1762807|8806472.60
1495648|8806437.59
100328|8806274.14
147955|8806167.14
800408|8805939.31
221710|8805845.53
266003|8805748.84
383819|8805497.30
597803|8805259.98
212662|8805215.40
635066|8805002.94
1033452|8804638.29
167882|8804315.55
827647|8804268.14
1464472|8803935.28
1989034|8803831.60
66110|8803480.08
1227100|8803448.73
373721|8803071.99
1826100|8802584.16
1485229|8801704.32
97270|8801456.70
1158249|8801442.00
589605|8801384.90
652924|8801331.55
883215|8801072.40
217168|8800711.71
1720209|8800251.25
976052|8800185.54
900964|8800102.96
481229|8800011.92
1871850|8799993.40
811205|8799843.10
813592|8799785.80
205588|8799759.16
152606|8799546.90
722367|8798992.20
812675|8798809.51
1656093|8798216.04
1539174|8798040.00
1043961|8797712.00
1179164|8797688.10
447391|8797578.73
166025|8797359.07
707252|8797348.68
358342|8796702.60
1683909|8796462.40
760927|8796452.92
724708|8796377.76
731370|8796159.82
127623|8796087.96
1153379|8795932.17
1730541|8795604.64
367255|8795099.62
1518496|8794999.71
12738|8794626.20
465550|8794522.63
139154|8794292.88
690723|8794177.02
827166|8793791.93
984716|8793572.16
10990|8793069.12
586074|8793045.95
1968238|8792416.00
1416092|8792395.50
719958|8792274.94
1415907|8792252.28
1569228|8791913.76
923800|8791695.24
1639614|8791261.05
995599|8791126.12
1105786|8790929.16
1489134|8790155.86
1472666|8789585.82
1804134|8789551.04
86496|8789099.99
1752374|8788867.52
363212|8788867.50
388714|8788283.60
1253794|8787839.37
1875340|8787408.15
1962875|8787278.08
1599599|8786938.29
1515680|8786745.00
1609286|8786712.54
1174552|8786552.00
1787155|8786427.36
1045575|8786340.90
319335|8785773.53
738510|8785241.36
707899|8785061.65
1548632|8784859.16
914267|8784757.80
1650142|8784744.50
1070609|8784138.68
1346916|8783459.91
864774|8783183.32
52789|8782285.46
992113|8782065.76
580266|8781908.13
1763148|8781761.68
1002156|8781276.19
130939|8781133.60
137648|8781003.95
1603533|8780896.74
701992|8780743.68
397199|8780180.82
729584|8780117.50
615974|8779704.45
247391|8779594.41
1900251|8779506.73
1849507|8779388.26
1376345|8777881.25
1272245|8777204.52
273705|8777083.92
1481087|8776896.75
954851|8776382.86
1166903|8776242.86
500249|8776202.98
1151350|8776095.80
459868|8775763.08
1505293|8775715.25
436697|8775333.10
510270|8775107.36
457555|8774723.76
1955312|8774480.99
1914861|8774150.10
131220|8773995.53
855793|8773722.85
1668199|8773700.10
1997016|8773624.86
297231|8773549.19
819034|8772867.48
935738|8772852.08
1141699|8772544.60
508932|8772325.38
1453093|8772037.04
1083507|8771987.31
919149|8771969.52
426908|8771763.69
1173897|8771732.94
179467|8771474.74
1486990|8771458.99
652883|8771382.15
1943525|8771381.80
825744|8771376.31
1334962|8771252.10
707995|8771243.20
1383274|8771131.86
498150|8771042.56
1590539|8771038.19
994415|8770847.03
1953741|8769946.00
1084276|8769881.10
1071028|8769589.18
907742|8769186.40
648722|8768601.16
1814172|8768480.51
432597|8768269.68
1178045|8768095.79
147466|8767799.64
1255390|8767702.93
35535|8767692.73
1445042|8767456.44
897774|8767215.42
1317033|8767175.48
1922132|8767157.25
624931|8766616.45
1897200|8766442.18
139498|8765563.36
1640900|8765537.91
34327|8765396.43
1704527|8765205.46
695443|8764970.40
260350|8764953.21
1732172|8764674.50
1525769|8763955.44
128273|8763658.00
632903|8763444.23
1821240|8763339.20
1689558|8763107.39
483112|8762918.45
1508740|8762607.61
1228332|8762573.46
1369673|8762235.10
1562991|8761759.36
587247|8761681.96
1259554|8761588.78
1655266|8761473.36
37287|8761196.43
1438513|8761027.46
905093|8760949.32
805920|8760591.36
317979|8760553.61
991973|8760244.50
828048|8760190.94
115560|8759980.28
1689230|8759811.86
151969|8759806.48
1012409|8758504.44
1161765|8758488.74
1816776|8758347.52
529794|8758334.71
1111918|8758123.29
1416029|8758081.61
1089484|8757241.74
1617645|8756920.76
1324071|8756815.40
1075597|8756707.70
230058|8756586.72
1013185|8756546.48
476612|8756493.68
753226|8756461.60
509932|8756375.32
956385|8756369.80
1921683|8756358.64
1876375|8756309.60
1991377|8756150.55
988759|8756058.42
917462|8755901.30
1849536|8755777.90
559276|8755535.29
361654|8755339.45
999848|8754953.79
1855997|8754833.09
997548|8754828.36
75083|8754689.58
905003|8754272.12
1355237|8754191.76
555888|8754147.49
103472|8752886.73
839020|8752869.30
804006|8752847.28
1604369|8752775.21
1221485|8752619.54
615452|8752224.69
1713206|8752104.90
1919191|8751809.09
210258|8751664.95
431233|8751658.96
79794|8751522.75
187436|8751218.52
650010|8751101.30
159942|8750730.76
1921764|8750521.10
1177576|8750486.88
1553788|8750352.00
1943277|8749808.58
1697339|8749689.52
531521|8749578.18
337319|8749379.96
1365695|8749068.90
280950|8748789.60
1508877|8748526.56
1794881|8748215.84
1817992|8747893.56
1035661|8747731.30
1734370|8747440.10
1264085|8747414.76
1542854|8747367.36
223161|8747014.08
1872911|8746413.83
259194|8746304.11
343740|8746232.55
1354856|8746105.83
1506438|8745952.32
479825|8745760.35
1782340|8745757.84
700167|8745594.84
1897954|8745535.46
1600119|8745463.79
30430|8745428.38
1058112|8745379.37
18815|8745258.33
108286|8745211.47
261818|8744985.36
1671526|8744803.44
567241|8744750.30
147750|8744736.00
216321|8744659.37
325276|8743648.00
1725647|8743555.34
858913|8743292.16
188510|8743231.06
1663392|8743132.75
1700119|8743046.15
191632|8742212.50
1958587|8742199.72
1422776|8741944.60
1387045|8741701.06
609179|8741187.60
1438680|8741014.92
1022537|8740639.40
1168157|8740276.71
327270|8740009.35
289460|8740002.60
1859337|8739933.48
1642856|8739241.00
1521359|8739125.35
1966084|8738690.10
791466|8738646.30
253025|8737527.00
16420|8737034.00
934295|8736871.44
1949282|8736359.94
1598418|8736181.84
1389214|8735976.89
119878|8735490.00
1218050|8735180.48
560503|8734807.20
1147720|8734746.80
867855|8734576.16
1212725|8734440.64
504841|8734024.22
1794857|8733813.83
367093|8733682.98
1088723|8733676.50
274161|8733620.30
805615|8733559.64
425931|8733508.74
1366334|8733462.16
1502299|8732469.00
994441|8732334.30
825820|8732219.58
1519503|8732198.64
300362|8731967.89
1325305|8731957.80
1764774|8731914.75
315131|8731743.80
1793425|8731671.69
1506670|8731514.10
25282|8731159.36
1675238|8730987.42
7899|8730870.95
635922|8730376.00
1334203|8730270.27
984442|8730207.70
885184|8730018.90
1242701|8729769.60
372926|8729695.56
1829365|8729591.26
1995392|8728992.40
1675787|8728962.30
526092|8728451.22
1348167|8727899.77
1342882|8727756.44
1298416|8727574.14
247076|8727517.04
1288406|8727259.86
1045094|8727224.40
800188|8726885.27
1232459|8726878.38
954043|8726443.86
80593|8726326.56
1809006|8726077.56
1620494|8725790.13
704458|8725775.73
651956|8725771.04
225265|8724949.38
901721|8724756.76
861774|8724730.66
162056|8724725.35
936779|8724630.59
299937|8724219.98
1001860|8724151.15
654968|8723929.35
1023969|8723929.19
1262663|8723875.70
184560|8723448.10
175959|8723403.72
1793032|8723252.86
1719798|8722834.98
403791|8722775.66
1902690|8722625.80
956125|8722596.52
1812552|8722205.72
1079043|8721850.76
738203|8721775.00
1288637|8721710.40
307739|8721589.79
1263634|8721482.46
1972174|8721395.80
293751|8721058.08
1167503|8721035.36
1888869|8721029.90
1465624|8720915.94
1763224|8720553.15
1548437|8720173.00
1816758|8720159.06
153088|8720089.56
643280|8720059.24
499370|8719419.60
1025196|8719226.40
1668241|8719168.92
398481|8718969.91
409684|8718873.12
897148|8718728.76
176679|8718689.70
1871762|8718522.12
1087987|8718419.68
580644|8718179.76
1102591|8717948.19
815652|8717845.76
1033229|8717432.73
927913|8717403.52
392496|8716819.86
632527|8716748.50
413626|8716520.64
1303535|8716515.08
1141031|8716144.83
1582629|8716122.84
1610746|8715137.27
1466473|8714932.02
1464798|8714878.25
553056|8714700.42
473696|8713711.05
1946511|8713515.50
898582|8713336.43
1275542|8713015.61
583438|8712923.26
547446|8712920.58
618288|8712802.59
197229|8712678.68
619827|8712488.27
1652562|8712228.42
430982|8712166.10
1155811|8711854.20
1573560|8711516.16
1850484|8711369.66
987638|8711232.44
750070|8711223.95
1803178|8710918.70
1707229|8710843.68
1584506|8710738.65
1693138|8710705.71
48930|8710520.08
186635|8710456.90
1683250|8710454.30
842393|8710363.20
645589|8710231.77
1975689|8709706.20
537830|8709582.96
1903128|8709423.57
1604378|8709059.81
1882867|8708740.13
1277456|8708702.63
707309|8708519.82
704366|8708457.81
508750|8708258.13
1730901|8707859.94
2599|8707764.81
1839430|8707574.74
59803|8707512.69
697798|8707131.11
1941827|8706805.34
405800|8706436.73
1292958|8706398.43
43357|8706265.19
1697186|8705888.47
319110|8705703.06
877150|8705240.42
1382699|8705087.76
26493|8705045.23
533448|8704959.54
1615648|8704527.99
582001|8704076.90
508349|8703961.14
22420|8703903.34
1700363|8703720.26
535978|8703518.74
1431001|8702582.30
1528688|8702528.67
1026641|8702430.73
1038681|8702429.85
293736|8702124.40
1291642|8701514.24
1919176|8701125.26
1877655|8701058.26
517639|8700564.20
770589|8700227.36
999199|8699666.01
243797|8699483.02
1286960|8699243.64
260550|8698792.20
514374|8698696.96
1390456|8698514.91
1892373|8698105.20
1579048|8698065.30
249263|8698016.85
535448|8697586.94
1804405|8697288.08
1986753|8697267.60
1473712|8697187.11
740930|8697052.91
1634026|8697010.01
464820|8696664.09
1124365|8696107.58
1049335|8695946.85
1015305|8695893.36
1390101|8695755.44
325023|8695551.76
417099|8695319.72
600264|8695255.41
1440623|8694955.35
1313930|8694921.36
934542|8694714.52
496764|8694547.56
1633796|8694318.24
912450|8693789.20
1186664|8693645.70
1659139|8693335.00
931699|8693262.09
1779046|8692848.99
717952|8692351.65
1756455|8692057.73
771276|8691922.91
554422|8691922.59
1549452|8691911.85
235105|8691612.75
1105013|8691581.55
666646|8691541.50
1605879|8691391.56
984932|8691218.64
1400208|8691048.60
571589|8690748.30
1363284|8690640.30
48311|8690559.90
571659|8690381.64
1000018|8690369.82
20999|8690343.20
1752126|8689857.04
1826343|8689685.22
1675077|8689477.02
1739408|8689361.27
1802299|8689268.61
793028|8688863.01
1237955|8688834.00
1189743|8688747.06
452217|8688707.64
364632|8688428.82
338694|8688052.18
1682945|8688038.46
583789|8687812.50
1022226|8687507.35
134152|8687408.02
1928331|8687403.27
48346|8686645.37
1819850|8686519.80
1319751|8686492.20
1046418|8686212.04
1741010|8686160.96
515540|8685792.21
1048121|8685657.00
1173479|8685560.44
584276|8685190.13
937977|8685165.50
322447|8684980.92
539986|8684863.01
1530420|8684727.69
1236184|8684530.80
73414|8684362.25
1740986|8684314.08
493896|8684064.80
188321|8684050.18
1539125|8683786.30
1543588|8683706.43
1702158|8683568.24
984346|8683497.72
343817|8683475.54
1275245|8683120.94
82903|8682978.00
481489|8682787.09
703166|8682430.32
584211|8682336.87
356787|8682283.72
647511|8681953.68
1162987|8681467.65
1562420|8681312.70
1831050|8681012.00
522698|8680933.50
1399737|8680608.49
1440755|8680596.50
521733|8679970.54
244395|8679567.30
181776|8679319.86
537971|8679108.11
787597|8678964.11
256890|8678881.31
868909|8678482.30
63391|8678480.40
1106786|8678359.92
1985670|8678324.24
1337399|8678224.44
726477|8678170.38
168958|8678081.82
297702|8678035.36
397271|8677964.88
546253|8677915.32
382410|8677805.34
1933951|8677529.94
1597522|8677526.08
17913|8677418.75
1537785|8677193.75
1057876|8677100.52
1439367|8677095.24
196875|8676832.32
546654|8676791.46
1201399|8676414.45
115471|8676361.12
1705943|8675777.13
634021|8675753.29
863570|8675687.28
1795645|8675619.28
1588141|8675589.05
1434416|8675521.80
1717315|8675303.36
1834564|8675174.13
1562193|8675111.68
684638|8674998.30
1085821|8674925.16
370631|8674557.72
1978269|8674408.26
1351747|8674170.37
1667025|8674118.40
820267|8673548.79
496555|8673383.60
835076|8673254.26
142020|8673024.00
1865989|8672997.58
667201|8672843.88
1542434|8672626.00
394301|8672605.59
232157|8672529.92
270144|8672468.05
399939|8672381.80
1019447|8671905.90
622396|8671755.75
1916048|8671051.34
427219|8670708.20
593435|8670594.03
296971|8670334.66
1528160|8670243.64
1040924|8670241.36
817183|8670077.50
1163908|8669999.24
188223|8669959.90
1833331|8669953.04
247200|8669279.52
1243957|8669238.69
1730058|8669056.50
588969|8669000.34
294249|8668875.13
391362|8668607.64
414083|8668549.20
1508931|8668388.03
1874882|8668378.32
115257|8668255.29
1107545|8667945.72
387882|8667825.58
325|8667741.28
1816487|8667720.60
1377456|8667632.20
1643222|8667125.72
1381649|8667102.36
33786|8666563.80
1309187|8666518.31
1307049|8666429.00
579905|8666300.23
534028|8666189.01
1818415|8666050.56
420799|8665862.70
630982|8665498.39
265032|8665442.97
724135|8665250.33
1997382|8664834.36
128038|8664755.68
412867|8664734.37
1896281|8664711.33
495795|8664622.95
1169799|8664538.44
1869865|8664223.82
344662|8664081.12
963560|8664049.98
240510|8663918.76
217161|8663806.76
190776|8663593.40
347422|8663546.40
1283040|8663341.35
719717|8663317.30
1406205|8662972.50
1735075|8662508.74
1825574|8662336.64
236398|8662282.58
1377327|8662270.12
1832472|8661985.29
1075373|8661758.14
434749|8661664.92
1472153|8661560.52
822462|8661316.08
723317|8661149.52
995434|8660821.26
931120|8660611.84
1463153|8660469.81
1342332|8660328.04
1422877|8660275.38
1054234|8660017.76
1426596|8659993.68
1780240|8659426.68
1884188|8659193.60
67788|8658833.40
1844845|8658687.09
253861|8658555.85
1176591|8658131.12
744659|8657970.02
849357|8657678.70
394095|8657494.40
1584877|8657458.25
802073|8657426.44
735793|8657016.75
281266|8656864.20
70745|8656626.16
1922528|8655916.20
189409|8655656.37
1159494|8655360.35
66982|8655042.37
1109789|8654456.36
1157812|8654218.50
1715413|8654158.32
1475050|8654111.20
1413215|8654088.83
658878|8654079.07
635791|8653038.33
1521871|8653034.64
944861|8652904.38
1258451|8652606.00
1221228|8652286.50
1908163|8652151.36
1500171|8652117.10
498778|8651994.45
121457|8651836.23
546609|8651715.01
1500037|8651633.22
176656|8650427.73
938506|8650350.32
1857111|8650292.53
503509|8650268.22
1486851|8650246.40
1208519|8649925.78
1071172|8649815.48
1629506|8649693.00
976999|8649642.43
1408818|8649615.59
1915835|8649574.95
206773|8649280.90
561116|8649271.17
360339|8648807.75
1586253|8648774.40
1576843|8648770.32
1525270|8648631.47
116994|8648605.68
1194352|8648533.60
1293289|8648407.84
1948611|8648323.64
488968|8648300.82
1995304|8647876.48
1498055|8647855.82
1771741|8647699.20
1153655|8647682.00
592226|8647111.20
1072254|8647063.74
256797|8646601.92
240698|8645855.94
1248934|8645744.80
1654138|8645238.30
1035891|8645120.00
198230|8645118.68
182671|8644977.20
786479|8644655.85
506775|8644633.28
597135|8644331.25
570584|8644240.00
1022492|8643849.56
1850550|8643521.48
1196355|8643371.94
863078|8643364.28
658606|8643363.82
414094|8643359.41
1133016|8643257.70
427659|8643129.30
902930|8642638.62
393004|8642615.70
422310|8642596.27
1999406|8642436.71
1526241|8642207.00
282298|8641690.20
422509|8641459.95
1529368|8641429.26
329411|8641403.85
1624891|8641344.72
978233|8640943.97
923618|8640910.44
798208|8640795.70
875|8640696.60
390118|8640429.12
292851|8639644.40
128443|8639231.36
285531|8639043.42
1212298|8638942.95
400682|8638904.68
919650|8638687.87
519435|8638687.08
145477|8638661.58
1983015|8638356.90
468877|8638180.26
770070|8637660.00
705872|8637578.07
144005|8637455.58
1481015|8637447.65
289000|8637357.71
1052248|8637309.46
1159935|8637228.18
484030|8637170.64
1432895|8637138.13
1313871|8637030.07
1813685|8636702.85
1022674|8636348.16
1265626|8636001.36
1482404|8635904.14
620915|8635698.50
1231767|8635588.29
1809458|8635387.86
801107|8635294.33
160256|8635191.55
651611|8635136.34
1309609|8635104.61
1247192|8634798.61
233182|8634651.79
1753701|8634472.00
1293415|8634373.10
1061219|8633808.12
1682224|8633790.65
58188|8633506.60
215801|8633137.94
124100|8632931.75
1473689|8632897.28
1616384|8632751.10
969048|8632715.89
930925|8632529.08
1862261|8631429.80
1525622|8631383.53
549149|8631221.01
1448103|8631175.50
400490|8630911.59
1757848|8630830.78
549362|8630697.44
1340033|8630685.66
177349|8630403.60
1702741|8630377.14
137294|8630148.59
179544|8630121.63
1934796|8630080.50
1501093|8630052.26
1146384|8630012.25
259756|8629645.10
151295|8629489.75
144049|8629204.89
1279313|8628529.05
449832|8628482.05
1360232|8628332.10
1768667|8627996.16
487030|8627591.84
411752|8627296.97
894761|8627131.86
1363598|8627045.16
881547|8627000.38
1509588|8626963.34
1853634|8626945.32
606489|8626866.27
304220|8626812.40
229505|8626423.40
38972|8626072.00
1367802|8625850.40
624614|8625562.68
1064241|8625330.60
358702|8625304.28
495281|8625257.00
845223|8625238.05
193824|8625232.00
1681075|8624599.98
1634446|8624588.40
1220680|8624252.20
505585|8624202.93
613787|8623690.40
1143927|8623291.35
1187097|8623179.75
617820|8622705.14
770221|8622701.84
748158|8622627.20
880678|8622414.88
64635|8622398.34
1671267|8622282.50
76971|8622281.05
1764672|8621612.00
742593|8621412.80
595911|8621308.68
1622755|8621224.87
807132|8620941.41
1078676|8620936.11
875223|8620891.44
637854|8620369.92
940412|8620252.48
466591|8620180.80
887090|8619858.52
1973582|8619858.00
639594|8619854.86
1849681|8619854.48
1223630|8619439.10
563236|8619430.75
1741358|8619310.98
1413516|8618936.52
471076|8618932.10
1480919|8618918.64
158611|8618892.48
1727449|8618794.80
1600964|8618684.48
198857|8618667.94
1680950|8618564.35
1168679|8618234.10
1631919|8618225.20
155220|8618032.88
311525|8618030.19
873733|8617909.63
1899117|8617853.27
848650|8617767.32
1434945|8617322.70
52289|8617202.10
875132|8617116.20
1562801|8616924.00
366382|8616752.60
761744|8616681.36
1682628|8616679.46
829911|8616625.42
1017532|8616408.45
1782618|8616308.68
144227|8616249.88
300549|8616110.80
1583381|8616059.44
564936|8615871.74
874885|8615758.00
1023471|8615672.00
551417|8615591.64
270917|8614897.50
540427|8614781.78
1042927|8614547.76
431967|8613935.46
1352474|8613919.19
977810|8613656.32
598952|8613442.36
1098642|8613428.84
1069465|8612615.31
1301806|8612481.10
354760|8612368.64
1023316|8611837.53
206041|8611489.45
1406761|8611430.40
1722050|8611312.50
1962651|8611150.40
1808415|8610655.56
1292301|8610614.46
783976|8610568.54
717325|8610292.02
177834|8610016.44
556776|8609647.95
343720|8609571.63
156898|8609400.61
1395844|8609216.88
177322|8608999.94
46096|8608666.68
554555|8608543.60
358887|8608452.96
743687|8608059.88
1368824|8607807.30
1959170|8607206.72
909300|8606771.60
1932852|8606748.43
348712|8606662.56
343057|8606643.90
1529560|8606339.28
835556|8606223.68
1545353|8605563.39
1449269|8605394.29
1703114|8605038.84
1093362|8604926.05
147906|8604768.00
1484162|8604748.80
1985027|8604534.07
1830074|8604062.83
68760|8604030.96
1388486|8603861.04
118846|8603721.92
554051|8603687.05
1541613|8603593.72
1597422|8603363.34
720074|8603282.64
469799|8602654.87
1551827|8602651.20
1611233|8602299.50
895309|8601499.32
1964253|8601466.86
334290|8601111.09
906955|8600853.76
1359536|8600850.60
551717|8600802.88
606300|8600316.34
337203|8600014.50
458893|8599963.20
780536|8599796.80
740674|8599702.83
317084|8599647.60
295660|8599184.62
847375|8599113.90
466434|8599019.59
1906909|8598807.90
182234|8598701.45
113189|8598625.04
564312|8598578.40
1736195|8598527.65
1079479|8598027.26
1950287|8598002.20
714844|8597931.22
902608|8597764.46
609503|8597724.16
1983992|8597695.81
1990636|8597594.72
463441|8597534.27
676170|8596947.10
885927|8596804.59
915971|8596620.69
1120395|8596612.46
1139215|8596425.05
1108628|8596421.00
1644213|8596399.17
807250|8596055.04
1859062|8595920.52
49889|8595815.95
406876|8595577.68
1716409|8595521.96
516261|8595405.55
1002008|8595182.72
35233|8594937.45
1771317|8594516.80
669662|8593794.00
1839018|8593711.03
1903324|8593654.41
1179950|8593612.92
378412|8593246.50
1736684|8593144.44
395287|8592933.00
891997|8592688.71
379601|8592589.35
514441|8592284.64
19503|8592161.20
685872|8591963.88
1247274|8591686.96
2518|8591021.64
1799508|8590924.74
32915|8590797.35
1327260|8590608.38
1872063|8590584.30
1514044|8590235.14
11535|8589923.94
70064|8589829.44
1204020|8589734.66
185198|8589658.40
688881|8589567.15
338251|8589540.96
1440841|8589441.72
497144|8589281.36
1273828|8589276.34
1895204|8589016.35
1093801|8588610.30
38670|8588451.16
1931713|8588403.00
1582386|8588373.18
1297060|8588269.20
1604274|8587793.76
796568|8587742.09
1940753|8587626.82
9227|8587350.42
544158|8587343.32
956136|8587107.27
1780526|8586482.40
1343678|8586408.96
350729|8586199.60
251671|8586195.96
1933586|8585968.37
1102251|8585837.08
649886|8585806.35
1439544|8585650.26
116419|8585483.76
543042|8585346.28
963237|8585274.28
246434|8585109.00
78854|8584948.19
894848|8584879.20
1328421|8584855.88
708868|8583777.56
1964202|8583765.15
537186|8583689.01
540671|8583624.60
1698442|8583601.32
1322393|8583592.74
1765546|8583458.12
1443480|8583405.21
1171340|8583140.00
545593|8582996.66
165839|8582991.20
1415639|8582839.10
1709974|8582154.24
946599|8582073.28
557574|8581999.29
166889|8581705.65
1902668|8581693.05
1059615|8581604.85
1455940|8581572.56
578362|8581549.31
1780931|8580864.80
545130|8580611.52
837014|8580560.00
1526812|8580503.16
1390853|8580453.86
371241|8580387.60
644430|8580372.64
1526991|8580233.12
53994|8580230.73
1583860|8580023.76
1516274|8580000.00
804680|8579800.32
1001628|8579716.68
1636398|8579673.15
1849349|8579519.51
1707162|8579475.54
405328|8578884.86
127425|8578742.57
1807979|8577806.76
390902|8577735.06
1040972|8577519.72
446317|8577331.58
1795885|8577168.95
323571|8577155.77
232965|8577025.02
1878615|8576749.02
1813891|8576666.88
260928|8576513.70
1934737|8576467.20
968031|8576296.25
678792|8576074.80
170816|8576064.00
782948|8576064.00
696569|8576063.25
648930|8576007.81
516986|8575994.36
1579512|8575772.94
422447|8575418.46
645787|8575316.10
625158|8575007.82
800539|8574803.16
1664341|8574759.10
691775|8574341.55
400454|8574270.60
1199332|8574141.60
726066|8573803.28
537768|8573693.80
1487062|8573301.96
1160577|8573197.11
1575591|8573171.55
1076265|8573095.92
1432053|8573008.32
949827|8572922.00
1166698|8572760.88
1694250|8572757.90
1444461|8572595.68
1044250|8572579.81
29033|8572560.22
1526881|8572355.22
776610|8572111.50
866272|8571849.00
130027|8571776.40
695715|8571733.80
401088|8571303.84
1987390|8571209.02
1940349|8571202.29
1241944|8571114.23
1204136|8571102.60
1127415|8570612.44
52889|8570588.00
809556|8570185.42
1868223|8569974.13
498004|8569889.52
1636242|8569885.77
1114614|8569783.04
993885|8569749.06
782508|8569577.12
1649583|8569355.92
1358315|8569279.16
563770|8568804.30
412385|8568779.96
1986893|8568683.85
539898|8568349.57
1935074|8568040.08
154545|8567932.48
199860|8567496.10
1182204|8567341.14
1295|8567057.80
133874|8566964.91
1999719|8566863.51
1168107|8566611.74
1704777|8566380.54
765616|8566294.02
1841572|8565933.88
703598|8565691.84
1101038|8565331.32
433774|8565132.72
17957|8564920.88
478496|8564807.16
1988086|8564438.67
214096|8564047.62
981782|8563723.63
475736|8563665.00
1691372|8563439.20
1213632|8563362.57
1882886|8563257.00
203280|8563178.10
468620|8563116.60
531828|8562985.30
414861|8562797.52
449102|8562740.44
503898|8562456.00
957856|8562421.16
1884235|8562009.35
139628|8561915.12
303438|8561901.39
584236|8561896.35
388698|8561684.56
1161482|8561229.54
243786|8561143.08
472847|8560987.20
277981|8560965.10
1646379|8560897.66
1429178|8560428.44
1488241|8560324.14
1026388|8560193.25
1469439|8559903.30
1771802|8559800.85
210178|8559210.66
1231820|8558766.45
1176691|8558716.50
1447632|8558650.39
1079606|8558255.22
1839098|8558162.88
1016531|8557956.96
1276281|8557726.64
248995|8557680.78
334141|8557675.16
1358074|8557553.84
170918|8557127.89
775925|8556901.35
1468821|8556689.13
1420416|8556293.40
115889|8556170.68
496709|8556072.02
285059|8556003.00
308114|8555910.00
1443545|8555803.52
671614|8555646.72
169882|8555149.00
1549676|8555131.49
1458921|8554475.87
1319866|8554382.98
1691883|8554171.17
624764|8554141.82
166656|8552846.92
510851|8552789.10
1138954|8552672.46
1122542|8552513.15
821576|8551863.76
616585|8551319.10
288633|8551314.36
952913|8551310.46
509861|8551222.40
1230428|8551063.24
75628|8550978.06
879270|8550866.04
1897654|8550331.94
1394979|8550230.00
1050342|8550148.20
493808|8549873.54
439624|8549720.22
562588|8549663.43
1839123|8549486.40
90948|8549221.20
406221|8549128.24
1931617|8549120.58
18573|8548953.84
159224|8548799.35
957636|8548711.33
360304|8548450.00
1245288|8548191.51
987937|8548094.61
1390618|8547933.42
777424|8547218.52
496614|8546848.12
1401285|8546814.76
1761821|8546813.80
1519889|8546588.40
560558|8546541.43
928612|8546377.60
144273|8546148.51
943315|8545892.86
1049505|8545833.72
1731163|8545720.95
635504|8545670.84
660400|8545052.88
135478|8544981.28
1040118|8544539.40
1156893|8544024.36
320749|8543906.64
1814689|8543849.10
1681184|8543762.94
1576911|8543606.47
672692|8543603.85
1395451|8543283.88
1568402|8543080.96
683016|8542462.66
91922|8542255.44
274875|8541956.70
404563|8541650.64
370410|8541309.35
160698|8541174.60
485415|8541058.80
1783298|8540689.20
1099921|8540553.59
1945384|8540469.01
1034444|8540435.70
1682218|8540406.06
548052|8540186.30
1497130|8539863.50
1701243|8539816.14
142454|8539696.75
1445922|8539414.69
1672787|8538900.93
1245494|8538358.92
1228080|8538325.80
79118|8538297.60
1005073|8538202.30
1339646|8538148.30
1130199|8538145.62
153079|8538096.62
206683|8537850.78
1222542|8537335.40
1985685|8537072.76
569442|8537023.12
1170755|8536969.10
932185|8536704.99
1509242|8536687.07
513813|8536278.37
1636549|8536273.62
861525|8536200.92
1542148|8536151.13
643581|8536135.74
761475|8536052.88
191000|8535761.65
1372804|8535691.80
9191|8535663.92
179166|8535600.15
412181|8535117.81
195583|8534968.72
50628|8534847.73
113626|8534781.36
1453136|8534668.90
235506|8534439.00
1407281|8534129.17
1287126|8534047.50
1186633|8533857.78
1018209|8533721.04
1686488|8533405.44
590235|8533224.81
1635808|8532910.96
524447|8532483.88
164640|8532440.46
426730|8532392.57
1301322|8532286.92
1438676|8531905.53
229193|8531848.84
729820|8531633.60
1161784|8531300.36
1133602|8531031.81
1731321|8530793.08
758550|8530543.37
134564|8529636.61
720143|8529544.08
613258|8529491.16
719341|8529085.95
1186821|8528656.95
334126|8528417.59
269276|8528409.17
1597818|8528325.12
1286632|8528200.60
677886|8527932.00
1549947|8527847.04
663612|8527742.10
618248|8527731.30
656865|8527691.64
954713|8527682.88
657885|8527633.26
1967416|8527569.36
130219|8527549.04
340222|8527438.08
635035|8527093.24
99204|8526606.10
521579|8526543.82
1429337|8526400.00
1705654|8526171.00
1912040|8526099.05
1682741|8525945.60
968831|8525492.01
1008844|8525341.68
1763226|8525078.80
28342|8525002.20
1783414|8524935.87
1755314|8524873.28
1957187|8524819.15
986167|8524724.00
1999083|8524658.42
901226|8524631.96
1311301|8524574.37
119401|8524512.63
193646|8524334.16
475742|8524284.72
1439701|8524153.08
1113968|8524030.32
1733955|8523941.14
1019356|8523758.08
1188452|8523638.13
529638|8523434.72
387382|8523346.88
443504|8523317.99
199871|8523176.20
515905|8522364.40
1662081|8522342.90
705088|8522337.60
25597|8522115.55
604100|8521872.24
1281708|8521766.24
201620|8521541.37
1564344|8521275.91
1818229|8521160.32
122979|8520897.32
1047547|8520243.16
369902|8519826.20
1171850|8519824.30
1942971|8519805.00
180196|8519537.70
786329|8519492.00
650599|8519385.29
1378062|8519341.84
1655067|8519298.84
1684553|8519030.14
917313|8518880.32
1859849|8518866.60
75562|8518821.84
1804425|8518797.00
541351|8518457.19
1591648|8518321.82
1176441|8518311.88
928327|8517959.58
554687|8517797.64
832895|8517718.22
931282|8517653.46
1596857|8517491.40
1247277|8517225.63
385521|8517078.64
568494|8516909.66
1102939|8516870.00
16632|8516822.22
982184|8516761.44
288546|8516698.08
1102344|8516679.00
1158451|8516448.20
405980|8516424.00
397801|8516402.20
692505|8516210.70
957921|8515894.62
573336|8515566.78
843334|8515500.77
72267|8515434.10
681539|8515391.52
1369074|8515344.75
1529571|8515278.82
184334|8515142.34
864490|8515083.62
1403939|8514994.46
1658136|8514993.72
1156289|8514915.92
1794950|8514755.48
1305802|8514645.23
1441445|8514468.90
786680|8514042.88
1918647|8514036.86
1466617|8513667.36
426677|8513561.80
94158|8513552.79
5418|8513151.50
396617|8513106.48
1439472|8512813.20
988775|8512610.75
1171450|8511799.24
271471|8511600.33
383040|8511342.60
68630|8511335.37
1648852|8510812.85
74396|8510611.72
1950632|8510607.93
1400964|8510401.60
1311188|8510241.49
1048412|8510181.33
345752|8509043.55
1375134|8508653.34
421146|8508471.70
353234|8508426.56
1101368|8508418.75
1405013|8508070.32
1446317|8507836.86
1733440|8507798.02
830400|8507650.07
970681|8507585.78
1097548|8507443.68
258102|8507070.30
997036|8506807.30
1780452|8506649.97
598052|8506573.32
1776137|8506545.26
920655|8506517.46
1281357|8505579.48
1446845|8505480.79
1893472|8505146.00
1412869|8505113.76
1584512|8504939.15
831291|8504744.16
686951|8504569.80
888739|8504351.00
411504|8504089.77
1586496|8504006.64
1455194|8503894.78
1753928|8503489.40
821048|8503459.84
384400|8503371.00
264741|8503152.84
426320|8503147.84
57396|8502772.50
905614|8502718.15
1738632|8502688.52
927400|8502453.52
1801873|8502167.87
263393|8501331.60
801953|8501321.04
1483868|8501316.48
1774182|8501275.86
719266|8500656.30
524872|8500628.46
1371317|8500593.79
283942|8500551.91
1112651|8500470.10
1992262|8500369.64
1235491|8500276.29
17953|8500205.21
955926|8499611.12
42499|8499578.40
1547356|8499550.12
13399|8499506.07
211954|8499033.92
1590954|8499019.62
549478|8498987.64
1123966|8498941.36
1822730|8498854.98
219560|8498350.74
607188|8498264.61
473223|8497981.39
1115002|8497600.60
1543057|8497430.21
1746605|8497315.08
722108|8497238.26
1773680|8497234.06
1988018|8496672.36
1976870|8496479.54
1943003|8496280.32
978108|8496177.63
385123|8495604.96
385772|8495441.50
1156296|8495393.36
1287514|8495306.52
103919|8495267.85
583288|8495251.26
1797503|8494772.16
1384174|8494767.94
1891537|8494736.76
738124|8494534.81
1043762|8494420.53
968360|8494251.44
1548674|8494208.64
362902|8494191.77
423414|8493847.80
1583504|8493710.47
454465|8493664.95
1388969|8493465.88
888604|8493379.20
1473455|8493264.21
477078|8493187.43
1913110|8493006.88
414586|8492781.55
1653442|8492054.82
1837537|8491944.00
1418466|8491930.88
1343210|8491926.88
1059645|8491881.58
1684299|8491424.92
1801280|8491410.31
1114177|8491279.00
1393919|8490899.76
205064|8490659.40
319900|8490573.70
578324|8490504.40
650080|8490331.20
1486244|8490227.41
798290|8490040.98
1289031|8489999.98
639094|8489904.78
999754|8489871.92
213324|8489738.00
547512|8489547.60
1401804|8489545.73
643574|8489535.46
950934|8489428.04
1546789|8488741.66
960816|8488568.66
1752440|8488537.20
773061|8488473.69
1299865|8488415.21
231227|8488317.66
497879|8488007.80
1363576|8487920.70
688801|8487792.12
794954|8487658.53
368854|8487604.16
618783|8487540.03
688217|8487296.10
697399|8487281.94
312238|8487189.76
719398|8486572.56
1233022|8486438.34
1920423|8486371.47
1249093|8486220.60
579840|8485820.65
1025556|8485674.54
483756|8485418.48
534994|8485080.78
280600|8484848.02
189327|8484438.60
258093|8484229.60
64076|8483913.36
1181782|8483595.80
473563|8483306.85
1352866|8483249.80
181264|8483091.93
1746845|8482826.58
1758907|8482574.46
109608|8482560.38
1475105|8482467.06
1189322|8482394.85
1087830|8482348.75
1277512|8482312.16
787444|8482041.27
907958|8481914.35
1299234|8481742.98
124356|8481384.18
1883897|8481255.12
670324|8481255.12
474873|8481016.08
105801|8480872.03
679720|8480404.52
342947|8479979.95
427014|8479823.93
1848903|8479812.54
519917|8479748.27
1757400|8479680.55
825827|8479643.76
1274875|8479551.45
1821384|8479528.08
1670092|8479499.28
779889|8479411.20
523326|8478965.75
673574|8478882.54
689700|8478875.51
704287|8478861.68
1733537|8478691.98
641584|8478680.36
936812|8478534.78
1291761|8478352.60
135490|8478326.91
90127|8478220.10
269533|8478207.78
574504|8477953.82
1096903|8477713.53
1652426|8477527.68
1203615|8476786.15
463652|8476697.19
574238|8476641.15
1015346|8476634.90
1564701|8476493.02
349889|8476338.14
650337|8475605.91
45448|8475465.52
35184|8475465.03
602506|8475463.83
1144931|8474725.00
1803328|8474616.92
1160724|8474276.72
1491351|8474173.75
1933142|8473976.86
333636|8473322.32
1603157|8472606.12
788224|8472547.48
1442982|8472317.10
1014468|8472244.99
1732584|8472145.36
1267584|8472138.97
1376915|8472093.10
219963|8471837.25
103992|8471461.24
113367|8471219.00
1632497|8471072.85
1652204|8470879.40
846594|8470854.66
361756|8470745.72
1186163|8470472.55
359099|8470396.46
1795513|8470100.40
267025|8470042.65
923509|8469738.64
1411232|8469460.26
1653461|8469077.10
133078|8469067.25
1737649|8468999.84
151983|8468820.36
104003|8468721.36
117754|8468696.89
1490961|8468599.40
1716402|8468313.36
549414|8467591.68
1256973|8467533.22
927968|8467403.29
1245257|8467218.48
269971|8467026.82
540998|8466968.22
1375184|8466819.40
1846132|8466798.06
1881204|8466656.07
1917827|8466159.90
535291|8465991.72
1835480|8465912.37
1556889|8465775.12
185451|8465646.00
216171|8465263.80
973521|8465046.24
694738|8464857.84
1827475|8464748.13
552320|8464674.93
1248687|8464302.60
276864|8464112.34
1836151|8463950.48
702592|8463911.74
1290035|8463883.50
1478957|8463825.92
961655|8463676.42
1077039|8463334.10
1600543|8463172.32
1802577|8463038.48
1233108|8462898.51
1962898|8462870.35
1069527|8462409.99
411843|8462161.23
684733|8461850.76
645681|8461775.30
703752|8461322.75
699857|8461201.32
14590|8460944.37
61617|8460871.00
1943257|8460824.20
273309|8460723.77
1156786|8460667.80
1271492|8460474.70
1372693|8460271.78
1826676|8459809.53
1965375|8459584.74
356086|8459566.08
1206763|8459410.99
1502420|8459243.52
1052799|8458358.36
197398|8458313.93
1769511|8458176.65
1596351|8458162.36
373335|8457720.24
1876844|8457433.28
1337650|8457180.82
1636253|8456954.76
690534|8456833.11
954017|8456791.86
716584|8456791.72
871999|8456698.32
1851930|8456599.80
1988609|8456455.15
1762540|8456438.56
1852346|8456152.62
1662910|8456114.86
81092|8455708.50
373983|8455623.48
1907644|8455602.12
140377|8455546.68
1855579|8455476.15
1504035|8455424.25
1897424|8455236.90
314720|8454931.74
848976|8454917.70
473662|8454721.59
1147907|8454561.69
1189252|8454447.36
1330815|8454384.32
1238777|8454106.10
1246717|8454034.80
1461439|8453959.80
1057393|8453959.24
589167|8453731.88
894441|8453144.70
732795|8452938.85
139902|8452851.19
124380|8452653.30
395397|8452020.23
648729|8451677.61
725852|8451526.72
1366801|8451490.11
265873|8451281.30
1676612|8451013.84
1973176|8450950.43
1537000|8450940.60
799823|8450923.68
610269|8450734.53
1576760|8450628.28
424884|8450587.60
1912033|8450562.40
1513635|8450260.42
1846703|8450154.72
1068300|8450110.00
859860|8449800.75
1572371|8449617.55
674891|8449458.75
85521|8449254.78
1169658|8448886.57
1871969|8448878.84
1088197|8448446.07
834108|8448287.76
845522|8447959.85
1068153|8447805.24
1913601|8447727.11
536270|8447714.46
1962182|8447399.77
1193553|8447207.73
1730642|8447201.94
1747348|8446971.60
494316|8446702.77
363962|8446700.22
1344786|8446495.16
1518244|8446444.56
797065|8446420.08
1472254|8446305.25
1753388|8446092.30
1822458|8445866.06
1763135|8445701.52
1359491|8445554.55
1758895|8445548.66
1650551|8445489.04
1739499|8445486.40
1865242|8445337.60
283466|8445165.93
1134699|8445005.25
17473|8444766.24
1352888|8444688.00
1382948|8444574.87
1132947|8444390.48
815510|8444344.61
846877|8444272.00
520818|8444036.00
232751|8443910.04
72005|8443572.22
709856|8442961.00
156478|8442917.72
661500|8442550.88
809499|8441968.44
169392|8441959.77
848331|8441886.57
1256071|8441684.40
243242|8441670.36
1522363|8441610.48
1266390|8441598.56
1001959|8441481.27
197393|8441406.44
1859476|8441359.54
486950|8441311.40
186285|8441303.76
632943|8440682.01
1829780|8440618.71
1929832|8440360.25
192980|8440183.26
512374|8439978.68
246601|8439465.60
1482548|8439344.00
709869|8439150.41
269463|8439137.04
759733|8438991.76
514462|8438944.80
1358871|8438776.71
741341|8438663.31
1541443|8438301.56
1594386|8438242.40
415868|8438033.16
48372|8437895.19
898223|8437886.76
1034232|8437837.20
774737|8437535.60
1278245|8437492.20
436794|8437154.18
1153599|8437067.70
829196|8437050.30
619996|8436989.11
821863|8436896.80
1863650|8436843.72
1963245|8436609.15
1253860|8436501.64
380279|8436330.27
147490|8436256.08
836081|8435941.80
785655|8435867.64
507827|8435850.24
38680|8435446.58
1679070|8435372.80
1431492|8435265.02
1596544|8434722.65
1746360|8434720.03
947141|8434357.40
1595051|8434206.00
682608|8433993.71
768351|8433782.50
995266|8433651.24
1188530|8433144.29
1829434|8433096.80
1105055|8433004.58
1162179|8432549.60
676330|8432474.68
96247|8432459.30
1171011|8432340.18
972510|8432181.00
731059|8432177.88
519151|8432075.70
1111338|8432071.90
189703|8431870.50
267200|8431738.28
479168|8431725.96
639001|8431518.66
1343132|8431428.60
1593306|8431419.60
1802725|8431372.17
879170|8430668.18
23914|8430621.10
533264|8430474.84
917944|8430390.99
93854|8430313.74
735579|8430020.64
1506202|8430014.34
1823336|8429580.90
1958169|8429362.88
1174650|8428853.01
1039068|8428610.52
581770|8428591.64
511154|8428454.64
1189754|8428251.51
914850|8428235.99
541465|8428061.85
1651526|8427957.03
1469007|8427882.20
644270|8427853.36
865688|8427827.54
567749|8427789.16
1203865|8427474.74
86640|8427372.12
534227|8427202.15
216526|8427191.06
1409673|8427084.48
436453|8426847.33
1747046|8426639.88
575138|8426380.20
1809490|8426325.54
1659557|8425782.49
193894|8425742.28
1051988|8425526.04
1528877|8425482.00
416024|8425459.46
881373|8425411.80
765927|8425356.94
1815717|8425070.80
926087|8424956.02
621593|8424885.56
708283|8423666.94
130960|8423546.55
604682|8423360.96
1082817|8422925.40
1083174|8422540.72
942087|8422245.48
349763|8422242.66
393800|8422191.31
942073|8421941.58
249715|8421939.96
1083423|8421825.27
714072|8421552.86
1418885|8421476.00
1250968|8420553.00
1211750|8420023.00
463053|8419943.07
611218|8419821.03
226748|8419564.02
100960|8419403.46
1844657|8418943.67
309586|8418857.82
121876|8418711.71
202213|8418698.28
1299066|8418569.61
65777|8418487.72
1445606|8418459.16
460102|8418119.67
936670|8418112.03
1005863|8418049.68
471722|8417732.07
1277375|8417612.22
1192931|8417125.77
303533|8417124.27
669857|8417110.80
1275520|8416912.95
1280576|8416854.69
1918792|8416708.00
836063|8416591.04
765830|8416378.44
673568|8416233.84
514618|8416153.00
332454|8416148.95
457202|8415817.44
1684226|8415293.12
563212|8415238.14
274988|8415197.00
1472716|8414598.60
348702|8414548.58
740068|8414367.36
1653045|8414359.20
644400|8414352.41
880535|8414199.30
772546|8414037.00
258622|8413760.87
1664836|8413685.28
1313257|8413365.25
1392472|8413327.08
1777552|8413308.00
830643|8413302.16
988218|8413214.04
1522251|8412814.58
1970615|8412778.80
1722795|8412581.92
1320101|8412416.64
235961|8412125.25
286236|8411749.94
1680755|8411562.51
1357337|8411523.23
830247|8411459.49
1051344|8411425.92
992314|8411107.36
1038323|8410910.24
1938834|8410688.63
566108|8410572.31
1792437|8410256.01
643629|8410216.82
1706666|8410076.85
1049174|8409870.78
147801|8409450.33
1407443|8409184.00
467607|8409166.72
637671|8409123.02
220008|8409026.45
1704377|8408860.46
1231402|8408859.30
872728|8408850.76
614364|8408632.32
1935679|8408619.34
66355|8408495.46
1652248|8408466.97
1104513|8408051.95
570192|8407363.32
1600648|8407323.60
765176|8406991.05
1111499|8406785.17
631655|8406757.77
1088801|8406451.35
119394|8406088.08
1620275|8405672.36
1153647|8405642.56
1443007|8405186.72
1837570|8405125.38
417298|8405038.11
150674|8405001.88
539931|8404715.75
368695|8404680.96
1055036|8404550.45
602326|8404216.80
1573516|8404085.12
34196|8404061.73
279543|8403897.68
1609817|8403820.76
1394502|8403706.22
68360|8403678.51
603112|8403651.32
575363|8403526.53
568039|8403096.74
600616|8402836.16
478023|8402544.15
49940|8402328.20
1196356|8402320.26
1075089|8402307.75
1777275|8401935.60
457292|8401657.34
188014|8401302.00
1893315|8401272.21
1502137|8400823.14
1958189|8400560.51
1549311|8400477.31
1670474|8400324.80
74204|8400284.04
1999054|8400185.00
788884|8400180.50
762765|8400104.46
1941282|8399834.04
1650044|8399797.41
1314328|8399630.47
1505258|8399508.00
240186|8399026.44
689757|8398996.37
899563|8398988.85
252185|8398888.55
1981312|8398678.32
1100368|8398649.04
779270|8398330.14
1651841|8398026.05
710212|8397800.40
743267|8397741.57
993266|8397686.05
1475863|8397607.17
1357369|8397515.75
486879|8397111.24
1593809|8396869.50
1352361|8396622.01
1004188|8396542.68
1124373|8396542.28
1855368|8396423.28
1372244|8395750.40
1107675|8395744.76
1827058|8395741.44
1012114|8395709.66
847887|8395508.10
654407|8395251.28
1141452|8395241.52
442161|8395167.60
21656|8394977.40
812173|8394677.22
907436|8394626.15
1154506|8394401.40
683889|8394223.20
1193611|8394162.00
403020|8394147.51
1945936|8394009.09
1027249|8393888.32
175596|8393330.20
838199|8393316.50
964028|8393284.14
1114881|8393282.95
1510725|8393227.20
363805|8393121.04
1941232|8392855.24
1891390|8392834.85
1568876|8392522.32
976718|8392446.60
870182|8392431.36
1375836|8392272.21
297370|8392162.48
1852496|8391924.00
1222366|8391871.80
1718403|8391834.11
1628080|8391788.00
42607|8391264.75
1807137|8391110.82
1877157|8390947.20
974126|8390916.80
1460799|8390647.22
478722|8390062.74
881821|8389793.76
1088316|8389747.72
256590|8389716.24
1985768|8389634.77
927279|8389622.15
82617|8389555.42
1694621|8389435.53
980800|8389369.12
780343|8389131.21
467998|8388913.00
124186|8388903.79
13739|8388135.59
983406|8387983.26
891956|8387859.64
1998327|8387692.46
1979338|8387469.50
343357|8387279.40
1764453|8386717.06
1837255|8386557.30
786774|8386454.35
1721409|8386418.75
1740736|8386151.84
1602724|8386035.12
748045|8386027.30
786437|8385754.30
581405|8385754.00
1129512|8385698.37
1097257|8385680.36
440950|8385632.75
520798|8385459.48
1396510|8385221.68
426500|8385219.84
655904|8384825.78
1977837|8384742.20
176627|8384712.36
1598468|8384618.62
774366|8384360.00
341225|8383770.57
1948857|8383748.90
1200827|8383724.00
956122|8383551.24
1273672|8383542.81
1116489|8383530.76
505078|8383395.84
1911724|8383064.65
132694|8383015.76
1030648|8383001.56
1523794|8382700.64
1456765|8382627.87
544153|8382619.36
1410140|8382359.76
156088|8382146.22
89500|8382073.86
1721186|8381454.45
237124|8381412.75
1423677|8381317.96
931249|8381181.20
354397|8380826.96
1793736|8380811.36
354994|8380747.38
1429262|8380412.44
1968221|8380244.60
1513182|8379735.62
873467|8379699.32
962444|8379693.28
694241|8379672.30
831410|8379316.53
673690|8379158.40
1344059|8379053.92
1540158|8378576.46
1073125|8378520.38
1058015|8378429.10
1248126|8378218.50
284933|8378206.32
1899262|8377870.80
539068|8377848.23
1709510|8377698.50
595397|8377545.96
3141|8377378.22
728588|8377195.33
1911411|8377144.38
20741|8376968.00
264724|8376898.92
883448|8376798.29
1905958|8376765.24
871493|8376761.88
1208006|8376663.61
1231001|8376478.57
773943|8376442.20
903038|8376367.85
1244995|8376111.44
74003|8375983.20
428075|8375910.81
80836|8375803.16
574459|8375608.20
1249758|8374998.72
594035|8374537.98
1455617|8374387.86
1093837|8374172.37
1540305|8374101.74
409373|8374018.25
1990637|8373948.48
1517851|8373914.40
911842|8373742.26
1827393|8373040.02
1147886|8372944.56
942061|8372938.08
699378|8372699.97
1655688|8372409.09
603533|8372290.71
703851|8372139.96
239151|8372054.99
888723|8372016.04
1831036|8371846.08
1990968|8371795.74
633495|8371653.43
1174836|8371587.25
476372|8371457.42
1894741|8370649.74
1169922|8370582.18
216618|8370189.72
885108|8370076.32
829895|8369990.32
16895|8369875.65
574568|8369636.10
1917988|8369629.97
1638380|8369563.25
753056|8369471.96
323283|8368677.84
637800|8368543.08
111901|8368541.10
400182|8368514.19
674499|8368135.20
891603|8368102.05
735178|8368062.78
634131|8367800.60
343792|8367573.02
297986|8367454.35
1893739|8367233.40
1450798|8367170.64
382217|8366882.01
958007|8366798.66
1264972|8366734.66
549176|8366509.87
950848|8366326.32
159337|8366092.26
1767332|8366053.96
258557|8366019.84
1840692|8365774.40
1895148|8365754.55
1758080|8365678.72
1945354|8365642.20
2273|8365596.21
159454|8365352.08
550948|8365277.40
1888167|8365226.31
52837|8364948.15
1166632|8364808.21
44467|8364475.57
1937967|8364419.04
1380932|8364249.18
304535|8364132.95
136438|8364065.45
1013360|8364061.65
592349|8363973.52
1053786|8363764.09
929183|8363703.66
782051|8363564.42
1345150|8363215.52
64425|8363132.12
1858349|8363080.99
729726|8362886.08
691469|8362777.50
871688|8362721.60
879102|8362466.07
1702524|8362299.31
1586223|8362012.95
1061218|8361917.25
1568426|8361895.96
894492|8361881.68
1472951|8361856.80
1822162|8361750.54
69906|8361618.72
1654003|8361499.60
1545740|8361430.66
1160864|8361292.80
898354|8361237.07
1560825|8361183.53
1206205|8361062.22
494582|8361006.24
1191575|8360668.75
676102|8360620.54
1775978|8360540.21
1015366|8360453.01
1820745|8360437.28
1590301|8360305.65
1169689|8360104.20
426429|8360076.28
1672170|8359690.17
1165731|8359407.36
706405|8358853.40
1092621|8358801.18
327066|8358768.00
1422295|8358556.50
243845|8358338.88
1713473|8358269.28
1314462|8358189.82
1546939|8358046.80
1643912|8357861.76
425292|8357832.00
264253|8357580.72
1760855|8357539.27
1061121|8357321.16
1491002|8357182.22
304971|8356909.12
151105|8356782.53
313494|8356745.25
1181499|8356550.40
1130095|8356497.66
1482675|8356321.44
675854|8356300.32
1045240|8356179.15
1996029|8356049.10
1514442|8355997.32
1600603|8355948.64
1698598|8355438.63
777478|8355358.57
436775|8355339.20
1447378|8354986.11
1921597|8354858.40
1381346|8354849.01
1244688|8354819.88
1044432|8354624.79
1815989|8354361.72
1006843|8354347.12
212580|8354300.58
1731264|8354081.52
1621411|8353886.40
1157099|8353761.00
1968611|8353629.91
937181|8353582.40
357237|8353541.74
1431678|8353514.34
1336122|8352713.60
882916|8352548.75
43144|8352409.30
647448|8352318.30
320439|8351862.68
254814|8351852.42
694426|8351786.75
467455|8351708.02
1249035|8351634.30
842993|8351327.10
688214|8351119.92
1026860|8350935.63
284159|8350836.39
1441943|8350708.48
147904|8350634.71
569224|8350318.06
1884226|8350023.50
922227|8349950.90
603114|8349490.80
1233483|8349269.84
1209417|8349211.50
637869|8349160.19
911238|8348977.80
1230134|8348951.52
1323661|8348816.60
214669|8348613.00
1963786|8348241.00
1100308|8348177.22
24885|8348169.38
1427031|8347953.36
552217|8347890.00
194869|8347505.25
835610|8346979.70
1036743|8346858.88
284745|8346815.77
1073328|8346810.14
408379|8346718.08
303754|8346649.07
1078390|8346545.29
1305154|8346500.76
696925|8346461.78
1761477|8346435.27
1204946|8346148.00
1280711|8346020.80
1652273|8345856.24
1429198|8345579.39
1898161|8345568.36
145200|8345555.01
384966|8345412.34
1835256|8345236.60
134418|8345163.97
179002|8344949.70
828511|8344918.72
1699872|8344788.14
194076|8344591.36
1466101|8343883.25
1715528|8343768.11
887816|8343231.51
818491|8343084.96
1591474|8343021.42
1965990|8342846.90
230972|8342685.72
160802|8342512.64
315604|8342311.90
1331949|8342142.16
274322|8342134.38
1376952|8341927.50
1940147|8341887.25
868498|8341759.70
298807|8341620.21
1466521|8341504.64
969659|8341494.12
1514499|8341304.40
721788|8341249.88
10862|8341098.08
467756|8340794.93
201435|8340768.72
907872|8340526.56
1794339|8340514.14
1203495|8339949.28
809732|8339765.48
788307|8339698.92
323648|8339576.79
1996477|8339461.95
1224134|8339362.29
674102|8339241.06
881025|8338824.36
114569|8338680.76
161465|8338663.04
659957|8338580.80
1783307|8338230.04
1595176|8338215.63
1883435|8338208.97
699666|8337842.14
1040866|8337749.39
1579540|8337640.64
398741|8337546.14
1216408|8337049.04
815457|8336726.10
1402143|8336594.72
6452|8336514.00
74372|8336244.02
845889|8336225.04
1188960|8336039.00
1378341|8336005.52
851880|8335985.76
824180|8335859.48
62379|8335822.04
1506105|8335724.12
584585|8335723.95
1635762|8335667.20
868841|8335660.96
890958|8335092.60
1017152|8335066.53
228792|8334858.25
338525|8334604.06
1651981|8334465.04
1589112|8334447.65
605546|8334437.32
384806|8334289.74
443237|8334289.28
1601152|8334135.96
1033823|8334004.68
1505013|8333989.77
935279|8333932.65
64646|8333817.00
855099|8333488.28
1006400|8333452.89
160861|8333277.84
742323|8333026.24
1913648|8332667.35
858776|8332594.82
325064|8332579.32
1453938|8332275.12
308696|8332209.34
1818643|8332026.30
1689681|8331658.72
1653039|8331551.01
320203|8331364.00
284070|8331353.16
1332876|8331120.00
645203|8331094.26
741057|8330944.55
127835|8330612.25
130295|8330611.98
1897163|8330179.93
1446266|8329964.28
803489|8329867.04
1258860|8329854.39
13124|8329564.71
654170|8329527.15
1618242|8329461.06
544161|8329265.11
412424|8329195.64
1271873|8328538.68
1126638|8328130.26
1868586|8327937.78
57149|8327830.10
185194|8327545.80
1169003|8327407.84
1031075|8326339.35
1182280|8326059.57
93780|8325972.36
1637490|8325872.25
232725|8325852.37
1976543|8325783.90
1958995|8325592.00
1982278|8325552.93
626423|8325541.25
1179997|8325374.44
893520|8324948.80
1238936|8324726.01
1316082|8324605.03
1878073|8324572.32
1286472|8324519.47
1920039|8324237.68
245633|8324007.12
1229509|8323891.20
39148|8323879.86
1447203|8323848.21
1868165|8323800.09
1404184|8323670.66
1220792|8323603.20
1315506|8323391.56
785092|8323115.35
1582006|8323095.11
971231|8322915.45
609939|8322887.68
662457|8322883.92
1193696|8322843.15
1639024|8322815.45
1904876|8322795.52
1568427|8322767.82
302569|8322727.40
1656305|8322725.95
564629|8322713.10
1778275|8322675.52
1977304|8322442.28
1476450|8322435.29
1958015|8322111.20
1912502|8322106.48
834595|8321955.60
1067667|8321561.88
1174682|8321426.81
1634950|8321418.36
1899830|8321259.33
1953903|8321206.02
882537|8321205.76
207965|8321121.00
1450843|8320806.37
1261711|8320698.12
1808493|8320572.38
1792945|8320498.92
1159443|8320344.76
864222|8320313.60
1641039|8319807.99
208188|8319774.36
978486|8319762.72
1985803|8319450.19
244356|8319283.20
1605845|8319261.75
269683|8319152.82
502027|8318870.40
1213379|8318561.40
1982948|8318421.02
332316|8318353.28
1166763|8318292.14
1684094|8318271.36
1611787|8318165.02
52117|8318053.80
800940|8317945.02
109008|8317836.54
1327617|8317804.44
1358907|8317432.71
1346242|8317283.63
581300|8317144.75
337958|8317138.80
1196602|8317020.18
1941791|8316999.53
397956|8316883.68
1382227|8316492.26
461970|8316453.60
557662|8316083.40
1023097|8316017.18
1655793|8315899.98
1159191|8315782.88
1200066|8315667.36
1815065|8315524.80
916886|8315359.95
1459689|8315223.00
1434028|8315199.75
1173452|8315128.80
100839|8314840.04
64389|8314806.49
968274|8314799.76
1192280|8314557.60
1858020|8314506.90
1375480|8314440.79
1899731|8314353.85
622968|8314180.24
1146705|8314103.98
727599|8314065.43
142993|8313731.65
1572023|8313491.04
461679|8313466.58
1161694|8313295.77
1178531|8313095.28
671605|8313018.00
287231|8312965.20
1907833|8312646.16
1043844|8312444.90
1695066|8312431.60
1473386|8312284.34
432467|8312259.47
1443211|8312184.68
957879|8312126.76
1669759|8312019.80
755886|8311859.21
161422|8311808.16
1788299|8311447.21
1154422|8311345.90
1644418|8311164.84
1474648|8310909.96
784775|8310540.29
173839|8310135.95
390830|8309900.80
666097|8309770.16
390290|8309235.76
796078|8309217.96
1433515|8308650.80
359662|8308563.96
1544373|8308214.95
1019875|8308051.08
1107173|8308032.81
1674738|8307961.20
1829491|8307942.86
30804|8307903.23
1834224|8307170.73
326126|8307111.88
139627|8306875.50
1240668|8306408.24
7751|8306111.40
1633242|8306081.80
678987|8306036.97
1834533|8305931.65
1220912|8305676.40
584521|8305571.12
71074|8305328.68
1914706|8305080.55
424448|8305070.16
1296176|8305023.14
197076|8304803.28
132402|8304323.61
1309853|8304221.48
87247|8303923.32
954166|8303855.70
440981|8303409.24
272708|8303372.88
532973|8303227.38
505085|8303208.69
1840953|8303005.41
485534|8302921.20
751318|8302776.80
1149824|8302636.80
500924|8302506.88
1933397|8302457.34
450690|8302438.92
250679|8302427.10
71575|8302419.84
141566|8302380.03
1626629|8302265.82
1252268|8302040.36
138721|8301745.62
730788|8301676.32
920468|8301491.00
430721|8301378.06
532348|8301256.88
1225837|8301232.26
1429394|8301185.86
1364340|8300779.76
1043207|8300774.16
934468|8300746.44
125282|8300626.92
544405|8300476.78
1071148|8300465.18
1785614|8300226.60
565350|8300206.58
1707315|8299765.77
319270|8299488.47
159934|8299365.40
973424|8298995.76
318167|8298896.76
211822|8298896.08
1113549|8298800.78
93891|8298542.24
857075|8298447.04
771471|8298419.76
1625320|8298399.64
635502|8298345.06
1284512|8297901.56
724636|8297789.75
1645547|8297688.03
1564023|8297670.78
1372122|8297658.15
1997266|8297537.27
1362554|8297441.53
1569999|8297154.84
1933170|8297068.52
190762|8297020.82
112900|8296943.40
1947710|8296768.92
464613|8296402.80
1797075|8296319.16
1813316|8296281.90
686304|8296172.35
1076226|8296142.40
1189143|8295770.34
4180|8295646.92
603124|8295522.36
1027059|8295407.52
1442751|8295246.00
1332596|8295126.94
1555412|8294966.14
1591947|8294893.55
474334|8294847.60
1599150|8294633.64
429207|8294434.65
1405547|8294281.29
1832287|8294052.48
518350|8293351.04
879769|8293072.30
902334|8292989.20
1804754|8292619.92
1259636|8292520.20
814905|8292470.71
1827171|8292417.76
931561|8292057.02
1537911|8291949.30
1548301|8291723.92
1889713|8291713.66
1640204|8291482.13
398061|8291265.44
1801016|8291075.20
158502|8290689.88
1247036|8290268.13
1099905|8290139.25
1434418|8290118.79
1613909|8290027.48
36199|8289968.64
1205299|8289952.00
1593501|8289882.87
759454|8289740.38
1233574|8289682.80
1827126|8289587.73
535740|8289371.34
1814044|8289266.70
979026|8289264.02
1903806|8289256.95
1076215|8288295.27
1307909|8288232.42
302892|8288180.86
967509|8288028.00
317132|8287966.75
1115210|8287856.64
875747|8287852.47
93992|8287833.19
1586076|8287827.93
1064909|8287686.14
1014882|8287593.47
915033|8287536.72
1387836|8287526.25
1690359|8287269.76
1136670|8287151.50
1639912|8287066.89
949446|8286727.35
605890|8286578.16
1458169|8286360.29
127176|8286359.53
371721|8286265.28
806957|8286253.32
1701188|8286062.40
516180|8286017.76
593254|8285957.12
1995520|8285738.56
778233|8285376.55
1694834|8284992.00
147504|8284472.75
407712|8284321.95
1578689|8284208.46
3684|8283924.30
888533|8283707.74
163016|8283521.06
1034227|8283376.55
1890161|8283067.90
1248418|8283026.97
184850|8282925.92
802827|8282753.08
1305567|8282690.56
948007|8282626.88
95430|8282453.76
20984|8282394.89
1049971|8282304.38
1422405|8281839.72
1297298|8281831.64
1443532|8281726.08
128920|8281699.44
1868721|8281483.35
1822223|8281373.58
959535|8281367.40
254096|8281340.58
667603|8281306.86
1191006|8281263.25
937877|8281134.84
1486112|8280740.60
684473|8280061.92
1055747|8280029.00
1480705|8279822.94
1009186|8279617.50
570265|8279519.04
1171508|8279435.61
499931|8279416.27
1643770|8278937.46
1763253|8278920.00
1572529|8278809.71
506963|8278771.20
1504220|8278704.54
962183|8278398.48
1135718|8278105.49
1143257|8278035.00
1136349|8277887.73
231706|8277882.88
1993834|8277849.32
180189|8277381.12
1781926|8277360.16
1024342|8277313.27
1304071|8277251.15
156983|8277202.74
929670|8277178.32
619834|8276933.64
253059|8276850.51
354573|8275873.97
605368|8275852.90
518879|8275783.05
1526608|8275708.17
730596|8275243.14
273398|8275237.32
259512|8275199.52
1180992|8275132.74
1246648|8275053.86
968867|8274505.57
119889|8274344.99
1310473|8273994.26
1106908|8273771.46
739670|8273428.65
1871570|8273168.32
719246|8272828.42
1244216|8272744.91
1939640|8272031.04
708857|8271893.55
631741|8271800.50
1713629|8271762.08
1645910|8271680.34
1707291|8271672.80
281966|8271460.95
1200696|8271288.20
764774|8271052.92
919002|8271038.81
493954|8271029.68
394063|8270585.83
1804910|8270548.50
1553115|8270221.30
1344988|8270162.95
434536|8269992.36
1226212|8269938.78
1804715|8269650.90
1919368|8269471.44
1109511|8269426.62
1923002|8269366.56
1895277|8269339.35
724377|8269281.79
347545|8269270.25
1308622|8269262.19
1973404|8268804.69
316366|8268546.40
251103|8268495.84
271020|8268348.08
1446736|8268200.85
1969922|8268157.23
1192391|8267890.02
1825177|8267513.10
1487797|8267206.00
1442302|8267053.61
679178|8266984.69
1215520|8266984.60
1952633|8266815.21
1426229|8266788.66
323751|8266734.49
449906|8266678.97
545955|8266592.18
99458|8266564.47
735472|8266489.38
1472282|8266380.78
1202151|8266349.96
963078|8266330.83
1421361|8266109.39
498411|8265885.84
1820397|8265870.90
1314084|8265811.47
329595|8265379.32
978518|8265347.37
1850111|8264690.42
998530|8264448.00
1887895|8264265.85
1167621|8264264.32
295298|8264250.78
1712227|8264145.28
307946|8263688.88
528650|8263509.03
195634|8263447.80
91388|8263421.37
112892|8263399.10
798426|8263189.12
239470|8262831.00
1821150|8262689.60
1301883|8262598.37
1957745|8262476.10
432299|8262426.90
1258784|8262400.44
1447547|8262248.62
892190|8262169.70
1581228|8262122.48
1684357|8262075.95
1937503|8262035.10
902345|8261945.31
417305|8261747.20
1184022|8261675.20
210624|8261656.52
279970|8261448.52
1881520|8261398.32
1511309|8261326.25
1334789|8261297.40
563255|8261148.20
820818|8261093.72
1545853|8261028.48
1722405|8260828.05
169904|8260686.00
54355|8260607.58
445758|8260448.43
1205755|8260277.34
930178|8260160.77
1900714|8260073.01
1665218|8260062.27
1058390|8259923.45
872383|8259581.75
1623222|8259510.20
289138|8259471.00
355288|8259442.62
607805|8259295.60
201468|8258919.77
788633|8258446.27
691978|8258081.00
911258|8258049.74
598012|8257902.76
897851|8257873.86
182026|8257839.32
1272630|8256857.28
514936|8256845.40
158471|8256797.22
295426|8256788.50
383414|8256747.89
383963|8256611.52
761653|8256370.84
1016549|8256304.56
1650148|8256256.04
1664073|8256007.76
665632|8255720.05
878355|8255709.76
1498419|8255684.15
366390|8255665.63
1750289|8255605.68
833382|8255510.10
244075|8254854.39
433320|8254817.50
499854|8254697.75
535334|8254669.50
772357|8254176.84
1139050|8254133.88
812729|8254101.96
197725|8254071.42
121125|8253912.49
1388644|8253846.72
888203|8253721.60
880607|8253655.99
1008419|8253583.47
1718903|8253513.60
710524|8253447.80
1137311|8253287.70
1152236|8252610.56
173134|8252606.98
1863269|8252323.95
1963067|8252056.14
83435|8251889.91
1369870|8251749.45
512220|8251493.67
1637245|8251449.18
143425|8251163.90
1282838|8251054.02
1035807|8251006.55
940110|8250991.65
69050|8250609.78
1962936|8250465.95
754770|8250300.70
1594854|8250151.88
1599736|8249894.64
1163141|8249873.22
797976|8249772.75
1995965|8249738.28
1102746|8249704.37
433946|8249590.80
1056613|8249185.80
1510795|8249088.24
1772168|8248694.04
1265680|8248427.38
1947030|8248192.62
150816|8247986.00
1684099|8247824.04
1053942|8247528.01
364318|8247459.60
1725068|8247381.91
1242332|8247271.36
1120401|8247101.59
174139|8246925.84
688311|8246757.90
1878397|8246685.72
1333497|8246191.83
1144918|8246035.20
611211|8245584.88
486629|8245580.31
1449142|8245547.09
1006762|8245391.70
1357519|8245118.57
1400492|8245087.89
635918|8245077.48
1056853|8244759.38
1066946|8244486.84
656700|8244168.46
1043194|8244023.04
319949|8243691.18
1747322|8243487.00
1132606|8243407.20
1205416|8243391.60
1423920|8243232.52
1488170|8243126.42
710088|8243022.69
1996867|8242824.86
75876|8242814.72
593880|8242326.00
18641|8242205.73
294347|8242171.20
1713516|8241911.27
7881|8241678.88
889630|8241654.37
1635602|8241618.30
1461271|8241414.30
1107132|8241108.97
35126|8240867.58
87289|8240796.52
1494613|8240793.80
1139899|8240783.85
768392|8240770.80
1730095|8240701.40
1636632|8240236.20
118081|8240103.60
947236|8239850.51
202449|8239498.38
1118826|8239265.85
529881|8239026.24
402767|8238906.68
710712|8238477.15
1400064|8238340.02
1233427|8238018.45
1008642|8237912.06
1873442|8237875.50
81786|8237539.33
727737|8237488.32
786627|8237355.03
1715065|8237170.28
49863|8237070.45
1172198|8236768.45
1794388|8236560.93
1340331|8236409.47
1108235|8236216.10
23285|8236061.86
1675257|8236014.00
1183449|8235889.62
1217058|8235889.49
1986664|8235862.12
553647|8235756.00
1340649|8235680.88
459556|8235673.55
931846|8235577.80
1008807|8235248.78
1485996|8235202.50
23075|8234984.60
1294517|8234980.74
357921|8234967.84
1234422|8234817.84
115945|8234811.36
796640|8234394.75
1693944|8234220.04
1591250|8234141.28
231237|8234103.62
328738|8233824.24
1414932|8233743.18
1682656|8233730.96
799128|8233728.00
1833753|8233486.04
907456|8233439.76
397726|8233294.00
1949384|8232855.02
1084121|8232809.83
1321399|8232664.86
1789680|8232308.72
1928088|8232099.19
1341535|8232017.18
941543|8231757.54
1202328|8231652.28
700486|8231652.24
509219|8231636.40
1626284|8231592.53
17022|8231465.06
1934060|8231296.05
1110937|8231275.68
516013|8231022.63
1766854|8230469.04
508792|8230461.54
480668|8229979.84
1714608|8229813.67
1836679|8229768.12
64200|8229713.72
1605543|8229708.49
698852|8229602.04
1717285|8229555.42
311535|8229460.32
1707660|8229439.60
943550|8229433.16
42953|8229135.38
1645343|8228932.50
761459|8228788.58
1621193|8228779.16
1989223|8228605.55
247889|8228537.01
967563|8228519.04
1732311|8228392.36
1533108|8228367.20
633411|8227882.70
564391|8227813.26
1590487|8227764.17
879879|8227720.80
608544|8227356.45
410087|8227048.56
319337|8226771.20
1713654|8226758.61
408521|8226698.85
1946931|8226485.68
569467|8226253.32
876334|8226147.42
906050|8225752.73
313714|8225455.44
1109977|8224858.88
1543173|8224844.16
136994|8224771.38
845867|8224740.50
408495|8224579.82
272809|8224252.08
890888|8224074.72
1079737|8224066.29
1781081|8224064.64
400669|8224033.44
777126|8224017.30
466480|8223936.00
1201718|8223832.28
189852|8223655.13
976712|8223344.95
1117487|8222973.40
950921|8222799.95
1728371|8222720.03
1947219|8222695.48
1920411|8222691.36
1068630|8222517.34
591556|8222334.24
578390|8222300.32
1344454|8222285.88
1450622|8222179.38
443555|8222060.24
711458|8222036.50
1853318|8221938.48
940659|8221840.51
669655|8221727.98
746975|8221521.97
92395|8221299.96
484335|8221098.60
1517978|8221052.18
1557253|8220928.84
1300653|8220867.84
906722|8220837.88
1260722|8220704.14
693433|8220690.82
1271659|8220279.15
1843282|8220171.91
1768827|8219992.06
909155|8219911.44
491137|8219796.35
630253|8219685.76
1877357|8219657.25
565803|8219543.82
1173045|8219234.52
763449|8218874.80
724721|8218396.60
1690267|8218299.70
872437|8218173.40
256432|8218076.87
1588882|8218009.80
403319|8217633.48
1185520|8217561.24
219153|8217372.06
67401|8217315.33
59856|8217044.88
1239808|8217006.72
1514706|8216978.22
1260432|8216917.86
1547274|8216880.92
863718|8216697.40
658639|8216543.23
412870|8216528.58
1036614|8216524.81
748187|8216148.31
1856388|8216084.43
1962962|8215941.96
656229|8215813.00
58423|8215748.80
1790657|8215584.30
893203|8215563.70
1749889|8215365.12
355122|8215345.47
458821|8215221.60
1190493|8215129.65
339628|8214934.00
1280623|8214922.90
1090699|8214813.52
1061289|8214750.16
1404762|8214482.97
1986347|8214431.76
1814242|8213779.84
618896|8213389.52
110100|8212952.16
22542|8212735.36
239098|8212659.45
959838|8212343.38
1022665|8212167.60
1806882|8212097.51
65830|8211796.77
169774|8211750.69
1578952|8211486.96
7026|8211474.90
1514662|8211415.88
1936040|8211166.40
399139|8210835.75
1968867|8210681.20
113911|8210626.20
1460149|8210624.39
1250368|8210420.28
718763|8210382.14
1172693|8210367.79
546600|8210236.85
258272|8210169.59
1669554|8209249.50
664583|8209181.44
119129|8209174.95
1655892|8209169.36
543731|8208915.62
86788|8208816.36
1715969|8208697.14
1002607|8208475.24
154827|8208350.07
999221|8208219.24
1190488|8208107.46
1558299|8208033.54
737303|8207860.04
500045|8207614.40
989258|8207597.40
1430811|8206980.60
1466455|8206949.03
1798640|8206768.88
470734|8206723.59
274854|8206586.94
1572037|8206427.25
1460951|8206123.06
684273|8206048.54
16325|8206021.53
1018474|8205929.76
1385778|8205824.77
848983|8205661.52
127777|8205551.19
1740956|8205472.96
1597663|8205246.40
98606|8205080.50
386423|8205045.18
928726|8204990.57
656898|8204969.92
384408|8204714.02
540841|8204683.05
1330903|8204410.55
100811|8204345.92
635471|8204312.76
639614|8204224.60
856667|8204026.80
1089607|8203811.86
1603307|8203768.01
15002|8203741.02
334587|8203476.60
788366|8203274.20
592796|8203265.50
1595344|8203149.18
1371281|8202992.04
858472|8202781.66
1611872|8202543.36
1991528|8202483.86
1395148|8202428.52
1588056|8202421.35
247267|8202080.40
1944121|8202021.30
1769436|8201855.31
1957617|8201811.60
1371449|8201681.66
1309525|8201624.48
1312752|8201225.17
823689|8201107.75
1431681|8200928.61
1847512|8200873.72
1440451|8200527.66
630839|8200306.80
960923|8200246.12
945211|8200208.40
1530778|8200128.69
1021855|8200111.77
1675546|8200075.51
111373|8200034.56
943785|8199806.23
1974893|8199742.98
524700|8199625.20
1553553|8199407.70
1256733|8198478.40
594398|8198466.56
411633|8198313.48
453198|8198221.68
228948|8198198.28
1737646|8197958.40
626354|8197454.10
1820323|8197431.90
1006669|8197290.70
986331|8197222.00
1613658|8196717.75
524800|8196516.46
1305394|8196220.00
1866329|8196075.95
1388056|8195798.32
1585614|8195549.40
372117|8195478.50
768336|8195437.74
1499050|8195391.28
313991|8195326.02
278988|8195198.00
849214|8195176.23
1087256|8195129.20
1805767|8195084.70
1104191|8194951.71
669700|8194885.38
788060|8194828.90
118360|8194789.44
1451084|8194770.78
676606|8194768.00
810600|8194622.02
454067|8194575.92
36535|8194302.04
1178583|8194190.40
1377126|8194139.66
969004|8194042.50
1834730|8194041.04
1705258|8194037.28
147280|8193688.80
840680|8193512.40
1068602|8193485.39
561781|8193476.27
267749|8193300.50
232433|8193252.60
777177|8193090.12
1652742|8192813.98
3905|8192747.66
1034937|8192049.97
1708786|8192044.71
999454|8191738.80
1952870|8191726.72
375879|8191709.90
629447|8191566.00
347500|8191485.96
834131|8191467.32
30460|8191234.26
655804|8191225.32
56984|8191191.71
1400938|8190814.80
293171|8190548.66
1229118|8190251.52
1012254|8189624.95
725186|8189529.92
631379|8189396.54
817649|8189244.84
372441|8189196.96
1613816|8189177.15
1233500|8188938.78
1560501|8188610.56
611034|8188556.64
970251|8188178.32
1218986|8188042.56
1583164|8187967.44
1567996|8187935.60
1282112|8187917.40
1008329|8187914.46
730077|8187880.80
750407|8187701.06
1345377|8187403.05
515287|8187323.58
1788152|8187199.51
529205|8187076.45
1706771|8186903.16
1370926|8186875.62
561864|8186751.36
1967725|8186679.94
72460|8186658.64
783414|8186443.15
773154|8185953.00
1394454|8185368.12
1578001|8184866.90
869226|8184482.64
1718317|8184439.90
1212656|8184336.84
733820|8183976.15
814443|8183677.54
398343|8183144.51
455217|8183057.75
763629|8182785.27
1070138|8182719.65
1448779|8182326.95
1833468|8182321.60
115381|8182229.34
1594083|8182161.77
1085988|8182089.30
1175073|8181915.45
1428247|8181882.62
1510746|8181807.99
1276334|8181799.20
918733|8181794.89
1189392|8181727.12
323988|8181595.95
154541|8181478.00
1979810|8181364.80
408643|8181236.84
1107663|8180890.15
1385714|8180646.47
1336727|8180537.53
772804|8180356.05
1962046|8180341.71
741796|8180324.80
1493418|8180133.56
1692102|8180127.00
48471|8180111.00
1915277|8179861.22
802070|8179539.60
1384631|8179116.60
671367|8178889.27
1164588|8178678.46
566131|8178515.80
776888|8178364.00
830681|8178328.04
1515411|8178281.58
766948|8178050.79
446463|8177754.75
951224|8177664.78
753524|8177149.00
1167920|8176990.80
934564|8176671.51
1723789|8176607.64
1726253|8176572.55
276425|8176415.79
770190|8176000.11
1015795|8175976.54
1694766|8175679.05
228773|8175561.20
1635556|8175447.28
1783005|8175431.73
1344928|8175271.39
929757|8175239.40
1658095|8175062.68
1734538|8175016.80
513217|8174943.44
708458|8174784.18
1286827|8174699.47
72845|8174676.00
419829|8174586.00
1995316|8174566.39
4731|8174489.80
87656|8174180.25
449758|8174043.15
1288869|8173772.64
1299145|8173748.66
1385298|8173717.40
1440031|8173505.32
286944|8173488.39
991005|8173327.47
975658|8173030.36
779996|8173007.68
139380|8172917.28
54516|8172899.10
537055|8172885.53
475810|8172767.94
780608|8172741.50
1657602|8172554.04
1195847|8172470.10
1208309|8172330.93
646311|8172316.97
1384430|8172250.29
1691377|8172238.80
926429|8172072.66
550296|8171976.00
1680821|8171964.56
1674141|8171906.82
1023934|8171568.03
477203|8171450.30
647026|8171327.16
1956979|8171248.80
1923570|8170984.50
674643|8170902.66
934008|8170605.66
180992|8170593.86
1881406|8170568.56
829250|8170426.01
653079|8170351.42
1244226|8170194.26
808031|8169946.40
1242203|8169843.46
43274|8169669.72
568904|8169589.74
344474|8169564.54
1625071|8169198.73
1880920|8169135.28
915253|8169073.20
143847|8168346.48
1768900|8168214.78
813689|8168107.68
1379197|8167592.16
7363|8167538.05
1489226|8167518.70
1752366|8167265.73
1148597|8167139.50
965258|8166662.77
821788|8166485.76
1978356|8166434.64
32474|8166005.43
392007|8165908.80
1222631|8165762.43
84030|8165728.64
1255421|8165071.20
506097|8164846.65
69098|8164710.40
866872|8164707.10
1346629|8164598.31
524130|8164537.50
1398705|8164397.16
928004|8164381.49
795398|8164322.25
1131382|8164191.32
567341|8164019.89
406493|8163998.43
1497391|8163871.56
625235|8163638.22
930570|8163400.96
32316|8163284.59
441548|8162958.48
173186|8162824.64
721313|8162822.56
477935|8162820.60
434975|8162686.90
1997849|8162574.84
1745342|8162527.94
28378|8162446.27
149611|8162293.37
1278118|8162218.60
1821435|8162125.40
438583|8162066.55
1462137|8161240.32
1613946|8161203.00
1397529|8161056.40
302498|8160932.34
1871494|8160902.82
1568505|8160720.76
293809|8160676.96
674740|8160575.50
40134|8160358.08
1519364|8160240.00
1217001|8160222.26
1290600|8159873.01
199406|8159830.96
700860|8159813.98
1268339|8159753.88
950622|8159713.52
1132623|8159449.60
1329390|8159434.92
1128074|8159345.45
320370|8159275.07
6790|8158792.66
1390787|8158653.54
486532|8158357.92
1348995|8158218.75
17005|8158162.74
539098|8157983.74
1933251|8157778.56
1410373|8157668.52
496459|8157632.49
1969225|8157537.42
1285233|8157359.94
1109381|8157258.18
1865583|8157108.30
792232|8157096.78
1174140|8156775.98
1033969|8156748.67
232982|8156638.50
753046|8156431.05
1677876|8156290.06
625186|8156231.20
1019685|8156094.15
1840504|8155846.53
692883|8155235.60
29172|8155216.35
332742|8155152.72
455603|8155088.76
1435526|8154768.20
1015983|8154685.12
208394|8154660.28
621503|8154333.60
214231|8154292.44
1122799|8154202.00
1943167|8154184.62
1133603|8153964.72
223442|8153817.32
1132903|8153543.36
1502082|8153485.56
1853926|8153380.74
139904|8153373.12
1933151|8152545.12
668854|8151744.15
1065201|8151732.96
1196334|8151568.34
1869799|8151023.54
1473543|8150995.70
1063490|8150849.58
388752|8150750.30
488700|8150721.81
474424|8150606.31
1898324|8150218.56
544224|8150183.04
839373|8150169.58
1856912|8149687.88
958263|8149474.74
933093|8149225.95
147815|8149196.84
1635448|8149119.42
1232734|8148449.54
1499338|8148370.02
1399199|8148068.52
691829|8148014.29
1033777|8147262.63
1496873|8147182.86
636770|8147102.32
1062676|8146674.12
293016|8146522.44
728091|8145802.03
1043592|8145712.74
347429|8145694.44
635819|8145681.48
1038686|8145679.84
112538|8145063.10
1618926|8144989.58
1820904|8144973.60
1755581|8144388.48
738520|8144322.39
14184|8144277.75
277607|8143875.95
1892481|8143873.05
139235|8143815.87
1468462|8143793.72
918707|8143663.77
88898|8143321.24
1901268|8143134.00
276213|8142951.00
1103806|8142925.13
273715|8142912.60
1616088|8142891.45
1662026|8142722.00
1897957|8142330.68
1966491|8142188.60
148228|8142100.30
467205|8142096.65
1602233|8141940.30
7140|8141822.62
817801|8141803.80
1094013|8141706.30
280588|8141692.02
1349368|8141542.22
1792770|8141501.16
193739|8141377.77
1426610|8141117.53
1995633|8141092.90
280098|8141001.36
347375|8140975.70
1192024|8140727.98
1622096|8140544.46
1697914|8140456.14
1339133|8140132.63
114976|8139890.85
1044161|8139887.43
1809450|8139827.14
34662|8139747.04
206790|8139582.00
589200|8139123.24
262639|8138728.32
349879|8138688.87
1365989|8138570.31
1267140|8138481.47
858373|8138367.12
562936|8138155.20
1330647|8138123.87
1496689|8137982.16
743257|8137887.36
1367619|8137786.90
309123|8137729.05
499933|8137434.45
1904752|8137403.75
492895|8137231.44
434729|8137140.90
496295|8137047.90
1507891|8136660.60
1354031|8136587.36
1614734|8135884.10
191388|8135880.35
365393|8135835.64
122730|8135783.50
31786|8135746.29
782831|8135537.65
427294|8135368.66
1795451|8134950.81
869538|8134787.51
667781|8134600.55
243248|8134564.81
1905935|8134523.20
1464552|8134449.40
575102|8134408.56
1874442|8134288.46
622704|8133951.15
858291|8133945.30
1666334|8133804.16
1742326|8133707.37
29420|8133693.47
358411|8133600.97
641659|8133566.70
930623|8133540.18
595488|8133509.07
414763|8133435.52
1070675|8133253.35
1767485|8132965.40
1490363|8132857.92
244238|8132855.74
1154361|8132783.52
1140657|8132657.94
1795596|8132497.60
326438|8132485.16
1440353|8132413.52
163999|8132299.56
1205214|8132084.40
1956002|8131923.18
1509527|8131597.53
641689|8131045.27
1334977|8131042.05
342842|8130973.62
812233|8130972.16
359557|8130881.99
1276435|8130854.46
1956656|8130756.42
1022092|8130522.40
1111121|8130471.02
1950083|8130229.31
329104|8130139.50
942148|8130117.10
1200476|8130020.08
806955|8129972.00
1391396|8129940.40
853835|8129888.71
814896|8129730.66
909851|8129564.64
1264770|8129447.13
167526|8129416.29
563614|8128884.48
1563161|8128727.56
1609413|8128618.68
981231|8128603.60
1730957|8128526.04
987650|8128512.60
1661089|8128481.96
1433502|8128012.48
1259562|8127941.25
345391|8127734.12
423067|8127714.64
459139|8127645.93
782232|8127630.81
1418602|8127626.62
1419841|8127188.16
287867|8127001.62
1860822|8126470.44
1307959|8126407.14
1289262|8126394.60
307188|8126346.80
582044|8126316.24
1667450|8126220.64
1204205|8126003.60
1498616|8125996.40
1228676|8125868.01
1919653|8125837.28
1889592|8125735.50
1865143|8125607.89
1009098|8125027.15
864500|8124934.73
1856687|8124621.24
1997434|8124606.00
805424|8124375.83
1934535|8124129.18
1045870|8123986.64
280457|8123931.84
836393|8123698.44
82915|8123696.37
1833807|8123454.48
1418371|8123105.00
1826673|8123026.23
1156010|8122874.85
63960|8122608.84
1523231|8122280.55
231328|8122256.76
635324|8122235.56
1704507|8122210.65
1284183|8122140.18
141430|8121757.48
92013|8121447.25
814705|8121234.60
1109465|8121100.05
422157|8121093.60
796916|8120970.66
190958|8120743.13
1818689|8120686.32
577598|8120583.05
1167813|8120349.09
1177256|8120240.70
738704|8120239.21
164588|8120159.83
284759|8119777.30
1400372|8119718.75
1600755|8119704.24
1282882|8119345.49
456980|8119302.14
539662|8119205.76
1046541|8119142.73
897443|8119053.36
745395|8118926.28
1711606|8118915.84
1398995|8118841.36
903686|8118717.36
1635948|8118530.20
290767|8118416.79
51152|8118370.26
1270607|8118363.82
1399331|8118318.98
23460|8118302.85
829632|8118084.26
397417|8118000.24
88037|8117934.18
885999|8117707.60
169825|8117639.26
1893253|8117526.12
948556|8117518.89
992125|8117374.08
112643|8117331.37
998311|8117306.89
1699933|8117202.37
1029668|8117199.09
236851|8117195.16
343256|8117119.96
220919|8116908.36
1260983|8116885.83
715748|8116792.11
72729|8116755.64
474628|8116692.34
234240|8116585.10
1152216|8116386.00
362280|8116069.64
387067|8115989.40
1614072|8115954.12
989467|8115848.29
514265|8115645.30
414826|8115606.09
994772|8115282.28
1055159|8115271.85
1260172|8115195.57
1590266|8114926.60
1465440|8114896.40
779688|8114745.66
1587794|8114661.00
993507|8114458.08
74731|8114353.50
675952|8113935.84
1045686|8113664.67
1432789|8113436.10
177786|8113362.68
1697816|8113197.00
1528497|8112820.32
389000|8112759.06
163166|8112703.25
1649236|8112529.50
1480292|8112414.60
880418|8112244.98
1093894|8112144.36
160836|8112053.68
1405530|8111820.75
1088541|8111599.93
1991829|8111146.38
1477185|8111131.42
306729|8110752.42
1714046|8110723.40
562048|8110666.64
635943|8110605.12
366996|8110345.68
768893|8110224.64
597876|8110212.60
354902|8110137.12
1834126|8110083.19
754936|8110071.42
1714844|8109729.20
1423152|8109720.25
1704220|8109673.38
1194669|8109528.87
894852|8109453.74
297803|8109437.73
1234444|8109309.32
105745|8109178.00
1154827|8109173.52
1412774|8108722.02
667640|8108499.52
1777516|8108313.60
313718|8108273.29
381037|8108197.98
1950842|8107962.30
837922|8107741.98
1768015|8107471.58
172436|8107230.82
128571|8106788.80
185500|8106781.92
230687|8106749.38
1173449|8106698.16
1295596|8106637.04
1573035|8106323.61
1637181|8106179.34
93786|8106157.30
1066820|8105938.30
532382|8105785.45
1270271|8105651.52
14776|8105609.40
970589|8105435.10
497811|8105303.04
495785|8105141.75
1659145|8105107.22
312651|8105097.56
1817899|8105030.72
1517031|8104943.00
555942|8104883.80
1426043|8104739.49
1558544|8104706.76
348477|8104648.32
112689|8104635.81
1413930|8104587.72
330525|8104337.64
679793|8104269.50
1392635|8103741.46
984847|8103432.30
416296|8102924.38
