s_name|s_address
Supplier#000000091|YV45D7TkfdQanOOZ7q9QxkyGUapU1oOWU6q3
Supplier#000000157|,mEGorBfVIm
Supplier#000000197|YC2Acon6kjY3zj3Fbxs2k4Vdf7X0cd2F
Supplier#000000205|rF uV8d0JNEk
Supplier#000000287|7a9SP7qW5Yku5PvSg
Supplier#000000354|w8fOo5W,aS
Supplier#000000361|f8IUYRmdVXhQC9qJQjWknCXmzhe38vCbk6
Supplier#000000402|i9Sw4DoyMhzhKXCH9By,AYSgmD
Supplier#000000555|TfB,a5bfl3Ah 3Z 74GqnNs6zKVGM
Supplier#000000640|mvvtlQKsTOsJj5Ihk7,cq
Supplier#000000710|f19YPvOyb QoYwjKC,oPycpGfieBAcwKJo
Supplier#000000736|l6i2nMwVuovfKnuVgaSGK2rDy65DlAFLegiL7
Supplier#000000761|zlSLelQUj2XrvTTFnv7WAcYZGvvMTx882d4
Supplier#000000848|tx44JAuF,Jnw1
Supplier#000000884|bmhEShejaS
Supplier#000000887|urEaTejH5POADP2ARrf
Supplier#000000935|ij98czM 2KzWe7dDTOxB8sq0UfCdvrX
Supplier#000000975|,AC e,tBpNwKb5xMUzeohxlRn, hdZJo73gFQF8y
Supplier#000001033|A6x1P,56sVHkb4DqVyUw32n,ChI
Supplier#000001367|42YSkFcAXMMcucsqeEefOE4HeCC
Supplier#000001426|bPOCc086oFm8sLtS,fGrH
Supplier#000001454|TOpimgu2TVXIjhiL93h,
Supplier#000001500|wDmF5xLxtQch9ctVu,
Supplier#000001626|UhxNRzUu1dtFmp0
Supplier#000001693|eyOiCRnurWys75HSWkBONbM3m8u9ESsN3Rml,
Supplier#000001699|Q9C4rfJ26oijVPqqcqVXeRI
Supplier#000001726|TeRY7TtTH24sEword7yAaSkjx8
Supplier#000001730|Rc8e,1Pybn r6zo0VJIEiD0UD vhk
Supplier#000001806|M934fuZSnLW
Supplier#000001931|FpJbMU2h6ZR2eBv8I9NIxF
Supplier#000001958|bJAZFisYzqSFaspq2XQOVwrEpGgtTe9 1ccU9RJ
Supplier#000001990|DSDJkCgBJzuPg1yuM,CUdLnsRliOxkkHezTCA
Supplier#000002022| dwebGX7Id2pc25YvY33
Supplier#000002218|nODZw5q4dx kp0K5
Supplier#000002245|hz2qWXWVjOyKhqPYMoEwz6zFkrTaDM
Supplier#000002265|sYKnh6xGOOFl,D8Jjch4vqcSZ 0,sgp
Supplier#000002282|ES21K9dxoW1I1TzWCj7ekdlNwSWnv1Z  6mQ,BKn
Supplier#000002303|nCoWfpB6YOymbgOht7ltfklpkHl
Supplier#000002419|qydBQd14I5l5mVXa4fYY
Supplier#000002444|q8x5 AFA, 9zfXRVYkn67kb3o0AagF
Supplier#000002460|wu8B2e YWGoKM fi e23UQn,YD79edUIIXX
Supplier#000002481|nLKHUOn2Ml9TOA06Znq9GEMcIlMO2
Supplier#000002494|8 j3qJvL6qjroE avAdKFooKo4IMH2oPHLXH0H9p
Supplier#000002719|4nnzQI2CbqREQUuIsXTBVUkaP4mNS3
Supplier#000002840|nXVY3S0,1VZrTavsOSFyBZx DOUU
Supplier#000002853|rTNAOItXka
Supplier#000002875|6JgMi 9Qt6VmwL3Ltt1SRlKww0keLQ,RAZa
Supplier#000002941|Naddba 8YTEKekZyP0
Supplier#000003087|ANwe8QsZ4rgj1HSqVz991eWQ
Supplier#000003095|HxON3jJhUi3zjt,r mTD
Supplier#000003169|ODz6ABJGTs8Qnz
Supplier#000003213|pxrRP4irQ1VoyfQ,dTf3
Supplier#000003241|j06SU,LS9O3mwjAMOViANeIhb
Supplier#000003275|9xO4nyJ2QJcX6vGf
Supplier#000003288|EDdfNt7E5Uc,xLTupoIgYL4yY7ujh,
Supplier#000003304|wLN88ULs9Y
Supplier#000003313|El2I7we,049SPrvomUm4hZwJoOhZkvLxLJXgVH
Supplier#000003314|jnisU8MzqO4iUB3zsPcrysMw3DDUojS4q7LD
Supplier#000003380|jPv0V,pszouuFT3YsAqlP,kxT3u,gTFiEbRt,x
Supplier#000003388|5jhre3tArrwL
Supplier#000003422|DJoCEapUeBXoV1iYiCcPFQvzsTv2ZI960
Supplier#000003448|eVa5XwFZOM6p8d9g6Pmn4YhbD PUnFAI
Supplier#000003462|se8groc4wD7
Supplier#000003607|lNqFHQYjwSAkf
Supplier#000003617|LB 87BiV4saHACdKeIqnp5SrBvLAu
Supplier#000003625|qY588W0Yk5iaUy1RXTgNrEKrMAjBYHcKs
Supplier#000003723|jZEp0OEythCLcS OmJSrFtxJ66bMlzSp
Supplier#000003795|Q6DPJ4AogZ RFB0TAs,F2FtIW8C67wax9pE
Supplier#000003849|KgbZEaRk,6Q3mWvwh6uptrs1KRUHg 0
Supplier#000003902|94Cum0,H 0
Supplier#000003918|meRvRCsJoAbfqd0Re4
Supplier#000003976|FXTXVXGZecnK2LMNzyv,suyHOxJ hQ
Supplier#000004059|umEYZSq9RJ2WEzdsv9meU8rmqwzVLRgiZwC
Supplier#000004111|fEPasEoS6uaJ VsPTh1qNht0
Supplier#000004165|wTJ2dZNQA8P2oi99N6DT47ndHy,XKD2
Supplier#000004236|dl,HPtJmGipxYsSqn9wmqkuWjst,mCeJ8O6T
Supplier#000004246|Xha aXQF7u4qU3LsHD
Supplier#000004373|TBPWO5waPyT1GMLBRRq4WVTVDCHTU0l
Supplier#000004527|p pVXCnxgcklWF6A1o3OHY3qW6
Supplier#000004542|NJSbLJDroYG2y1r3rDiKg
Supplier#000004574|1HvGwnVueZ5CIndc
Supplier#000004588|Al7amqeLcVEZkcGjmdpNGWp0VC93q0j
Supplier#000004656|O5EOVs9MGfEMxSJyvL6Ty9DDRdEs7CTx7Okwwf
Supplier#000004701|6jX4u47URzIMHf
Supplier#000004711|bEzjp1QdQu ls2ERMxv0km vn6bu2zXlL1
Supplier#000005036|Ftq,HCpxZ0
Supplier#000005158| opkloZ,lvEdkjaxo6
Supplier#000005192|JDp4rhXiDw0kf6RH
Supplier#000005257|f9g8SEHB7obMj3QXAjXS2vfYY22
Supplier#000005309|kzmvKlSiri
Supplier#000005465|63cYZenZBRZ613Q1FaoG0,smnC5zl9
Supplier#000005478|tk1HQxRxeWlaO
Supplier#000005485|lPUyDH6sYA6ktvEc25b4hvYmUKrtIXVcuc6t
Supplier#000005506|On f5ypzoWgB
Supplier#000005516|XsN99Ks9wEvcohU6jRD2MeebQFf76mD8vovuY
Supplier#000005542|lM7Z7zbCFaVB7nXU1Ver
Supplier#000005605|7Vj6Eil0mThqkM
Supplier#000005631|14TVrjlzo2SJEBYCDgpMwTlvwSqC
Supplier#000005730|5rkb0PSews HvxkL8JaD41UpnSF2cg8H1
Supplier#000005737|dmEWcS32C3kx,d,B95 OmYn48
Supplier#000005809|OS,jWuDlF0msPmJVIXAFsJVGjRs
Supplier#000005836|tx3SjPD2ZuWGFBRH,
Supplier#000006093|KJNUg1odUT2wtCS2s6PrH3D6fd
Supplier#000006099|aZilwQKYDTVPoK
Supplier#000006121|S92ycWwEzYYw4GspCBJN1WMuHhoZ
Supplier#000006215|j2iEbTsl,5PWdqWZ7k1yiISb7qtiiZljDIPEo
Supplier#000006217|RVN23SYT9jenUeaWGXUd
Supplier#000006274|S3yTZWqxTKUq g QQgcW9 AqhCkNZsW51hHuwU
Supplier#000006346|1UMASn Ogy1ngmGXp9yx4tU
Supplier#000006435|xIgE69XszYbnO4Eon7cHHO8y
Supplier#000006463|7 wkdj2EO49iotley2kmIM ADpLSszGV3RNWj
Supplier#000006492|H,X6eulSW3LVy0uxdM
Supplier#000006493|ojV f,sNaB6Hm7r,fknDVTL63raJgAjZK
Supplier#000006659|iTLsnvD8D2GzWNUv kRInwRjk5rDeEmfup1
Supplier#000006665|v dnTfUCHnaXzw7dN8ZSawQPuKqce54
Supplier#000006669|NQ4Yryj624p7K53
Supplier#000006748|rC,2rEn8gKDIS5Q0dJEoiF
Supplier#000006808|HGd2Xo 9nEcHJhZvXjXxWKIpApT
Supplier#000006861|bZz6ZxOpgInQ DJ6
Supplier#000006863|ElFcmfHn2n
Supplier#000006949|mLxYUJhsGcLtKe ,GFirNu183AvT
Supplier#000006961|ctlQlwwwlE15RbfayrBKteB
Supplier#000006985|PrUUiboQpy,OtgJ01Z4BxJQUyrw9c3I
Supplier#000007072|2tRyX9M1a 4Rcm57s779F1ANG9jlpK
Supplier#000007098|G3j8g0KC4OcbAu2OVoPHrXQWMCUdjq8wgCHOExu
Supplier#000007122|xMKInuZNsJ,gLecTyT ROceYfx
Supplier#000007132|xonvn0KAQIL3p8kYk HC1FSSDSUSTC
Supplier#000007135|ls DoKV7V5ulfQy9V
Supplier#000007147|Xzb16kC63wmLVYexUEgB0hXFvHkjT5iPpq
Supplier#000007169|tEc95D2moN9S84nd55O,dlnW
Supplier#000007183|6fW9mxnQy82BJHO,Y40C7TLo51ZsbFRbx AHr
Supplier#000007278|I2ae3rS7KVF8GVHtB
Supplier#000007340|9f,1UUNu5Ug54qe17YAuNfVi1yf2ZcJYTZRyDn
Supplier#000007398|V8eE6oZ00OFNU,
Supplier#000007402|4UVv58ery1rjmqSR5
Supplier#000007426| 4r0HDt85zLPoM
Supplier#000007561|rMcFg2530VC
Supplier#000007589|GUTp8apKI6hoOTlZ1DXSZHqPhKGjgskV0xZRjf
Supplier#000007675|LMt0fLfNb3c62Tb5bzJCYoKmMQp,Rai
Supplier#000007777|nAyZoZF,GfnpEtFRV1yf
Supplier#000007801|69fi,U1r6enUb 
Supplier#000007818|yhhc2CQec Jrvc8zqBi83
Supplier#000007865|5cDGCS,T6N
Supplier#000007874|pyghw9iRdkGvkF0Yf5HEqJvmSOohAPFx6U
Supplier#000007885|u3sicchh5ZpyTUpN1cJKNcAoabIWgY
Supplier#000007922|VWdpSpCHq,KhqVWh5CaDa,ktVKflNGTikEJe
Supplier#000007926|ErzCF80K9Uy
Supplier#000007987|NZXfuWO7nKQDj4xyO31N29
Supplier#000007998|LnASFBfYRFOo9d6d,asBvVq9Lo2P
Supplier#000008088|NM0PY,XgTAPeZGqREwzhl19k43P
Supplier#000008090|eonbJZvoDFYBNUinYfp6yERIg
Supplier#000008131|BDWHW37vwkj8L
Supplier#000008168|aOa82a8ZbKCnfDLX
Supplier#000008231|IK7eGw Yj90sTdpsP,vcqWxLB
Supplier#000008275|BlbNDfWg,gpXKQlLN
Supplier#000008366|h778cEj14BuW9OEKlvPTWq4iwASR6EBBXN7zeS8
Supplier#000008423|RQhKnkAhR0DAr3Ix4Q1weMMn00hNe Kq
Supplier#000008467|mOzxpu7,0X7f2,BY3d OnG6yDTPz7k74
Supplier#000008480|4sSDA4ACReklNjEm5T6b
Supplier#000008559|IvHvgZ0TtOMX3xFOW9kgYDNXsZv
Supplier#000008610|SgVgP90vP452sUNTgzL9zKwXHXAzV6tV
Supplier#000008742|HmPlQEzKCPEcTUL14,kKq
Supplier#000008750|1SrKDBP9Y0PAguWqMUm7EJrtfqIOsVaTmfz6fP0
Supplier#000008879|rDSA,D9oPM,65NMWEFrmGKAu
Supplier#000008967|2kwEHyMG 7FwozNImAUE6mH0hYtqYculJM
Supplier#000009163|E0XNTVX9I8VMnga68MkhBX0M jC
Supplier#000009227|dvYajYNbpz
Supplier#000009326|XmiC,uy36B9,fb0zhcjaagiXQutg
Supplier#000009359|3C6cbvoRrnGxmBi46zAlrIbzS8
Supplier#000009460|j4O6xdqHc029jy5iPBgNv3E
Supplier#000009549|h3RVchUf8MzY46IzbZ0ng09
Supplier#000009601|51m637bO,Rw5DnHWFUvLacRx9
Supplier#000009709|rRnCbHYgDgl9PZYnyWKVYSUW0vKg
Supplier#000009812|APFRMy3lCbgFga53n5t9DxzFPQPgnjrGt32
Supplier#000009869|ucLqxzrpBTRMewGSM29t0rNTM30g1Tu3Xgg3mKag
Supplier#000009961|mzznwxAlU97eIjL5Lj87oXPVmmJpANU
Supplier#000010037|RHft6Sy76FiEg
Supplier#000010045|KXnUVTcc0M4 64E5 AnPc5A9uTcPDALcu 1
Supplier#000010232|sJwfSOA0raa64TVBxHWoIJBE kOMUESrp54Bdx
Supplier#000010376|2ZoQpDI6Ljj5PNYLTobGyquPW
Supplier#000010378|B8jOOQmOA 50Kh3bxUdBx
Supplier#000010390| mV7IVtTHTorQwikuBJHnGvU1kyK
Supplier#000010409|fAUMDdju88k83dE8aULxzUeNJJKCB98BwfYe
Supplier#000010428|bcK05HzzD41ZJ
Supplier#000010437|tr7i,drVsJW
Supplier#000010706|houPDPDQlH44JTq0CE8ABRYB2VO7Y6kfeetR5mY1
Supplier#000010763|3rrf62SnFY8BNv2I0TvF1VYIoJ8bsfq4tLKyB
Supplier#000010862|G54lJYVH tzyHghsQywSFVZr33H
Supplier#000010917|vHlu92hjjZstrDZYtd3
Supplier#000010936|ddMLAOn,9FZx,wA9CJbWCyDY4FRmxl9Q
Supplier#000010990|Cpu6LRHkpP71cbB,sP04lEAeOjH50X5
Supplier#000011032|vQ9ikV2UkGDvCgWFSxO8n5t3kS0EanLnvoGF
Supplier#000011126|9,3WU28Vj5x9f5K7j9d8wtQ4PKyj
Supplier#000011134|EqPTdTqXc4tIOezns
Supplier#000011196|LyXLlCk8GDCqpmmlypH
Supplier#000011257|4IGhOmr6HDiWObl
Supplier#000011330|r4ZeIF TdReVv3TfyMLuYckwqgqkpsImTZXfY
Supplier#000011357|2HwYGPk8jBFGeKEWPETM0l
Supplier#000011564|nZcaFetblt7YyO bZqwsUMWa6
Supplier#000011843|fSG8aElPRJxrsFY1KWflVnRfb8kZfKerkQbd
Supplier#000011896|hSIRYZcc6HF1vJdaiDlFngQ5
Supplier#000011906|Xs5mHgDMMr9PYv
Supplier#000011934|FOra4RvocgyTe
Supplier#000011951|XRnC1A6qFa8MOH6lRCex
Supplier#000011963|GwCG,gTNknkugYlEX4M9r
Supplier#000011983|KJJeO9rLhxtpB3ZHaB
Supplier#000012015|Q3NyRBX88DcJvAMsLnIIzzL
Supplier#000012124|ICA5gQPpqGMsYOyG8aeWqaG73YPSnk
Supplier#000012265|5f94Ln9mlgflNFl0Xy7nQcSCZbH7hm6CvVE3
Supplier#000012311|hdrYQujROlrh
Supplier#000012356|XB7ipQ3,bAjs5t
Supplier#000012464|s2FMk5GymXABuG3w,wMed40fIrbfqZds08s1dGG
Supplier#000012526|1S3ututx71iL,zu4,
Supplier#000012530|SjK92Eh6CbdSZw
Supplier#000012562|sYfb,o2fczyMS0yVmIRirUm1tIp0 fLhqATK1
Supplier#000012572|EoxjOEpb brNTI9NtYrMBn
Supplier#000012587|S NwkjeH1KMXt4AkIYkTac4p9MygrlenmlE
Supplier#000012753|eC1pl8RwRu CyGYcq3gQZGfKadRv0YO9jGdy5
Supplier#000012816|nFrBaugfFNCnGcNtB4hvx6dfXpXEUXU2N
Supplier#000012878|iIj3NnQnH2gIWBil  9JTuYxjUDQoWi75JSHOT
Supplier#000012932|wysYo7J hLIc62noELECHG0B7OTcYeaMj
Supplier#000012935|SLpu2,UE,YibVln gCwVo
Supplier#000012990|TaO,rZFEmfHofp5ifonC8aiuHQiwN
Supplier#000013077|c8EXK5zykuY
Supplier#000013082|4uIS5cQK5E1LQj wqh8mCO4lmZI9xTsA6,9gIfqq
Supplier#000013091|VxRSXX,1hKX,Vz
Supplier#000013239|tqRnLDlsi7J3KfXmtUe8I65j0sdvxiujZaohmC
Supplier#000013292|SixcHU0vWbVdxdN4uaeXpxqvGSZO
Supplier#000013297|IGiMSzAixMlE,ntu,Va8sEI9HmfsNFUJ0m 02p
Supplier#000013490|Ouhl7QJHxzAyVEB Jdc9cXVDBj
Supplier#000013580|YdUz89pW6aDo3nxeJPUH4Pi45fayDF0
Supplier#000013667|3cSfdJ,VA0E3KCBWf Rc2BfEdCH8Z9W6Ut
Supplier#000013691|mkYyHdNBkg
Supplier#000013866|u00SZY3Wytc
Supplier#000014009|MxyueYxdYQA5fHtSIZIbh
Supplier#000014150|j7,VdRCjkY7
Supplier#000014198|cLa61huNMVmPCYDaeyzenWKK
Supplier#000014220|xLVaAMKncm6n,KarW7D09F1VDPJu9
Supplier#000014401|8 BM9lZk61LWUI i2U8jXD4V3iEoo7
Supplier#000014475|wh8un3kDeE8MCX0eChKKTDfVCqlPwLMWufV3
Supplier#000014499|rkSAWrQjyk,DJ6ZdMa2p,XYp8miosr71R
Supplier#000014507|nrTEH2amxFSzx1rnMckI
Supplier#000014536|hDw2n2MF6kSBJ8zkVt79jBT
Supplier#000014562|3WwwJEEKAsm5v4X39NZY
Supplier#000014622|zPYoWA6LipRbcmbA
Supplier#000014640|PwIUsHK2vS3SR9UvzKAboRd
Supplier#000014710|sgLLo oGgG
Supplier#000014735|f1PpRaOIGPAHi84JIRAtt4v30c
Supplier#000014889|9LXmve53H3O
Supplier#000014916|8GzsfZqesk8O8f0MOAf78
Supplier#000014922|ZQ0ardxrzyetEf6
Supplier#000014991|Pew4JChfHwf
Supplier#000015037|l,IAv0uegFpAC7bLra
Supplier#000015053|oyjltx5CY5Ky
Supplier#000015092|OvO,TJWyHWVwJ9
Supplier#000015096|JOzH8A3xKIO0LhpmZtn4M
Supplier#000015134|ymBDJOj KC11
Supplier#000015160|FPvUzE4Vjga9nSrFjyuC
Supplier#000015181|HmbMTGFLsVQRlLmo0JWLJ,zJiaHLJ1mRpPum
Supplier#000015198|vpSNoa82NlvzFc
Supplier#000015461|dGevLO,L6piq0I,o
Supplier#000015472|s02FbHd,ParIv4x0egzzECbTZpVkOjhtJTb9
Supplier#000015492|o6UKflyQWEyb9DwndN2eyHgfYLbsENSehD
Supplier#000015661|jDyrsCc3z4OrysgxcLmRlqBahJwaIRGUjze
Supplier#000015711|ExtIkTUE J5VqTrEE6y
Supplier#000015788|2yUbYtQnM,VekFZjrkCqUdbAbU4E fp
Supplier#000015791|q,vx0D22ot3cX,ha6XmJC4N,9GGk
Supplier#000015793|6XOYD7pCi0hSJBofYKszAOTQiCp
Supplier#000015861|870dUEPco5r,ffmuNkLZKxhz4H3LfbiDkllsSss
Supplier#000015947|rWuDd885i2hJm0q7xcf
Supplier#000016007|FxkqgFSe4LVlUs
Supplier#000016040|f544VZpVb1WCSmvHLhEJVb6Sp7uvUjvyoS
Supplier#000016054|cLqrYKmyeG2B,vRs0qQbKaA0RaDAwiuUgUG
Supplier#000016182|uyIUpQyOA21bW2mfq61qebiVmfQZVzzXcamcNHdh
Supplier#000016191|TMyYzjHkTRTuX11X2eNAN  6CpjRJJPBtRgZ0V
Supplier#000016209|U55o9GbcxiVGb6atqOBt7KB7Ua9tdX1m
Supplier#000016219|n1nUg5ryc7x9OzI,f5dkfcAtSDA
Supplier#000016236|i,0PInCCKRKNecjqQE0M6w7FyubXn
Supplier#000016313|3cxEZ4Aya9XcMZJFYWFAiCUDJ31T
Supplier#000016358|VGXtBGkGG27CYYr3iBZHwCaSF9pa5Yd1
Supplier#000016395|lKLkr DrbEPjR5UxJcUJ1
Supplier#000016551|0ozr7ELKBkZ5d8b1ImBnrb4kp6gil BrYGh
Supplier#000016717|sjKUemUnQsZPgm4682tNT3rpBjKjh
Supplier#000016774|4fVBEdN67EG1C69if NBY8BaE2pRAtli J
Supplier#000016781|hqZ9cITv fMa
Supplier#000016824|oNOF2OZK5TSNjWI9xebNQy
Supplier#000016865|RqviuLl1U9
Supplier#000016907|RWsVl bB4EVGA6RKPFiX3rZGaa0Il
Supplier#000016973|uddKqyM8RyVr6VRI9aLjmFRUbycD16NYLyloZ
Supplier#000016987|OEX96qp2nuQQsROooWfwv5YN
Supplier#000017194|U6IXqJmGEW71rTYWg0,G
Supplier#000017233|gGGTuxKClS3JHSe
Supplier#000017246|pU ohjMn1d0ch9
Supplier#000017253|UOaREjg0hgm8PpxEaV825mZyM6qlynEaRzUN7 AP
Supplier#000017262|R 5F PDduDr,nfmNQeAvZqcsFgw
Supplier#000017357|mjezh7nT0UXwXg
Supplier#000017371|tNT9mx46wZ3ObquCg7
Supplier#000017416|JAuUDEz2geWYrfmiWwUKXiKQD3rlnTbxM
Supplier#000017629|DLj3Vbc6VVhi
Supplier#000017649|4Rne7FsNnfQQ11Lxg
Supplier#000017683|GnQyrriqIozsoi
Supplier#000017717|OllQHMseSE9nx
Supplier#000017721|akVCfRF13VIZpGLHTuOmjmSOE4F,bOSyXUiIUya
Supplier#000017784|Fa0LctNHWhb
Supplier#000017791|etRwroUKXf3G26q4jQCDvfwtPWV,YKMS7t2BB3ZI
Supplier#000017894|EnA8OBQydjiNBS9CyqFEY1Rv1ERR
Supplier#000017921|yo78aUmSap53rfPDV28ZfnKQNR5XDZPxw
Supplier#000017928|jPj GG,9gcK7HLBSjyiXV8dLCC5ta n
Supplier#000017950|FvQuPZRbNdMHe8Rkwbc
Supplier#000018020|12aeu1ckHnC4sERAaZaXINbbA6dI5sHl6
Supplier#000018046|pE0d3d M duFo
Supplier#000018094|5HNxb6Bh6nLtERLT513vyMHjhDP,ickajRga
Supplier#000018120|gbSWzTpDmYqTwc2LMTe ,Sdw1b1CrOWl zn,AS
Supplier#000018149|g233s0J2i Q5W7ZttSJiPdmBhc
Supplier#000018189|,wHBihz8PKSwyMzkewuByJbwkc6ACfL
Supplier#000018190|t bfDD7fCFdFoOAT2LgpFL1UYZteYaZnuykk
Supplier#000018269|PQ,1hlab zum4KLGYAvoSizFg75FqmFowwNCuD
Supplier#000018313|86Os1gr9JMaBgIdW ixDverlZbDRwH
Supplier#000018322|c0oC3sjngpibJn
Supplier#000018363|jKsSU0q8sgskyzbbmx
Supplier#000018481|msAr4drP5DAZg
Supplier#000018570|v,0iWVot2T1nSOdEwWeKBcTIUZZL
Supplier#000018626|BevcZupMs1FhjLF
Supplier#000018661|YxbD0SkYGSazJQ
Supplier#000018664|JZACbhOQBaQ7DVt5BsZeb3g7M
Supplier#000018786|Pdde6RoyLXh6FmJSNg90x6qp0D1zlgB
Supplier#000018822|rGQM,0,t7UUabjo,ElqjW33IEV9T
Supplier#000018873|pgG0JlLsvO91nT7nKF xj,Sj uq
Supplier#000018891|XFbpPMqT71 QTLX0SStabOaTFoy3s4siR ztUwHx
Supplier#000018967|F8LlmQPIjFwq9CvL3bpx
Supplier#000018983|V8e2DT22fvVX,x
Supplier#000019032|J1uKOAViRRNSkxHd02LzZr2uqOEYh6nmCln
Supplier#000019135|nKnOk6AivZh498bBsW4757envOGxVaTILzfsBr
Supplier#000019257|DzwJCiDDCBBnCuNrw P56rXuLQ JdeaP72SIrh
Supplier#000019320|uYQvFbAwjgS90hO6Iq,QQFQYwl1,of5
Supplier#000019325|g8uUFaO5nqTUWOAq
Supplier#000019347|oAIGWNTMfkqQNQW1O TG3ve
Supplier#000019367|sy,vpNkEBwMidJ4Y4S 2SI
Supplier#000019397|n j,MiSLGCNy2IlIxVRBzUA3
Supplier#000019407|Q4CrhMqzNE097Oqof9o ZJ
Supplier#000019421|fWqnpUgTvlfeoLBnh1EFU,NcVR5D Rhhks
Supplier#000019488|Ht9sQaTiUNVGmc jjzpDbN
Supplier#000019513|e3bclIUTEKURTtx6Pl
Supplier#000019617|T1gI7EAqcXTB
Supplier#000019621|FZ4aTxSxxu8OR4SACGis,ozXIn
Supplier#000019640|  yhosoJdBbHifu9PaQ1XC0G
Supplier#000019658|DyobS,wFpelnTGQE
Supplier#000019722| ZE87iGF7Nc 9oWR1ZS2dbi2TiKUNvVtJoL17IiI
Supplier#000019783|A5saQlxXl8ksg8WUVTlQTTLm
Supplier#000019790|zYFJZrH6kiK8
Supplier#000019833|rSJcCAwrC0xi6ENqUAN6vA4Z
Supplier#000019872|Su1, 66euy5lx7JnKA1U
Supplier#000020044|JJ9Slio8s6UDus5jl0NUQzoQVqAB4pHWAL78EpUE
Supplier#000020074| xin3zTE1p5sYt1txkMyJas46TWZ0TLu
Supplier#000020100|Fxb5xSpLln7ClqisZdx2XH5txBZo4uzCsWiSW
Supplier#000020245|FJILFJDPTu74L6s
Supplier#000020249|lLUut,j1huc0BK7V
Supplier#000020344|hhcB7mg6wZ2WGavS6qkKjOZj
Supplier#000020435|90ED,sSxC9wFzJGCcGnf0NVgib0vXoAT MOuz5dw
Supplier#000020443|LdkNhspAqPjLViMrKw3v k2bjZt eS
Supplier#000020473|UHYLSzolrr01ucCPLluW7r3Asj,0B6PwHdEE5q b
Supplier#000020599|StPKTE7dWlG9gNJBkpKeOuGy0Uwy8
Supplier#000020613|stMFGnVDyIR4OAzD6X7r
Supplier#000020625|Wcm,pG8ovarBbWQOCmz81dE9XJUoz8iIrw5Zp
Supplier#000020728|o71omfqRcY6gx Uua9oAGlreC5plIY3DFc
Supplier#000020729|9Fcby0xbEF
Supplier#000020844|VBiUxBbB5cnV
Supplier#000020863|iodb62AvBEh2QJWC
Supplier#000020873|2u2832vo0PkFVtgG8Xnwlj8MJ999WC
Supplier#000020914|lrwkU6qDfTLdsXgJnt
Supplier#000020923|FvXaq,0skLf0697cGz7AbAxEzfJAMIL,fEUe9JC
Supplier#000020965|7o6AAMsyIMgCIMI4Nr1qyFRBJ
Supplier#000021048|mylMiDyHeqBAQi9DFvRM3eLQtLKS9f32re
Supplier#000021124|OjfdHbalK8mtwt511RR78S0zjHVaSfLiR
Supplier#000021197|YQrQgr5Py0ZKSrRSGjdhxo
Supplier#000021203|Fr,ufMbPzjpiV
Supplier#000021218|XOZ0DnwTJp
Supplier#000021313|1OZW49f3DzZ6VEF0oWqz4FouPODdtnVlj
Supplier#000021346|dAY2WMJPU6Jgz6W
Supplier#000021376|SdqzsOtHUmMC3c9q4ZaY32SMbIRTFi83yTX
Supplier#000021388|76rQxpqwukEZJhnsI28NCSE,tIp7cS3zHGeF3
Supplier#000021391|iLLTUsVmbEXs9JAFqdPUCWgKYQRj77BzxK
Supplier#000021457|VwxqOy58nVSkycf6gga
Supplier#000021468|yMyeqW6VdxPLJmboTgi
Supplier#000021513|RbKN2mkd5q
Supplier#000021536|1W0hm0J89ero g1sm52
Supplier#000021629|W14MeE4hpRinpiAb1L22B
Supplier#000021667|wGC,g40fdOd
Supplier#000021672|e6148ug4Xm
Supplier#000021719|,Lyk6LREQXMLD2J
Supplier#000021734|ZuO7kue6xdqYYEJhj8efjMUA7zYXA
Supplier#000021817|JGcINMxHtWgZkoOS1CGU 5pmGi31m5lL0Joeai8r
Supplier#000021835|LsivchkTAHzkhDf6g
Supplier#000021855|y8 c osU v7w9EieMdZO SQhn6TepeU9Gh4dtLr
Supplier#000021881|zUwqNuVCQgeT
Supplier#000021923|,IozWiNjL9oyQrIzBl8E7
Supplier#000021948|eQfRFR0uSbFRGFjmMqyJi
Supplier#000021963|qDgYsYWxqr8566kwqDBc4w5,Pzw
Supplier#000022007|K93GlPZK8sPXkLYNOGduaaFGrBYfcB
Supplier#000022020|C1HuDxTpWi
Supplier#000022026|ZiuTS977sf AwfvsaARxWY
Supplier#000022160|701vD2Z20EKcIbbiuEaKsB
Supplier#000022356|BxEtIQoN35o
Supplier#000022359|eWZg EwLXCmV8C4AIfl2Kd6hpTuYRoQ
Supplier#000022453|bku4lEX1Q9z0oi5TJQushGCLBi6g3FELuTWfjQl
Supplier#000022461|qF56,Hc1Uny EEZFmRzGn2QmjsaY1gmpX 
Supplier#000022499|guRBe7jZFXscceUa,l Y7mX9jhHg6ow
Supplier#000022558|wYZukW15DkZjV0EDfhhJ0I
Supplier#000022585|pBix9u,tr58
Supplier#000022586|I2vIIVhZN3Qqe1,jiCMqVGN3r 0CO0jH29M
Supplier#000022620|lSx Z A6UFE
Supplier#000022628|SUKfFUI2IdzHv KDUF,onC1rTbR451D1HWr5
Supplier#000022742|Yod0s1JgXVfZzaCdyGH64bvs,03gZhAm2DN
Supplier#000022784|LKi7 KERbS z9Y94k
Supplier#000022838|7IM7F5pVdwRJexAALJzUmSmcmmps87sD,o
Supplier#000022931|OoOelmxOoynoR1w8WOK5oVEHebctNL
Supplier#000023037|8NQV6NtX16fWHIDoLRLUyunWcX9h
Supplier#000023039|zYNzdz7YrOgr6fNxFtwrgQ6eFMc7 uhj
Supplier#000023061|u5TgR1NxT9iNhKrAaFC
Supplier#000023093|6P sUe6H7,
Supplier#000023150|,1URkAGPVqvQuw
Supplier#000023235|jetMWVmlMTxa
Supplier#000023269|8qkm1mFm9c2d8uHSsjXrfyXnUz3
Supplier#000023288|e6 7LYAsoiBoMXho1JcJ7xF9e0frXbd
Supplier#000023328|jSaOdBSYETO9gRkgkUbOaoNTTxrAQ8E
Supplier#000023390|LLY70V69HGoXMblOF D8c2vQmS8RDSoi
Supplier#000023438|K92EmO09PMGLIFO
Supplier#000023463|5vDhz8vTuGv0O3Wt,18yprY2GYjxhmhv
Supplier#000023465|nQRRA5NOUD
Supplier#000023475| 1yXz5o5bIryQLUGjyW
Supplier#000023531|IwLQSpQpm6FZfqA3heqgd9tom
Supplier#000023614|z3cz4nyQNP2K
Supplier#000023617|VWAfZsQkOLUHs R6me
Supplier#000023639|yR6D5FvmvCksicqDV7,gWYNSLWMyEcC
Supplier#000023669|63BjssjQHtpk0yD61F1V7,
Supplier#000023812|tH3p8iZapHL0Eg
Supplier#000023852|siz2t3HW09JjDVjBVgK9Rx93rOsjWnT2JLmeDMbk
Supplier#000023861|Te3T6XuQoETH
Supplier#000023868|rQHczoa0is3oxDWAKKkelPO5F
Supplier#000023940|jQ8zyakz UV02RI7qWa8rJ1SIgf5Bd
Supplier#000023946|kQuVQw22SgO0tTz6kUaZCH9hvkKu
Supplier#000024057|eug3zRKHqHsy5tnAgjpnghA
Supplier#000024075|rJEA2aOpLIGx872f 0gvYrF4AXTh GmC
Supplier#000024170|aZOApjA6OoagG5k1ouxuDBMKDGylbqCX26nRhUK
Supplier#000024176|RnodZfytWGZC
Supplier#000024273|sJEy1DStWNhbTwunlj0c
Supplier#000024298|qH7foZarIF
Supplier#000024320|xi JYagTWfccnMQ2b,0RsyCd
Supplier#000024421|pvhNvas9fbzmYSRkGEgxQeF
Supplier#000024533|,9 oP CUZudr3doixrZbfj,HS8Sjz75y
Supplier#000024595|UZaNagV5yYIV3Z3Z0ERuviVcvj49vS88
Supplier#000024744|X5Xz1bcSU4awpc
Supplier#000024781|urXlRbcfLXLi3AvsQI3WDZEUczhWZTEHV,
Supplier#000024851|u78rfDOvLs55IL3uDeeGnLy AwJ6
Supplier#000024886|HL5k 1VOPnca7GIJK3
Supplier#000024982| YJWQ,wBEpJMu1XArgUDR
Supplier#000025045|bradkSb HchK ibeIRIV
Supplier#000025123|jQnxoB,GUzen6g2zrSRhGAxmvW
Supplier#000025130|11JzQcoc9SaAzhfQYJmbjYH7,u3jK,LVOPt
Supplier#000025291|iPwZwlz0s0ptWkWF6zaQ4BB8AlIkfR
Supplier#000025346|guVX5F4sv, La5p
Supplier#000025477|PmhiOCnYb3061xUIs
Supplier#000025490|WYE4MlN3EYZzlxEnYlA
Supplier#000025588|JtoV8JBwJrkHkPiwr,AFi1cPuUpz0rRWyhJzY
Supplier#000025603|XCZ0b dBYIE0MYaTu
Supplier#000025659|hZHeoMgi4YRILnLRvmVKVX3F4CE
Supplier#000025689|PnMHCyzxpuOLTV0nsigDkGkrd9BRi2B3m,
Supplier#000025703|7Hg5WcoKxyzSQwaBqcyRLtrFdHYt
Supplier#000025772|8wnKH4FN4bSj2jn1YG38Ruyb0,Ofcmk
Supplier#000025778|nHZ8dowK7M
Supplier#000025797|lpyzXsfCtoFI3H8PW63FF
Supplier#000025824|P,7 5PT4LhwYvjDUIeJo
Supplier#000025851|WH7Vc9h XNqPeo,hjyr
Supplier#000025858|m0anXY9w4ADSio1VDb3j8W
Supplier#000025860|TKgrs9ibbWBK80Pg88TfJWFusa CsV
Supplier#000025943|4BrnNu8DfCwb7PTtJq9YQWs9PH,wducOMjK5N
Supplier#000025988|mXzL854VJ8Gb3imkL
Supplier#000026003|pXpIi1EZSh,B3z3oJL8GyNvO9fcbxNcoS1BKZIQ
Supplier#000026050|C1CkFjXmkatONkDOg
Supplier#000026086|QRCrvciH,euAo6T
Supplier#000026274|soBeZ8qp1HU1rSyZzcr8MXS,t7yQYL8VdQZc5
Supplier#000026361|98bqrrD5wRGOSB IAv9sT2
Supplier#000026441|ZXM0mm ZYBLmSUtkhRS6HyTcPkQqkz3pzi
Supplier#000026456|Y2qxxmvVZbHvWMRV8ZZMjniLfjowBhp6b1naWU9Q
Supplier#000026457|3QgIvixnuC
Supplier#000026507|YFKNZqOR40pFMjW
Supplier#000026548|Ai5rKzghaMAQdV,
Supplier#000026553|I5SXoksUBmiOTR08SuZdgKsqjiSVL6zy9NoT4eCp
Supplier#000026605|,BANimatNybo48L9gCQm3nZmpg2jiwHRN4AAAR6
Supplier#000026610|8dvG12LIf3itsSj84ai5ro,gzdszP2qs
Supplier#000026719|nFdcMlsHnZub3o0tIPFGFI9TV6BPZKwdYAq
Supplier#000026744|KYmK2Z3HSyJf3ke6jjwO2OVGC2tHtZ5QW4DG,HWC
Supplier#000026792|rhABVpZ16F0C Ll3nVt6w
Supplier#000026796|CgTf38Qf,ZP58m
Supplier#000026810|4 iCJNNWWf 2hj4u1R
Supplier#000026835|Cee1Rjfu,V0U0uN
Supplier#000027008|TMC4 yHnFUr4IPAtlx
Supplier#000027017|,edLG lnz0ur
Supplier#000027042|Id,3auNzdtCpnMj2R4T88m70ZNa39giJ2
Supplier#000027294|NGjKe7KaqEDAmUmLjKqKXXDY
Supplier#000027333|VR8FePg7XrJYen7y3JqBfxwPN7fS7WZEuVd
Supplier#000027425|0D6tVDcNRLkYgT2
Supplier#000027457|3sqBv4iTDwOkckfdUCL,81tXUt
Supplier#000027472|Tj60XDbbUYLInCML
Supplier#000027601|ukG,RxX99crgKiTmf,
Supplier#000027686| 2MS8y7kKHda5cYamVuKeVfHuUF
Supplier#000027807|yoRnUQSxaB0795nLU9r7cTq5HaGml3Eit
Supplier#000027851|OlQUhxAIBFWdkdsePgTH
Supplier#000027861|hjGPhDRenwu1FYPEmCBG9,EDECB3FO9K
Supplier#000027869|k51hoGQoOs0CQ,V
Supplier#000027875|JbkgTadh 4S,hy
Supplier#000027944|LzJ5si5G5 qYPPdVfD,
Supplier#000027961|YTR2epMysg
Supplier#000027967|NZ gyaXvvKW0HXTwSAa9I0euXUuoMzxdlkYCfg
Supplier#000028010|k6Xd1pIrxOmzFOgi2 GKwzi4pllA Q
Supplier#000028052|hM 1Yhx5vDP3wyWz39hx,p,wsjzYFrL4Y9K
Supplier#000028108|VHwhhvjKydoa Ptxuv
Supplier#000028162|bPq4mHuUtyWPBxp2zir8VHEzRGsds
Supplier#000028224|U7d bbuhNgzR6a2avqdHc
Supplier#000028276|oinCPi5qkdHetdF7o
Supplier#000028336|IDyol0FIKvywIZFjiSwV2Izm
Supplier#000028401|j0Eu9KdbydP60K94fU4m8avi
Supplier#000028428|h1KJwVjNYgS38Ch3ZEQUU
Supplier#000028480|yrei,YTtbbPJlmLiRQ Vzy,Twdi6
Supplier#000028484|AfmpFfhkwBy2SFL
Supplier#000028670|loVLjLk7OhbCm86G,4FWjHH5CvZzr9EbF4As
Supplier#000028729|xA O4o0Pc3BuaIpjW qzEXcnonu59QLjCX tC
Supplier#000028752|JFKG8gxSNnZqUhKcFmZ4WTsLiQI NM
Supplier#000028777|cTZO,Djj5Hx46h eYah53KgkwyTKRDXQzo17
Supplier#000028797|Y6FpCJa713DQb
Supplier#000028838|sQp4wg7ts e2q
Supplier#000028998|jjn9ln796eE2F3KWRolEthZNKsQo,
Supplier#000029106|HYok7yUICWs3t6WJwKSrC2Rtb0 Aqa
Supplier#000029167|HiI8n,c5JKHfioJG7lvGQ,ezLjkpSPKNwp,
Supplier#000029263|Df4cxSewJCJrtiAfmpKijwsEsLhyX7gxxdF4
Supplier#000029281|5Qvo8Y1FeplCz,nJEGxOtloe
Supplier#000029293|c2bDIDSFEgf8PTJ3Tt1aOEAc7fo,OVw0Q8GIDl
Supplier#000029353|3BjnsJkGqHSjdChnMoofZC6h
Supplier#000029381|GjpZforUCa8e2qO
Supplier#000029394|dd1Uw7hMGt W0nhgboQNLWMvvhPZMiB,d
Supplier#000029432|kUFbIi9JIj8W5Mbr3Ba9F
Supplier#000029456|1tU5u3HMNuI3A
Supplier#000029468|MBiy1Jd04kBdfkCe0T
Supplier#000029522|p,NEe0pzd2f
Supplier#000029526|gihtU2ndBQAQoZ4tes
Supplier#000029533|YvAD4oiDfZ2pMsVydy
Supplier#000029549|AlZaEJTjT0zRhJ3ny7iJG
Supplier#000029555|egunWK,N9hfHWJzRpqYUxCTwJfCgPYG
Supplier#000029576|HSjlbuk1l9PuydKg79qcVgdfAs
Supplier#000029640|4mjz11M2ItgSkMvE8TtihBx0 X07S5jl5jb
Supplier#000029718|hcG BUcvaEUtM71KyufwwzNt0Sy47fWMqV9HaD
Supplier#000029729|TZBiXxs9WVIjvI2HgITSTZRQcTSQUjnQwNV2t
Supplier#000029813|4AOcdWh6YtPj9
Supplier#000029906|LwpmoVbB5y,J,JGxQ8z23KrApJFsmQUXj2qzbo
Supplier#000029931|NDqzvCs8Dd
Supplier#000029935|CwJiXbqQOp3IDe
Supplier#000030012|UbbofHZrxlnVCV,RIe7X
Supplier#000030018|Xfb62hj2Pzfoe8RBO
Supplier#000030024|1V2q IweMO2IGp4YIXzPqj5uc8CE2
Supplier#000030060|IxoMmzoSv2Rdb9Z7swwr6 NBQme DtCEK08Bak
Supplier#000030243|1mb0bUO0zrFKSE7I7
Supplier#000030298|x0XEQU4Gdo73gGJK,v3w
Supplier#000030359|q09m4uM7nims
Supplier#000030382|TkWXM0u ,Ry,12LFlgpA1iBhbso3sVFl6XsG0
Supplier#000030432|52BiV2wE1E6ZpUKlQZicrLyNcppo5IsdO9wrK
Supplier#000030506|4 yBk7VDZkI
Supplier#000030533|IfDQIS9MruF5j9ekNLOGMTGgB4n7QCzBRvI
Supplier#000030539|Cet60otzAvQ3P2,2enQW
Supplier#000030550|6yfC82 0wUBTOO4r6
Supplier#000030569|VJtmrSN5qDPlHCr40jIklZMo39YyGwf6ADbJx6B
Supplier#000030590|BAgPaLIXKxUmfMRwX
Supplier#000030603|9,u3of,jZVyJ0O17zU3WQQLYX5
Supplier#000030807|7Ig2STRQLNZgtfTTUiezNyp6,DRXt
Supplier#000030831|T2WiEzhKfDBdD7YgL
Supplier#000030898|Jl7El9cn6wKaNOBZ8wW
Supplier#000030906|ideQUlA1B7NRIEi9 999E3JJ1
Supplier#000031049|E41fF2WBydIymrWLaMXbblVj3UW9W
Supplier#000031134|hGDfnLET2bCfqGyCeTTQ2f
Supplier#000031204|O6jHrBLsde1
Supplier#000031213|rSyJCFx76LZWmymJ
Supplier#000031246|5HcKVhabI0dMLdng
Supplier#000031425|1xME diiam6ZD
Supplier#000031454|7QqWOwDL2UftrM3AioxEs4R
Supplier#000031507|nVyOd37alrjmYhhKSD53Gq2LYBdFai8omjIx
Supplier#000031528|p,ggv4WQtDSzBWPxBgbg
Supplier#000031594|Q23oM0bp7ypHkz3etjfMgEtZEAWVqiK
Supplier#000031632|jJcm738eCmWRxJlfEsYIQUdIzgjcuSh
Supplier#000031879|6k1LIee3Et3T9d7kCrsfAhKn
Supplier#000031887|AoDJv3nbKeuHdg7 2lXNSth
Supplier#000031957|hdPxPQj7ls8
Supplier#000031971|vBO8t4cXBO1l38SqC3yztywz4rLOQ8
Supplier#000032063|xYZXP9baVV3uO5,GwlfdMgO
Supplier#000032117|iAshBcA1EKLgcuZ8F2BFFG14HIUJllBYKfZ 2oX
Supplier#000032240|CXyzYttoJ1VFspWVr7Tn2aLDh7PoZ x
Supplier#000032241|8IcLA2qtokKEtizLVUD5eoK1UWNZ0
Supplier#000032258|6dWgn6fFGtYBuwPj256Yl2sk7exze8PI hBCVS
Supplier#000032269|QLtBY5B,h0lDBjQ 9B5KXBmABryakrdlkrcPr
Supplier#000032373|uXTXwiCcemhiuiFxZbf
Supplier#000032447|VTIVSMRVDskQ2TYRiZK8gJ2gJm7,VRvcv
Supplier#000032449| To3q6DHWKpri4B2dm3LwCSWZl2B
Supplier#000032488|Krw19SyhHFwFmOgGoM4u
Supplier#000032494|YV726gN8Jn8
Supplier#000032533|1VNCBgAuEsW05ugt ORamb
Supplier#000032547|1mVJCQJFrgJZINhX,I8
Supplier#000032555|y0rX7rF ochGX39m92OGZ6zTBYcTbcTXfk3DpUDV
Supplier#000032581|f6 NQUPuAMb7j2FmEYD1ugNkHWd2q6OakXuhjuk
Supplier#000032767|tCMBbc5JKOTQhJTVNof1ipsTKV ND
Supplier#000032778|z3rGUnf0eVal1xOvrq  DMBo
Supplier#000032849|HZ3DZIe1IaNqTtPxAZajRtFUCbr0,nkgs8zFQXO
Supplier#000033016|wrUId36x4gdoSeiJsMLYtKH9jn9u4o6AF8Z
Supplier#000033022|It0mKYJQjXjaW3ZC,cA
Supplier#000033050|lN7obyUI GPAuhSODrTe11Ox5mNbsJpbhrG
Supplier#000033052|im4Py6lRxnD7s2VadmBmS lhLY30UoEPa,w4
Supplier#000033100|f9p4Hgp7CQszS6ODOVBgRD
Supplier#000033239|3wgh ESc4L0cAfv
Supplier#000033253|nXZYlOArs8OZuhy66XutRazSCqUOPH
Supplier#000033259|0u2xd8CgfvGyhjwT5AzAAWBxyNM RCDcaPH1QTxQ
Supplier#000033272|w,a2oxqDkyWf81oXXbt
Supplier#000033432|mWiU0Ycsp6II9Y2U3Y19FU
Supplier#000033506|3jKrIsfLxfDu 3E0DzwDPCsGYD0pEsR,MBUOL
Supplier#000033520|aDpLB0zYpL1QMMM9Umk7UNO7OlXTN7cTB
Supplier#000033534|GOfhZnq8ezG
Supplier#000033760|TXC0XYdzW7Rnxt
Supplier#000033765|wuIl94Nwp xXS
Supplier#000033770|frCXedotlg9sYlOeyBUbFvyR3Ufz
Supplier#000033840|OVLyNb8us7HcNG5TWtbIe5kyuA
Supplier#000033884|tUiUpdtFhlZAn hytNKA iBHDQThWn6kxmgC
Supplier#000033918|9rE IHNlVNFyKLRELQkVmjT
Supplier#000033936|Af9RaddmQgSHxqET
Supplier#000033966|mOVPZ0k1ZVH1GaQjL5E5ziaB
Supplier#000033967|eeTt0UTpnBR8DfcKNDQra7wG
Supplier#000033972|rw9WEbAwYGj,ZRAFttnahfjVmMxaiDVmBa
Supplier#000034032|1MENMuw6RHHWQBO63bttvim0
Supplier#000034083|7nvm5YRG5lRMD08KAQkvCm75pWb
Supplier#000034128|vvuFfKysIrU
Supplier#000034252|38l1e,xLi,
Supplier#000034376|Ib8wPRZT4xbkX
Supplier#000034405|v3tyO2AWWs, R
Supplier#000034558|Xzpg3ExDD7myoF,JZyhji63U 4Bzs1Ows7NCk
Supplier#000034578|CE93Gvibr8ToxMoF9aSPtqGa1uM
Supplier#000034593|wVssPwe4IrKCTLn6l9ABxB1Q 4EBSwApD4Fhj
Supplier#000034629|2 xtxh7VogH
Supplier#000034713|vRfa48cG8vt5X5vb,VAg9YvAmyMKFh
Supplier#000034742|A2T7UtPHd3GGZP2qDVTB2d6IHlt5TR6
Supplier#000034779|xHr9,49586I2d
Supplier#000034842|XdK2mvMOYDEk7C,Um
Supplier#000034906|ilx yBIqI buV1jtZ7yr zusuOV9s86QILpeHgj
Supplier#000034942|IsbP FQtF2MFO1uSwwCHLzkbWn8T3qc2q9
Supplier#000034966|Wy5QpFAk34kVDj
Supplier#000035011|YKfomvzRfUKgu,MV9Xzjc3ca3c4lyDcWY
Supplier#000035146| ih3dr3wMlxdvoVB9mHPF,JHER0eEy
Supplier#000035178|4h1xIxbCjVsW0mP
Supplier#000035220|KDuYl6QnT3l,
Supplier#000035224|UJA g8mULT20xzLyIeKZ9U
Supplier#000035271|fpn6zzOwEsPz,ApBqim
Supplier#000035284|EOYA94x0ahm1EdrE
Supplier#000035355|,zLXxLSTPq
Supplier#000035384|qpQMXXLwY2mvhCC5lWxVy5q
Supplier#000035398|uMKh3qYzoE95gbM
Supplier#000035456|LAdmMd2Pa0GtFB
Supplier#000035481|YfL1trkHASdIBpb15C3M
Supplier#000035560|bIyn9lL0r5kvfzTVICTJfS76nfLTV8R
Supplier#000035642|zZM8rqatXuKFkem
Supplier#000035674|B5hrc3hg ck1GG4wMzJDtnpPqpPsMQhX17dFDQ
Supplier#000035907|OcRM fIpguWTPeAKjdzoJaTW5CW2rKtpMu
Supplier#000036034|d7KZs5vb6vzm
Supplier#000036056|j6KAv6AtOJ5 QscjOjRDNf1aeeIldE
Supplier#000036124|o0Urz2 gnMUCzZiod
Supplier#000036149|eAbvtKTpqCV8,37f,SUCq7Xtf
Supplier#000036296|Xd,3WsY ekhF0c0tjp1i330sHpttgINEgD
Supplier#000036370|mxrMq2cgNFIQ6UNfuZNNLmOODGCq
Supplier#000036392|C6swnpl8P7Z CTaPDrxqPyUw1c2xCBgE4kjM9EfX
Supplier#000036573|jda4SgBEkA2YVShiRIqPep9ZjVdVkAl
Supplier#000036580|EjdaPIrwH 7
Supplier#000036690|Eao cuGg6A6s66fl
Supplier#000036860|2uf7i51mKGvuPZt7pL
Supplier#000036861|uQZfc7K9ZTS8N
Supplier#000036890|R7HvveOZWV
Supplier#000036891|npAdJy2BnMqdw6GGTtPTbibk
Supplier#000036982|vKiqkbpLK4Rqudp28oKxR3yDwgms8
Supplier#000037082|WsbBJYyl9H9lbU7oWq
Supplier#000037088|aOAWADhs346x
Supplier#000037139|dCjBXY,rDKj7Qg o
Supplier#000037145|sFc,fhUomtZkzzyoEmiBTDaUta4Oo
Supplier#000037175|q12ub5CY WG5
Supplier#000037296|lLbStMk,K6qq u pEhHnfe9eH sTnRcu
Supplier#000037308|JkyYp0JI0KRr8B H97MpoO,
Supplier#000037321|CEpaXBQWlf
Supplier#000037331|wAGM2VT2I4paFhhobdnPLOA5V8RTbiUgcYKx4AvJ
Supplier#000037414|Ek2IcLMTX6
Supplier#000037637|vLHHuhlItHiWFGIpeQlCFklcm
Supplier#000037681|JPgb8xE2K5iuww4CbHKPHnsWnjednW5mAhbAb5B
Supplier#000037695|negEzR,EzBJ9XEth5pOLckQ,7rD6ac6w
Supplier#000037817|ir5VZKh,B7Yp8Ofi,l XX8taH ojFIlLm80
Supplier#000037842|yhLXJLkbEk0INs96G57Dm0QytJaHdA5,M9
Supplier#000037894|jLsJKUDc1fgH4u3AxZxeLiwF
Supplier#000037921|Y10v4MXX0EITT5UgzNtUmM66Zw48sQRp
Supplier#000038016|9R0CMFk7fXTp1cA8a
Supplier#000038025|CCHdHcal01MgyPYpKw
Supplier#000038138|1TBybHvXeI1NyLK,,UYPMyhaIV7Z4
Supplier#000038179|GVKpq5AnRvNZ6F
Supplier#000038216|UjoYExLeWQtlBwldo8OzM0
Supplier#000038405|meEEO5qQ8YT
Supplier#000038438|aOwJhbDoCd2RpPxk9WJ8wJ6Jq
Supplier#000038451|giXv4HIqgwpUgnSe,cmZRJGHTDkoguaffzve5
Supplier#000038485|7X7ZZagVmHO9DrPno d300Qc
Supplier#000038565|mDpPFYYLRB
Supplier#000038637|2wxYmJlvDRQf0Z2NBTNDT fKazYozXhGaLM
Supplier#000038666|IHoPa1I,13y 401urjLUumiZW2
Supplier#000038707|qurDmGAa7j7zEIZE03V5wkpHemV
Supplier#000038762|Do9f5xPtEcMs8mtuYR4vsa5YP7AQmkrPwg
Supplier#000038843|lUN5Dt5FT9mgVOYWXp7buYbL5v
Supplier#000038873|BWm,33YUuOR1
Supplier#000038902|D4jWBXLydugnw R7kSJH
Supplier#000038975|SDm82B42Mv
Supplier#000038993|spoxBwgYd8MdPh9jb7CA9M d2JOyNVmF
Supplier#000039029|BuRmbStoXtmd6
Supplier#000039116|1iy43C7C6s89ZaczEc5lieMX7,AryCVdhX25Y
Supplier#000039171|jwK uIl7S20viDnTy7eln8
Supplier#000039187|RiJxIIUj4OUYl6MbAKNTDp8IljYYTZk6Hmy4JF
Supplier#000039261|D98 f14moo
Supplier#000039328|ax7F2gbis2uo6EhTb0b0csHt98wq1lI
Supplier#000039342|,q1ALMRkoazcRcVsKoH3mBflYEisOl7OvaTdzB 
Supplier#000039371|TJCpe4b3hFSqdozwz5HFvUFBv8Rqb
Supplier#000039428|zyl69pxv2vDDTz7iEL
Supplier#000039564|nGy51Ew lmxpRBVLq nLTfFsYUQ
Supplier#000039692|iX0sxZojW3
Supplier#000039730|dhNXUet1Q96lsh35uABpZwVUz90CQY4Sl
Supplier#000039748|8HOWXBy83ZSxNSDM,mRif02h1sy9Av  MGkMdQB
Supplier#000039794|kpl4RPZEeH8xINXjQlfEUxuJWGOjjFpMzRP42Y
Supplier#000039869|DUx6KJkzLr
Supplier#000039924|SFf2FaxYwOcHbWkECYV1D0ObzhdD0K
Supplier#000040074|Ea9MuPg8uW6WPbAFI9S4ZOLnKo
Supplier#000040207|okEM,bFAp6yTzLE6Whvf91PrvoskU
Supplier#000040233|Y2loIGSSZfIqW18jEtqNqt5v3IqGioFaJ7hrWJH
Supplier#000040249|lbK1UcB5cSg7Kh753lG2gop 0kcG4mb2I
Supplier#000040367|1avBjyMY,vMinSmuI,5A6FXt9vqe nEH95
Supplier#000040525|whvqC4TGat,qe8xLjd3
Supplier#000040527|VpipjRNfLlXDI3MC2n66,oHcLG itlW
Supplier#000040583|jU2joQnhtMaZ5YYVK5GRVhANI,L0
Supplier#000040621|FQNUNKdDlCLWGOwYRkmAwmF,9IZTaIOPpU6X
Supplier#000040656|E2iWekTMZM8HTs
Supplier#000040706|vlMeaieYYHD
Supplier#000040787|bd2cAp9enWKV34fX MwO
Supplier#000040805|uPuYPEr DYQzkSDR3cTnj42C 6uOf6T,vlwS
Supplier#000040835|mzOkBsJ3JxEUkk6F7GX36Dz
Supplier#000041175|CL4n0VbQyG5,6Y757tQ0aIEKlq
Supplier#000041202|kbxH5hRtXIl5l2y2dCJh,
Supplier#000041319|zqfTa3I0oSRpOw2tN3rP
Supplier#000041369|cs9V7fw75SRLxQw,PwQ
Supplier#000041388|1CmSi1rui6eI6Ot4J9Bnz9u
Supplier#000041478|eciSxIN5aYB16S vFbf05L,,iKkEZzS51mo
Supplier#000041603|FsHJSE8pq7BfDZzo7kVjThpTR8OyRj0
Supplier#000041647|a1oNcKXj118mJt,NdPQm2Md
Supplier#000041692|5o9rve6hWh1DR6z2w3Os0AfszrDXZdzwn 
Supplier#000041731|yMDl3hrA6CiqqeNJgGUBfELf
Supplier#000041740|dMreRTTlu8e896on,97QH
Supplier#000041743|o9RnSDDlcnFcu5EBVcYrV3HaAjYPTppV
Supplier#000041787|favAuB Sp601EgO 933nWT2LxVfM6gNy4KxpV8i
Supplier#000041789|U2p3vR,2BOax9tcmvwJVB,6mb9D 6rv4BXq
Supplier#000041819|1ragY,tXwvt5zC4z5EJIz1ICODMJw,oZErHvD
Supplier#000041861|wMOCCcl9d7Odpd
Supplier#000041898|AyAe1Mxp tf4MG10Xayc7SeBxUgE8,Z
Supplier#000041930|uhwKz1w84gZ0ckIaLfv
Supplier#000042038|KaJE2vW0rqwU1hHJmw9H0uGfPUUiw1yCu48Grr4
Supplier#000042094|E3ShCihsh35eVmpNO5jfgDtquRX
Supplier#000042154|H71EJVc7Al1Ua65MX0mntkkjm8R5YFI
Supplier#000042162|r5tjRhuTVJ1sh4E rj,wlbF7ghi1lbj
Supplier#000042176|W1 JIu7PSuljknjWgskg9
Supplier#000042221|TobzE5HL3lFU3CeZrm
Supplier#000042276|aKQFA5QM5l1sDww1akrpbVeakM4dhbH
Supplier#000042370|ihWAs22PKGoJZ8pCd1g5X0pJM,G2GdR2
Supplier#000042401|sDQ2iNNciCMQFtsY
Supplier#000042446|ko9ZwyHehwDjfFc34EpDr,
Supplier#000042467|cYjq quBJU,LVUXLBjSd6txYRPXssmsB
Supplier#000042468|DAO5UVprJz2hIuQEej1jIkDwVb
Supplier#000042664|U3aKJla3WxOfaWpF8S,Zzb2DPHUzkYlc2wy
Supplier#000042675|ghV 5B542whUl,YgrMe5TaClFHbo
Supplier#000042697|7eY7fHD0uN4vXTBDsZjP6Mc
Supplier#000042734|kYs p3YALOr20,toSTybIgi3S47wL,
Supplier#000042825|tJ3v5l6obvaJyA Sb61,dji,T
Supplier#000042854|cbHq4MZE6YWKxVu5G
Supplier#000042870|g0LG6bPfbb25aBR
Supplier#000042956|GAYcKLsK1QsC jsRwKPncKmErsFZ
Supplier#000043199|8VjNgJB1acocrGsSBbNfCi863x,aGZ6IGjWK
Supplier#000043200|o2 HmBkDGgNyPEMKnnAt2Mos,53PGS05kMiVy
Supplier#000043292|rHCAjmb1rXMO7iryYE0P8jtbo
Supplier#000043407|1kprHaCkkebdQLVFQj
Supplier#000043444|pm62wFYwh7eHt
Supplier#000043566| U,azwuyit,qPrKqPpzNhXghKKJ
Supplier#000043701|KEeEFQ9M6MLubmD
Supplier#000043702|2rK3OGfzqraqCtpKA2oLiR0gU8zJesw09yvBd
Supplier#000043793|5P7xzkfVaf1E94V9RK,n7wKIAmool
Supplier#000043819|wDl3TdrZAPeonHwk
Supplier#000043850|EsxcG0AAzALHmx
Supplier#000043908|ubUUY,JNmJdZfAzlal5bXw7T DMnYcnjAJ8DbY5
Supplier#000043970|gU7j9yD9ZXdK
Supplier#000043974|NguruCQ7D0tfbyDfl4RBfvxG0fqfCA1zM,zSuvH
Supplier#000044004|hI22 HeVkkVCz7,zJ
Supplier#000044055|5N9u0qUUqJNRhqrqU
Supplier#000044181|CZjt3 SsE6ip1sKHwjNC9hHxbQB7LXExAt
Supplier#000044213|FXlLBw2EjxyyeZHHCds9UzKX
Supplier#000044302|ODKmpOp1TzpBsTc43yu
Supplier#000044576|RAzZAef Pe
Supplier#000044592|Nsb0TMVLZR44mwsk
Supplier#000044627|a9t8MB2ftzCeMoiU2LCBof4VgJ3uK0YvuZM
Supplier#000044643|uflZC0ugXx2hO8npgX
Supplier#000044669|wCaP0A,6g3CdusWrO72NPqgfb9
Supplier#000044678|akpmM3LWhLi0
Supplier#000044742|3LcA5,GrSGN0U7FBtWcZbvmjQ
Supplier#000044849|xlZXYW84mngC
Supplier#000045031|36X6WOOnfrGayQx1xtvMRK80YM7cUJuJ8uHWs
Supplier#000045180| cviZsZrZDyTB  aI4v9YEFc,fdIlnr7Gi51bDTF
Supplier#000045410|ZcXmUSsKrSEq1am9KUUxLB9EHfsspFQVUW,
Supplier#000045572| Yp3Ct2OmKyG8QbH2uVJMdjCXCP1CPqmufQu
Supplier#000045614|ezuCEC3N7ZWNhFI2WgCU
Supplier#000045717| ACyRyYT9YUAB
Supplier#000045724|nuTzIU0F3Fr8deBhNrqs
Supplier#000045739|uQL8hRQAgkTqr1ht4G7e3Nq,0hI8i
Supplier#000045751|q V,7FMFIxabjXvlIlfk2
Supplier#000045757|L5h5ldDWaqkwULHKXjdtZfKMi
Supplier#000045843|FDPgbq1vJJ7HCkMS0J2uzyw1sybf8gdDpazMNb
Supplier#000045860|5Kyg6igQhy0F5TT6kmlhCgO
Supplier#000045887|T9Ni9BtWLzXDlf6MFIWA5MR
Supplier#000045888|v5LgMFMK3BonoSxPxxvmf6OtLZECl
Supplier#000045915|ngpExL9mCY4koFCdMUmFywCs U4d
Supplier#000045928|KBeEkp qVmYc9n6DI MCoJ6wbWPV5sjDurm0
Supplier#000045937|yuE8kKof4GpLA B516Si9D
Supplier#000045978|xtFN ,9FHPdDzNWjAiF
Supplier#000046036|6bFVPWY6poI,IPE
Supplier#000046091|ue5dV6pon1aRz6zP0yKfHP1dbwyMpa
Supplier#000046193|f9GgvGW2NjvZ2wWGQBIsxzlNc
Supplier#000046215|Zc6bH75S9mrrtvSIV9EB78
Supplier#000046219|yQgSKDipBpjPBWMr9IesM42NpthL
Supplier#000046370|sDRa7bpMgOhV6rUTTJ
Supplier#000046394|At4IiD2NJUe6dnHYqpL1b6Mzcb9aN4eJH5g
Supplier#000046507|z9C9JquU7umTu6HBLtnqFV088FQC
Supplier#000046598|MbzJdr6zpWJfEgNzps,LfkRV BSVdqmbquY
Supplier#000046627|g MVKM4BJOp3Gg
Supplier#000046704|j1r8dWTIKus6XW4
Supplier#000046787|3bq93H07Trql2UG
Supplier#000046794|5PrOXc37dCthlRzDpnch3P6l6x
Supplier#000046812|eKScHWsg1Dtlo7yoQD70h
Supplier#000046817|IwTIaPogjnUDwP1
Supplier#000046904|d8fOowYM9SncdvEyVA12ASGb
Supplier#000046921|0ZKvXxC0JQJN6
Supplier#000046922|m9CNZXI66tFs6eJPMc
Supplier#000047009|ekZvCZNHAYyKVmS0Tnsz7aL1LwjJds6K1Wn9W
Supplier#000047100|g52ytKyIgkVaWCLPAHz4sYUiV4QNNV
Supplier#000047144|ejADZsWnrjknRDU9TzsmfJFhBoLiFEwYqzxKs
Supplier#000047173|2wp3PqhDtD iNVXkyBHMR
Supplier#000047182|8HlcxGEQjKZ
Supplier#000047187|ebqS9uqRVQCCwCMYh,BZlC3PLmpaxRF93MZMJqN
Supplier#000047195|qIWheRwfn7JgTFDTHGsku9ioTFlP5MIBwOJa
Supplier#000047203|DFhj60Te4Lk
Supplier#000047228|i7epIOxp9V
Supplier#000047317|KLVQHmvjq37eaPLPIXChzjxUhLI
Supplier#000047318|rd3F2CKSLLd8QZMbMXMF
Supplier#000047337|ztbGIsEUeBV,I4jTTAbX0KTa8aOVTyobf
Supplier#000047433|GTNABNHYlfmnSYgWMhmB25an ekHnYRvKRojag
Supplier#000047528|4JxMm 44eDS
Supplier#000047552|p U2UGf1sD MSam8fSX0yXy
Supplier#000047574|3LVY2kzrfi
Supplier#000047603|39ogKvgKOQH f,AaBDi3gcTyidtli
Supplier#000047619|,5nEV7lyK3EAjwTCy1TGv6Cs5MZlws3IkHMb
Supplier#000047620|TCR Ks1x4StaZW265C1jpeEYbvs0lE5vQCbBJNea
Supplier#000047638|ugynVKFiAVfei9n2Jkg7wn0MfzMpnewT
Supplier#000047838|meblJSbxRVFaK43CulZg,KlVxGb
Supplier#000047858|nrN4JXcHmGeRTMjxTy7iG0 pWMiH,QmIO8EdV53
Supplier#000047869|uEgzJcuSDImTl,6t Ya i,HJVS1sDZqcFoIFpvL
Supplier#000047907|g6twSl2kUG KJXnu19ndp5v2TVn0M
Supplier#000047962|QiSmuinLi6A1LqC8EIUxQN71WNJNAz
Supplier#000047975|VGwcaFqBrrA0x5Itasv3f
Supplier#000047993|U9nwsWeAwRchKhBfJ7kXBtZS7IK9PXUbeGz
Supplier#000047996|1ONDGyuLOA,Xw,V8VJBYG2wD6dMpR
Supplier#000048039|xJoy5Twrb9nuiBoTlvYJb2EMl50Te
Supplier#000048074|HYGXKUckYEes24AZAYs7N8X
Supplier#000048114|GviL7PxU8q1htWmn9u2oKxDV
Supplier#000048115|09oKIzUyHP
Supplier#000048124|lGOo4dqOFerzyyaum0wPI8cX0
Supplier#000048250|7UgD,xs5HBUB0a3C2xAUk,M7G4KBo82ed QPpvb
Supplier#000048278|Yci gS56DD ZGnUmiVtWP2AQG
Supplier#000048310|ky4hi4hbZ09LG08klGxGcdEVo9
Supplier#000048318|aDoUucmoNKL4DnnU5RsYxR41yjj5x8LLc
Supplier#000048331|sBIeS5M8ETF5eYVYaIZymqk8183eDK,
Supplier#000048504|EBgZ4AsfVU
Supplier#000048515|fK1ukyKnqp V1hslSRdXKwU2rQa2dm
Supplier#000048565|fArkN5FenjuGaaUg5tVs
Supplier#000048616|WFYheY5hqfvNLZVBw
Supplier#000048623|jrnd4Wv,2io
Supplier#000048637|DGGps39ausEBaUORXBf
Supplier#000048766|3A37v3LNXQef
Supplier#000048875|4r GcaeYE5qHe
Supplier#000048933|elpGt89i9K0JnWJGrJhEBa TIHonxxjcj41b
Supplier#000049059|SUaIjmXsaWcDDRQdffCu8nuii6
Supplier#000049065|lgPC l,DbkV9dUXGkyIijbxgPc
Supplier#000049070|Odlh,Baqqw3YgdSOcfvXAqCgK
Supplier#000049324|HUBdWH4QyNezxvobt 
Supplier#000049335|GbcwRrNav,7cY9iVwOzPT76IBffYycA2F,KJx
Supplier#000049339|5JD06NDo5hWZU8t9ISNdcHG2FZiuvBaw4djU2lp
Supplier#000049363|hGYatVQGaF Ao,rM3Ih
Supplier#000049426|0AlinvfBwgaMDqwj
Supplier#000049434|CV heLMpQEN6n47G,OfaW
Supplier#000049639|UD8maFyDRV3U gx
Supplier#000049734|cjbQCK2rFYzXDzfYCNloxKmx2H1kr5me
Supplier#000049841|q9PXeWyey4FRLpTIXuHQiT
Supplier#000049855|Keh8lpYL Jc97QTk
Supplier#000049941|lK8vrBA1LdMOOLZ23tQ3v33va7k6rv
Supplier#000050046|PYUOMA5nWQUyUG
Supplier#000050102|0 Mez,0 UXKmXwLAIO9rF03GHEF
Supplier#000050167|NyoNToBjbSej08VvQR6csQlFsh01cONiFro
Supplier#000050288|xyt4ZS0hE5wLPNn
Supplier#000050356|YoUH9Nb6jIOdYXM
Supplier#000050432|k4vArciy1hEEiiF9uNvE1s
Supplier#000050501|Y0ecSOYpPEAJNe1NQzGjg,XgkJA
Supplier#000050507|9svY9kdjbOU cxsEDD
Supplier#000050510|PDXmdw4Zd5CObCnCLqdOfPgJ8sq12IR
Supplier#000050523|bD6JE0OueaHmxUwIU9Bx3qfNFku0HKrMlLdo2
Supplier#000050681|F4iLOvo4qcL7RPheHELcqCpkXjlWihMgkr1v
Supplier#000050787|U1bvuHnq9c8RZGW2BS4ru
Supplier#000050813|I5e6FcXTt7l,3
Supplier#000050830|1oQ8iygPTdCBtz3Mf4Ol,N4wlVzAbqt
Supplier#000051053|G,Lfhjlvb3wLdhZFsU
Supplier#000051076|B9d1huRe j8A0Tf9QjwYo9DSKfpOfU,wA1A4
Supplier#000051121|H0GJzxAZwQj GjCW68mx4MgGUu440
Supplier#000051165|MqosCc4qgeY1ZHR7CNl
Supplier#000051198|BN6t9gEeyVztNONZOF8ZFnOymz1
Supplier#000051210|uZazbo9nn18Ys,t7VRc2v5
Supplier#000051211|J1PWhyTIrNB9mJcFIIVuKHKV
Supplier#000051267|wtjUzR4CAtkVCT,Fm0UJc9WbXwBEo
Supplier#000051295|1Y,7 8lIGLa54dBTczFLnz72RAomdBl dMW8
Supplier#000051344| Ppiou8UV8i
Supplier#000051346|y0QVX6nsRXdyPhY3W,Vi3MCD3,e,ywT1Sb47
Supplier#000051401|SkWLFF8wGmxQY3VXwLzC8
Supplier#000051527|NkyXYYeYp  Xwvs69,
Supplier#000051530|Y3FmDnkM,lRdoLtFpqCb8U5
Supplier#000051576|OcYebQTEE4zH8SmD3CcEBeD
Supplier#000051613|KjZDP21J2PHrg2RoGmEabZm2NMquu9
Supplier#000051647|nmXlVrBjroZCbTFasFP7zf4Qm 
Supplier#000051682|Q2lTq9wouZnowPsRSrzwp
Supplier#000051690|Mk5qfTDcHatpZFsd6dDpVIk7
Supplier#000051758|zGHK2FRtZWm7Xhh 2G1ZBPGdE
Supplier#000051976|pq,VPd1EyKarV1Ns
Supplier#000051987|AbbK51FbxCpV5XVzIBPVJS2yc9 Nv0
Supplier#000052109|4d,02ZiWlh4TL6lsahdz04bmMEV4OQLc1gTn1
Supplier#000052149|bvDNNCBhBerBLoA 2S29U7Z
Supplier#000052273|3w7ItbFIcO9hrFflKLueVaphLN
Supplier#000052301|tEE5cTg1Xv3tOKaAhfMfCDfybQFISdtt8V
Supplier#000052307|vxf8Y0ey ,8xamjhw,zxWhM
Supplier#000052323|GmKzZgOFDra S,kAyP
Supplier#000052492|dqgOdExdqf0KUlHoYyHGGXwg,pWqX92Lu3qofm08
Supplier#000052626|DDkF9VLRg9LrxtEJDWR
Supplier#000052643|56fA wf2vJhQM
Supplier#000052672|9QpVWO2glBrFdDmA3Zrqvs
Supplier#000052733|IDaL y96U P4JYdK9JebpEXU6OG
Supplier#000052808|1RaciDyIOUGEvXVRgTr 4pckl e62FTypMc2S
Supplier#000052821|MbCKsyD1rrHIU9mG 9j2kmURNf3ieJo
Supplier#000052836|EuVxtZm14Q3qP0OUGx2sFT9srBiXCZ2OP9GtC4
Supplier#000052851|rP5stzn8XW
Supplier#000052987|cmAdcMWxa344kl2
Supplier#000052999|FVKPUXukjb9K4DZGxSOdfXEVKaB8skrKo
Supplier#000053099|4TfP8WI7Qgc0GYI1CWCuRK,m8
Supplier#000053140|sjS5Sv8fZ tdXSjRsI 79QKrU11HIAHSY11D2Eu
Supplier#000053186|8jF0qE81 zm91B7HXVRg7BlN
Supplier#000053209|zHAadKKhMn7ddGd22Ho
Supplier#000053297|p,FqrcOGfUa3dS5Q,Q3 GV9pI2ceWDU
Supplier#000053400|ff5ZAsOwhigwyYP7O2Lc8aVJ
Supplier#000053448|j Z3KQmIzYjO5sHanvS4v6Rc8
Supplier#000053522|ay3Zq8 YhuIGoZZ1MV3MZut
Supplier#000053588|htWYbCL09PsUsBFbXJJnNmTDM17
Supplier#000053602|Nug5qHe2GqXPrmr5FCAwj3oh
Supplier#000053657|Q7g1B0VRLidUSysUTb4aNe5ehwcG,8FRtD94w
Supplier#000053716|muuxzHAK9H
Supplier#000053762| J7 wtKjEIJ,f,VtWz1T1Ef2yQ4ppWS
Supplier#000053787|wKE93nXPLrGMlvOzUBfGtDfLfpM4p63B4PyYxy
Supplier#000053865|ST70PVq ncrbkt19v1uU6CooWUb0C0pwJx2P3T
Supplier#000053934|7PqzvqkCmeHesKk4HjuRVVn4hMMFAjtsK
Supplier#000053958|zcsVTOHy2WCSvBoEe1WAcTD,I5KT7zwbg4HCnWPg
Supplier#000054021|U9cNJrPTlZLncXAO8LkyU8jISK
Supplier#000054045|Jx9vTDCQZWQIRNNeuXZ8nVvV94,kix8MU4kMh
Supplier#000054050|l6kjU4C93,
Supplier#000054245|ZPyWMDA1Sb7YW1vlNECQ
Supplier#000054254|wCQnm7Km1esIEU5 pn
Supplier#000054394|0BI0VJYl5hNq1bityuxc
Supplier#000054445|ht4AwBnuQBy85V 9x2qgRwbbBXftX1Yi0AG,z
Supplier#000054479|sfQa8yfCzkjds
Supplier#000054492|aqJWuYLjomOdrJ9rp0IZOZj3tpWePg9ZaX
Supplier#000054609|MFImYs UNnAyeH
Supplier#000054673|76Y cuGbDX492jsd
Supplier#000054696|aJUnqBO4SVDQ8flm0SpV
Supplier#000054836|5001kx3hCiIJJK5CLBoUU0AF
Supplier#000054904|ucjCm52HxFH,i
Supplier#000054978|wdljZ2bcC6c1xItGHWUrS
Supplier#000055023|nfdEW6oXj2Odnk3BfBsoIK5,YjeNY2ny6gKFzD 
Supplier#000055046|035RmAwlCjcRq1,14aMdgTw9
Supplier#000055057|AdzNvbF,Xj2hoMRjhw
Supplier#000055086| oHtieQyNOcj3pu4HwM4Xkh,
Supplier#000055157|lcLXZmpOj4YA2uHPaVV
Supplier#000055197|3n3RIiHmHdM35WV9GtIL8EGbOimV
Supplier#000055205|2wl3Pqhc3oULI
Supplier#000055206|NbhYkSrEGAyiieEHHY BF
Supplier#000055217|urT4qbiNZShR1
Supplier#000055222|DpEtVJ86z,Pzpwprq8obcUe9JHpbBVrz4X,l7NfT
Supplier#000055349|3oYCQzBQBg7gs67fB6AH0
Supplier#000055402|J1cQXfdlEOw
Supplier#000055420| Fw2DNy8gGVdA
Supplier#000055541|VnTLcWja TIrQfwi5You1
Supplier#000055561| KUi5drQUB9XSX
Supplier#000055630|z1ZA6gl43t3lCBgBA6ycAPTKf
Supplier#000055732|XZOWpbIhgFOOFpoy15UXm1lmMnqjFuk6HfSfsI
Supplier#000055856|ypgkmdqvuxkdpaeElOxbmmR
Supplier#000055889|lM8v 36fTHCmX3 aviu7Q3L8zNkV4f
Supplier#000055914|ojfGqLOA,gPxSxGIPfYajAl6qQ
Supplier#000055917|hcr R1MMwnzFYHw8dKQ,gH
Supplier#000056061|vg3k2mZrzvzYd7jXiqzc1xx
Supplier#000056188|xqGLZhaZox STG Vm6z1epCqDaWev
Supplier#000056205|Zj PAN5QGf3CY2,A,m1zOefYUpzPF00
Supplier#000056212|h L7qFu2zGlVYvZJtwWXKksa
Supplier#000056335|TBVUOkzRdJIPNLSy4JNJ8mAw9NrhKbgXkbG2zpD
Supplier#000056377|s1dCj05Ocs U U 3y59c9kHbBefqy8LOgo4X
Supplier#000056400|1S02eOYGKNBYJ297iIVHP1H9I2
Supplier#000056402|Z2A83CCFT1mO508ewFOfGp
Supplier#000056478| 0mDpevHGMbTUK97
Supplier#000056507|d7CUrSsjeRur,lBmG34pyeFxT6LbofCg,Qn5svS
Supplier#000056664|sy13vuzU8jYWd26YlSpLT
Supplier#000056721|,xUrxpA8xACeglwwvEoI1zcTzCuXBVJ8
Supplier#000056740|AUdRiW6aXrGys2jZIjlCTZ9IcUVso
Supplier#000056991|H9gObKmum0MawYdVvCai1nDay77MH
Supplier#000057015|qL0r6r2 zvBV
Supplier#000057185|EdZjfOyHR5O7 GurqTq2
Supplier#000057364|SMT2rImHcj
Supplier#000057373|umgdSXaV0Vj6eH4BFjFT7imiJ
Supplier#000057481|HK9b3Jb6HA4CJbvP4hY0nN4fpcz1N5T
Supplier#000057506|D,CA7EIOEE9XlbykyzJgVd4RM0qtdItf
Supplier#000057620|c0,LtN57MFCuXX6Ku8
Supplier#000057668|,7dn6RSCSSW
Supplier#000057712|sR53XFCoQfNzkkcsQZyHa 2z
Supplier#000057723|bK6DCqXa1lnPU
Supplier#000057850|6 NGq7nzGxMI6jP 3
Supplier#000057943|JPx9ZXkphTq57iwNIr2PD9hXFbXQWTeuciGK0h9
Supplier#000058095|6c OTBEx InkM0jr4mnK2Ew rcZOSgltcMLg
Supplier#000058098|Xyu3YyPDasV,SAIiKHkQM
Supplier#000058146|h319bWTZNH
Supplier#000058322|IUqgzaq 8I6eehAxfkIdXWPuSOPAv0v
Supplier#000058378|JJuQsBBWow01hcOKct8qFUSGya53
Supplier#000058411|7WKMOdibwd1ElOX4,5Tdk9LG5gDpL  6mqyXn
Supplier#000058595|rWNP6SReFid5Az
Supplier#000058602|YIEd01Du61hqqkcmX
Supplier#000058676|NA4VYTArbtHdRV 
Supplier#000058754|o1tD9Nigtu
Supplier#000058757|d0WsxYjKaNwouey8WLc73VN3E
Supplier#000058761|5xohOXdmYpxU lYF3XcIKwxKwejo9
Supplier#000058856|qvJ0dXTQLUu4Un9eN2cx1TeKxygnGVw2PDhp2
Supplier#000058874|uAcy3XE,m9aoqBQMkYoV31mg
Supplier#000058893|q3XoJrUv2n8a
Supplier#000059035|E0rW7Yr3N5KTv rVOFMdktzxJ28 B
Supplier#000059073|pnqso6lOfdfK LLA
Supplier#000059104|9J3qzQ297g4a4
Supplier#000059148|SrcYkVH ciolbVz0opR2zFG1rv
Supplier#000059190|GSsL0tWtIOuzCeEhEgQ
Supplier#000059233|Y5oeP1Z2pGleGqZ E,cfy5TutCpMqndV
Supplier#000059304|N cs DacFD
Supplier#000059350|eLy5DbTxE76t ,F CjZr2lUh7Sb
Supplier#000059393|smdTZudYUqTM
Supplier#000059405|1vuHyc0wUdyDf
Supplier#000059428|iRKjaQ2mV7WQXNFtIO7FOI sDtTOICSlIjK
Supplier#000059446|vkkPUV8d4qyEsm69BqYLEBljgQOi
Supplier#000059460|wyIuZ5WX8OG3
Supplier#000059687|GiKhLFRdq2Xd8HNYD1yyJJDslKq3c
Supplier#000059774|fSzn3t4Vaw5
Supplier#000059882|YZGK8xgt7zzbpkWK
Supplier#000059955|LxhRIJrOP7vmLJWQqurOxVmhPLk
Supplier#000060007|hwrAsI7QpE4cUcZLFeZGbVWYyRv
Supplier#000060201|PG622 ApERtVkZMBQ,AB3qi
Supplier#000060248|isr2fejsP6ecUOQErSKeE3
Supplier#000060267| JRItjBVZP,LueR3pfMkR6S0f7Cy7G8M9i9
Supplier#000060281|n96oqyB0RIb24o2iokbYTlNkCxNdL3dU8QFwpAN
Supplier#000060356|JZdi8KKflDNGYpzP
Supplier#000060399|6XYYZz9Lk3R9pLZn1DtmOEW
Supplier#000060441|hVjd2i4BCQG
Supplier#000060461|ijsZWrg9VafNOkGrjaGAtxMuEbl5vgfqUL
Supplier#000060465|TWBlc95PzZfTK1K15m
Supplier#000060525|jckUeRHCAIQKJsNwGhT
Supplier#000060564|AVeIXw0SCaHywuECyPOaE
Supplier#000060575|sOMjMXvVW0T0l,
Supplier#000060614|wuW MC44,oKdl6pyu6IdybV,ZGbF71d8tm2
Supplier#000060678|kpFjBbrqyQggl9w6
Supplier#000060679|JfmWjDuTe6 wJhJiBBcMjvcH  ZI3ipZ4venJo
Supplier#000060751|RaAnl9g,xz5MBENGX
Supplier#000060755|f0zUAjFfnGXQEhAKDi3,Ic7jUoHm7a
Supplier#000060846|xEc,jPZDiUXW68eXvylOBGLmtNY4a4Iq
Supplier#000060869|GR3Crzb9AJBLRdsL1iCV
Supplier#000060883|eQ8W4mRdc6whR8N4eI
Supplier#000060907|wsH9rC8IReEhH60VyaltWyh4xcMB
Supplier#000060995|3cKItcu13mgbtSO VNeD
Supplier#000061057|YTDjGrI1nNbJX1Yk1,La,YKQ5MLV7BNuroEM
Supplier#000061072|NZrgiDu2 qA
Supplier#000061095|r84NWPx,qoca5xok4
Supplier#000061115|,t845viTb0Z7XFKi9gjQ20QPifInaKCrCncz
Supplier#000061195|I2HdFr7SDL
Supplier#000061304|F 9b6FnQZpC8mM3VVFGj8SfkMtPihXJwaA
Supplier#000061405|gJ5ysHvMcXJgRpZtpuTQWU
Supplier#000061453|zSDrhODh9Mj7JRV24Z7TMliWPRsfdYTv
Supplier#000061502|4YVvlgeTNM
Supplier#000061535|9DQrewFXvLqmVOl,GewOMj0MkSc38hnv 0pJYzJ 
Supplier#000061559|Hbv FSzQTjJyoUNR,2sW Pbn2cokxmWuo
Supplier#000061598|xDL90QGr23WFe
Supplier#000061686|OkfWw2qrQ c8eLa5q6eY
Supplier#000061695|fYmy1HFBVAkjj01E L
Supplier#000061765|,KK9OKGvq4q9kR9toJ mpfkg6uPhOBiWB
Supplier#000061830|SNEx8InEBYxAf
Supplier#000061831|2AF18pYwkIC6nrBkS7grwmb1CYRZ
Supplier#000061905|vwY4sdzsPqmrtQ2WLQ2AFu1QcCZn
Supplier#000061910|kxkVtY1QyZUOhkH4ifh1skc4m2K9,BV2tliFK 
Supplier#000061964|spioITxl751YJB9
Supplier#000062040|037b3VPwCqFu tZ9xHm
Supplier#000062047|Rmv4JQmA6tq
Supplier#000062049|c3M6YoZWVWh8UrNf9CSVkPC8yWNpg6vI9BYZy70
Supplier#000062062|lIKKUGlBpEzt
Supplier#000062081|pIox4V2Pvrt2Bs,zce9JpjZJSiUlGgU4P2BcsIU
Supplier#000062100|SZcmcgLbGq
Supplier#000062202|wSMFZuJzdktJZwPPBmT0dwDTeS
Supplier#000062441|MHjcvgMd9p3h,Z2mFhoG7d66P
Supplier#000062456|ym1OV3L3DH6XY
Supplier#000062485|G488skG,,pW,3GPJ77CofLVZ6SVcSPGFP
Supplier#000062718|ZDym 4UOyrFZcEigCmf2LopWdeWJ7EBF0PIRWLq
Supplier#000062727|tm5oA4zaAn
Supplier#000062857|agTohbfnsst5eqsFUTDEJ
Supplier#000063100|xsjV5Ezx8iA2j XxW94wjiEbzaY077p
Supplier#000063115|XjYa4xOVFpvgITlcz0Quhwnz
Supplier#000063168|eh6I6HVf9IQeVNnPIaqVeC4PIfDm
Supplier#000063177|kAJB2XA4j8,U2r8ot7oRANLeS 0NJ5
Supplier#000063188|eI1Qdjd6jwz
Supplier#000063293|HE MuFtZfHNkrsnZ,FbFJ229vDVmSXEkWyI8QD
Supplier#000063303|u6VNrIyQSl01GdVQnhrskm
Supplier#000063440|Wau19Sn2qxLI6AXfho6PKxlfSoDbussFk0Vu
Supplier#000063525|Bsc3dljAU1pLPNTtBfXFuuV NLXmTWwlEid
Supplier#000063550|YU8oXLVFaC0tCczWKKc64QdfYNCETBE4bVBx
Supplier#000063656|EVODVHmFpOGvE1oU,TS
Supplier#000063772|4U6IXH2OHEM,
Supplier#000063776|sKBhGzSNks9,nVoj45M9kFEES4pBWqpt
Supplier#000063784|wX,4bD7APdsNO,FGD,Tq5
Supplier#000063822|9LzMVM0SzH,rE3Y4P
Supplier#000063895|KdzcI4bGOVOXAeo
Supplier#000063900|Q4EOFxbLCvH4vt0tX5b,,x66V,n4toYcOCU6qeS
Supplier#000063991|KLL1ZC2eH0Aabrs M5h 3
Supplier#000064008|fFjuJcASXody5DoaOn572fSHj2T
Supplier#000064101|4uCyIh35GtXurWr 
Supplier#000064155|QOLWCWMUe,pW CyFyAi7gfJ0y
Supplier#000064175|CQS4Bissz9hb52WbjhtvXF0F,SMb
Supplier#000064393|BE5 kLtF7hM4Cw
Supplier#000064394|f7PdHg8lLvCvDXcKe1J6
Supplier#000064451|z3PJv8qeDZ4DJvQUs
Supplier#000064694|v0B,9Oq5mrATXD4M2Hcuxc92m1oPXcT5duSE
Supplier#000064726|dpiVrAnlPCX3y
Supplier#000064734|9WgKbZ9n5Eu6T3,4GD1jT71wivyS
Supplier#000064773|Vyn9oBre64YpHSZSvjJjH9i2Ac7GHVslH
Supplier#000064872|WNiD9qPTvPg0a2yiH6h 
Supplier#000065036|b,nHYGpcfge9D16B4bl
Supplier#000065124|ieK24Ztd,Fo
Supplier#000065129|StwddlJ,8mDO
Supplier#000065266|14uaCFKKsJBq
Supplier#000065301|cPkxi1ujxIqKH,4voh
Supplier#000065407|SN1hhmBfJe1Oq2i1F7bUkrD7n1ap9lI
Supplier#000065417|W99voBg9tqQqxFrL9bJWvjINqgyknVd
Supplier#000065470|wPxIqIKucFpyZtOfRRh5oxoqkV8xts9GBEbNp7Gq
Supplier#000065485|,HIiDtwYvaWMjhfHlnxaO XS,x9x
Supplier#000065581|MXRVnlicPxTaw6hWn6F2O5LKYuf2Z6,mDZcreDo
Supplier#000065621|3xJGIYMA4RwNutKAfv0C
Supplier#000065667|jN9FVldQKjICWYQR5SO
Supplier#000065791|oJLYozgx63pqZ7A7 3nhi7XDYQ,p2a
Supplier#000065954|ojn3u,Yvs5hOcf,wLDFLL
Supplier#000065984|39hJoYurnuTsqNqvBh0IDH
Supplier#000066299|5GBaKxbVM9Tn AhVjTNw
Supplier#000066319| ynXb9MO9qR HU5JEYDNlgk
Supplier#000066346|qUDgzAsTzBn4o
Supplier#000066378|V6BxJc2tuTUdEq5gTVYnls6M52kQ
Supplier#000066403|eW1DbNFyhYACeC9ZQU
Supplier#000066446|tLwRXe9kkfFn,QvDkskr89GplvXCg9B0WEHbgm
Supplier#000066488|MCIFHddAN4tnH8,C
Supplier#000066513|TCtMpqhfqcIlwwZ4mxca46C8uFWAi
Supplier#000066709|9PUTu zFmMBxu1SsH5S pQnTZEN3W5RQAwoB
Supplier#000066778|t1lehq3IN9EMnlyQ5FmqMgt7P
Supplier#000066905|7qB3uEuhr3qx1bKlgGXS,Ba3vvz0nTeiBiyBt
Supplier#000066925|DJ5J4MglyzbRy
Supplier#000066968|orzeXUOEUhavTiWtM
Supplier#000066972|mKXM5Z2O50G ewNeUYiISxVW
Supplier#000066996|Y4 ECeYf1kkdk5kNxLY,qhSi
Supplier#000067033|Lu5ZfqEahU3
Supplier#000067101|NYuAYxgNBZg7foWiMTDpZrik09PHQfo1Ib
Supplier#000067126|1P1UmZq,aqb22lXbf89Sy,7iZ
Supplier#000067163|LBJscwt0jc8
Supplier#000067251|uwKIio9RmFfhnAlQvG177vK5aG
Supplier#000067323|n3jLwWcmrGtHo
Supplier#000067330|5SgVK3xKxIDMc5T9KWttmqlNv12Rkro9aUZ4Txnk
Supplier#000067339|WXVTLF7i1PJamYXwHm8i6BX,fcfR1
Supplier#000067429|rJd 3bQlgr1dWkwE0m7nPSZ 9K5KVeYk9 
Supplier#000067495|lLMSWliaGP MiqN49lTm
Supplier#000067533|b8lkPsAiT6TBzoDHbQJ8
Supplier#000067560|RKCBEZv4gtc8 dCukxarq33PCfKNdl4Me7pF1
Supplier#000067574|pSPlMS WIq2rbTjIfB,5rWzk0PH7CnQ
Supplier#000067601|BBcJf7yEKHMPW3lMns
Supplier#000067711| RANpgmoNPtETnqbJatR8Sy
Supplier#000067749|b0w1zhdcWud H2afzl5ae6ku,t5IKMsANDBK 
Supplier#000067835|1nzuaPpKntmswx5stMey0
Supplier#000067845|j7nNWX5YjBTqxg2aBkT0CaJD6NewOKX77
Supplier#000068031|4HdTTQ,IiNcrkIh3aHekKXZIt1hXImC5lIVWUO
Supplier#000068100|fRBbnq9G6EAoLHn 63mFx
Supplier#000068137|hPPERU57IxiVoxdqAKkWh58s4S
Supplier#000068210|OslmD  Xq1 EzobHYOUtSC
Supplier#000068226|UIxcnJXmFqs7yLE9pcf8Nkq,dTK5q72Ctrk
Supplier#000068348|rUpR MEQabbjCfbu1qpMlfS07UuoFO8Jl3
Supplier#000068442|42aWRQlz7E3vRh
Supplier#000068454|xVOhuDC8on3Bs,2nt7Jz09JDzP X
Supplier#000068602|DSM2SIj4RVz0g
Supplier#000068612|BDZfYxdm9KyNRC,YYfAWPhk
Supplier#000068663|k Yfjp 9M4r K77uR1t2JZ2hl47xAKu63qA
Supplier#000068668|Jo3xn,4f0EV9zSXWnZLvQ4WbRSyJ6
Supplier#000068734|3iHynQZQqn3Y4maLLUJGGzL2Fa4CtVKiPY
Supplier#000068958|OmJpnvkxs nw9
Supplier#000069012|lCzESoCF72od68GwGvmrklnpLc
Supplier#000069178|SZNVySxoyZeHxnSyWw
Supplier#000069180|A9AE0AhPqC8pOlOCB8GyjcgwIEGcX
Supplier#000069239|mJwFFECES1x0CiY kT1yaUsIr
Supplier#000069366|ElzO,B185WMkoZZtaOAK1 YuKrtVTGdP30KLr,ET
Supplier#000069368|pbdCGrDEQ4NdN7A2bZjvSO,GQ4o92Q
Supplier#000069541|8MhoB1PTxMDhxeVfgp4WJ5P3,7M9 2
Supplier#000069633|RNniMrxBBfbmhe
Supplier#000069641|4JfIwgs8W9xW
Supplier#000069673|DeZDPMfLIO
Supplier#000069772|G4XpTDDJJzpBIo4DMTJQkF
Supplier#000069816|bKjp8D,6eJVXIeWhmj5m4MTrazzqoxxYGAiY
Supplier#000069829|J7uPEfgVhi3NUotxC2JR5TmMPJeuJdBCC4CJQb
Supplier#000069848|icak1oat0l89cFFO IqIFznR16Gi Hv9Lz
Supplier#000069850|mPI,kcAbpDAZfLH
Supplier#000069872|pcsjxYRRgTkYoRi
Supplier#000069990|30HJl7YZ nmBwgMS
Supplier#000070070|U7exVwZU3Fcl9JCxgqk7yizW0
Supplier#000070124|2nBUYC6D8xtHurwCKDpgP5GqX3g1F0AZoJqNm
Supplier#000070268|3Zib1X4yyYxzZySNtwp2NODsT,,QwDV5
Supplier#000070454|DNzjoXk2sT498CaC80bEE7i
Supplier#000070455|oVt7ylSb0npk
Supplier#000070501|sduE06NoXaPo9gTwH
Supplier#000070583|V4rZSUaATE4ecE9Wc,7w opBhLR,jViD
Supplier#000070609|7Qwo C8qlxSV92Y9TYV0
Supplier#000070811|tVwrrFalwmb3um420fID8qeZZND
Supplier#000070834| E6q8UVa8,E9IGV5zZtGXbIkdjemBT6d
Supplier#000070869|pAuQYO3INBoi,mdsMJ5guaQYgOGektDjcsGU,
Supplier#000070890|YotMa,d2t2QpyMmrlE1G8SQdYSctWYiWrM8
Supplier#000070909|p9nPJ,wyFTmM3e
Supplier#000070965|U51w2 YKZA 3fA1UyJkp6k9bimiTVHZ mjq9
Supplier#000071002|6zPcHKgEWqBqDgA
Supplier#000071048|rNmFqS3i6EfJLLLA2WalHFwmCYiCs8Vruj
Supplier#000071081|hOX4xDNSVq0n
Supplier#000071163|EVPzOubjt5cWBnhmEYJemGNZezRgJbNNwby,C
Supplier#000071176|kdVjkgyVqTd8T1 zkMVDG08Jx6uCUn6 cHrSlnnO
Supplier#000071279|8SVdaf usdrSWuMGQmWNpkDF1nM02yfevoZyZgK
Supplier#000071288| W6E7kS1rXSt 6uGdqifhOVxGob
Supplier#000071374|7 cy,kEuhINsN
Supplier#000071411|dzOWkAiwuAQTGMIW0oXieBm6ItXbovLwKD8GG,k
Supplier#000071463|Uvm1PSleWeRUcOyI
Supplier#000071540|IjPt2Tcuj kd6wQmBfZ,nruNNCmwkA2AgXG57HA
Supplier#000071547|KET06HZlti5PYRnIVQyzL18Yiy407NfwAzcjmLd
Supplier#000071554|ow4e0uTd1KtGC Dkp1LDcwrZqnzwD01G
Supplier#000071558|icMjROOdr1qip7iq8I1
Supplier#000071559|KImeKWG1KyWmPzGJNHabExUTBuyLaDp3Ggxb
Supplier#000071657|pCNKB8v3lg5cx69
Supplier#000071674|HJNui84,rkxSi
Supplier#000071702|jSVRXQkdsVVuoK5xmo6u J, tlErruD1,TQmn1K
Supplier#000071734|LYPUhHE24EtKek 
Supplier#000071774|Ss6squy3y9f1dfe3 Y
Supplier#000071853|WPv1joi,cJ8TM,kmx6
Supplier#000071877|f5Z6WPoepzI1jhQ7SxrhKKd
Supplier#000071940|ksglp QSgtoRfSUK8ezrSzmlZ7YynpIBqs
Supplier#000071944|WdRdi2z0pN03Iu5YXH72W
Supplier#000071978|XF37PTmZkE
Supplier#000072020|UWQOiJl,oHPVvxmjla5S,qs
Supplier#000072053|5sAbFjTKk84gAE0b5pQCQmqdRVwu4XinjEW
Supplier#000072077|ppoznYtLrcpk
Supplier#000072297|8dnxXsAQktXkU3bFDA3Ho1lgyC8r0Jzh
Supplier#000072311|FoFJDzaJXQJoj,sV
Supplier#000072313|AnrgEB3a3pYsN5coEd44GyFrJSyP0z3uIBH3ZHJ
Supplier#000072353|xQyD1aIhkZEpEQZ
Supplier#000072380|CzNriiUzU,MAn1AxK
Supplier#000072416|mgFk3D1B BVSMYj16fP4UOLCMXs831rfAw
Supplier#000072472|EYPgG9H 4gad2,wuYbs9nxU89aGzU,Ueq
Supplier#000072551|5nZU aCrCPLr74voj5XMNBykp85QbxnQh
Supplier#000072598|0K,3sivemtAAQRSz3tNx
Supplier#000072620|whueRtm5LiRX9dhVD7LlG06BfVTo
Supplier#000072634|I9E8bZrMJaw9BT01M6
Supplier#000072670|BvA1a828tBbbzDF 68IZilOFX9
Supplier#000072702|sZ SaMV4f9dBwkmrafXzBWRMvLNogu
Supplier#000072828|R4dQ3u5MX8m
Supplier#000072829|0uAv ApDDy04i9s
Supplier#000072880|xq6GU93txASRwjPydBpLrTD
Supplier#000072896|b73ERx6gLl9FrkN82lGjE twnWS,
Supplier#000072963|jaZxfRsZayqD5mLKzQwT,TTgSbjV
Supplier#000072980|,lsC erg4NEppQWtl
Supplier#000072997|2UpL6N6evh3llMtC09o6zbYAIAJyAa
Supplier#000073054|JdUO5mLYQZ3v
Supplier#000073197|QYL177MTxwI C2z1FmB4LNM7PA,3A
Supplier#000073259|54TDH2iPqyfbDnLNHrSchi9bMEcpO
Supplier#000073274|ApOAffw0tgBxfK
Supplier#000073310|jCSpnjrKraHHC3Wo
Supplier#000073434|bhjw5p ZzA0G54bqwtIug4Bv
Supplier#000073472|IBLVNBo3N 1DHmk55,wky7bl
Supplier#000073476|REj0aQMdEmt0nxx91Sw,wxcge9MI8,rI1G9I
Supplier#000073489|NLqBBnB,YNi7N8RKOlwXv
Supplier#000073602|UyOj8vPd59e8gLTG5ur79GxVZh68xWSd
Supplier#000073645|G,KkSqzU7FZj0r0mXUJOgslNyxJFsg Vr
Supplier#000073667|yyCUqC2sZgj
Supplier#000073690|RurucV9Y2bqJL9QjkDqmZLBhGZW2r
Supplier#000073695|1,0l3RvwQ3bv6EoZLyB
Supplier#000073722|DvEoDXgKTw
Supplier#000073753|Ne7VQMnV0L4 Rw,tlTocv56Np
Supplier#000073779|vg,zu,PZTX16cWnpuZ T1Du
Supplier#000073786|oN5UZ4SIu2WUitgrjCfYwerqfQhWz IU3 mr3A
Supplier#000073809|X8 wbAlzNkBbPtCQQfN6WWZtQ3FCVk
Supplier#000073985|S4WdnSOSk93Y
Supplier#000073994|XIVLhJ8Pb54H
Supplier#000074023|vQZu80Jd70XZDz
Supplier#000074041|1CgOqjGPeblukGxirAdSY1vvgqlRdXNjI
Supplier#000074132|Q5WSv6sPZmdkVXa6
Supplier#000074155|Ra,ZIY5TZSr2xXwL028PBxg8EXfzGSd1HQ
Supplier#000074173|CP5ObG2UYlZjGeLs
Supplier#000074198|neFViytvBFxs1gy5xBGtExSf
Supplier#000074237|LrUI9ACy5P7d76r t2eyzouDk4OX
Supplier#000074320|pHqby4sZe byTJoaBk
Supplier#000074434|RToaF70Sde98XBprxVS0YSsErjBBtyH7
Supplier#000074445|lzMXtYpOT2wxw3j,VUhZTNL1gqFXPZ9cyB2yh
Supplier#000074594|h1bYTW8Uo8 8i51S 4ti
Supplier#000074636|aWbP3k0oCYj,UgKgPs
Supplier#000074678|AFuGMTUX1huYZ
Supplier#000074799|jzDqK LcfWTLyvk AdyCLu2u9ovntKIQK3
Supplier#000074820|iV6adG MspP5iujm,NwQBhmJSTYzr
Supplier#000074854|rMllv9zy8tF5SDI
Supplier#000074964|MzHffyMwZycsJge
Supplier#000074969|kb77bo1DITHR0ElC2mv
Supplier#000074975|,KfFXz22eVbBDUVX4Z
Supplier#000074985|8Spp8Pzpm7bQ7ibgHo64SyaZDiF73
Supplier#000075055|RaXjxED0uWItLT5Up4,
Supplier#000075143|MjjjSJjEOIqHR lP86n1cfNcon3Ks5U
Supplier#000075199|b1SRyWOjFPpLATiHo53bTqiWmSjeyGyB0sD
Supplier#000075256|qnCat5yLCeLE3VFGd
Supplier#000075368|vqDEdjo,OK4139ZDYbSUO6 Bbi
Supplier#000075482|PgrsNUGrW6mdvzxYdDoJKBAE5
Supplier#000075563|uEWU43c5v90Tsb1P3NbBKn67wWN,pDgLi03DX
Supplier#000075564|GfCXBPM3BS9VbFGMCgtjbmSSDhOuCB,
Supplier#000075611|a7IaUN1LcFs1xoVzk08X5Dhc
Supplier#000075710|KXSYJpPGKVu6bs0AFbCBuBpDW14
Supplier#000075749|yDVYJviCL57gztxksokn
Supplier#000075784|EmtuYxwyJ9u7
Supplier#000075818|dWE4XTaVtFF8Wm
Supplier#000075853|RDHhOwvnxHz gwJ9XFvpcdk5cPv
Supplier#000075870|QJxqlX8fgEBiMSBC59M
Supplier#000075929|RHny5Zw,Y4G0ENOa3KKSb
Supplier#000075938|UU5eris Lh7sYMEo1uYZw3Wm0X5iJ3Vj
Supplier#000075992|tuIsIkDlFeZRbmg1Ne4N28L5QyGaxU
Supplier#000076003|K1W8AzB35aq,
Supplier#000076092|hUo6yJuzOW8RlFv
Supplier#000076095|WIU5oNb7TQqv ByfALTZ 00uGx0h
Supplier#000076138|pmdlgstM Mu6ETKffxM3iIzf1eh6Fs2GikO
Supplier#000076268|JQ8ywb,f, 
Supplier#000076296|ZzCdxDKlg,zHbZrrhuMBqiJ4aVSvnumrhOH27z
Supplier#000076329|SqFN,OtMxhsp45XJXM5n70,
Supplier#000076363|i3v1DNVl1uMqZyNYq QZO6yKAV
Supplier#000076619|2UOZUTK5ItMku0HRBurLZeF20
Supplier#000076751| prg9DckbUpe, almonS6jfWsq
Supplier#000076852|Nmew20zXps,baGxTbe0dwRedQ
Supplier#000076891|EIswP7fjkQ3u
Supplier#000076929|8Gh6PuEjbsvTGktLdYfzh
Supplier#000076961|wQm7QbgWYuXPijo8CaQN
Supplier#000077074|K,qK4Mijq1t1z0y9EhIYNQaPXX
Supplier#000077137|tQN a5AMx4K6
Supplier#000077163|qtMgqr9wHFLA9Jc
Supplier#000077181|iAlq,MoMptU tT
Supplier#000077234|qqB6kv4thh293EZ9BRSdmrmy6xT KBj
Supplier#000077311|PtdxDxifnEGE6Lly4Dyb6hX8NfyHaapveQZRrlLb
Supplier#000077378|JHb8 SFbTwo
Supplier#000077395|2O9PGxAQTcYgb0yl2ee
Supplier#000077396|dPIl3b2 NWM
Supplier#000077445|FnycyamKlaIFv4jgO5o1iJj
Supplier#000077451|TZ7Cj49fx7
Supplier#000077559|xXXY8V9Pf5PAj9XvKHSKwhC6c20zOs
Supplier#000077590|pWFKaGMeNHNGl6WrdsDYjA68
Supplier#000077610|Tvcq3QJ48k,2yikJkXFeQ
Supplier#000077646|l7V2foSoG4D2NeuOd
Supplier#000077678|DXpilLkZrkTKUbZqnbFCVVJeQ
Supplier#000077684|bQjGPb1J pTwPLU2
Supplier#000077708|j6sy9zPQ0OpQSQx4SypaudDhVzQDmGGc3Z5aU
Supplier#000077762|NNfoIh2wrVXNNUbH,saRl m4OhHt2Xfs
Supplier#000077808|g7,cqVE5i83cZa6UI
Supplier#000077944|r6KjzBxZQjACBR3RBvnTgvh
Supplier#000077948|1UL7kjo9T2T 7CB3VzRF9WtfufOkWKT
Supplier#000078007|VHM9jmn6rHYBp 0Kn01n zn89oiVxPO1IhQNu
Supplier#000078079|q,qRGdoZEwDY4XJ
Supplier#000078115|p2866sXEDNF1ZuiWrxN25yCFxxdzOZnfL
Supplier#000078125|AzpMv84bJAZqCr0o
Supplier#000078163|CF 5mNhLvh42c,EiWLLg4ju0RECtkRQDiJS1yt
Supplier#000078243|uYsa14deWvEj7fUPyP7LPxvSlg8
Supplier#000078260|eX7ujTxjSbbezEDwSrwSNv9RB cRSlxGrUXttZ
Supplier#000078355|axmoYK3t16pMWQCHFBz4 bg,x4
Supplier#000078402|tBWcoJPGSGKN
Supplier#000078504|tBoVm5NmiZfTRs65QCf4tUx y
Supplier#000078508|7nRchYbGn5U7eecxvTuFGz
Supplier#000078522|c0y1TYZu8qvS 0FN0BhYA1ll
Supplier#000078565|znoXzuGcz5orEmujOgpd
Supplier#000078587|otbdCtjcXQ3g83igyFGOvZ7Kf
Supplier#000078631|L GnSzC,OGWJE7zq
Supplier#000078674|tuaYCmw2aKSeWnQrPT3uylbZ
Supplier#000078792|810S2suAAUVYrkYS4uX1V4aZJ7Q
Supplier#000078916| Cnp9WJk9A dGzO7cPDtNWmx9qkEdnTwFt
Supplier#000078928|Bd9qYRLgEsoH9Mn
Supplier#000078983|yAK2b5nCuYAprNN9AnUohepv18iKort
Supplier#000079050| 5kgWdC0bUWTRdVOZr9dtn4jEOeDvexd
Supplier#000079095|t,dFb,Ee0XdnO8wgifDC
Supplier#000079130|uu7E5 wgFLbGklEVziD
Supplier#000079137|Oc6P7PM882LffUBL
Supplier#000079145|gm4AsNSGoavY3EoR34f7tAbO
Supplier#000079152|XfAmQJ,WfYp3qk txK5GuoS2MCfVt
Supplier#000079180|hMUJ7WOR4JcBXlY 
Supplier#000079201|NoEHlHrED,MWzobWky4v6bxi
Supplier#000079206|JnQ26QRzdinVh3CRVOkeHhueW2LRLlh3
Supplier#000079209|1gaZb 8LQLR6oOOANF,Tc48ZnUl0TWZvNx
Supplier#000079229|Hp8mBTUeTYNs0iVs,3PeaI6
Supplier#000079254| m2bfuwKmrOnPlM1PkHoGu 
Supplier#000079265|ODgJaNW7jVuTx8PXQOUGmRotq6WzDrLmLMT95 h
Supplier#000079302|gAj9aZqnQhMICplu7ycW8al
Supplier#000079358|cQWz6vHaQ6j8 bPmtZX8b88R4m7ogyp
Supplier#000079398|tgSsWmB1Oo,aWD,ny,akOD
Supplier#000079453|Dsu3xUcJLncV
Supplier#000079515|jerhnJ844x DcqN4FKGYpTcLFmZE6o MMTWdpcnW
Supplier#000079527|Lvzy,1N nblQ6XrQjtB5c8ZqRnLlM aLd8pm2w
Supplier#000079624|9heisV5PwQQHVfXCai0T4
Supplier#000079634|MhpXzkx7i9DnUPPtNF5K,VBCU0B9
Supplier#000079673|G5TiRjbp7nIm  msJ47
Supplier#000079781|reYVcGGk ev0lO 6lMhzKvpMfIc
Supplier#000079804| DN9RsJSf5y22OaA1AsvulZZ9a7Pz
Supplier#000079922|Ta2Q p0QczRBROYrFi9Xgd04Hz
Supplier#000079944|b1gtMThzpTfRD,YKlT,i1ag 5KkPeO9AJeTze
Supplier#000079957|kAY9BbNgb2TCA r6l7kACwMg5
Supplier#000080015|ARsValZXJW3Pj
Supplier#000080016|W,W1qLdcONbtJcxxPIWkMITYdVPRTRFo,
Supplier#000080086|Xdq4LUB11mjE8dCJ9kpFqv1WtXut4SX8AqPOH
Supplier#000080114|J38OGiT59,eYZBHtXWuMB2ZfOIGoIB
Supplier#000080271|IsZgqIsw,vMGgyuV8ibSXxu8PeWx9u6k5HoIv
Supplier#000080297|BdNbqiAcKcwIehZFCcJu1,ZOQJamxBtZl4
Supplier#000080341|N4oosqteq5mr8bFlZ1ihYsl4ma1Atc4Xe 
Supplier#000080380|ioyx4Y kb3piN8ia5Vd1,0sfGPQ56z6HOCkn,X
Supplier#000080444|agQz1HJxQDjQFH0Jeg ixM5yJiIdqVd3H5VwWVNG
Supplier#000080459|s,ANvHcOmvzL5vsbGcxDfyq7BKoh9AzC
Supplier#000080550|Sh9LZFXJkl3yUPSMIpL GzZ
Supplier#000080637|3tChCP8Vf3LfsH6HgFI0,g2QmDTRA1mgeLXtSz
Supplier#000080671|Bhfz6jsj0g7vFM,PBfcbmQnmXWsUcngRo3XF
Supplier#000080749|88DJJt9IGmC6atKy6b8ikEsrw8,x,7Gn4RXs
Supplier#000080762|4KeJgtyCvsyx58O1aBygXCciIbn
Supplier#000080778|R8DGMfXCUS
Supplier#000080803|UVJbG2 FemyOqbApG
Supplier#000080863|KQGAtL,DrjxSUF,9Sv2sqf6YjvqRMh4 z
Supplier#000080889|tNhYYvpoaCXDbdnTgFG6yH
Supplier#000080904|8uKG9sne,YXQH
Supplier#000081034|vPHKB55azTMkW
Supplier#000081039|0UABl2oqD9o2pBjzhYT6S57znyrir5 5V41zH6NK
Supplier#000081057|g26Cp0ESxEBdIqYSLcnLsrNos0d2zMntznCcd
Supplier#000081069|htjhM9YEcSsPRtsSo1C l
Supplier#000081115|VG3CoyWYTT9fsfThM90vGzC5xvJ5na
Supplier#000081222|Lc7cBjs RRPJ2sPZ1jhLxwEse
Supplier#000081358|xyUVtUZjsmvlC3Ak5TeoCQUEFGAFjyj2alq0WtZE
Supplier#000081371|Qfod,oyyqi7KK
Supplier#000081586|ZejY1dUW59ZgCOQTPoc5vAzbTzs
Supplier#000081588|axPuhFEIMPAYlbG
Supplier#000081612|PjZOi,v3LenP
Supplier#000081636|iFwlV3eYOBa2Ohm
Supplier#000081651|gyRxCgypTF8EJU0rNK7Tj0ymVH
Supplier#000081724|GqAXfkHW5KwlMZZr45emsQ8l
Supplier#000081760|YNFDIwbFZi9 LR4aZ
Supplier#000081802|uBObd2DUrn0iZUvaXCiM
Supplier#000081884|hpur231WaYJMdg,wAWhWQHPRxahA94kuVpLUN
Supplier#000081940|aDGF1VmVBKJSkCjZQNpXqAV
Supplier#000081953|zll0CLzaz8w
Supplier#000081989|bx8W7FsYUU6dLSzYDYj6QPbw Be
Supplier#000082120|sPMWrMnZnKMyiX
Supplier#000082153|PvS,Si037AwXWAtWLbx
Supplier#000082365|2ha3E9QYXXX4chJU0yVzPWkVvS
Supplier#000082466|yPOHMpKCsJWBb
Supplier#000082547|2dUiUbSaHgm5ro,Rfm
Supplier#000082591|YK,f8w66Jw2Vh4E
Supplier#000082775|zFLIR,RN6GfH2m5wrFsvJIqawJ9rIfZ
Supplier#000082815|luCKQt4bCGRM
Supplier#000082823|E1gCOAsux8K6x2fdXI3u,
Supplier#000082826|9onv2jA2PVEieiTSUZBU
Supplier#000082851|VzTN2vjpz0rH7afg2xFF,bl93
Supplier#000082964|mh3 ATJXmuPGRBsNoDyvAH0s,6 TVki
Supplier#000083008|WvvsOUxQj,lZmeNft7OoJYcGnkDypi
Supplier#000083042|B5nqJ5qY czI9VY3Zn
Supplier#000083204|s9qMXth 9jnSvk
Supplier#000083333|hqhN fG5Vd56pDhDD7m6OBUJqlbTpiYmzK9SYu
Supplier#000083350|dn6f,4iQfmv,mMn4gRc
Supplier#000083394|zP,qSsZYIiSakJACWJNA09C2J
Supplier#000083432|3pHLdtTxpJ zK
Supplier#000083503|77JqfBrb3NzWVJwUwDQ1VlhyG45dTPl3FNjOx
Supplier#000083551|VciuB,uVYq7zr9UeQwxrpx
Supplier#000083558|550XsPoNTg2vgTLdC4M5tfh
Supplier#000083571|U38DqMtNsvNDz81wxD6Jv
Supplier#000083626|W,xKDgKo9qO1t,mEw,vMgh
Supplier#000083690|9 rJ,DOI8V3ZdQ6zgvC
Supplier#000083753|wt6It9TGWJuwz,W4uz5KL9GArgeaC2PdyIUv2nP 
Supplier#000083778|cIZDcEY8Gt jNZGTEJcQGnPKxRr
Supplier#000083780|wgpzj1ATYODdZk0L0Ft341
Supplier#000083836|t1mr4tHlPD84cI8
Supplier#000083848|7r9mzvgI4drk29fW
Supplier#000083927|3uE2XJthorCcgi3VlrrJ0bj
Supplier#000084060|rIjdM7KXNt6hRGJ9r2TXNez4wGCW,abtG1rz
Supplier#000084163|PPNUOTFaie9N,K4Ds4no4WSgikROddI
Supplier#000084199|qLBdY8RMX,NJX5N
Supplier#000084303|stE3Na4KXr9kGGFtoOWODbo
Supplier#000084311|dYTiQZagGOd3Jzzhd
Supplier#000084331|F7YKhq4yr8RlMfR
Supplier#000084383|ti1QC6ckAkivLojtkAAaOqqGjRDKBIbneDp
Supplier#000084393|4q6,F2yzGwGSV,dljJXcM3izuXLnr3jwNY8G
Supplier#000084394|P4ir4bRECoCJdulxH9C
Supplier#000084421|4gam4LcXtn6ZRGSC8HLuiN5m4inj95
Supplier#000084624|jV6mJ4HPLKQEssZPmFDw3J9bmJXnAatB
Supplier#000084647|TIUjvM6WpzUKFLHhV5Fw467Rdzt7
Supplier#000084673|V3OLnOx5Mf8QHyzwdNFIBAPCZ
Supplier#000084688|h VMhzd8bbFNppn0t2
Supplier#000084738|3F5kAN,xpZUsNJypYY2I362tBr91h
Supplier#000084754|RYjPe1bkCbR4ly1tYBcul5jb1
Supplier#000084772|K0J2ZlK01XlDaEIRUxBlDUphUiBED99
Supplier#000084825|jKjL,5BEfChTdPZEN
Supplier#000084955|e5Q8L0,HGumhhNBHP
Supplier#000085015|6G93nEwixXSCU3a Feh
Supplier#000085039|3nGX2ikIucZlAek,NFL1
Supplier#000085075|ewlwS7G,Jc6igj9sQYovb9rmlVc2N
Supplier#000085200|iaYHPwykM9XeH8Sps6obZU54BAjUFXrf2K e0
Supplier#000085262|JfdUIUjq5a8Kr0jA1OOmK3wsXn PBwk
Supplier#000085294|izoHVNYmztOeUz
Supplier#000085326|78CHGkU,mgthyA7Xyjbi sVUmlqv
Supplier#000085373|wf9,KmT2kKbSp0UnrC7p
Supplier#000085402|lClTAV28PI3DNHjE
Supplier#000085405|R135zidmu2sLQpK1C2PFacjp8JwpZGFzst
Supplier#000085447|xzZ5dG6vJsRYfFOjjS6sElE
Supplier#000085472|VG w3gg42vPi4GnY2CPJXYSUUM7DodJEbgZaD
Supplier#000085527|9bc8ZF 1Qo
Supplier#000085603|HRgwwds8FT 7 e07XWJLEKzZQrzOs,l6
Supplier#000085649|PwjTPTwdcJBIOL8R 8s9GI,fWaF
Supplier#000085667|M3CoW6HbUWXfBHA
Supplier#000085704|CrrQ45yGRFGz1yYRDX6N7t7uZQiGSmW
Supplier#000085770|UAgCvjpdRZW6HSdP5awrxcUUpFs2rNsVLvq821B
Supplier#000085785|lnDQxDa3WacunXoUdQSkYnfTh Qpd8bbY
Supplier#000085893|cYbgGLKLOCDPa6aO504qY2KOg4YH
Supplier#000085896|xSc2Hai61Rk
Supplier#000086187|F13Kkyw 3fkspDN
Supplier#000086200|iG3dAI9o08gio6rLotjDmMbaeSu7pkL
Supplier#000086262|NcognUa33eYktQ2HxCD GMZzB1vA
Supplier#000086284|X3ECCgc6gr4KS9wPZ b0t3CswXOVjUR3tUtYj
Supplier#000086303|fbn6r914LzfA4Ky
Supplier#000086397|71WBFpEvkjh5G2Go8O,
Supplier#000086408|EXmoBsZdN6oN3PIlnxe2M9MrON5
Supplier#000086418|DVrHb5OZm2i j5xzOrlTk
Supplier#000086497|5NEHHtntg202TfL
Supplier#000086500|H5g6nBe2GFqM5mbQRK5m1,zq,7rSvo
Supplier#000086504|U7h0HJwJgVY0gBZjgFSJsatUq
Supplier#000086562|LpFE8IqeZP
Supplier#000086664|uSmMUdnZGgSQY5c2k9ONRVDil,vMShMV4D
Supplier#000086688|ABA3B16O7TtwLV7DHoonLAGY4
Supplier#000086735|fFAhqtTNT0U23V2q9FQpgU8fqibMDYQr7atxLp
Supplier#000086739|qvewXoqnYNARcfhkbdTJMajcFQpIY3QJ
Supplier#000086766|,AjLw,,oEILja gEY4f8i jwKQdqNcfLz2as
Supplier#000086850|fEpYG2Uqp9dcQ N5blcB7pfcLyp8uuXFCKVv V
Supplier#000086892| QhfZlY8luKgwz1fz6IiWnbj245OfVE
Supplier#000087053|LN666axQxIVvjIg
Supplier#000087057|Wev5EEQ4dwMwxM9kMvnHCfcoeZ lSN
Supplier#000087080|8YCwigvxsQO9julRoLS7tm843F
Supplier#000087199|xJGgV2d2bOVIGK
Supplier#000087241|ajJCD9SCKnB6ZcrGpP8G7YZToKAusspd4AV8l
Supplier#000087242|rRPs52MWVkRG7A0OK85
Supplier#000087296|2XkQqZ vdF5E vYVq
Supplier#000087348|rjzLADx07MyIWqC06KRh28d9Y4
Supplier#000087467|lgR,oNFT0CeYExpjl8hlWof
Supplier#000087475|MAZG98PG1XKo5pupmvldjnKr6v8dOuvYGYow4s
Supplier#000087535|IXy1VSYL0Hxd4WXwbSeWrOFXWRGzcUFwcKglh
Supplier#000087560|iuDmYz3Du27uUDTbMhcXBP5eX7
Supplier#000087654|C3gIWFFxjD,a8J
Supplier#000087673|ld,I6,c1NmysQpE4Oky,crG3fV7K0fRG3
Supplier#000087719| SPWMNJDTl5RjgcBIqbfHJSj,qz5gWOOi
Supplier#000087735|mf2c1zp9w,1Nh4j85yp8
Supplier#000087895|9pCuIw VV2Ue3GYFiUtPXWhLmYPhR
Supplier#000087903|tJbHrTOgWKamBW
Supplier#000088005|F,vMkWl49jDpljNZSUoOWwo6hs2Ff
Supplier#000088007|xxO8hZ0AivHmwR7k6yFVgzCwS2Fn
Supplier#000088012|nrZVHAa0wOC
Supplier#000088013|9J8MLXqaES8JAKq9CL
Supplier#000088087|Vu2tq11,R,2Fxu0BIwoguPzRkMpBT3ynRH44D
Supplier#000088181|r6j68uBS1J7DkLHOuLT5zDz3XgSH
Supplier#000088214|Y8DVBJn63JV8XYKaj4XN090dXVjUvV4pq3
Supplier#000088252|q8 o4fBnTeo8TXPFXsTuFQWUV
Supplier#000088267|c6HnbmdbYUIXqaLXHVF0EZ
Supplier#000088305|RQOcD5702XVE2GMYwa6uDIi
Supplier#000088322|twToS1eivC2OrE8ntN2UtMUgbc7BO3xxAt
Supplier#000088326|zUruNiSyLmn3yjBkovjjcdBlzxfg XMooA
Supplier#000088387|zBRK9223HQM28g2cjcLoww,In tH0KNN4svGANJ5
Supplier#000088426|K6BWauLJjDoySrlkQyl9K
Supplier#000088476|di2BHPDSxT4tXp6ifNi7Eb9
Supplier#000088566|AKhdysw JcAHZPpXmEXCWM3hCV6DSLkaI5
Supplier#000088719|7rzAxTczUcjt8btQt2qmZOAYffXL
Supplier#000088800|,1,iI2xxBkUSAGgnQPBCGQAX44RK
Supplier#000088811|lgVXLDojBbT4BH
Supplier#000088831|iCx9T kgqdai
Supplier#000088914|uCAzFjbvGCpQc8d c
Supplier#000088934|kj6B41HQ0M oSijeVhe,XLf1, qXiwBvwSenf
Supplier#000089006|ASGOE2Df54,BlaYA L
Supplier#000089101|3V9wRmmF9RdnhgzYrz,5bU,NPrtXDXhjgt 
Supplier#000089134|C6sTUWr9ski60NGwSLSnTuW1QlFBGdh6NQQe29S
Supplier#000089296|s7Xm 4e254dZR96gh737Wb1F2OMttDOn,R
Supplier#000089355|3KZVDvdPLop
Supplier#000089359|HNlV1s1LL,is7jroHg7Ud1OLxBWYA
Supplier#000089366|1v1J0vVO7Rlb1iYWJ3
Supplier#000089389|G,5TZBKhJXstEQsXrLqcsXPA6iCENS
Supplier#000089410|UcjApWYslihO7F,GPCBe vQz0O
Supplier#000089491|GAn3RwCzCJztnVlHTcCipaSD
Supplier#000089537|FvFOIiEusqDACOHI07xCUO6TC
Supplier#000089653|7sQiVhzBfDlhPkpafKFE,pNqmNm2GkAbGSM 
Supplier#000089662|X90EoPqLCSwXgsEe9,AYC
Supplier#000089776|DOcRun98tGTch6J6u9fLlpY,p
Supplier#000089779|Wqwm7s4VrCovwJhpQbmcheLYl8XL2ciJW1FVb
Supplier#000089812|DodK0iGUzI9uk,JBFRoR9aEWTHKzQ
Supplier#000089876|f0o1,9xA62w3wBfeAQG7I8Y39qIPGIix,uf
Supplier#000089910|ZpUIudxfZBiBltz73QiIUX
Supplier#000090005|Nw6b0e 6rzVtgpyCIsOmg8cUwX
Supplier#000090080|oCM6y0fofxB68AdJYUNgcqYj
Supplier#000090084|QgbyNGNKWH6jz3Zo5EF
Supplier#000090143|YXS3FbaCqv 8tx5GFKEkZAG 
Supplier#000090174|CzR6qJ5ZwYXIfhtkwCR
Supplier#000090256|tVOdzDqVW,YVzEeD0bo4
Supplier#000090398|rpPC ,5YLkI
Supplier#000090597|Dx4H5skmoTsQgd2jd,,
Supplier#000090649|A22,idBMLBRD
Supplier#000090664|lVYQF6Ntl2a7c0jvOCHmSUY8wSlyTiFZm
Supplier#000090699|L,SZ7lz4zgtZn0Fg1fo
Supplier#000090733|MxnujxKyPb4oFfjDBj1RCV13
Supplier#000090758|s6t6UCh34elN3T9tRhFwoUMQZgbi2t2f7O2
Supplier#000090882|UJu3EGbGWgmA29C7Zp
Supplier#000090963|ryToNf1lC FeP0kntOjyO
Supplier#000090979|y9G4gptivW,6
Supplier#000090986|0G7WpUZGrPIfeWiYlXpZC,BQeCN6jwrrhsU02T K
Supplier#000090995|V6TlwqDs1hbwO5jh92o
Supplier#000091037|6 wuP1cBUS0atrR4KF5 caHpcaDzrJL
Supplier#000091056|n23lF UvgY1k3ESaZV Y8KoVFDNZQa1R
Supplier#000091065|PZ7oQVO,niszkRrV3AfmorxdlRzq5iJrU1c7v
Supplier#000091160|bvtJyF5 1n
Supplier#000091174|gBncWUEY8I3h3ScW1LVcS05ro1nx1KN yvT5SD
Supplier#000091257|HuvM3YQK1VDm,Vwkvbjzk2bJ1riak41
Supplier#000091334|S7IDqSKExS93n
Supplier#000091337|p0Evq,ky9GD1Pll kjhjTqUD HHYZ
Supplier#000091406|lERUk5JrY AGwV080is5LXsW5PBhK,
Supplier#000091411|HZArA0rJiMQZOsHdDSm2aHqF3kV,6TI6DUQqWQ
Supplier#000091423|1nqsIzxhe0v
Supplier#000091498|kH1vixnoQh6U3ipf75XlzqGykb47SuJwnw
Supplier#000091541|0o5WM8bx0jA5K7Ixdvu
Supplier#000091542|1Q85daMoh03Og,lE2ckoAb8BtG
Supplier#000091639|jOQ,TePM95Pf6Uas
Supplier#000091657|Z2Dvg13wdxtX
Supplier#000091661|dMebss3qj9zVTu7p9lP0k,gtJVQvo7Uq1iNjfVN
Supplier#000091906|Go3 PLH3QCnXpuugSTJ2L9
Supplier#000092011|c ,mGGtQezU80VcC4rVjl3mrj3x0XM,YAG5LO
Supplier#000092138|D9oI90T5xGGqNd,BgVNYE
Supplier#000092187|BL,98BoL6UJh8ctkXxhsUu
Supplier#000092269|6OtjVGtiRdkwHFGvVodp1g
Supplier#000092288|IYfdZtIir9qCqeu nxKrgxKzs
Supplier#000092344|NEP9WfX5ygty96EHZQNdPIvYy8SRj34m2Hj
Supplier#000092399|5pMfUUuJOsz
Supplier#000092440|pVpKZFTPYid19bFagqIjWj
Supplier#000092519|ZMMs5GoSk8HeHsvKZ1zCbOZsw,cK
Supplier#000092525|5hyof0hKePSZouaIKxN
Supplier#000092588|39qaPzqYmp4e5qs8LHg54
Supplier#000092617|jTs9RoM3,GhEoSXDAVDP5kJM UMnUYr
Supplier#000092626|ZOkzFNNqJyrHcZbqTxSVlEzycWsRZ6,
Supplier#000092686|7drjYswddTN5
Supplier#000092697|atfkvKBJBXHUYou 9QCJ,AvRt
Supplier#000092730|4dPFZJiiOtA J87BT3Z4L6,I5HK3nKoB
Supplier#000092738|pJsdwJynNGhMr4TOj okjp7C,v827UtO,0B
Supplier#000092750|Hc3XoozQG1NOqXuFbj c5poEgVew4zH
Supplier#000092785|m1W,m,wq HyobKeFzlm7oR4SVNaxql7UkXB B
Supplier#000092839|60bgBRN4UwN,0qHiWHWz6S0
Supplier#000092865| YIgNMs1m4baAmOtM
Supplier#000093046|8GbkKmsC5tNd3U
Supplier#000093209|1a7FqIXjYDRqC1YP
Supplier#000093274|OwTTpUyG0EASm
Supplier#000093275|ZBS4tQonCEooTJwv68oSVxsSwb39A0BWtGpzE
Supplier#000093294|DRtJNaCOx8,
Supplier#000093399|u5ULpRV9vR6 UAKIZ
Supplier#000093401|lGy8Rg0uaYXz
Supplier#000093464|dCcQz9da3C00ZHJepKdzb
Supplier#000093514|xizcORYi7ALTI5v
Supplier#000093597|LzdAkbUAbTGC8cHhxCGB80en8s,Zt9Uu19x88k 
Supplier#000093617|TpRdUeO4a 7AzNhuN tOh7,CrsO9KxGXv
Supplier#000093652|fydSy4im3h8Tvg6r6azm74pMFJu5I
Supplier#000093678|KHimr9su8WwQKMJb3a9
Supplier#000093716|u57Sd8vEA3EJDMjYNHZfFeSAqSFDadWAbZztKi
Supplier#000093720|9k 9h4 xvCb 4C7JdOvAnM
Supplier#000093766|pxtmeo6FyH
Supplier#000093780|iXlqPU,6TMMPOQ5zTzXQqnkONuecE2qFE9f
Supplier#000093812|qqm7kx4Iem
Supplier#000093876|iEGANuqAD5f16U yiIrd,RriCp 1iqSjVpOoONv
Supplier#000093911|SFbx12ew,L8d2BPvo4dLchSUSqi0xXpvvi,NsHb
Supplier#000093940|VHeocs9MXJ6Q eoMAKEr,ozgK3BQYzl p54A
Supplier#000093959|ZqnAlMTEE7hoTRb5FDfUcU1Z
Supplier#000093995|o5GjzMBfn3uh
Supplier#000094009|MeZC,6An7qXXc
Supplier#000094025|CCQOCRYM5u3C 40oZ5FL
Supplier#000094039|K4EPOGUpe5lfPO9lxxr6poO,ABk7em9JI kp 
Supplier#000094249|mab80ok7GyaGPeDmuLFcORHvLZC
Supplier#000094268|Cw,zOg8cWLQ2aJ7RTFfFZXN7UGKDlJZw
Supplier#000094271|xRD5W3a4G5SuBgLftMEn4TLVqnmhUYI
Supplier#000094300|HGwFDEXIHOtmdm Et0c4i,
Supplier#000094575|46rsfQwjfMJsfdF14XjW
Supplier#000094584|P7v66VMVmhFm6BpPwBe qWKzRvlp,Af7mmGu6
Supplier#000094585|dQovnxiTMOKW3QKuiWrn4MIJBBt
Supplier#000094718|,YAVvAES8khm4eA8gLnhV1n0QOfQvM2U4o
Supplier#000094839|nJVpvanzcfGriqE 7uuR6DhSWbSS
Supplier#000094857|5mgNcGeiyxI,9x
Supplier#000094929|rW3GIS9Ek7fmq3ZaU4XMYgWDn4I
Supplier#000095207|uw,C5eGzm9rUDN2UzYh0I7oYHnje9FcgY
Supplier#000095267|YuuqJOYfWFzIFtI0
Supplier#000095318|sgcl,ICL5m917z2r V7i2dKAsA,5fVrZTJh
Supplier#000095466|e27vasUjLKK6gUS1goPrpHkcoh4iec
Supplier#000095553|r5kp QXqEOFAp 2 VIW qcImZu
Supplier#000095595|54F NduiyTklSwPlsWyy5f9D2Q
Supplier#000095615|mTes2PnF74Rth8TuXMy40IVE9xGYRuPvG
Supplier#000095642|phsjpzEnA0f tAlQ4jSw8SlNpb4XaOpaGzYWyOrz
Supplier#000095662|CxbRxC7 crZ37x0f9v5SSKMQ10ldrhag290N
Supplier#000095706|D4yiEOQGM18x
Supplier#000095754|yJOb FE,Xov
Supplier#000095781|TRD0Je7yEEH,kYpuFtkTfpUU5FSdfCw0g3dG
Supplier#000095943|ALBgQeGsNrXrm
Supplier#000095946|HEOR38z4RIlxx iBPQuQAh68RjSMC8ZHJ
Supplier#000095973|uI,Liv4XF0ZBW4chUP1zDwCEPO
Supplier#000096047|9FkiI6W5KBQLwXobuQ,Vtg6OhBd7L1aOZQ1i4DZ6
Supplier#000096067|bSC5kDf8CgSHWAj71
Supplier#000096100|zKIdOONuCmcqH7qjPdvqDsvAW10kAN6
Supplier#000096112|fYUkBuUZ,W5IAuvlUv,pQ
Supplier#000096121|2CcUebmque7YNokvsaIW68Zhhx
Supplier#000096243|g0t2lkeEeSUgG
Supplier#000096297|NvnFS4Ko0nmKIvBN2E iiWnmk7ndA,rJK
Supplier#000096361|tYMy 3fZIEPGu
Supplier#000096572|WoH0f9619,KzOZojTEllLFWDEoQmdX
Supplier#000096634|ywPUbRl9cYRe5E0W4Ws s
Supplier#000096736|,RDKz8tXiOx222PhcwA111MDvWCZvaU5yRjbxSNl
Supplier#000096754|v6yeD86kt0xsi8i00YzZ4YaDj77BkqGJh mV5PG
Supplier#000096785|,KSVHYun6o1gZ0Lxitr
Supplier#000096878|uH,p684QAkQSciqDJlNx694
Supplier#000096906|ifOfXiTMoptHKi
Supplier#000096927|vE6xuV3Qo7VXgm9WKBYQ4nLa5LyRxbjXrVB
Supplier#000096938|HzmwPfwQ3sqUynOX0hdHFwaKfAi4MF,6FtW61
Supplier#000096973|4QBJZyCRm1dh5xoWrCJnmgkRiuxc1RPT
Supplier#000096988|LIBm3yoPgA ejHzTlkI6iHTTBtSOK M
Supplier#000097200|C3nu9C3MT39TBqLewunr5JrbNp3
Supplier#000097259|H22nttBcpbtq2X5gWHtpInV
Supplier#000097260|NYEnxljsdbw3m3SRNJkf3vDcdC KrLyqP
Supplier#000097302|9OlwYoWDXSP7ZvlceNNZRJ
Supplier#000097321|e7kmKobOWcSyJXGpL3zo0xlKuu,9W
Supplier#000097372|caUX1Jiu6ucA2YQqqMLLi
Supplier#000097436|CSyzQ3aSp9xBGzBWKef IN7Fr Ug iK,VhM9JPrp
Supplier#000097564|3Q,nxI 0W AFzj4NsZVG,xQAcDVGc 2y
Supplier#000097577|c4LwV4wrJJIjZSyofAbpHkAwLKbpEXupm
Supplier#000097586|K1XSwvqDP1l31x r7grq4O9A
Supplier#000097716|opZ8YMCUU,nMSaZhb3Xofd2B1PqtdGKvEDr3A
Supplier#000097719|LG4yJrBXWQx bChEOuf8Bx9zpiOjqt
Supplier#000097806|6P9Mubcc8ZTogUoB6MZzGGUgTmpWrugoUaT
Supplier#000097822|za9CgP8Inn2Uxeiku6BA1w1
Supplier#000097913|6e9k4efi16iGmsWlSY6jqc9waNele,UFsEc5N,Co
Supplier#000097914|vgKPfLmeByXqS3
Supplier#000098296|0kx0WuZ8H5nY8EagNAKUDS
Supplier#000098374|1HL40aPNdy0Mtr
Supplier#000098410|aBoek,J8tdIVDwurS
Supplier#000098420|G10fjoCQf8XpO8Sp9wODmh,ZHq1zphXK2Xb
Supplier#000098546|G2yF11CCh8j5QTakgZWh
Supplier#000098693|66ed79twLwpB3ry N
Supplier#000098697|XU7KPaxY437ccSb
Supplier#000098798|9Od1ouJKeCbihnhJzSWQpL4WXDG
Supplier#000098832|uhifyfwD7sfRAtoK82Z28J,yLbnEbR Q3rHN
Supplier#000099051|cTcjELDRqM3P423t,WYl9,glXF9OvP0tHMaP
Supplier#000099063|GjcR9OeZpRqvvAu0t
Supplier#000099124|R0ImUinT6UyBC
Supplier#000099230|QAo53l4PXV9pqdTdSYdaB8FL
Supplier#000099426|WeJTc6,eQ3e5pNgGZCoxqfVF952w zK
Supplier#000099436|nOeQHIQg2fGk3krEpBPJsS
Supplier#000099478|fZtCgDLZKHULiaHKsy53GYA
Supplier#000099485|teyP8uL,7sHc
Supplier#000099501|arCIVgkccxzRoR
Supplier#000099503|P7c5EGUmNhpH1s,6oL
Supplier#000099566|iwBX6DuzzkYYWU4Ex6Oa
Supplier#000099605|W2c5yijgu0mmOa9CSHNOK9, 7Buh42OaQ
Supplier#000099624|HWzYpuecCQ
Supplier#000099653|DWN804,3S5STxS
Supplier#000099660|kjIrXTxFlgmn jESzINhruwqs9Th6Q8II
Supplier#000099704|ao1r4 HF6kU7rRyEaNc2Ui4aG,bXI
Supplier#000099718|,hcIovz3P37znhrWS3,IIZfibZGnyA
Supplier#000099800|hxl9RaziNdNHaAhXrNsSJk4
Supplier#000099869|ZDpGfmbiqeGovro2O6frw302sqW
Supplier#000099877|d35WQgRbGIaZiPCv20ymP5bTV
Supplier#000099879|YVoWulAwdZQ
Supplier#000099908|mCL3R1JGjl2M,Yzq7yPIzn6GZCAhlDeP
Supplier#000099931|lk9czIrTyatlKheGcEAkRjW
Supplier#000099955|1P1DzqT1P MT0qrO0Vuc6 zk8
Supplier#000099968|w2ihGGObo73IH4w2FBSMXiA81i6cVPea5,sIq
Supplier#000099980|As8Iaeb75i1DfvXqnl0M6eQFeax4
Supplier#000100072|qZNyuepxT3UHx9Lecj
Supplier#000100118|tC9CP1mlelz557ChSN8P
Supplier#000100145|5uRL9u0hLW
Supplier#000100195|IgMKkpYlMcQ3E
Supplier#000100226|fXf1s2Vf1ciQcTr XT
Supplier#000100504|1DLe EAr3wtLT1A3lUvibB28
Supplier#000100683|AWk4KxbCkptPYXOZipefrL0lddnDU8
Supplier#000100689|fv1yobbLPe
Supplier#000100690|S,FFLMxA1msM2BV, 4
Supplier#000100711|WjRihQ7BPHY7h7DbOZxc7 JNK19cyN,
Supplier#000100735|ZH9C6LkX jP
Supplier#000100761|stdBHYTFoBDBhCoA1Q,MxWJYLhTeKzpZoH8uy 
Supplier#000100768|aWoB3c3lrmJGPPyc14StZHg0CwqgyQ2Pu4SV
Supplier#000100778|D0TW,g8HM4gDDWkpEwFTcllzz
Supplier#000100798|jCQNPjkwtiSDJh2A1DJYUmRgvAfPN1
Supplier#000100873|FIjgbp4UDCYbIyzO5t8KbJqfl,NhN3S2yv8E7
Supplier#000100982|DEyX6livK4ff41jzcU,XbQd5K0U5O2sM
Supplier#000100992|AGg97C9wWgUXSSUbgn60CQl4
Supplier#000101008|wTn212nNdmcQVzZov
Supplier#000101172|ez2DbN2GQ,RkAVCd
Supplier#000101327| BBZtRJlbzuDYSR beqyfuY1kXqdR
Supplier#000101335|baJJzqhJr2y4rkZiU2hAQGdfvN IikOHkZYW00J
Supplier#000101426|r GV02IC7NLbybK
Supplier#000101448|884g2UFIG8gIoBftxhyEBoCCCRIDnk6zr5
Supplier#000101499|aOJpVkTUgWb,LfkX7s9TtdDTR,
Supplier#000101548|jyPZawWmmSMZyvg6hdrc
Supplier#000101568|9GaPzGe6voREOseYVI0K13irA65l
Supplier#000101584|Iyys8tA5OZVsH,poQp
Supplier#000101709|iwq8J1KgDz7NC2ywbltuHWY D
Supplier#000101711|ofR,cHWWXiq3Ru0frP4 z3pzIvR
Supplier#000101750|1I,amw83vxB9FKw3qXA
Supplier#000101752|s4FTRo2OKoOoM3L5l uJOHo
Supplier#000101774|ZFq5qIJ6v42Jew4S
Supplier#000101794|U r1JzcNLUyJXdVS
Supplier#000101795|RC0WnH3uw91
Supplier#000101824|YdCaljR,0m
Supplier#000101844|bCO M7sOITlzqv
Supplier#000101919|iOLhvRTEBM5cc2u4HPehwJtJbYBq0n59FbJcoOCS
Supplier#000101955|k0gCzY91so1xrOA
Supplier#000101959|DSPPds2VCGhtlVXJh
Supplier#000102202|ZwXkBP1Ov6J8vh8IQD7DsbJQIwYVMRB
Supplier#000102295|wc TyuDbEPH3JIFRD7qc4jQ
Supplier#000102307|yAqJE2mQ7sk
Supplier#000102566|UPcheqWh,6UO5Yj5wV0gjrV2w2plYs2htXJXYwE
Supplier#000102570|OiSs2wdAXEhxWf 8WpnjkmPoCpDcrBM82
Supplier#000102599|57yykAlIGTzoYeuL6R
Supplier#000102802|ftQ2 vhd  CGEpwXdVg
Supplier#000102921| FpOBgwSo4tfPnuH35o0il9oO5gOV96y1
Supplier#000102948|vKumxJO4zmHsB3lJeRA w
Supplier#000102966|V4b4Y2iOTioG0z2gFV6ThXFmw9gQBxQ
Supplier#000103018|sziiJrBl65D3ri3xYg,qcp9,r8hNWzjiJdE
Supplier#000103056|s9FlWwekKPquGDQiAWLdVNUJHQQBbhXdZ4,
Supplier#000103060|4lbq Rk7lm8oKR2
Supplier#000103130|y8CcxypLTRJpZINOzju7PJpyCd
Supplier#000103153|6YtG4FQi7OSa6 0oKbg7dj4WFHfeBYBzSB0
Supplier#000103267|ECLEFUgSuXeuN2d06sknfjDtTHTi2IC
Supplier#000103299|k9JFRLcdXcdAbJmXwjzU2sHpB
Supplier#000103385|jn9,eJm1PDuqPfQWygddLb1PkFhOyDbUu7bebR1q
Supplier#000103424|SEE45DMIm8ed1f5ZuP5GU0Lp5x0TfIEOeYztqqW
Supplier#000103473|ivPLrDA1DMUd,T5xXmxTNJIg0q6kpAZrrIq,
Supplier#000103712|yapnZozshM7ibxsvz,pcKPW0ZAuluCXgeqfAlZ
Supplier#000103716|cJ8UUO4pxb7ZR,ImWKX
Supplier#000103825|K7tBTuTpEV00VbfSrkH,B
Supplier#000103829|rRWNQeke3jkcu OHZNPJAMGSFd0D85atb1sizkCU
Supplier#000103860|VR3ugyk476YQE,E2
Supplier#000103876|y2RALPbgiyr4boCXrQ2YwzWuOQeCE,iX Y8
Supplier#000103941|1EgN1Z51LQM76KkOTtLrKeITkUXP
Supplier#000103982|CjTYP9gAdBiOJMT
Supplier#000104052|yy5mEgwJ8CsjkH 
Supplier#000104054|IXAFHtyAjAVRUBViJ1 Z2Rw0CEgaM
Supplier#000104302|r5UB7M1YoRRjo
Supplier#000104312|tKpP8uSVjUh
Supplier#000104450|iq8ThmeHDGE9FQaDY5ghbLRdpR5xA5M
Supplier#000104468|l61tzfVzbpwEg3GyC19AknM7
Supplier#000104515|fpZtO9liH4xME1a5v61To69eEBmBS0EjQT
Supplier#000104563|T61whrUL2KGZRRZ 82wTg
Supplier#000104608|h92yHrCextJsh51YNaEf
Supplier#000104632|ouQ95BPSUp0
Supplier#000104640|O6r94,XhI6Se 5tB2SIwG57hGGPxsqaWdRUvNE2d
Supplier#000104647|xPVM8QkOdIu0wx3V6nsiUblTl1cy3X
Supplier#000104716|jumf,JaHmoI MDJwZqNlVJhaHmlNRZMZ0sA
Supplier#000104764|fS6uXCUgs6oS4qDffEOnomsiWZJSiDR
Supplier#000104768|OTykzXqJlD2izhxU8h88PVMcO8g99xAADsDWzxBS
Supplier#000104772|Mq9L4k0iU,G0eCr hhgo6
Supplier#000105010|r2K8ItmyTg1UP4K
Supplier#000105029|Gd45md1xlcXi1iBwihi66rfVCfjjDK 
Supplier#000105071|zGzbySOY69CXUh4XCn8VyMTOG0Gk
Supplier#000105197|ahGwgGS 2QrzlwSK
Supplier#000105223|S2JVp6DIhbcgT osJxLX7MCDGvW
Supplier#000105385|z 8D4yEOy7BDrE5tr,n30tZhhS
Supplier#000105416|QIcFAh3mMHCVLli6VIwhiuMSBrl
Supplier#000105430|2khRr4fyX8cKt2hZnhfuxlHrXO56ocbFqCbf3S9s
Supplier#000105436|Ln2wgwpCedmV
Supplier#000105578|PuTe8iSxiX
Supplier#000105588|uklULjOMdwo1lh2,6q
Supplier#000105752|tw Y29v2ZRZx,ZtInJt9fSeXseX9zd2
Supplier#000105767|9XPUXQlrYQIX0nm0T3VQ0L fyFfR
Supplier#000105826|A SqMmf S6UxQdF3jm
Supplier#000105830|CuOYh1NCpYiv,tjCkJbEZuAM52M
Supplier#000105842|92JP8joN cNT6Fg3JARxHksG
Supplier#000105850|QlmDLMMY2P
Supplier#000105877|yKs0Zl24XCsCZ7eL3AchW
Supplier#000105887|GxS0vfsDQsIrbf82km
Supplier#000105993|kFJz29HCNPclRkpZNP
Supplier#000106034|plf44ZpRmQYitE3nlqcXV,snvqlh08FD8
Supplier#000106137|IF76vWbu70UKa8FTPAZ
Supplier#000106406|cYJeEjD3ds9caPDWvUvpZKHP7yfCj
Supplier#000106454|syNNyaGLQ7Aoh1SQ
Supplier#000106469|2IQn8ON0oHx3pTlITDWbC61Jq
Supplier#000106558|bTknB7sFGSdxWlGzNb1cHq5,
Supplier#000106590|96QLgA4u77Rr2FVYRtAQxP742L3Hx89Y8U6lh
Supplier#000106739|OnKb,7dg5 HHvyvekfNrfu5kBt
Supplier#000106817|3mV HH2MlhNdQ1Gt
Supplier#000106823|OcZFWVogPhj5UWMrwrbCyvu FMIE
Supplier#000106838|DnTp1F50yOJWa5B P5Vnp4GeomH
Supplier#000107129|by9ujnrGpibkqrl4VzrhVgz
Supplier#000107186|2xEHl9Vta0ebbPXI,HyE3hamovp1yzc
Supplier#000107188|Q,QFEc6aaNDpsx9k 9EI
Supplier#000107265|ojz3BqePGJ1CLvP1wlm02 8DE1oGw
Supplier#000107293|0wxfPU7qBoC
Supplier#000107399|LBZ,FbsMh7more
Supplier#000107457|QIuFFydkDUnbGja jLKPzTuRDR,iDWEMUkjmFpgm
Supplier#000107659|z7E8P0wXA95IONbYg1Dbrk7 
Supplier#000107840|KFxcmT6stOq2h0T9BcVdJuN1
Supplier#000107925|0X,ZWMrA8tlptuUrcBUI1u5tLJTc7B
Supplier#000107984|9Bi W6UrfSp1HARDQubzgwjfsp0UaSQfj
Supplier#000108035|A6mv10rlAeDSzsJ42yfen2aNga5LEzE7nhE4Jk
Supplier#000108117|u5ODV,Vu,Kgihh8rQdiKSv5KoZjLcQlA9zDpVBEB
Supplier#000108158|VtS,o2nb,GSxa0sG
Supplier#000108189|rzLfRtOAn H8D8KWPZz2CL
Supplier#000108203|kAXnzaECBAYaDP0gkgxXDJQ3
Supplier#000108212|dr5Hag2C4,zNYBjhFzHtHcI8w9NrleBOaOu3XMq
Supplier#000108415|iBd mZGZJ,Xyagaj
Supplier#000108518|6Z3OhTVAnTbQ5CWqfcHmOsu2K,JpaOL4,G
Supplier#000108558|VUXKmrm7zawrdvb
Supplier#000108652|IxHu9hY2,rvMAx9Qgy6kgPKf0F
Supplier#000108671|LI0ZrleIIUVvd,hYpP
Supplier#000108762|cQ1vDMJOpHFtYvIEqR5 KbdlXPo2U 581yZKiJln
Supplier#000108767|JX4Cviey4fBPiSKL2KKxcdVFZi4rrRm,0x
Supplier#000108808|WiHv0G1rE2m5iTbbBQkEc V6vR7PYg7iP2pm
Supplier#000108900|q46ekKFGr1,ovDcIrmbt,Z3LfqKfBmV,DKlF
Supplier#000108911|Q8xscfEh2lI6wC8wuXvY5tG2gnBtxKVX1
Supplier#000108913|s1KuQc7weqxfXim dda85
Supplier#000108927|LXUus5lY3TM3FunKA1SOsYp2SoJiKo5gfuGXB6Sh
Supplier#000109066|9LCWC7qi4qtm5Zrtc8KcwFXgH1hX
Supplier#000109078|wmd D8VcJXS0N,8oSWBAc
Supplier#000109155|PNxqRJu wLgyZbUN9kjTomiho8CLEzrDK
Supplier#000109178|aR6m1 WQvkpeEbROK,RGtduuScEuf
Supplier#000109185|apBmMLKlXAwIGN8XUQPQpz,S76
Supplier#000109248|DDDn0yq0LZSgQXLmUr7SUFIJ1Hrmri1vYvcYlqbt
Supplier#000109258|Oxmdn612nOrMFiAGNnu937TU6pHZY8mDUqci
Supplier#000109432|rl0JoTkTppEGJmrPg5YIov,L3Lo4MR1f
Supplier#000109449|6moZkpEgG9NPzw,uQUv,
Supplier#000109459|9TxoeItsDbHATaFKlJigu4a7APCoAVAY
Supplier#000109460|XI22JI2Inqf
Supplier#000109485|FNFgKhhsl2z5RNci1E
Supplier#000109544|6i7nXUquUpAwBz4jnMlxoXpmsvUXR,CWrNSDF
Supplier#000109580|3WYnpiZp6ANMMeQoG7NW,y
Supplier#000109585|O6hgTUCdXSVl tABTMNSlN4aTqlVJtzoa
Supplier#000109714|b6GGN5kv2G32hIqllKjAK37OyKK 2sTlN
Supplier#000109727|MII1VkfbcoeTurAJFV9
Supplier#000109870|Uz2vNIJspQ
Supplier#000109933|FxPr46vJZAZC xWC1XoIi,7WK0KV
Supplier#000109986|x0mM9zCtaYxiXC6qyw9znrD
Supplier#000110073|0ecION8LzwZ1hRc
Supplier#000110142|ZJKoJFSmv SVJJBoawz
Supplier#000110149|zjgqylcVKsbjTqEp,MRhhsV19B3
Supplier#000110184|eNkDBv6fFCZ4Kz4yTYv4FJ6PB
Supplier#000110273|aI,vfjRCirZDwuS0t dIa1
Supplier#000110329|Ka7JW Lhsa4
Supplier#000110331|cPS6LqnCGsp NJ1vxLxBEv
Supplier#000110412|yfadGMWMXcQk2tIY0Ed SmRdVFUHYaOnnqhdKBK
Supplier#000110413|yrqNVKKMVczOFtviB3kD5dSXF I85lULONSBPES,
Supplier#000110486|MvA 9U9QNB2 S JbykWjisod,nUFdjQCUWF6 9
Supplier#000110500|5xe8rqsfsd88GrOOfwqDpBha8HXRj2Y
Supplier#000110596|fMSnYthwR7vz5lVY
Supplier#000110620|bOQQJwFg3YtO8dzC9,2f2ULlpVHfqyERohq
Supplier#000110651|tvCZsQLOP,EFp55
Supplier#000110654|0bKWbc2LwPt2cB
Supplier#000110735|igoMlmgqoqX
Supplier#000110761|  eX sNym4ppC9X3EV81 eIvciB9uqG
Supplier#000110817|lXQ5x6HNo57wlCMtIw,gfVZBmf Iinl83XNI
Supplier#000110847|FsW3P71yLOSTeQdj9NomV3 o69ZWAsR VCJhYw7P
Supplier#000110930|EjZitvEkDxBdp6 DU
Supplier#000110966|ww n2LMePWGGFkht9MkagIA
Supplier#000111019|bI3MJ3Y84lL6mbNB74q1Lb Kz,H67wG
Supplier#000111123|LqSnsSBeq,1MXM0C
Supplier#000111183|Ba3NN3BitQV43Z
Supplier#000111184|E2iiqkcL,Rr2
Supplier#000111230|qe9ileR PfpLmTSixWvLT
Supplier#000111308|emKcaS4LAnkM8PVgI
Supplier#000111400|cD HXzwQ6tsXNdJATsYDiddHxOOp0w
Supplier#000111410|qDU4HGnvVVuf,3mg
Supplier#000111461|pBJA2gMxL14xaPJUVIQ44i0JR625cG
Supplier#000111507|32hwvbvKoiQwvuviTyA0AUAF3u K6BS9f
Supplier#000111528|mz Thw4V6vJDLWeozjxKxeHljvwmhA4RG
Supplier#000111610|f8x3nR3RLskeD4vEy5vThF9DG HU0YPr
Supplier#000111704|Bcd7o2Vyqc6RM4f,ULYKdG8R4hB5
Supplier#000111716|aqng01NhO9rQz2UTOvgf8jJhQU3wl1TEpm
Supplier#000111766|gBAWbD5sedez7Na31JsKTokTucmf
Supplier#000111770|qgKTpFdX13xj 
Supplier#000111777|JcLlinBq eCXd5YvsAhAMmo0IBO,WZGV3MYD
Supplier#000111847|IPY0yCkoGGNw90dzZW1yzozIFnw
Supplier#000111859|q1ZyHECwdjOw6M0nKcAuaUAPVbz
Supplier#000111867|3UsgswU7j G9c,peIZfxtTjsGdqbEnQQaOZyGWzK
Supplier#000111945|Msst4Jd4qg66G8IFCaI0L4N,kJYURU
Supplier#000111985|VKL4Z6xNtkmlfYqrTH58t4hdhoT YNA8
Supplier#000112021|LgBBxUJS9vnSUap3BQxZPqq1DwsR0bOFPpc
Supplier#000112071|AlVV1cDRIl gN XWmrawmr
Supplier#000112082|1JEBeizMl8v
Supplier#000112136|pJb,wCC2wLZiKfJnOtdCbFpd1AFddBEAC
Supplier#000112325|0LdiLMKSo,kDunsNfEHpU4J3rY85UIJyKPDvJ5MN
Supplier#000112347|WH58kEskhov1HgH68Soi52IPZ
Supplier#000112414|OHhqlqF7uCeseJmSbji5MsbH86jGN99q
Supplier#000112447|HFimtrZ409D
Supplier#000112616|SHko5Yzc RxhOurcBWFQ84E8tn
Supplier#000112638|ADb CrqcGeh
Supplier#000112679|U94d Ju0Zyb30L9qe,ssW4vv0Gv3qc4DJbe
Supplier#000112764|Zj9ezs0oKnuBp9qD24yqx9cjC93krwq
Supplier#000112878|8P9ETNhng,YvZgyTbRcobaAElQSgtqZJMUVlhAOq
Supplier#000112997|yTealydsaN2XyRjFm1hpQs
Supplier#000113095|tCVVYqHeSVklKOYpK3ju69h
Supplier#000113175|U jLoe W Qa3 mQYtRkT8GMGGdoO1Q7 mrH82 2
Supplier#000113266|8dvb0EEGK8Ds2LxleFiex3le6AocWsBk9MXfY
Supplier#000113314|r pZRXrGHX
Supplier#000113351|W0qLi9EB,AQ1WXxF7sM59KsfVolt3K GlcQ
Supplier#000113448|ajcBhV7UC4fj7a
Supplier#000113472|WhK9HXL8vMvWDRCnosRYkTZm cgOqfmos97N4W
Supplier#000113496|NGzwutfWVS7
Supplier#000113508|W9ufWUnYSrDKbm40S5Bt7nG
Supplier#000113547|7S pa0u0v2Oj4PsUI
Supplier#000113640|rAi Xrexcu
Supplier#000113651|Htj0pPYnSu
Supplier#000113684|AId7Vb0VxXiZ07Hb0zgBBg,n3N
Supplier#000113825|VP2LFL,iRJ4OyRPA8fHvZBiVpmiPHq
Supplier#000113960|eZfKRfTpbNvbXTggpF3p A9NgMHzOxWU,zFG51zj
Supplier#000113976|sRDWtTEH oXsAadiDgMm5SZ5y
Supplier#000113982|DIVd4KDxQyxfdkmjayxk5CVhNVQG
Supplier#000114003|ynTb8VGC,C6rVePxHwgTfZ9VSg
Supplier#000114066|ihg2TEYEZnA4SY6zrh9vDYl0XT
Supplier#000114135|9pk2TRRjUDxKBdyI25UyqT
Supplier#000114136|tUkKF43WoNeLuVJb66y,LMZJipnUCKm1
Supplier#000114175|L58Bn4Fqmt3RoNEh
Supplier#000114187|4DtewgM26Rscj1IQy nLWDOY
Supplier#000114195|2UUHJslImi8blr9CJolDejSg8cfmF4AuH
Supplier#000114239|zV8tRLE6gu1SX2nBjiX7aIlGD
Supplier#000114250|tX5ySki67qaMK3ZPMjQ9 vXsej13ijy56nDfO
Supplier#000114257|xnq,gGVjAXUCihFaYDMy9hjVpm
Supplier#000114276|fHxeuShBMTpLpWDV5ND7JeGVBhrzJVz2dpn2
Supplier#000114283|BL2P90sA02x
Supplier#000114284|ebnRgwA,,OAqejF2Z JuZVsJpYtZHQ
Supplier#000114335|Ukis,B3HgtUDyx9,wuf7E8
Supplier#000114434|xy9IicG5 e
Supplier#000114548|O8BJ1l9exOU
Supplier#000114582|dR2jS5ZCgF9zsLOoSfpSGFkl
Supplier#000114646|qfy hBlVrhDeWP
Supplier#000114656|0XsKdUXeoDiHnZO0fG,,H5JNFkVmAI7MDzI8XQ
Supplier#000114693|XXk8ca6dRuN 8EHtrLaBHCTOiOOVpSt4TyS27
Supplier#000114763|,Bg,bH,GyhwswfHZJrhsviaaBTlWjRgh
Supplier#000114775|YJen5Ap8un6IMKE1lTA1iRiG2SKDySS,IVDb
Supplier#000114801|JtYw4Ht3IGc DD4eeOPashpSKZJ
Supplier#000114901|WkqPbBzDILOLqQv6v375RCo ,Jh5ZGXtKr
Supplier#000114957|ln KRPTER5qD4NjQAbu253UQ3lnjoY
Supplier#000115064|15ExQQLxFl9kq8
Supplier#000115118|Zi4ddhHdzyYCywdipB s
Supplier#000115132|eakDq i46hJbAggNS kNqfPuUvCUDbbf
Supplier#000115208|2qDlP0D9Bs4c EBsVquIMAAIfw0tFcTBFCwL
Supplier#000115248|LNvBIxQ7Co0pOV
Supplier#000115256|Jzmnt,YX vAAR6xTk3Ee lrDZQqUyFiDO
Supplier#000115298|bloYd3lu0NQBBsqYnrudxHIBMAL
Supplier#000115360|JWWYxrKZ5gbUlvimqnJ ac46c
Supplier#000115455|bDGpvyq,fhwOcmZ7lDXSLg,2
Supplier#000115542|WbULS4yEU8qnJ9rYt1KmeBtF
Supplier#000115607|sV8VlqQBVm FhHTE1ZiOWrwuVDn
Supplier#000115621|ZFTb9lfqfgPMIOZ
Supplier#000115640|BILtDAyizvGsOpH0TIlHGvc2WJ7fvYATMWlgB,D
Supplier#000115649|MJhHwl2d bfIsrggpCfoUzkNH1zqQ
Supplier#000115742|059ViczXAy,CW,q
Supplier#000115749|ZyWECyipkPM6hYn
Supplier#000115793|v2rdyNtDSNfnyzK7,
Supplier#000115874|F0Wj83wAICIZ,iP70EvE60r8PkfQFf2F63U
Supplier#000115962|tkQ 5PjcJbshAyfFH4F2s8CSRm
Supplier#000116039|FMzofSD3rVNPsonRvAUl
Supplier#000116109|ZDK9iJjJYXPeXbQdwjRijpHWN
Supplier#000116301|v4kpSgnAAoBm
Supplier#000116314|55ttEwNt,QZsTCI6TZp46NTe3,8ExVbdRV
Supplier#000116347|HVsXEh8Qd2CEbWYeUpL0v6YvCl1KBTlv364V8mZh
Supplier#000116351|WAtEUWrhqSmhWokEb4QtAN9tqy50Rt
Supplier#000116457|Y4vdYaBbsw38eE8hqxX00AREl8cIWxdbao6q90o
Supplier#000116725|yaDWZy ALsrkrqrpOeXTM
Supplier#000116990|l2qC ktmBDc,
Supplier#000117013|nn 61,nLSzp C071E1nOoDSKzGXaVKUr0hl4
Supplier#000117063|xF7psMOFG85kXR3nJToh
Supplier#000117130|0ERMj,w549pcl4gBjApxpxWj5yL
Supplier#000117245|C7jg0HcKcTxzFZoLrhpLfVdMXxNS
Supplier#000117280|RIQYsKPmAOT5Lcn8ujEl
Supplier#000117290|oKI1y9aOiLZt
Supplier#000117385|GW5BKgPRvXhbhPhCZ
Supplier#000117463|3xuK50wPRRgd,kRCdJy1EXQl5mS3aG
Supplier#000117544|nLGMrqqApk65RKaqYMyq0FOIz,
Supplier#000117642|t2VPzTjpQqTaM9XfLufEt4clwIq ksfmvCtj
Supplier#000117644|,6waShT9RBM4msnn9VDkMqHY2mU 
Supplier#000117690|qIsYTqTnZgojsMGQmx,4g,Kg5X67FM9p
Supplier#000117761| FWPDq Aw 9HTEEE1fBRIy
Supplier#000117771|v,HXCzPibRc, Wfp2aJBo,TdzAX9Mk
Supplier#000117972|dPtsVfOQp9QPt,wHarMVOqhl9DjghMSb
Supplier#000118006|mnb6ErzuilQK
Supplier#000118040|MtqWw8KYyilYu2sJ8Tfg46TuU5
Supplier#000118093|rXdmbsFPCSAaNRVIHQK8MDFZa6KQ
Supplier#000118101|Ctfbdw4C93GNcOg4mb Q2vevKm
Supplier#000118120|F,TeoIphpJkkPDJhE,2xSK
Supplier#000118189|npnCmPe1MWIImV5gdVyvbyHz8Z40
Supplier#000118235|1gqUo6zwscBfsCiLz,EOD
Supplier#000118300|rzEb8XkjdGVIueN6ZD 
Supplier#000118354|zukIGIfxsa 4
Supplier#000118483|wD rH305MXddfoXd6i11qWmSSaoaBFc
Supplier#000118593|WotaW2 WGSbTNBMTKVV2PtLpZr, 
Supplier#000118714|pGeqSkty49wZYP6d
Supplier#000118792|owHhJhqEZD9SKHrJeRc4
Supplier#000118980|RfSnk7huI6scrCfwBr
Supplier#000119173|5FN3Z538HlXWsQRMR,1fqp5DlCwfx
Supplier#000119184|c7Fc9AH17rTs
Supplier#000119258|8DVClXQYkARDuX q5Sh6rTFoX3O6AN0V4sJ
Supplier#000119265|e2gpW6xR1 ZMEjyTj01nL,vT8Tx
Supplier#000119270|ynkw 1BH4zZhLq
Supplier#000119395|87q5H2t4c00NvAxCv2YYh
Supplier#000119465|txEHrdXecFT9xCNGQC
Supplier#000119495|iUUYlscJJOBL1ANlHYLp4I0p972R77i4w
Supplier#000119507|579ctlCuHv
Supplier#000119546|zy1waAClPvew9
Supplier#000119603|PX2zuMOHr5qdakIeY359 OYhgKd
Supplier#000119658|CdhmTMEa2wi1tWoPdV1Anr0voY
Supplier#000119702|yCHy 6mZNjGzoiKDbYJ4vTO
Supplier#000119720|paT9jXbIW6c1mnEA4fnMeKTRcCsRIxE
Supplier#000119762|iJCjqEGE m072ZNZNUr0oQQBvbKi3hphwIS
Supplier#000119889|Ah,cRaPuXc32
Supplier#000119993|BiLYpQCvkDrrhXti6Q4,Nr2kdcX9b9y,ovggo
Supplier#000119994|oSHLdglZlLEXYzqTyXwrilEWDmSgz7BZOx
Supplier#000120060|eFR2 T56wEZ6LvGJpQivXWO5b1t,9z
Supplier#000120083|yr1iBF5yQ6lzUakA2EfVsOxyxA,9rNpJktUQp
Supplier#000120150|Og2L9ve5yAjQrapCY5j3XcN2bDLv
Supplier#000120159|gaZnotuP4,NfELagBIvHs8l,WyAo6PkGCyTB
Supplier#000120191|kdB0lHzJMfUksUbzmJYp0LvnwObOiVoNu,uVT
Supplier#000120325|HkM3z9LHdOYIjziXg7fRfAJXVvTM
Supplier#000120326|fPNtjuLKbQ60xFvlAu0mmkp
Supplier#000120521|j,9kxlkabPfWt2vysI01cwruxHLw8Z,
Supplier#000120621|BjucQ0aGFukZbGoxAnlQWzV 
Supplier#000120743|c1YxBMZ,uuOITOu0D1ObCEGK4V3TK
Supplier#000120755|s5TWd3io5CJuFGQ EBwt
Supplier#000120775|Eo7WDm4lgXryAc rCMlAtE oU7M10 yD4g3NTGLM
Supplier#000120910|4HrMoFVcutM ZhBO7B7WMk
Supplier#000120980|cqDu5gdO5K42sasWuw7Uy6mzy
Supplier#000121089|kk9XHNANNBMUu3 fRgDezPewKvM8kUcRVbni
Supplier#000121092|SpurgDlldvOPuuBJ8VLe2
Supplier#000121187| H qju6MqCSYokByZpDP6TMYuUG0QMn
Supplier#000121221|Ohqdi9aRK,GYuSIIZi 5zzePZCRmq5h0rCcY
Supplier#000121227|,c4jp0AHPtApABUsRvC3TOctUIEafzrIcRz
Supplier#000121298|lk0HGQEn7MuWBk6F97W
Supplier#000121323|pN4Yt6V9PhCrOln38kQuO7cT2oxfS
Supplier#000121387|JXTFj6Ufh uqn 
Supplier#000121399|G2xejne37976Hvq18QPSRIbGiWyNhaL5
Supplier#000121413|4uhMktgFynop37f26Uc
Supplier#000121442|NH1DbJfjmXgJ2o48JWN5u,bx2ax6kprREWIp7iG
Supplier#000121452|mkYxMK,DIc8zQDAwgo67ub
Supplier#000121500|mTySu9iSDcPcUd,NBhDpL5uCvPYReRFey4T
Supplier#000121579|Efi L2Q6O8GGc6AIJtHZLDjOelLLE3Hrv2celu
Supplier#000121582|belLdl0UkfEz16SreP2fJHOwHLTxDrEVX
Supplier#000121591|cagaAYqwpCqj3hrc2qVqWdMawF,Y2H
Supplier#000121656|hSWJgpLHFlpumf0rP4n,atyN4k
Supplier#000121661|Kh3kPnNzDYbMYdBx7UntMwxoIGYy83lFKlU9zk
Supplier#000121710|Sftgp2AJLLZgZnc smwGU7BBXM2yAW
Supplier#000121732|2dXzgBzZmek
Supplier#000121872|7vyf,rylE9EIZm6KO1KXEMR3y 8
Supplier#000121907|UZZ1iscP27VkFoPxOnjTlfp
Supplier#000121935|edPOzpqTiXEjqs2IQp0Ouuz1KaNjb1e
Supplier#000121941|6kFZw1P1qCa02i f9RbWZPLSzN8zS8
Supplier#000121947|axlBDNlOsGkjsJoDoiacJ2Yxxy,jArIG
Supplier#000121948|8JFdRwvPd,B7Vj6Plu3mlMJ
Supplier#000121985|jJTjZPT3lokeWK2eA
Supplier#000122009|laXNvrbUkVQjBO4 6thaq
Supplier#000122040|g,KyJXuaDC H1p jEscDLbwRsRu
Supplier#000122044|bb5U6fYPYSGtXtdfsgMN
Supplier#000122099|d2mwtatrVoVs40oiM1hVeyPCdTv2lky
Supplier#000122214|HUW9,6gFha9B Jzc8pcrwT
Supplier#000122242|vVtAD KBi7jvgXBT,7
Supplier#000122355|0Zu2zBRFixSNzOIUwZXZi
Supplier#000122481|QHhbKNKilVRC1JIqL5HhRsErh46iyOTFQYKXOb
Supplier#000122589|GkINHwYcsTHbDfRPWk12fizwFLM6ia36MMonIEjQ
Supplier#000122609|jYl3Yf,hWTlFNLngu
Supplier#000122736|28fF5fa2Fm1hatT9eVNM3YknLtWD,YhQiljr u
Supplier#000122861|DpixdPK5Cwj0emUDHIS
Supplier#000123014|c,V8dZ,AVx4Q0hysLILx2ba00W
Supplier#000123036|1JtPdGxtDcxRMxl,XxFpsNiVK4RVrQuW8V
Supplier#000123057|Dfxz,bdcK82fjJwLidYuuSQIrzpRszt
Supplier#000123122| 4RAivE qgZB6eNe4xElmunF9XOvV
Supplier#000123149|BBCX,45848oCAAObR6UjV TPUHJzQJjZRUNJk
Supplier#000123151|vYhpfbPCWSa Qka,fDZ
Supplier#000123178|VfQOq3Xy xqU5j4nw MMRqIEguRwmUmKYc
Supplier#000123201|e5Qo3TvErI25MJSh,vqqYTr6AHw66Y UKndMMMzn
Supplier#000123209|Wc88K2PRx,hTp1kQq3OXKdV63JPFxboLTPRP
Supplier#000123359|ZmZmLpg,hxemDVVODwUVDuUEka
Supplier#000123360| 8SuTejCwLtuAL49ou1
Supplier#000123412|q,RhMFB409tG,TMKKGqJhT1mx
Supplier#000123417|xjJKiZu3EN5
Supplier#000123460|r3V49uOkEClpnml0,Tp 6tA3bKySwqKn
Supplier#000123473|jkNMZ57Lk4DSg
Supplier#000123508|Aq4nssxu8J7os7PBVXHeJDWLZd2
Supplier#000123532|PwOHxeRFbYMg4x3uPaBwSMnz7JJ Up wA
Supplier#000123584|BR6o,ALDKjMEGT2b2x
Supplier#000123661|Qg9,ZecypTXwRxUjv3ODG3dpSz,ZOWLSxz
Supplier#000123772|M,aEyEwJ6FMZVvcd
Supplier#000123894|Sqzh2AvuHftaQWD3j96TDDD
Supplier#000123913|l4 ocCUDC6L
Supplier#000123960|62J8TyACLUDOJGeU Og
Supplier#000124055|GxmtWUp 6pXS92c
Supplier#000124059|HjcXZE564MmONqF9F8jygxK6fsc3EOJOR
Supplier#000124074|2,954,C31B6sTuvEAmSBrZQciw6qNFHeu rN
Supplier#000124119|UeGUVigj80Xzm
Supplier#000124137|At1r07tXsTN90
Supplier#000124174|WWtpl Gx4jurOD9tLJ
Supplier#000124182|e22e6HLgTe3ewUoky5X
Supplier#000124186|1XQLccZv J t38OfW55
Supplier#000124207|e7A52xJ8l7R
Supplier#000124437|OcLoiw7KpyNCp koys4zZd4y ssK1JUkiibB
Supplier#000124511|wMW4aTr2IlnT qBfD9bd fxdGjcYkGTzAhc
Supplier#000124513|iSpesAe3Fa
Supplier#000124515|NLPlrZbOi0N0809Ep3T,sq05
Supplier#000124526|7UjGFeJSPjV39lxrQvZRYN5qmzo4Dtx
Supplier#000124603|YHq0MrDi  TeNoR7YtKB92o
Supplier#000124694|2m5nK65sXm8jVMpubO42fP6sVK3,
Supplier#000124704|v67kh7nRkTyvJfGRGnVJzbTxyTnvDJd
Supplier#000124749|AgIYMM7sT3emSwqDEF
Supplier#000124772|GPNJyS8z JuXD70Wzrhmm5QsW5beTflGYhQx
Supplier#000124789|e871FsCZR90W Q4l0ZNhID4Uv ,r
Supplier#000124844|n 0i,zicjiA7p0Jlti4EL6jbAeLg6VswBp2pnc
Supplier#000124962|FBGI4FyLlTUOsZprHW,uLydlCETvnO5YiRvNByG
Supplier#000125023|VXzdVbkds,hgFH8CGhc8ZofSf2v 
Supplier#000125062| hivL8A1TC5zUBE78FiByMRPI9K6sjM52IU
Supplier#000125097|SHRBSjeZBXDosuu
Supplier#000125198|rbfmLm,,Gv8DiMrg,ziI4
Supplier#000125294|kCgayGP0hPQH5Kv7gZ17pER2n
Supplier#000125337|6GtWD22tInh5YyxAMJmyK
Supplier#000125356|rhNBHGxXrYEqHOQ5
Supplier#000125431|lRgBjqBCiALW
Supplier#000125450|hMU7sMtSjvwDBaqAqiCmEl0lCofN
Supplier#000125499|vn22McK WdBhyHnu,Ts
Supplier#000125569|HCLR,yj6q5e
Supplier#000125618|5oheHvw9QncnJj6Fm7PAAR
Supplier#000125654|GdHo  uU2ggq54EILKDKzksmQvtnCo
Supplier#000125700|6jBeKgFvGyCjf7c1U
Supplier#000125791|u1Hv9uYOxwrdgkfi6MHfAV hQgMgQqdhN6pQp0
Supplier#000125825|9w04OEYQvxq
Supplier#000125873|E0WC Qm UKZj VRRDQle2nST8at,hd350KK
Supplier#000125907|t8VyKWl1gTLAxgSle0AkrgKt1SuY
Supplier#000125942|RfDKyBJlN9EaWC2Mjzy2MFpB,3EI
Supplier#000125961|PWtKXIa4ulboloaI2YlXDHehE
Supplier#000126026|dRXTsU7YNKwDyhJR3St0hkeBxHVDUX
Supplier#000126027|4ygm5PctfoQmcY2MSVSj2
Supplier#000126068|pRDPP05xjGzoCjiBMtbtrC
Supplier#000126110|A59pKbilxO7ImsRnNte
Supplier#000126210|SkvAnC t5R8BRok
Supplier#000126248|ihvWdgCMg13qTksmYXDKzS
Supplier#000126254|U0WXuXPAIgznKDP1hgKRCa oOUIt1T50
Supplier#000126305|qlXj6cAl9vWJn2d6svBEIY9aW
Supplier#000126308|hQJR6Qay4fCX5EKe4KogzjUKfmEVMFAxXvqkGifW
Supplier#000126335|yD07bV8gStk
Supplier#000126339|W y0kq aTplmrvHNX37MDccuQv35lby
Supplier#000126346|SNc8tGZXnkIPHeu9g3tB5S21nZIcmjbpVA
Supplier#000126361|gR5O8dKA4xbXbiXNx YbJBx
Supplier#000126381|jwSrZoq2d8ayqPnGtZz51cuDFuGy
Supplier#000126565|7wE9phWGMP2jm
Supplier#000126566|5EENdKQulLxELlpw6
Supplier#000126616|IElXmUgSp,e N,wDl2TfFoWI4G046UKaa7C
Supplier#000126668|70WE3uNn5REc4FXQohPacpd2A0CgbCM
Supplier#000126788|zUMYoY2XV7QFCJ6wbsOXE
Supplier#000126913|e IwC,y,t,kdXqtYP8Ud5l6YnBZ59Je5R0mp9
Supplier#000127056|AlUTnhlgpu7rYfVu,pbQ69Fm66dRkDNJABVq1wZG
Supplier#000127116|Cx9mmkOnviQGyzH70xEE7YwplTxetv4OuiP74M
Supplier#000127233|pV3gJxjoOW
Supplier#000127280|sXW6UXeXCcS1OV
Supplier#000127384|2DihPadeNDudwLs,TKq5dLrmO,bfi8NngiI5Ak9
Supplier#000127578|03gPuDI0yG5RaEL
Supplier#000127632|NkU1TP2ZPU2pkh5KzS17Mm7
Supplier#000127652|,RvkoH5tVJt
Supplier#000127660|td kTDC6Mw0Rc1,HPRjkcQ4yFZ
Supplier#000127761|ORlsQ8NBKAIpNMT
Supplier#000127764|S,gvWZSKDfhkfPlxyfy9ooKu,h
Supplier#000127804|BQFk9HqsYi7UwM5PAOPdLjdoBHIXev
Supplier#000127809|NpN02jqePsqG
Supplier#000127909|mA13KEhQk3dBCNjf5wXhn
Supplier#000127914|JKO,u2iQI6pie3JrZZ
Supplier#000127967|fwKlDCiUIAz63wSBXEe1ouAEK6f
Supplier#000128226|bwUlU3rKKAZVBesqB
Supplier#000128359|YlR4dpqWqPv3fDbtmq9O0XWBHeX86Am9Y
Supplier#000128603|2C K5I64SfGLVm5BL,w5bjL7s6 UsTb
Supplier#000128621|DOfBmsTX0mXF7PjCkpasg4
Supplier#000128630|euC17EUJ UPLyototYgoPPEWdGpD H30G
Supplier#000128642|bw7otoueqDWX7f,pDf
Supplier#000128683|BznpEOx3U4xrsd
Supplier#000128720|,f9BaQW27CfDHjGIgUH1kmdMPR3sDBTAPw5Qp2jJ
Supplier#000128895|,Ew9zVwJumS609v7i8WPgi9Xj4
Supplier#000128909|YuDuiN7npFaKW6F
Supplier#000129036|LclV5Nm3lpQhg Cb3
Supplier#000129083|NFYKdo9HGJ7qhmjn5sQYij1ysVf
Supplier#000129118|QBrKHvYJVrTdj2t6yt47SwyC mjyobua4o
Supplier#000129172|ejyj91exkE6VBvbEeuypNujLGEKQbq7CJe
Supplier#000129201|krzGuQso ,rxVgGCbsTB
Supplier#000129234|9 ygzeUY c2yWU,2WA06gjKB5YmBf0oFjy0
Supplier#000129318|9vdxIAeHsH9GAyyL8xjEp3
Supplier#000129379|Y1Ekg4lXysq
Supplier#000129414|pONmGAXiSJpQxgWx
Supplier#000129488|pVyXBR7jPAUXI99e
Supplier#000129608|WpPMIhH0UQDfD eZG
Supplier#000129633|dd3A41nZHtg1dHdzE
Supplier#000129645|Xpbtosa7umSE4GYLAcjVhhbf7CfvoyIaU
Supplier#000129660|WBhFoYW0R5 lXKG6P,dWz
Supplier#000129747|9o4Y7dIr8RopUzw8IQQNU
Supplier#000129845|YX4TgwmxsRBmpVWNcXn wy
Supplier#000129881|XNRYPDgT0wMR
Supplier#000129912|w5cMp58Ss4ArBgSkX
Supplier#000129984|d0,eU38e3enAxNKtmnhY5k9brwxRVbFKl4c
Supplier#000130046|hwIynnYNrs4qez7lpqsO
Supplier#000130100|7VSL1B4WE9n Knw8jPcW
Supplier#000130115|NOqs9zvi46vEokgMBNkpxZwQyig0CjV
Supplier#000130243|iCkwil7k5BDBfAYrdD ,iEqWGw9c
Supplier#000130306|MDWrYCmeaN5Xg,
Supplier#000130311|R5b6FGSDaW,KMNBHlKBw7iApt,xOdEmQunDWO9yJ
Supplier#000130325|rNeR7gtpANfUf0W
Supplier#000130447|nADEH1gDwEu85FSbINEbkTN2cBxw,MrA
Supplier#000130495|XpIaBhzOp6dfLLyEvAbMi
Supplier#000130505|KlRK,8E5CJdgNVqSUWy3crjxbF07Pm
Supplier#000130509|EybtXJQQ1jNBHx8n
Supplier#000130513|yDsdSHBnqHE4LH0PA
Supplier#000130599|WsGvJLyQb15CPpb9B07FAovI
Supplier#000130624|Bls5S oDkR62aUzHTDURaoZvqSpRQ
Supplier#000130631|DrOiDsMo0yyNtEjKz,
Supplier#000130688|,s9s7nLoRL
Supplier#000130722|mIcdKF6l4OMx4
Supplier#000130810|ll6znPF9k29,7SUB4kiWca0l60vMsQ4w17ngz7
Supplier#000130861|Bw EAOxDN7M 1M1c0skM
Supplier#000130927|Tj3P1gkkhcl8eJnSHE0GtP27TwrsQ1FIQX
Supplier#000130956|7HCOy5zIWx4QjR7gVhh748k
Supplier#000131046|mqjghd Cpg
Supplier#000131059|xVxC2cNbWqYtAjHuiqkb
Supplier#000131131|xdWAOFWpwHCF0VMz7O4
Supplier#000131155|3PkoLvsI14Slh5tAj0djEYjbX9iw
Supplier#000131253|F3y9FuqGeIuiMFEumDQugszSlkneX
Supplier#000131304|2d8Rbetk O2J
Supplier#000131387|wdqt1UabeiQwnn8S8FvLq0VN9EXZunTvA 9aThO
Supplier#000131396|FHHqdxu,fuT
Supplier#000131427|LKMbB,IKPulSjvIQ5BpUtg2yLXfJZUe9rz6H5gI0
Supplier#000131428|rbBgc0NYpqTgkK
Supplier#000131433|nQddQAhQGx3aoOYllRc,STog7
Supplier#000131455|Iyl9C9x9T4U5qbQfyZL6JreRCvrg8hK9wifJMqU
Supplier#000131497|YLQYwdw7Nf0jogNP8AsGeyFsuI5,A
Supplier#000131507|,6JiSfQEalZqnKwmcDKR
Supplier#000131520|fKF2tr4pACo
Supplier#000131579|SmxIs8YTiR
Supplier#000131712|h1ya2woTGr0MDzwwRqBJwBrlG7Oq39z2
Supplier#000131715|OvoyQkM3foCE9Cq4Pcnvv3WA54aeSE2OOB J
Supplier#000131802|uQb1TV86b,FQcUVQqsq3Ik5tlRqX
Supplier#000131807|LPL8jV9EdyfxCNHK28Dwi45o9VyAqi
Supplier#000131918|hwKMeoG0ND
Supplier#000132063|dl0LYk40C9CLF2xYe0G3qUkaiPXIQlUxU
Supplier#000132094|Tjk8jMSGdIlZ0X ,1Izczqw6PW4rFoghDHHap
Supplier#000132273|wPJ82iYo,2P43OkLnxHEwgzKFBk,jI
Supplier#000132331|1QfI5JuCnI
Supplier#000132335|P d,eQGV5VcvbRCuj
Supplier#000132362|iX3nybuacmD1Rhk
Supplier#000132369|i0 pb4b4ZAKeNUdTMUQ1jBkoN
Supplier#000132595|HFoNRWQMGETC4JC1J00PHHMXJROdvqEpBzWTknU
Supplier#000132638|GMFOmpWmBqxl5
Supplier#000132649|w4k4QMlCN,sR4U4OUMDDag09I78gxnWfZhtr4
Supplier#000132670|AxuMa3b0777cjZ,e2hx1nF
Supplier#000132760|uPyqk lYI6rGC6f9rVtj8YGpksB,A
Supplier#000132765|7xn6n4uP99CTZMMBH3UXNDOUGgUpCpI66
Supplier#000132783|3fTJNkZPMPTrle9tr7vj3ZRng8 u 
Supplier#000132851|XDRilF9QaaS2Sby3Uc oXMnQacjSS54Ydr
Supplier#000132938|t7HBmtTlbaYlovDEiFM8Hr3pEshrkNILY5i
Supplier#000132953|p2fptgHWWdKOtTQUBXr,
Supplier#000132994|8B9 uiVUjClqScs3PvGRJHsKocgwpkSAU Q9U4
Supplier#000133045|NWa,yYbogW9OD,9HhcOB86TsdTOcfqnB7I
Supplier#000133073|UhXAVF4ZT1TJPPnquZ3MVrwbbGHXNVy5SxpO
Supplier#000133212|Zpg2RmkjyaJK1,Qv
Supplier#000133220|vOz5 Do YKvfZth8Og4mRzwnUkH 
Supplier#000133261|hplZ0LVp MFQiifn15hdDj Y,kIt91Xq
Supplier#000133274|zdJU KFBmNF0w4e
Supplier#000133320|Ly lYOAxKGe7audT5HMFi
Supplier#000133369|MCltL,kYoDFTehN8ZYrb3W3Ktf74KMAj
Supplier#000133415|4i0eqXa6HjnPu8xp15lVjYIpQRNWOPFDyrN
Supplier#000133443|GzYQR8rwTk8RKa3MJFqWuXu
Supplier#000133458|6v7H65GPxG34sf,iJFiKpjthfhBdBMPsWXE
Supplier#000133486|iqIVkBkfG5dcA4u1x 25Fk
Supplier#000133496|CJv0nGK7c3t
Supplier#000133506|ROwZbc,cqdeYx8sYtid4w3RHYO3hCbjnTLPyCI
Supplier#000133518|gnpqe15CVQWPlHNFmXnqqywF5byE6uSI95 g
Supplier#000133630|SwTEYq3WS1pxUP4RNIIvoY,kugxbDsT 5EWcAmS
Supplier#000133749|AyaJEzMWhqEddDr
Supplier#000133839|1wyJdbX1BTequ7bK
Supplier#000133973|A5XKl tpcw
Supplier#000134036|ekbkxAEECUuBAFrs2mTccuozwOwuKGy7
Supplier#000134064|jiRMOxyZBCMinMHrq0snXhnLW 
Supplier#000134091|eEzD7B pDG4
Supplier#000134110|KjB9Nf,7GRIAHZRWUwKaI79F3l
Supplier#000134208|gs1RyEJuPojYBMY14GIJa,F
Supplier#000134252|Llfocm6n MPt2J3J3v9Ka
Supplier#000134287|hYOlYCNr,FnM4rTv,Y1e
Supplier#000134458|yMSzz5qIbxyko1aGVOpLeiPga,Doi6
Supplier#000134522|CPCJMcdBrarsfel
Supplier#000134544|hNZz Mi,X oaohcwVawCgS7iMhEWeeY5e
Supplier#000134556|2KcF6iYeRO
Supplier#000134578|BW H 90tmRICfq2
Supplier#000134615|AiK8T7vQVZ4AXO
Supplier#000134658|NEx5eMvv8dwkd7MZ02Wr
Supplier#000134744|xJuY0vn5ghHFmMmWLwSVsbfY
Supplier#000134798|aZSUuUHwpLKcHqWXY1
Supplier#000135050|V3HSKhjQj9SxiiSmtS,zF,
Supplier#000135066|yu9CXNGLEcQFQKFpl,RTB9aNLESq748Q7
Supplier#000135067|fdOiQT4m5ss4pD,kksf8OtolffoS
Supplier#000135231|qMVvNR323sagZhwJI1Of9Db7x8kpZ 86MEY4q
Supplier#000135310|mMuw6tiJLW,PKbT4U0YkQI5QyaV2L
Supplier#000135353|P0NdDBzL8WT2h7U0N9dzXyD3j4rGcvRLcvVjB
Supplier#000135450|Y3rZejwCPFQJfNveuh1
Supplier#000135501|czL1,lyDPBR1c1
Supplier#000135580|SqXgBJHLFGlVJqFeMkliRQ71ucNbNTxuDP2CJzM
Supplier#000135637|D6nTWXEcWdyxlTPCdmsRSAdde
Supplier#000135683|tNVMk15m51f5WDyCBoODT
Supplier#000135773|P0TltidqDrnCkVgrDFW3WbpTEi27uoAL 9bPkdk,
Supplier#000135809|oETuD5FRI6yhyHObrCsP1egQ62LcRaTHlevAvT
Supplier#000135873|PosH G7SijvhZ8Z5wxpBycJHTsyqnDAR8
Supplier#000135909|tHVy4IUIzIiK9GZgtvaRA0VaYsGG7W4Xr
Supplier#000135934|s0NAawbfK7N9hW52Krlf5foB5fNtB
Supplier#000135946|jcqjAPqi3c7zYpOsEeNB21
Supplier#000135982|6Jl4J 1UzQy,8k DYw5ASokjbqCafZXlLH0pVcbE
Supplier#000135989|b3,9xsZoc57KLNTv8zsqRS7e,k4qQlH9x
Supplier#000136030|cDHK8FNELAuVNJbLIkXIV
Supplier#000136122|ahOfUgbuw 3rpkb
Supplier#000136123|,vZNfwR,Vj5O,lFkRW RSFOwtMaWwizH
Supplier#000136140|omAI1yQiGEW5CvDKo3
Supplier#000136174|eC0B 0iTFU1MZxGD
Supplier#000136211|aVn,pP6Bvhiy5g0cyG
Supplier#000136216|t7yejxMfxdzEiQlQfrPtTtmvN7Z
Supplier#000136272|iINFsv9gFE4ZERm2T
Supplier#000136282|nv3DFbAvHXDxop8kt
Supplier#000136320|Ls84kPzN695Xo7mPG5BJ,0P
Supplier#000136392|fT5csouKrG93f
Supplier#000136398|VgSJkAmSNura9B,DS
Supplier#000136455|bo7TxVNrpn
Supplier#000136460|S ps7cLq0On1
Supplier#000136541|bo0E ATaycZieoxFlkiwy7
Supplier#000136620|U0sPMmoGD1uU3oxaOACQwJqSK7MBb29
Supplier#000136634|XTnppo5DgmH8oeD3Fg nAzeiOaHuHS4AtK
Supplier#000136735|B0LeD67ExU5D3OMCofYm 
Supplier#000136736|BuJV8Row3RxTrJiW1jsweHs9Cgqtdyl
Supplier#000136774|jp5xd1APfGKWxT7
Supplier#000136820|LGEwHZutyNScIHSvJbiYl9s5NY9jyNgjokd
Supplier#000136971|B8mS0lJBl6wmeHjCi
Supplier#000136983|t71k9bt8MC02 znJS5bXc9GN4
Supplier#000136996|A5Un3bWAgSuLjnBHxs5Olf
Supplier#000137070|1 Naabke nL1iGEtR8bAE2j1
Supplier#000137084|jl4cepaO53iJGZCp44cZ
Supplier#000137183|6F8HUJ0BlQSm4MUsQcK4cfxj
Supplier#000137192|FEl9JGHGkmqSsvh8Fml
Supplier#000137303|UPgU3rEKMNlmBnAbJLn
Supplier#000137325|AMidVGvpYTu3aN3sXgJ
Supplier#000137339|YImdKr8W8sUwvwGpG
Supplier#000137473|883,4wL6e98ODgn0z6aiFOdYqjbQP12G
Supplier#000137507|0cKG9hxPPXzI9cjqBmas1EXPyM9RwZxsXH
Supplier#000137655|,X ZeQv9qj
Supplier#000137667|8rJkSNXiGz4MkYZ0c
Supplier#000137721|qrwn6kfU477lwjmr84fs5xZ5TQn
Supplier#000137728|RKS199tOma8QAyFSrxX
Supplier#000137791|Efez7b GMNAECCk
Supplier#000137975|BXHSIFRpXZsdwEDS0B9GsYDt AbtKzi
Supplier#000137983|8BiuI lnAIaWujKRs0uAvNl8GNXUhrQv59
Supplier#000138144|Hp39SEvesFMrmyqIgiMN,VtNHG
Supplier#000138148|vfZ08KvgpSHqWV9TEr9iLfeYF5r9DOG A2
Supplier#000138241|,uqGxcPYSfAoiaNa0PxG6okvXu83w4V0xmXSSPSX
Supplier#000138328|7tlOlI2e7swF TGXci ld60DG8
Supplier#000138335|akO2Z6aNMhybQFD q O7mISvSZq uipN JpJPG
Supplier#000138393|IY5cxeQdNJW8ge542jLxpF1mi
Supplier#000138410|U5PFrdMQl8KqarvPEMcmX0q3
Supplier#000138471|6E44b4V1vqbwO
Supplier#000138500|2l7ua6fwmF
Supplier#000138504|JGy pdJ5gbqD eJ5sHQPae1E07yF,j,1yVO
Supplier#000138567|64BQR IVuP1JgczdaxVD HYpv5v0
Supplier#000138646|QDvs1ZQoTxHG
Supplier#000138787|AESz06J3GbkZWto
Supplier#000138790|QRrE3bpniRN3jYgZu
Supplier#000138800|b0SRDfpdBukFq74lKrFSI
Supplier#000138801|PXcJSqCOa6dBKT,psnrey3vEPsZnqVjsbe
Supplier#000138883|Coiyfm6W9QSxXZ0f
Supplier#000138925|yvqRzZvdCBIu5a3CZ, d19ftKG38
Supplier#000138968|BAb,Nu3YWIWinur2UDS2wWkjxyh
Supplier#000139007|6B,0fS9EXdQzqrLnjRrKKn
Supplier#000139034|u3y4yAVUakDL4KWEfYa76wipeUxD9jKzqN6Zi
Supplier#000139096|LUaU0NF1uA3V88LZ51rEaG3XQtVUDJ4N
Supplier#000139234|TGQx343jpGbA8p0eEns8gB55izlZ0Rz2aN
Supplier#000139241|buLFNn,2vVqyaaK0PelmejR x
Supplier#000139361|hVGbGnofT9Hd2fgxTkesJo4eRG0
Supplier#000139440|X Av Qc45zZR3i7rvmOn,okn
Supplier#000139471|cjwLVhBcNnz ha,CxkczGd5yTA4
Supplier#000139529|XrC7lBho53cl
Supplier#000139573|eeObPjBqT6qiYg9gRDe48EX8wxN
Supplier#000139581|Bw9KXukeF1pivmScekNNdmpsWABl4u
Supplier#000139607|ECt0nUGjyVfSDv7WcY
Supplier#000139623|e3B zenm4vGmDcKsgnUtOvqa3
Supplier#000139718|yzy5Fu5uQkrIFKABnYT86bYWAcvGYzO
Supplier#000139789|tGcr7CoAuS,kvG0vFYKsAFuFS96YqPKdnyi
Supplier#000139825|fACInwOxQcfHn0YI
Supplier#000139830|PjSDWsLMkDwoBmDH7EU6GZvtbry1UK7XO2DPtGl
Supplier#000139860|ED6iHfWnc6zE2vrrrGLP6QGsrGK2V9fmOBEV
Supplier#000140011|so8 czS7l hc95CXdML
Supplier#000140104|lMrhKvvRjbOp4baFMgMwe9
Supplier#000140118|USmNj2,IkdgZ1TWjj2eShdnZ6oRq0zRpV
Supplier#000140120|wim4R8YjUKRuoCOdq9eG0uY8gxHd6xqbyR
Supplier#000140215|mGLCme63wzM8jdQrywsSCbI vXD0lwBzYqIL
Supplier#000140286|WJXNH w5GS UCOjZZUNpqY5p
Supplier#000140307|j5l2BkbxJIIbxajsV6gKIHr7KOVSV8NNINsX
Supplier#000140317|DQKoTt8EVFrcF7e8wypYfcwOYENHawHG
Supplier#000140335|UnPD jZFhrf cHYqq,nx1zJdz wHVEl
Supplier#000140416|pA9pO5GSzhubeMykS 2HgXT
Supplier#000140420|c64621SLt6hJW9NZlNye1 zihNy5UvCRKu
Supplier#000140476|t8 r5x,AI9K39k RNNmAgc5Q4n4iBfJgQie4VS
Supplier#000140499|KE1u8J3Q357HxyLz26YV,F6Y1770zlT 7Nquu
Supplier#000140520|bipWhcDMH4FIJsaK2mKZ
Supplier#000140546|LBEMITxZ 9b6Jwd8blEbuRqSiHzkHn8ABaTw4tpD
Supplier#000140603|q1lnnbXwhKpapxwFFRmxKXVITq8xjzGAzxqlNT
Supplier#000140710|qM7pJKZZ77FL8H1MAvLI9ZOSpZr0Mfyg
Supplier#000140760|M03,g7wVKsE23HFhMEilLf7nluGQKD
Supplier#000140771|JKUBs8dv6HL3
Supplier#000140882|uaw3dMzrOi9Xba0xss
Supplier#000140911|Fx5pSE77VsHk zwkJOnsOU3gLus
Supplier#000141036|jTKc9RhAMNNwLPV
Supplier#000141039| st2lOpR2U
Supplier#000141163|XlbcuVRFRfhjQLt8
Supplier#000141180|d6a49efxSyMEyUx755Wdya
Supplier#000141189|abNQKEadbl8Yz
Supplier#000141283|PyDwkuHcS5
Supplier#000141331|IoX5ZxdWPa2D
Supplier#000141337|zCbEvYlYESLMdHGBa3mDldgpROJpKxIhdeCjax04
Supplier#000141397|hbtQw8qR0R6j4gpSUJoayHq5Adqx
Supplier#000141402|BtsmCBOucSO
Supplier#000141427|TAHixQibXPk2WUBqrpZPWJE7JizwwrOYd
Supplier#000141463|Xqy9oPLeJL35NBX c9EHfq1JD5BdPd649ua
Supplier#000141525|VCD1aC16jOJegjrs36btDBKycwA43Tc
Supplier#000141572|eYdDBvO6EbvBTUnl1,ZxePPnzPd
Supplier#000141591|SFcXQAU8zjn8
Supplier#000141603|h2kilKBtbXwQ bByMsREiFiZ
Supplier#000141700|NhxRE2P3tH8hkk3pfrmcZ0zblX
Supplier#000141748|BKMAgB,5FLoMXbZ
Supplier#000141788|f7qIYtKx vRyMoMDMNV
Supplier#000141807|VoiTo6n9AAaK
Supplier#000141865|ezxkRHtCR7l
Supplier#000141896|2d2fzV9Eb1utB opw3LO7HJDg610YS
Supplier#000141933|8u9Affw2q yau7Ngav28EUT4575CV6STFH9
Supplier#000141938|3YMtxUsjEjsu4O3 fjsovyo1LPm5jWL
Supplier#000141967|7rHtiRI1YOdCIdvn0f5
Supplier#000141984|skvGvt,HIlW1a2lPk
Supplier#000141986|x1UBcokU8Ugpj4fnka1Op9DXQ
Supplier#000142076|KCOGv3y41Eof
Supplier#000142078| vGSuGvFZK2M
Supplier#000142150|2bL2zPZvTCeoCmBCc6,XBfpPtKVahFMs3a3K
Supplier#000142161|txQ7WoUxT69ludCEW0o3kc
Supplier#000142211|lsIp9vrBHZWzUvNYW55neX1qV4QHO9hZw1DTIXU
Supplier#000142246|lhSFVTmCoe2z 7yW F
Supplier#000142257|pLjpydQ5j OHjwhpyll
Supplier#000142271|exrEs1rKU31ArkL96j
Supplier#000142433|sZAFyUJJqvBPoB E
Supplier#000142463|DzSEuZoGX4E8DB
Supplier#000142524|xtYXP9GfLPrM9 E8Te2lK OgYKEMn8e03Lr
Supplier#000142587|t3AA0iKEAccOWOOk
Supplier#000142721|5DDoYHOPkg16LScr4TR4Ph
Supplier#000142723|1wkvQLdx0Pmsv
Supplier#000142738|WB4jxGd6vnN0IoC,nCk8SG7Lt
Supplier#000142741|EDSepakePfXCbrryNz9
Supplier#000142758|KrTVJjITUDdEZqU84PTrO6BL U,,BlMVx
Supplier#000142927|davhfYSJdUhBCg5z
Supplier#000143022|DUG0uFMD86Ai4c6YWDVaZvkkIaEkjOLz1i
Supplier#000143076|DOVg, 893PrdCjAIRPt1Qv5z,5jCTmpJ,nI21KvT
Supplier#000143162|LDCfEhzWM4TbDdk023P6olZ7ekGt2gvGl,Rq7em
Supplier#000143234|Al ZrmqrTbvsxB
Supplier#000143289|y5o,PQ9ieKUqi1g09gc2dwEyv2L414ayv
Supplier#000143291|TpV ZVVuAf1NYqXitpmdLR
Supplier#000143296|Nyxg1tPLoqdr
Supplier#000143323|7vNnp1o6bRtqcSsBIQsy
Supplier#000143358|HcM,3JWTgvAB7nckhwdbBGul7Cg6HpTvL
Supplier#000143365|Wle8l0xtJyYa49
Supplier#000143387|Wh6j9KHamRyjCjSUOUR,9VC7GFBk1vEoL9kKpj
Supplier#000143473|015eH8W67AqS
Supplier#000143576|U14ZDcI9k2MGS0Vi14vVnfFoO
Supplier#000143694|TvqcwTEC2snC WOYHpcxZ7GM,lFUOdQ9pGTiJ
Supplier#000143763|LKk47aJ3 0EZ9dYhWwS90WCChRt
Supplier#000143989|D7mlz uGzVNPB
Supplier#000144036|e73Jcl4rOgZ5c9LgXN6YQ7HG3gLS
Supplier#000144084|sMPgqmvviTjStb0mowf3
Supplier#000144096|xWJ6gSPdeoC2MgYR
Supplier#000144097|lSuXtDygdRjyPNjBdn27,YJtYdBnpbILI3OA
Supplier#000144100|HFORfLybV1 DeIlbKXtoCw6UwEuqsOf7 IFb5ABz
Supplier#000144148|N334V,Kj,X
Supplier#000144192|bR13LGuRpGY3LM
Supplier#000144211|SjYnql3EA9bgC,WcI5tZRzr59
Supplier#000144279|iKU3nH8HK1OnpKiWMP
Supplier#000144328|8feelPyyX9OmyjU
Supplier#000144505|cEpWxDgebRWwIdYXsuGr360aREEOuXu3
Supplier#000144607|ucooGHHKUeNJX
Supplier#000144610|kIr8IvTn 1PkLW
Supplier#000144775|07Lm7vpVOChFUHM2U9q646urZe1aXvM15
Supplier#000144836|elNVAJmvSL,F6bXzZ158CBeaxd9V05CT2A
Supplier#000144927|dtkd9edYR87zm3o1JqmoZ
Supplier#000144943|kK0rray7virfnOECagsKOAhp tWrqE2b
Supplier#000144951|679VXlNAJ87P,4
Supplier#000145105|20sDPBN9hCrB4y9Jc4BiAz oazrUCVkULq3BOm
Supplier#000145133|1mNGteqNMlCT,H
Supplier#000145178|EKGbvnMDcQ QS
Supplier#000145192|fm3ddXk2FuSg59MKUb58WN T9XPR6Dg45Dw52sa
Supplier#000145202|4gf,eUA1Z0rq3kwtCecN3hoiEXT
Supplier#000145246|UAWjKdRo6rW0,BFMm8JzRzhkCh7rf
Supplier#000145263|mRcNN0IgctigmRZC deNwx8eNfZkwto
Supplier#000145290|6oEaWs2PSDDnG2paR5beAidH2
Supplier#000145312|tYRcCOn3Qxckt8OCYtaNpLt2r7Bbk bX1MK68uPP
Supplier#000145405|H0DBp3kblJiTVdWSMfx4
Supplier#000145591|BTVUZW0 msxUFbEjqAJSC
Supplier#000145592|x9NWg ovJ3,mCOAn12AlH KQKnV8wah0k4
Supplier#000145701|3ys 7LaI0PFFxlAU48XSd4XHeNcNhWNk
Supplier#000145720|rUNVbjO1cYPX5IxzYzQ8SYOREN5S8Uq,e
Supplier#000145802|UP030fuYdnbu
Supplier#000145898| h2jjfEgVGD
Supplier#000146075|mcoydTYf,Z4W1VjGUUeH
Supplier#000146126|0cVfWY6zUesoQNF
Supplier#000146156|sO5gEqf6 0qKOy7Jty16
Supplier#000146157|2vbhqPT0vlu86y3f2oTJJaLKmqxdimZpXs
Supplier#000146227|phnqPu nlSdICwcj7erantqnN3CjAyv8N0OYBfIi
Supplier#000146261|NlQgLUpDCksGzzO
Supplier#000146280|lU9DajcHZR5,g79t9zYiZZ
Supplier#000146513|BgehoFpBSiI4o57FgUPk2I3EeF,yb0GGTio
Supplier#000146573|nzb4,OCLQyh6yOjpXn,11aNDEKuzblOLqid3U2Nv
Supplier#000146610|NwXTckZ0rZFKEsDZavmXjoUjQFfr1X9jF
Supplier#000146680|qdcWj89h3tT8La5sMDCag,a4KIs
Supplier#000146702|PCOQmYLo7crQrTC,
Supplier#000146704|VYDoQhMmJpRoytsI0CMgf5BWjK
Supplier#000146935|JOhZ,GMyRWIayBLycBmnlxz8KdK4DK2q5P4O9QS
Supplier#000147015|TyaoM92cU0J427FQryMsKK
Supplier#000147020|GXmjZKXmKdfLzOfZccNH43vyL
Supplier#000147047|0O8dkaG7169ok6ge1ehGIlvTRr
Supplier#000147147|h35ykccrs1,yrDfSCXp2au5,GKCKQ3eHEHmOW
Supplier#000147186|HxhULQaAEga3Yvn1 6p8edo
Supplier#000147234|PuM0A1Kf2JMa3NfEzXtw0w
Supplier#000147282|BTDq2x1yBxt,TLdk
Supplier#000147348|zVOmu0QgrTu3ew,ZRJaBvry
Supplier#000147396|z2pCfMeDwMQ4W KCoLl9DUclLfnLJf71
Supplier#000147411|,eGUdCrF8AFCSZ5Afd010UMltVCJw2UJ
Supplier#000147439|GWvYb9GGc3LbcxSzlv6I
Supplier#000147630|vSHxYxAsdtKQZdRAQgMhID XvG
Supplier#000147646|T2y,flqt5QqFHJHkFOirUuGXC6mVZKwtYbNSu
Supplier#000147670|7Rg0BEKJ7fqgt4Se
Supplier#000147758|Wfc9zMjDK2UCq2Fo
Supplier#000147770|c0w8dYBfcOV2ZmkxLE,rXs0KDRwJvg9w
Supplier#000147891|FbrCV Shj7kniUnWNB55OC2f372tUy 0kStVCuCD
Supplier#000147896|2uE7JfSarq4SI1lZvjNQQYKuI
Supplier#000147897|EaoBPCYhkalr6UjkdM6TH
Supplier#000148029|9nS0Y4OraJz
Supplier#000148097|REgoHFWrYmqZdNvtoXO
Supplier#000148151|03G9l6tv7vdfglD4G5rAW
Supplier#000148199|9o9MDQOxl2O KxznfAkNY4 ,V
Supplier#000148246|p zWpQfBUBPO5Gv4nB2IzPMC5
Supplier#000148374| v eMl5qhEbvHoqz
Supplier#000148452|ZzchmbpTUY7go8GaLGoAcoL9Q4xv,kd9yIIqfuxg
Supplier#000148510|5AJzgrv7tmWi9qT5M
Supplier#000148522|sOo9PtyEgdi2jcfytTqBgnixtJwktgdGo
Supplier#000148527|syC5vzz3iXqMEzEwMFJhAGGyRRFZXdf zI8J
Supplier#000148557|yDBjvFQs6lidb,
Supplier#000148583|J1VbTI3nOZGobHxJ2Uxo4ISaH
Supplier#000148600|JmZ8kLHXJ0tK96EHUbDeyHodrX5jgo2ZV5wtVP
Supplier#000148630|jq42BkZkkEn4Qfpex8UblQ7H8lH3YV9
Supplier#000148660|ikeZ85iJxctQb1HoB,aGVYQ3k
Supplier#000148699|C24yM6N8jDKhoCUgYmokZnGP8iBvF151XfZu4
Supplier#000148739|sLLrxna,w1QtSFYe1Tb4Q86
Supplier#000148740|,zt6QKriYOESJOzRNipBoeAmXa
Supplier#000148782|  kX2GHbZJiI,Mbyz8hRMxF
Supplier#000148795|FprQvkvGJ7s6DuOo9NP
Supplier#000148811|eITjCA1DgnZ7QZee6ZLlUKh3KG
Supplier#000148904|Qvr3MlQ0FWUkP0mBJoILOtOTuRPijnrY
Supplier#000148979|wVUrPNhM5cZRNf
Supplier#000149010|S1FdjlOaoCitHXWFpYZ,
Supplier#000149013|tVIgt7be9hRS3EcfpVSNenT7U8cny4UeKSrkdHk
Supplier#000149049|pgXwODWOKfpyIJkaSuTRpgBLFGEpe
Supplier#000149061|M3bvwVP6hqXtJn28UQG RGGlQKo
Supplier#000149099|ryv7,mr6G8VXP JjXzd9cMIp8Ygc2pXKPyeOclar
Supplier#000149168|enEldjNcxKu
Supplier#000149351|Yntesv7V3pIa0jhCfUgl6OLD72USBx VuvCFh
Supplier#000149389|Xa,z3AmfyvE8KI
Supplier#000149398|T2eqWJRkuyaFFR91UyXN
Supplier#000149490|iUJagR33xNYVzF49Ha,4rRbgDsTYnN
Supplier#000149506|aWWRvSUDNjxXJjnDFkd,MH5J3UT
Supplier#000149518|tF8WFsV3wf GAzH3jiXQ
Supplier#000149521|7IYAaIrfKSbNMYmxiIs
Supplier#000149544|iGLgFonQunwccgyvFAN9o0P04 zcpMGxcLfe0t
Supplier#000149577|ckLpqTa2vx
Supplier#000149644|5eOuuiZPsFMX
Supplier#000149645|LWvbnxB2KcESckl7l ,GfTyt2
Supplier#000149657|0CZjkonNuaQMmXqi9R
Supplier#000149705|bT8asb7mxFEIPQqLtXAHs0DEwLT99jfEk
Supplier#000149708|XvxHTiO7hPBwEnX
Supplier#000149751|oHSrPVVAZ2aoeo3KICCe2EnJ6Jm
Supplier#000149825|TXJD,5iN1y xDW2FS3fVuC
Supplier#000149976|RajAey53dAtEuA5y3kjQuXDSyyJux
Supplier#000149980|tHa7pBws9EZDLtKSf
Supplier#000150009|k9,eWrpBDsBQqWETwK4OCSxpy3
Supplier#000150020|uP1,vCLTRwAeyOIWIvxTkeig hIGx
Supplier#000150098|Rj8Arc,hEOZeDNtCQMzqF4NPEO0y9 YnZ23Qj0
Supplier#000150148|UG4r8qguGY6nBmzBFSO3oyevFctyyJ
Supplier#000150182|6ISueMpvRcWEALUaTzL6FkJtVgmN
Supplier#000150201|stXoFKSlIXBdtaCV,pYFTEqRzoSEhCVcc9d1Gfz
Supplier#000150227|BcKcf3GiZpxfzpQ4aYQ8iKrfh30sYGrCd4jZ3
Supplier#000150425|Ue0gRK66I EDhuZSz7E0yZn0JPIAo KRuoQ 
Supplier#000150506|WzR9Pn,gn7xUFJJHAA3y5594slqjH355
Supplier#000150534|w3SypkRPCh
Supplier#000150655|SNRNqcY jxmr
Supplier#000150707|728ndokwZOZh6pzONl0kxhbrABVzI3ulJNM9
Supplier#000150745|2zAkQkcigMXUupGjh03MVQYWbyClILnN,
Supplier#000150750|UWc0Siz35mZQ C9eYmXSIj
Supplier#000150836|fgk6vEfNLOUZDqgP5o04CvsRZ7QJP
Supplier#000150867|arusWtiGUNwvTm8mqmdM4EvTD1FnYbR1pfxPcNQg
Supplier#000150974| 9H1hhE,Li iHp0uEXY
Supplier#000151130|roYIo 6lidVKHz8jOkXmmJEVW2b9zC48KYYZaHyv
Supplier#000151137|mLqFUqkdoNVrEhOXZsovFWizeREH0n
Supplier#000151176|TWsqFR2K 8d1iZBi6SIIaTfwBOlzEun
Supplier#000151203|Tq8cyZF8SvSYa68y0S
Supplier#000151325|pQEk t,2RGlK bZMH6thooka
Supplier#000151333|eTQlQGeZSVpLXR0IO5duNA9
Supplier#000151395|,jIP8dkpC93K4E8hbtqqYcRzp1l0Kkztb,
Supplier#000151452|5mWF7v7x6q9gOyAe
Supplier#000151454|11IZ9vWxvMQD97f0i,OuWUeKBQY9O
Supplier#000151509|rXzE4ppcuZOIt9Gk1Aq2zESKh94
Supplier#000151573|C308Dv2M6dvN1TGkZIt6RX2kBekSiqTnrXfzgpT
Supplier#000151610|kkkQtO6vFsiKJe
Supplier#000151645|VD6iVDbwdDh1aZMAVhUU2ZI
Supplier#000151667|uDKAQD5F,aEuE5jz1FfLIFU vVcXzjcTvm3Bnod
Supplier#000151713|4W0LoW6l2EzY9QycOZaQOVMMm
Supplier#000151796|Gw,vIgmsvHKrmdQdVaZ4QNTyy XDLS31Tg
Supplier#000152071|3PfZxWZEFxK
Supplier#000152109| 1sbRvYrHQL2K
Supplier#000152115|zCn9TW4gp 1BUczyl
Supplier#000152150|DypmLZihdarEaUyLQ2risKI6X5q4m7PyqvP5JGOA
Supplier#000152175|0WJbU1K7fTHvbTaQJHiCCIXwv8qHC57
Supplier#000152183|As,QjZtDD7Rdir,srKcm0YaWGPxoU,v
Supplier#000152195|7RABjcdzsWGYpx6iMgEJoa
Supplier#000152217|nOm6,br9eu
Supplier#000152353|vEdYC q8bX6sSefC7M09Yx3zD4F8PdvpsdRx4
Supplier#000152390|,5GFtYsKqMhUrzAOAoNXwIInjEf4ATu5AY
Supplier#000152598|aj8Q7SOsmhPgQCue3hkJYEx9cOCeAphOOy,8Mphe
Supplier#000152619|P66SS0MB AvYa0LMOlZ
Supplier#000152623|1ifT1S10Qn70Cqv8DaT4
Supplier#000152649|hprq6e96g645tYH5OpvZFvNKDBrkQtMen8t1rzc,
Supplier#000152668|CQnRMKSZIYZiupRN0
Supplier#000152721|9qWCIv8bygxzvpZyDA
Supplier#000152725|3sqEIcNVtmPkeTaqOSUNGiqIWq
Supplier#000152755|7NbIKzChM2qn 9qdvYH65m979971COMKSkb
Supplier#000152806|tsv1MY DDZ59ZSwUXZva,JB
Supplier#000152811|UjEAXsj 32,uFNRdsHNNyWvPumm7IHQ3X WW
Supplier#000152877|gSgxf,zpjDN4TtZ2wILnnnOXT 
Supplier#000152987|3TQ WMih08GbjYZ57uTjfkhGiaingx
Supplier#000153113|RRTFlM47UMD,MLcYPSoueVMHlLrJByYtTG
Supplier#000153196|8liPVgtEUTU2ZQF2oBT2RSJAt1X7Tvq
Supplier#000153203|lT94jkOzZCCkQ
Supplier#000153214|VuZ7AVmzEhgVi4SsIZ19,
Supplier#000153250|XDKseCWzyuQRS96lurGa7HQWix2
Supplier#000153298|l0PfQLP1ybkV,cl6,Bz8Cb,i,
Supplier#000153384|a62H3nLsqweCuQ10ebV2G
Supplier#000153536|c1dgh7jKaROW0bZ27lyZWnClEalTmGLaWy5lb2w
Supplier#000153591|ZoVQwS1NTInI5qqUA9hUXd
Supplier#000153602|N0g15beUjbkWPnlsB0c I6GMdpH
Supplier#000153661|I2nFyfW59yUy5O18
Supplier#000153672|ofex7tLzyA6m6sm6Eg6IAXkX6wzJwc WDx
Supplier#000153741|ri,6GB5ZlT
Supplier#000153746|g3nVE9JjWsfNRSqGMZj2Fk ad
Supplier#000153769|yUbcBNqL8aGe5
Supplier#000153783|vjTEkGl112Kcu6qUXw p
Supplier#000153808|KykNUVnILdZltrNYLOR8KJTjMxqT
Supplier#000153862|cuBRgB00MNIspUxGK,9D,gY2pv0R
Supplier#000153868|OjVeKogyNPESU13BKZ3E7Q3i
Supplier#000153940|6gkYJIPdhDsx851,Z21G3 CRvAaD
Supplier#000154024|lWgSZb2aZyRnYXL3
Supplier#000154034|wXigd6cavNEsGHkRRF
Supplier#000154064|O6M5ZbSKysFtZ6EEhtYBkK0jlA
Supplier#000154097|eQJjL3cnKdrYo
Supplier#000154217|z2KCqED4NTcocvADYwGyWjkthubV0Fc
Supplier#000154272|bUmAHTf,u685wOOSu
Supplier#000154358|3QSuUupbnqM4aNXZ
Supplier#000154410|3pdEfD,FWeJXDnor,t2DjqUhww
Supplier#000154551|g4XJ4S8Xv2mATEhlllaezniDWovAKgoOeu0jxj1
Supplier#000154555|aTR0VPYkbSBgPJ,kCK
Supplier#000154558|trM1lx4vr4VWoXdmioTIfFTML
Supplier#000154621|nNitOjsBLhqvd,M78NKeW
Supplier#000154637|uKNGAjUeqfU8CYMXjfMF16XGDvYcNF4EzE
Supplier#000154653|4G2pMu9VcCqNbVJNBxIMaSekFCRQaCQ8n4g
Supplier#000154678|JlC1YDpR1O
Supplier#000154698|45nKK5XMlZ
Supplier#000154699|ai8TmKGm7JFrPldn77Xs6xsLIX5Pgdb
Supplier#000154737|UW3XKvhyI5kHr3UEBftP0
Supplier#000154839|DXU8kpiuEJ
Supplier#000154910|wZaCtYZxOpPRpxGHC8
Supplier#000155059|jBl,x1aW00m91KNUhVlps0K
Supplier#000155132|,algkm9PCc070KGsCI54RGbeTYxBukU0to
Supplier#000155151|L9Lg9YGeleiVR3ECq09P9
Supplier#000155264|3UJgV4S6a0uTzfuK
Supplier#000155309|6wFOUFSfuJmfup96Cbk0Ii3QOabyOL
Supplier#000155356|IA4mxyd8fG8MoQhbdbWqmPHWEQc
Supplier#000155428|dKcLG5iYwZ1smY0Z5jfKq
Supplier#000155607|UO,yAb4hz9IMqmcaOJhjmGVol07bp2
Supplier#000155724|F eSjLOTjcVkqGV8YAeuBVlhaXyc
Supplier#000155743|Sq8h2Ty3Vw2tTTI4j
Supplier#000155841|YjD6mWuc4Cwx9FZtkVFJQ e
Supplier#000156070|pmBJjq 0pNXbo 5pZybk2VFd eF
Supplier#000156120|AAlNDWCZ2W
Supplier#000156145|ArR4e8G2NrAS9sNrRvz,zGc13eSYDKZrKdKnk
Supplier#000156273|iHO5EZWL9Pv
Supplier#000156281|D5yt,iaOy m1eEJwh0xaN
Supplier#000156311|d3hLANhtdB
Supplier#000156395|zW9g0zxNvi,g6dqz,iDAfaIjU7ooTAH
Supplier#000156428|cGcRJ8UwVqOnTjXe7KT8aU
Supplier#000156477|L7kYUS1,JkLU,EZwEmc7Y
Supplier#000156532|NGVoGUEXqssGpJDkmtpMf0eFkfau3r3qeAH
Supplier#000156533|E86IYi27Bd tB1jGXrr9ggo84WuhpPa0fZoJJJ
Supplier#000156580|Bacr63bLneInxG,MEn8Z2,oW7cOeuYQby0eK 
Supplier#000156631|cLM2o3ayn12mTabRVvim2yiXjQwABYpU
Supplier#000156691|GwL124YhFrUqUgXMz2n
Supplier#000156716|6vj896L8Qz VadngLnI34ZYT,W
Supplier#000156806|K1JlUGc7FR3tg8IPkUojb87RJeqL94tk
Supplier#000156852|ZQBhzSMAK jC5Fdj7h
Supplier#000157022|U7A2M3GVys6oYtlqT0xJGcqJv0JPxkxAorZBRx
Supplier#000157220|e50v6yEoeSJd2GyTJv
Supplier#000157265|m8rh3x9DGkgw
Supplier#000157296|MUTyNhn9dD
Supplier#000157308|um6,SRfRsrWyUEPHs17CtLhdAql8N1dvGFjZOd
Supplier#000157339|sGQIkhIwGhlHdqUiMO1jJhh20w007
Supplier#000157356|oY,y9WUca6,VV2xURm,5
Supplier#000157361|c37TPcFj3WbGGvxQjj67hbTT7XBiDEGDJJjppU
Supplier#000157467|wkjg1NuF1wAnRVkSpBrFheg2RWYhN9KxqcO5we
Supplier#000157552|,T xkdfKuY
Supplier#000157592|y8COcIKKE5rnkUl
Supplier#000157620|sj92e SdplfPR8hIGbOHKb
Supplier#000157692|ruOKxp6URg
Supplier#000157697|hb,4 5 BFpqebQ2ngNmq
Supplier#000157698|Cp4eVW4xA4M fho3GXg
Supplier#000157794|s6UDFgS8GoMRx DOdPRgnGhaG
Supplier#000157999| vn,yrGwNJasFzi A4ujAQy6Z
Supplier#000158001|EUavNhyBCnxbKTwi7TIj8IZFPmQUT2Kzzr
Supplier#000158154|BNxiXgeGCAli
Supplier#000158334|xQeRHQ57Nlp78 q9B9f5D
Supplier#000158353|k3J,967 mXTI0A9vtdvmrvR7uYAPRvfPp
Supplier#000158512|9wIudyLf,WwDh3uzyvbJNLD7cKHuxEfUN4nTV
Supplier#000158531|uYBRx9glMb2YY38uA 2aiSClEbBznIvHX45184v
Supplier#000158685|EJXYXu7VmLUOXSf0r
Supplier#000158773|ycRMvkKhfrNx
Supplier#000158807|OmsOu,BArnSjtMduE88S5O1nUsocpe,S
Supplier#000158827|R3WDemMFIsJX0WsM86RdZkB5UjkakIg
Supplier#000158886|m0HX04gc81a6a9ex2jV6HKQtS0SWcY
Supplier#000158961|3WS6 kkL79jsyxjmBOrckJmb
Supplier#000158970|0Gb5 Kj8XcBKNE20zHcI8Go6xv2 Ujr07CME
Supplier#000158987|7iUYD1Y1emUWXyZMNjLcrQPtyT8Tt6OLu1gmWsQP
Supplier#000159018|6eijkIHKlkS33xqkgCFsIGG
Supplier#000159027|C2N8q62adToyE57 kZus5M80ahEeZEb2RSkfZNel
Supplier#000159092|4D2YNGnBXWUki0CthGcXTePS u
Supplier#000159238|wn 1UU2lQaFpDEVDpELa
Supplier#000159335|fCxx1Zj42b8imVbJ4
Supplier#000159349|YD 7A2PYBCT3DNE UgRIISWf5UhvOrv5i
Supplier#000159439|uTobFeuiOkCiVSD1
Supplier#000159529|QxFjBiIm5RDYceTr3bJpWoJoHJ5iZg iq0koeYSS
Supplier#000159537|nEoZvklkVSBBDMO5HJtK8OTfDa9Uc M gNQC
Supplier#000159565|xkTuM25ho gkYHwzQfqZMOPPuP45o2ZMJs1ad0
Supplier#000159618|s32P5pOg7zG
Supplier#000159640|SRlallaRMe
Supplier#000159644|MQyL5ovjdfyOiUJl,nU7ILQaHsd6Hi7nMiVh
Supplier#000159649|y,NsC347jWcBSznn6ctcZkmk5pIqOym4
Supplier#000159720|GFYVaklfo2MTzyGUxfZ0sZawpNo
Supplier#000159751|7qZ46sITw42qycohJuv4ZP3YBqia
Supplier#000159756|VmI2o44nlKg
Supplier#000159772|aQyRhrROPan,msN
Supplier#000159806|tC nLCgPgZVFObNI56J
Supplier#000159848|eYN5e91E8kw8EbEppPuL6hQhIgorWAhs
Supplier#000159906|vGAh2YnVYo64C
Supplier#000159978|6Drk,ZVWye17SATr8jG
Supplier#000159981|yWf 8HDmjCa8m
Supplier#000160077|VMgN4 UtkGeKPSbin
Supplier#000160136|wbLLYCTpXd5zvMM lNjX4mV7
Supplier#000160166|JU2rYtm1n9hBGzXjOde
Supplier#000160257|1NHf0Px0Uq iJULG9aG6j2JRKa
Supplier#000160270|g4iEul1p7GF3EWxC9XqQM7YEQmX,MsSEXee
Supplier#000160398|cliarsORjF
Supplier#000160445|ECn0Ak5DV3D87PoHH
Supplier#000160666|8jJ3TB9wOpw8P,zLexjb9OBWNHA,93
Supplier#000160677|UuS3kBLfv31fwz
Supplier#000160696|Hu3LMBnKx2KVouFvwCxiBf2eVjTcKWRXjvDol
Supplier#000160747|axipFNs0enwS2ovAMWozzIlU
Supplier#000160749|mcZCDtQqYoA2aiEYjFavxMqID2uZhKDUYG
Supplier#000160782|bp54Djzi 8SwM3NCGE,XC8WqKtkfv7Kn2LslKAZa
Supplier#000160829|nC3JGrvkSbcY3BHwNTo,gLlEwsULf
Supplier#000160840|7D9OXqX1AsT3rx0V k99w7
Supplier#000160855|RkIEL8eVYow3g4Fdo4k2o,I9 cWqcP
Supplier#000160889|WmKkQL6FwpjohhfkZ,F0ZL06sPsTNJpTl6
Supplier#000161233|ZNMV4hWWFCtW7vXbNbrhR3
Supplier#000161275|0wygXlo1kr
Supplier#000161349|dggr7 eb96Xlpzjo ekPF2NYGwVm
Supplier#000161375|60S36vIQwvgAVTD2q9wVYS
Supplier#000161383|O9grNfkXJiii xAnWU,hmOf5AUrMT
Supplier#000161424|6cASDV887srFnFjcV1HrQqmE7otrZWo1
Supplier#000161498|687kugnrrOFdPJ
Supplier#000161519|gvQwWzpxZGgdWPKA
Supplier#000161537|D,,GzjCsNSs
Supplier#000161543|y1,c2X8EVvL2E9xF8eUFjy2K
Supplier#000161652|i980q18XqnnGrzzFFmUItmrKLoV SRBur
Supplier#000161671|l3V7qOJXtinNxSRizK
Supplier#000161688|IFgwbKzXT45f8C61MGzdQih
Supplier#000161691|1CrCR4xw3IhS7gPhU11RA7zo8tjpJBxI0S
Supplier#000161699|p4ZxUGLLN7BQUyzvgB2zbZKc,4
Supplier#000161795|b25fxikVNZw0 LG,EZ,tmm0vcrZC
Supplier#000161837|ge 86KhmwOIL8VODwIiD
Supplier#000161905|4ydz5ygFRxAfojpSFv3LwI
Supplier#000161921|RQ3JXTIJNzhjgavHeLZYoYuGFBV4f1
Supplier#000161977|OWb1sY01AW7axIQSrzu4
Supplier#000161982|BQTVpKXZzS26YCaJ9Us2MgA MYijQYKcmuT
Supplier#000162000|91MwzK vDMb
Supplier#000162079|dCL7jSF5KqM1SU3A
Supplier#000162240|vlztdVkrFbZvdJNzS5r5agXxd aQlcF6AXT
Supplier#000162250|dMvqU7XKctTah1,PNX3Bv0
Supplier#000162271|q8eljV4ZMEuFS 1
Supplier#000162374|PdiQyzjB2njTlpGkrN0cyRwVy3vf9PxPx1CA
Supplier#000162375|Elc7veW3Up
Supplier#000162382|,JPrBYItQkkibf f9Qsdsqa8eL8zB1fQclN7
Supplier#000162394|aTZRUwYcVla8ExCA4qSOFSCvrI
Supplier#000162498|COHK9unzvdns 0p2ciy
Supplier#000162621|Pj75a5ey25N6r
Supplier#000162705|GhiTwnOt7tt
Supplier#000162742|pDdYgrpB6W7Prd
Supplier#000162747|3mLPbv,E3biUs
Supplier#000162769|yqDRNLWeKDyaHVbTW,zxoI1GPpyNdfaKziJ
Supplier#000162772|hpBDJsoNVCnHH4,P6OPFg
Supplier#000162844|oMyePvYjdnV0PPDwcn75IJhsgz6XOMePqH
Supplier#000162886|fBBKP4m211WKGeSFpO2MW5m8nPM
Supplier#000162925|xVjWmzoDFMDJ3jNZF6TF9hWvORTh552P sIajr
Supplier#000162940|ZgHNH5vp6PlZIeX4Qa
Supplier#000163001|l6UyUg F0VuplF4zrhp9
Supplier#000163068|Tkg0H7lp,RvbPk2nWMiDp qQrKj7kD3G
Supplier#000163078|JIBaOqIIXA6eH7GQuDILEdQxv44et
Supplier#000163082|KgFXTTkeZ1TZ9 WKnsUjSpp9
Supplier#000163150|EVSak4b7yOTIE93,caFrREmtsHn3Dwtz0dRiYrci
Supplier#000163242|tQN1cL KcGibpxv2uu
Supplier#000163337|FTsNTPey,8y5
Supplier#000163405|MHGmJngRI6wi03NAMS0OCdVRE3c9MiK7SzCdidw
Supplier#000163520|37MJfwZIy2r7RnGRlk43BnLUyu03d
Supplier#000163528|tLG1GmxZ97Oz 1ddVLCnNl1tbGhYaNyjExrUV6B
Supplier#000163532|kOlVGGsjOAuFdT3EI7cvozvYC1,,D5A UVh1i
Supplier#000163550|A25QBCbAZXhA9mmVYnJiuI0ogiXwyhmTNTZ8nFUP
Supplier#000163568|wm2jG23yekrD8fP1KH
Supplier#000163616|DfZdSn,TkRbt62Dy2mI,8JNR
Supplier#000163632|ddj9yogIiTxW FTM478Qg6NU bs6j
Supplier#000163716|HrKEDCcdCERCEVRZ,
Supplier#000163845|qPmIX6hs3GHjcPkeK4cmLKaLXB
Supplier#000163886|Y54jmD0RnDCkrDd8zYuOdLiQ7
Supplier#000163953|GRobIBKXG9KPPsPE72PYwr oGe6
Supplier#000163956|V2kiNeM6eCpt 
Supplier#000163962|hr478IqirTBcw16V
Supplier#000164012|ZE7dNvXtljhlQFFjPwrm
Supplier#000164042|jvvgyhRgYoZmnj0OIcrtaA
Supplier#000164171| vgqbLScxsai1WiDz5e9HEali84
Supplier#000164203|rxv7w3T0Cf TXme
Supplier#000164233|6FvCDpq Frpdb08nIC,AnVQkBmUKpGamWLRR5
Supplier#000164357|gJNlqwueWgD1DmM2e0EHd4yT3BRWUN0nW
Supplier#000164385|ROlG0H tHQG9daKFoB3x7ZjlTzgr
Supplier#000164546|bSNeX,xReh94ji
Supplier#000164633|NbRvQDudeZsjzQ5sz1aN
Supplier#000164687|4zmhZBDfTZ dGh MHOFt
Supplier#000164776|p92sbqoJSJqI8QGbq9
Supplier#000164789|X7DI9UFT3IAP4nnbdaOHks8YJeA2
Supplier#000164901|Dj0sphuwk9ciFrDFpbYS6kZXy4TdgVFmYGT
Supplier#000164940|0PtqT9p0bJCy7kcK5g8S9 fUn
Supplier#000164962|mszET23BqDyezYv01XIskrCGz6CPZijX4F
Supplier#000164970|8h1bIYxQUDvC oHFlXSDRlo6
Supplier#000165022|4t79XeVu4ZAJahboaco9hMPxKh2ODrM
Supplier#000165122|13QbRvCFnswMzTafqoVaWDdwEP
Supplier#000165139|fYoIVjzTPAApVJyx7iFdy0L
Supplier#000165152|,bhrMwKxZKloZedFaAvnc5epB
Supplier#000165213|8yTY1kw59yEzA40ytJyPWLanb
Supplier#000165273|Q8vNwhm6fFJt0czDsUdBc
Supplier#000165529|Exmn7wuos54FIvwP,,eDDXb8WpytUyfkK
Supplier#000165554|DaNm8es2gnXc,LPe6sAHqryQrnW7 8,vMt6nz4N
Supplier#000165759|HDNePGyqjoMT5vivJX2z
Supplier#000165765|xKBD0PY3mCP
Supplier#000165860|wlCL1P6YE50
Supplier#000165886|ShaV1Q,jxgUltaseyuvZ94
Supplier#000165941|CiCGQjC5rg
Supplier#000165952|bVYDOn5SpbPGsgPj9Os
Supplier#000166018|zzkipCE,jq9L4LTDXYK
Supplier#000166071|7 4Cvx zvdwJ8Rp
Supplier#000166148|vu261yqfPol6,WZDNmSVzo62vp8lqwssdzymYz
Supplier#000166310|wq6hRfNmG4s7wHliO,ApTELl9,03sMx2SrXOwQiT
Supplier#000166321|z5LaB2NYphDbsKUzDLhpBH V6KRRV,vLvrU7cOLz
Supplier#000166324|sO8BE7gWhuNl0vQVCnix2JIUulbil6cZoo,LXL5u
Supplier#000166428|uZEjlIwiPsXY6ECBAN svlIw1H,yxPi
Supplier#000166529|7auAwQOKig8Zf9GOT01a2C,fgYov9orEgi jQFhS
Supplier#000166566|KlLYaRXpxvZ2RAYRy5k
Supplier#000166673|zPPemmVfhf80vEVVEpc
Supplier#000166764|jmbLv8i9P OSOMUlA1I70SIV0Av4xWn 0zEFy9FD
Supplier#000166850|5ifBLt,jS9CEVys2T3olNYIxxFjTItYLJtWTpUzX
Supplier#000166941|MqYDt4LXoKo8MU0Thal2CaqZ2Aam9je
Supplier#000166990|feUy5ed7xe1NuGp0mvwE D77jzBEANxi7gYb
Supplier#000167131|YzA1K322K9wNAZtIGKQvtPXXqnsK7X
Supplier#000167303|COJGbsrMg9MAq jJbN20xmv8rvD
Supplier#000167315|clus356cxF,ufKMQhfbIHeipyN4c2uvtTLg,
Supplier#000167358|81U 65BkU1lDn
Supplier#000167402|4mMgXuEmeoHOytxSAL
Supplier#000167448|Ub3,TmnCtQOXycP p9JaEfmBs4cyrq4uaKP2iq
Supplier#000167629|DtCdyhRjRAJPemps9OetsdLp
Supplier#000167909|EeSYzbPyNaz7Mkv0NMJ6dAYiBc
Supplier#000167925|nfUgUVfJC3b9fyPUcKRaqsuAHJ4OtAjip
Supplier#000167927|t5L7YMXC ZX 6S3cd
Supplier#000167964|DPOLEt3ZTg2kWKwPl61aEo6DBD,I HyUu
Supplier#000167992| mSF0I22JTwDjq0KAHpXhiEc0uGUIT3146uZMG
Supplier#000168052|MIGQFtOZFSiLSiTb
Supplier#000168109|0mCtIGL,6XWw4ih76wv
Supplier#000168278|8TuEVVM GzYTF78fAegmcIgA,
Supplier#000168295|KUgW49EAjCQ7m29zZv,65xuBdmYXnOx
Supplier#000168306| MaI5mIrDoErv4yB
Supplier#000168322|vKklMwk,Umdbvz
Supplier#000168379|QLEec64kUriRW3DS,FpxL5CFstPj,UmvOIwfaG
Supplier#000168545|40rdqC9FIVDi,nHPqMIfDFRcYEDOCVFo
Supplier#000168605|lMl K6wchL5 Y
Supplier#000168628|MQTp guJtaWd8n4C6ZJlLhRRxrmJCaErZX5VPa
Supplier#000168678|MemTUkp,lXp
Supplier#000168762|ebMXHavRlaI9Hn
Supplier#000168795|xyWex09 Qnj9PAO83Qwfq66bRpZUJry
Supplier#000168814| MRLiQ4e0stLkLYM7ZqtWdDKl
Supplier#000168848|Pn3AqC8voT9FdoBWHPFwHU,QdCC2wv6LJfn3 mZz
Supplier#000168851|KXG 2DsohLPD2G lPD1z4T263cyctD
Supplier#000168878|WTy7DZshrl93b4Im6zMyaXjT1mzmXFeWq6fVMM8v
Supplier#000168894|0CIFYeHsKra6vn9IT5CRbuIVjZXaWuD
Supplier#000168972|Q7X,Gh6G5 7xUTdaby8pnvu6gLJWLk
Supplier#000169028|dQHUNLa5He6u81qsDjnvPat xYr,CHr85
Supplier#000169228|k9szQMdhPIgmOkU4RnT5dtPYm
Supplier#000169256|PtHRBOb6nAs73pkjIi1ZehOn5gWH
Supplier#000169403|utOq4LOW,q3OfObsFyUZwpPYT5kkbNpdy3
Supplier#000169622|6EdR53HuTvX503EvwmdjIdEhnAdauqgvLbBOI
Supplier#000169656|X1tEK1iC6KYxGQMQUuV7Xmw9f3,zg9eUYpsx2Xc
Supplier#000169760|233u80ddNa
Supplier#000169788|XngAaGsVJYgoYRFpBFL6wR33msSrDYVh
Supplier#000169804|Nun,xCrhK73DAaf
Supplier#000169845|QANIBsdG03EOhjBZrdEgliD7Rf
Supplier#000169887|n0gZybpbt9w WqdKCHhrksQs4JaqmLDiNMcjtSd
Supplier#000169892|BTNZJgwG H
Supplier#000169896|T3akA5IXtgyqwLD3Cmgq
Supplier#000169934|qsNNKCe1t2dyvIiIzbPDSec7v3ahtpMa 4lv
Supplier#000169969|r1neBA Q,4wSmdoTy7LrtikdULKUaof
Supplier#000170108|GVeYZMHfo2sUN2I
Supplier#000170166|wqryuS4bdz
Supplier#000170214|o8E27uui,6
Supplier#000170360|iNKmmy,WuKRnD
Supplier#000170437|SMK8u3tdWaYh5a33FE
Supplier#000170575| VVQkqGC2sMGP1PkTgNaJrLJl1OWLEHqfCMjW
Supplier#000170693|R0OOJE1yp nYrRHK
Supplier#000170723|Y6BxlKyDuE9ORDGqjIeRPX2rgNmHzJpYflv
Supplier#000170736|jA0ecmR0WNALZrCai6Z E89 KhAWqX2cSk4
Supplier#000170737|0df,kMytMF13i5z,Xi60j1brQAb,F
Supplier#000170778|5tYleTyrYD 
Supplier#000170888|Gw97MnqwicXzDYfJWMB2NGQ2m6ZTv3ytTEG
Supplier#000171047|0zaeJfIFO9Fb9kvz,iSyg1GsCpukAqbCQzZtO,
Supplier#000171058|ajS4oUh4mALlOY5cUiQDOeCP3kPqFIAavDuONf
Supplier#000171101|QaoRJPY05a4P
Supplier#000171138|dBDJNI48CPMF8UeP1jjZVSZEYfo9Zrf1
Supplier#000171214|eJMnAC t27C5QznwJga2EmxJkVcYT45q6g9KBD
Supplier#000171234|28DXgpxhdxMEkP
Supplier#000171247|NoqBMXkxrupgZcd2I0M9FQIKAsKyJl28kAMEC88Z
Supplier#000171291|4kv0jQ6avAVh6np577N0
Supplier#000171330|S g7FDVZhoB9ixqZ9i
Supplier#000171369|MXTPZtAtnOM
Supplier#000171434|k1tAiJa0DEQ4X38z7
Supplier#000171481|CDmxVfb0,cb 27QoJDNbeNB uFNa5vMHU
Supplier#000171568|1w1w8tMVEhjkd9ntN98Oh3w2yUCTJZ9COn
Supplier#000171578|gSgb6PgpUS5Sdp1k
Supplier#000171723|S4gMFZrGPG6aWVm5mk5czgLx8ey58oKT
Supplier#000171795|7Xve2fguAI4FRGb7luuE4OTJ1IvC500sN6357lC
Supplier#000171838|2ZjfZCW65CEbfvJ4oUbdcqs8KJ
Supplier#000171885|krDg8yGoD75VdEZZLc3Viqddum IXuj6wypGok
Supplier#000171936|h3XteL,W4o31vCTpD929b9aKjB9Gg5FxyOt9jMK
Supplier#000172096|zEAjnzfZ3p9txeyqEFOj
Supplier#000172145|QIfGmex8HR8
Supplier#000172201|,Hql,2jrnhzix1v
Supplier#000172246|E32adHr8y5 4rk6Cj9htesUy16ttq
Supplier#000172343|el4Toh,uUG8wST4CrjSMuZPfNMoZwqZuov9
Supplier#000172456|Kelu4xuepU uKDfJs
Supplier#000172549|gv3nUQh1llMtK23wJIZ4r
Supplier#000172778|Jp7X4 2KW6S68ZLHR03bcLnl4CxGg
Supplier#000172853|H0P8q9lvi0NGBxSN2MQpcagyRBZw1tqAk
Supplier#000172859|X4Zsz0J1NcWolxAES2TkekuU9fRb8
Supplier#000172905|0,G0MgVHuGFlPzb1tx5Gq38kS
Supplier#000172993|xe1eyJW7 fn6gvnVJPXfMu8X
Supplier#000172999|WY6zajzIV9DzegpUdHu
Supplier#000173241|WA3PMSbrrtje4
Supplier#000173258|Iwnsg  9y9URs,Bs
Supplier#000173260|IV8vNqwIuf0Al0afPAyud7
Supplier#000173315|S4lQdjtGMK04obvnl,r ui1lNfDo
Supplier#000173326|G80jArt 8x9uEuhLFBs7WGwJDezI9e
Supplier#000173477|dQXF8rSQc7DrElYCsjO,n5ZSUteMgpdi9K2fm9K
Supplier#000173571|gG,ZkwuQ3GzVrgXnNEi01Lzry
Supplier#000173622|V4RQZGl0cJnC
Supplier#000173639|PzSJ46Or0LSb642
Supplier#000173714|dFDAt2Nvo6JM72b4Sd8
Supplier#000173804|955wyGZ5mmtQ9X3akLVEwtVA4l1lr05Hb
Supplier#000173886|l PSroUHdwrce9JxutJS9rTZ
Supplier#000173888|nLdiWmumqHeWU3XthJwAlwDnPXi1eFU
Supplier#000173930|K2jlCKeLW9JEG
Supplier#000174017|oSdxe7q70QIdppMu6tH3
Supplier#000174025|yYXM62OZ,CH
Supplier#000174072|6SYXLvBcpqL
Supplier#000174087|XD4JWvoo40KM3vZfCSoenJuP hyvLhcXr
Supplier#000174098|IbSqUD5whYv2z1,Blv
Supplier#000174152|JDyCst,MTjTVag VbD
Supplier#000174172|XZemC,bMT,bd2Yk6D
Supplier#000174256|wHc4QMISxxnwiJ5aY
Supplier#000174278|n5L3WUgf8myfpwd82X4RyJhMaeNe
Supplier#000174328|kOjeeMv4NfXpLVA4BFYDT
Supplier#000174615|kaVxT SCLg2JJQgbGR,dPG
Supplier#000174676|3 mvmoSgu3a0Vu0vXVhPzlveeePh7,r3
Supplier#000174763|KuZQgVCSFeR7dQrqD39M4yAo1,7iDvHGGKbk1
Supplier#000174817|8rOZy3jlNqcEURnFTGri70Fx 
Supplier#000174851|RYr,YvDb9usvOdY3E2dPEVD
Supplier#000174853|qr973D8TX9whvUhD8E3gJqkCHZVMy9MXLzc
Supplier#000174970|5umrlqoME1XjZB0xKzQVeQgY6xV5f26J5q9FU9ky
Supplier#000175052|Tdt778Qy9SrNFpGUysOxODdddAYg
Supplier#000175091|S5YtZoGdmHk3UxYQLidfU6hVGyUCyiaKMr2OHkyc
Supplier#000175132|w0py3tnglXaUZXM,ghD5ml,diczVNnyeGIWDRNN
Supplier#000175330|bm2hW0pc,ReUR
Supplier#000175384|jZ5QoWrCOu riU4oe0nwJ,YWTgSAl
Supplier#000175487|bkj7XKcmxx7cEcXuVFks
Supplier#000175538|lSThPtg7H53TKA3
Supplier#000175727|nRsiYa95mT6eAwJu
Supplier#000175742|tN0Xnc8ZNgbzkpUScuzD7c0gWyTGxCd
Supplier#000175762|ifnpbLgFAMpciYoRALP5gdu4ynCDo
Supplier#000175846|OXJ7GX6tVWcJ8NOYPmgOKxEqcxgmfFbq8u W2
Supplier#000175851|EQAb8uKCYrnAxfjUrmXhgSPC,G6nGOXH
Supplier#000175890|w46C8TY5GiQsTG
Supplier#000175904|94NAbZGrZJ 0QodO2z8OH4OF9nfia63
Supplier#000175905|sgPz5bM6L0YYo1pVaN3XZUbH5
Supplier#000175947|mZbwyU6wDNk
Supplier#000176004|KBXWz57vDjJjT1I8J1F822PEkj20vLtDo2tEc 
Supplier#000176045|t8vn1TOwLZiMkTQVlnmq7ATb
Supplier#000176116|csk3bpzNHk6uDfZ4RRcWj7ImI2A
Supplier#000176187|fyroyokVBYJAXsQqYkG4RU5detFl9gd0Xn4joleF
Supplier#000176279|dNzEQpriPP0DkjfOLgdrjiW
Supplier#000176323|E6pdfUktW5Cdni1OTNdYojxJM3
Supplier#000176458|cE6sfpCBktObKDdtj,Z4BGbyUUV E,
Supplier#000176460|BsDpO1yFcgff7QIT6M,mI41U37aT8
Supplier#000176518|FDZAPUi zxiTrg3n2n9hB2E0M7CApv
Supplier#000176573|cmdn1PDWMQrno bU7IVZe4MvF798eXx
Supplier#000176575|V PIuMO4aj ENPV1
Supplier#000176704|kJmKbGnoT0JrJ7m
Supplier#000176729|2pZ2 Tyue9LKmSTDnlRgmAGAHi9porRajOy1K3
Supplier#000176730|0h438Vw8lteoTJoZOun,vtxsK
Supplier#000176771|AsU,rHJZ6ES
Supplier#000176816|mjj8LSlX4k71d2uicrD
Supplier#000176818|56U9zTfFLV5IHB0,UK
Supplier#000176836|mJfJjAThzlay
Supplier#000176877|c IoSEUUAVUNf8TB6YGY7
Supplier#000176930|W2zzcrFi8bHDZsJxjH4XL
Supplier#000176958|d GKcuAHpYFwxbC
Supplier#000176964|1VaAjcZ5j6E7a50zpo aJ8r3oN
Supplier#000177011|DdbKqDOzEqL09Vn0
Supplier#000177028|SQUgZZVJ59QWW 0cpqSzjx9
Supplier#000177042|gx7xisjGYRybYRZ58tXh VN4rcTKm8aAaSd
Supplier#000177181|8826cp2yo4XTvi6SqtPzI
Supplier#000177183|EZ,IIcooXaa7PARO,2o4MKYV6tP6IBNSSpfN
Supplier#000177200|koFb2oIkB4tXj8HVVCIVwauezuumjIWMqOP,
Supplier#000177284|UD22Wz603leUQf7Oj1ihfm
Supplier#000177294|z2Hg3JTetjFsfLxgoGD3CiEnKmqjsFc
Supplier#000177311|eEkWSG7iFW0xqXs5,enYEPmwwoVo9hwk8ITzg
Supplier#000177327|JkGV4Q2c7dB0SGqCJWVOHCarU23V1dm
Supplier#000177349| RDhY3ve,ykh
Supplier#000177509|Ph2fId8jv7Hm
Supplier#000177515|uEA5xT5Hx2IOR1tHB2wibcVbsWff
Supplier#000177575|xFDjZmUNrmQCIit68Qatdov57a9bON16h
Supplier#000177593|z6SmrS2lwgNkuRpV4wlLVSAqutrWfpT9z,AuoO
Supplier#000177619|UmULoXZBBglto7bj9
Supplier#000177667|UBECZCXxvuJtLbFiJb Qhw 2
Supplier#000177779|yFdf6Wcod52uAeXvnMh
Supplier#000177868|9G0LAEi01ze
Supplier#000177978|lU8t5H15bCUmYkeyE2YxNuA
Supplier#000178006|6E4xpqk0aXFHHpC9n2EdTh7GjUFz4vTnhOAoYj
Supplier#000178047|PhDVyJKqCiWWCwI2tDnijns0XpREooZd
Supplier#000178123|EhfPFeSunX5R
Supplier#000178334|c5CTwbf0vN,QfSGN6CxUUzz Ers
Supplier#000178422|aWmVCHd8qeMPZyK7eiwbA Qgb31l Niv5byv
Supplier#000178550|LmTtmLZqV0x
Supplier#000178596| KPZaSBNcTxAVYBM9h d6TnkK9a9af,p2GL
Supplier#000178626|VWNi0mRdZ7uoTBzKLuwSWMdJNruJ 
Supplier#000178637|xURZAKjU2u,lHnaoA,Yj,zH4YpKtisZ4
Supplier#000178739|ZuNrpnpvBgN5WZG7xDf
Supplier#000178828|elq1E6tSEMWMRxESeKTUGY 
Supplier#000178913|u06y8chxnM05BxnFHCmSSS,
Supplier#000178916|BKay,dzoOAcQ3Po
Supplier#000178917|WvilCncXH7eQdOFK0
Supplier#000179034|ZD4dsmDxYHn2EahE2Cu1rpyudwm
Supplier#000179103|u1aF4zO5JqzswR
Supplier#000179104|hysviHYBZ,NIhF
Supplier#000179221|4TolSGgFShhFXVK5NXfxFX,yze,g7X I9Zn
Supplier#000179223|cU5CMOwHXgzgndO6YUmVNzo
Supplier#000179257|UPb0zYAGx5VVSZfRNcf8ddTDfIIh0T2
Supplier#000179378|O ,wLkInnDIJWihCb 33KMyi
Supplier#000179501|nh2Chzcp5yFVFrRGkfzsbsVcF,vW
Supplier#000179503|igKolgcpxjdvsuBhn
Supplier#000179613|aGWvRjT,KWSXoLUJ2mDiFtwPwlY8UX8cvv1E8
Supplier#000179677|JzyTPfJhWGFT1Gr5j4X0o1Fcu,XbKdZ
Supplier#000179802| IragwzmOznG1D2Ozt
Supplier#000179881|JZkTHwSvdXKHCGXywi6zs5sB877kpBs7kL1na
Supplier#000179912|JvpSIy0m8KPVybTmq0,vK555rBFxWiI4S
Supplier#000180046|NazMtY6xa,aTBXywe 5q
Supplier#000180165|VmUyF2FG4NmjD GwcKjwv
Supplier#000180327|k6JPqDuTQa1FJ2c12qFwlk6qwH
Supplier#000180361|319bL4nKHYrjf9LDONhabvhQ689d3gdJjLU
Supplier#000180485|0UUle89BlqC
Supplier#000180510|X6XF7I,YetOSwV5WVqe9iDz,Exu AMze9e
Supplier#000180526|u7,KYof0D4xF1nAa
Supplier#000180528|QStbHEmKhSOjwFjPnGa,,mV3dUhDiZX8LfecrSFa
Supplier#000180552|NP717hZMIS4ekunjESf
Supplier#000180558|PTZrvUsTvIvjDxf9
Supplier#000180680|Yu70kVagIFGpvMh49bIr,JS8PM6h 5GN38S0DK
Supplier#000180707|dikEnQYPdzgJng4cML5CVf2aqJVtk192zXAKg
Supplier#000180737|wKyqhDp phNS3BhZ8F2y1hm8DEHdfDfi5m
Supplier#000180902|bDCP,mwBijHlRYU96S
Supplier#000180911|UmvqdFCLwC4hW,bt3
Supplier#000181006|bf,9RdVBYTvtZPViILZI0I2EX7kS4ZlR
Supplier#000181107|z1Wzm1RfxOIzK7w2Y7qhl
Supplier#000181141|R ug4mBrd3HuLaXYHa1
Supplier#000181225|IXXvTKVBZe5D8urPFhG6N4ZHem1ox32
Supplier#000181263|k,x8kd3TlcEtdN4w0xItad9SrYNs
Supplier#000181292|Yw3,m2v1P80lVMlpsvcB0MllqrBO
Supplier#000181413|Ie8mZ28dbAceSzxTNIV
Supplier#000181425|aiGFCbeHcTIqYLckRIgd6mgT
Supplier#000181447|uV,3nj8i5rR
Supplier#000181520|R0WaE5RpfO
Supplier#000181558|xxDN5HESKOH8 ,vRlyFIjNlwYaj9U
Supplier#000181731|CAxGdfVn1xiRVIKA
Supplier#000181738|cYVNBCBpo6 lDGMh0P
Supplier#000181788|Cex4a8Q1NDgoAZEhx0aNZqveyqfwtbL5F
Supplier#000181813|ZIpZCc0PjPlSsYZGE5CW
Supplier#000181907|M0 gWQR2xV3dcQWi6Rnd7U
Supplier#000182244|VK3KFrUm1HbQZzow7V8h41
Supplier#000182279|LCNicT0xGqhyEFprcy1fGuD
Supplier#000182486|E6zVAu3 oN
Supplier#000182510|9Mg5Dr1oRYLhruizOedP
Supplier#000182517|LLuWeADibBAntavTJnBOHqmyxlqU
Supplier#000182521|JEmqGw1zNlCwrbddRcAPdQGglXdtBglB
Supplier#000182530|fFOqmROmPpio5i4axC2EHmMnJFoXx X
Supplier#000182582|7Kw5XgfOnbv3Bgn1GpU
Supplier#000182609|wTKwVXcsZIBW8wDF4n9g8c
Supplier#000182783|NGFLhCTdp3sdbdjSkNVDb83
Supplier#000182810|3kyqc0RXDc
Supplier#000182928|,tWNoFSWuBg2kX5E0pMxZgRuM0HxX
Supplier#000182931|agvR 6S89xn9WQB70k,q2vAtDXlSuMvu
Supplier#000182939|NZQRJ0mSp4KvLk TRsb7gPa7gxO
Supplier#000182961|EIxhmpknHk6lDveOMSnkiGNT8Bf04V,
Supplier#000182977|57exVPB 0FhM9dXAvD0y2LW9kZ,
Supplier#000183034|4c9500DVK6zyschkQNqrR
Supplier#000183037|zBI,DQZywOGRw2D3AP1HSdHmiT8FQ4LLZcCpqOQ
Supplier#000183070|TpHx94eWjKdqE p6Y
Supplier#000183102|4gyEb3vBx8Jnv1
Supplier#000183125|G95QvVQGrHVBmmqOT,a 0
Supplier#000183128|pxjM7TTzY F2HryXBHalHZz8H4HywX,3vQ5M
Supplier#000183209|g8v 0DvIFIuo9hGt0RRzE2JwnD6PqhxfPD
Supplier#000183240|NKmBhZgqvKWCtFxrQr9
Supplier#000183287|QSb5nnGLLiV4
Supplier#000183346|WfuYwZb iKw 2tPPSZdRD NUhPAJfvcP8
Supplier#000183366|fdrQVzjLWzLisax,WZbYDnVXl7Og4Kygtn
Supplier#000183389|96 RnPf51VrkW8NJuIh6CbsZkwmGq
Supplier#000183492|UQ2FJaDlgz8vzvnNq1wvwVskiv
Supplier#000183536|iZDrh86T Mj1g7bNP00tnGxoJT
Supplier#000183588|dQu0r2t wrnI2
Supplier#000183655|T4xnXo35K30oSn0a
Supplier#000183664|1I9TSYgcXVwQQTkLa
Supplier#000183665|VF0ubAU12RObQ0fApGezy89CzbrsfX0uzMW26pp
Supplier#000183716|BY1TBDilb4m8a4X2Zi0D0evQA2Eip1v8hJo1
Supplier#000183729|cksi5SyS9JVPypx H
Supplier#000183757|vGIhUO8PNqLXLpmWbw58XXm
Supplier#000183783|LlXV7VUKW71TbxrM3
Supplier#000183896|3Xs8eyhrCd3dlGHcCkdCtdZvrOKY9E
Supplier#000183990|04qCVFdeI2RiyKMF52nV2dr
Supplier#000184003|AhwxCmpCyfHUH
Supplier#000184049|7nHms9BCrbEpfW1Euk9HYPS
Supplier#000184180|t8a0eOdJ bywC oyHc3T710WfENx1fd5Rg
Supplier#000184228|AVY,ODJvszOfcgg8T60cdiWd
Supplier#000184255|ri8ZCa,sNHHOcqQNenpODiFz9
Supplier#000184303|YiqJbDyzW8q5oNfD8LiRuHDuRtzOgCDuwi
Supplier#000184502|bVvtvEoyBWZIPf5g
Supplier#000184507|MIwfdKRgo GPiNv865IgzV7lJNlth
Supplier#000184543|k,jiJSTm,au3Fj
Supplier#000184614|vjQ8Z5JfB12zbFyJypZNk3HAwLToj93ltH2
Supplier#000184619|3V6Q9pSMDpyS7,zg87GlWa6tH
Supplier#000184647|J1hcQS0qbDFVmsbuX164pKHD
Supplier#000184669|CReq7n4zNUiCdn9TS4TJ0LH78ntKTt2Y5Sv
Supplier#000184699|mOif2pkAiZKId62E
Supplier#000184811|vMyLS,NLWHin
Supplier#000184946|4dOJ1piC8E2Mb5lTDQk4
Supplier#000184989|vc0mHhQbd6OcfuLW1CEk1
Supplier#000185064|KyNyxaBZ6SSUlw9JFboc8HY
Supplier#000185073|p8N9RK5Sb3TX0LvZjM9
Supplier#000185096|Z9Yw7V43svfl
Supplier#000185167|Fc khy6PIK1Bs
Supplier#000185319|iug2GFqYOtt5y5TsN5VPk0063f7gGsGGqkyk
Supplier#000185322|Gy68rgWSIHd,CU2hJ2PFV63S8WP6h
Supplier#000185459|PrprBWXjP cNyzA4SD3pzGivaz6D
Supplier#000185504|6fzCPkpgmZwcAG6VMOPuiNQ9ZchCbaVS
Supplier#000185535|LzRu4ao 92VC,KuQD5Id7fzzWaJkVP3Fyn0i
Supplier#000185595|kZxbOUrN6pY5UB55r
Supplier#000185633|EhAkvYyV8m,CI6, fvSWaGIIDlvvQX1Vpw
Supplier#000185676|w5 M7RvsWDAJITi0qxLGb9L
Supplier#000185680|UDXNOISli88olI8sGL8U,SuCGA
Supplier#000185723|228y4Wt9GtfCd3J1HSG
Supplier#000185729|yAw7UjNtZy
Supplier#000185798|39S e8aAcN u5N5w8rXzYh
Supplier#000185875|xBiP1fxX0bsYUkAmdP0lePqe9ao5 E5X903
Supplier#000185890|i,P6fnDi5aq1zvOUQ3Bx4aVVhC
Supplier#000185924|t4OoB8ClbVXploSA6ctnobilNiHBoO6hR
Supplier#000185962|Z0eBVqbuFa8D1rnlRc8V
Supplier#000186128|d0LXkjV1ytTcOzjFCRquqZ YtJkYTlmy8Lw
Supplier#000186145|fJzSWnp06WYs3iBryC8fVTX6wD
Supplier#000186171|KR09HB4z,NvXajeD7ev
Supplier#000186236|Q9b,,iY1aC
Supplier#000186256|PjH,hku5dIlHoo7EavXkFXxsotD
Supplier#000186262|RXNGZe68hv50mAauOHPkqKXxr
Supplier#000186278|wc,LmViFzqyL9TaK3Bawl
Supplier#000186407|uZO6yYVoWFYYwdiXXEcrMxZ
Supplier#000186413|uhXbO03f150Xqm7NK0XgWi
Supplier#000186457|zftgjzksK6 VjRk
Supplier#000186463|pmPciZtw7 AbtvKH,aDIQiovgySP wYYvSBk
Supplier#000186557|ZmCS2oRZ0rt9RTusnEjyaY8kleNLWrzLi8Ge9
Supplier#000186591|mqVhjGGq25XHZHYzT86KFcU6QYfDmA
Supplier#000186595|yq4AifRfF4qzECN6yeharCp,MJ
Supplier#000186661|j0oTePoPCRaEtJiVwvFCrIUU7oq5
Supplier#000186671|MBU46JjKOLTQyczK6KhOf3fERY4q
Supplier#000186697| 68FwmkLQmF5GzZElq8aujCXBUSDQSH5
Supplier#000186724|jABspce9oBtUEteL5GAdyl
Supplier#000186788|gAk1PcP147d3HTNJHVS4KFOnTH9p1PgEZOp7n,
Supplier#000186798|5 wP5HAwjwO48jzUJwIOyxU
Supplier#000186866|igI8Y6xe UuxkwoY
Supplier#000186950|zOJxdv1valIoW
Supplier#000186957|kJ3XTqPPQzNqG1czi2McWTggxAbh3RR9Qkk0C
Supplier#000187007|vDJE96N5lI3szxYLiqxRPCM,,p5c05UGnAPlJ
Supplier#000187094|pI3Bp9J1opgJVGPfh5aU7HLI6LHddruy
Supplier#000187138|F0UMs2aoNM4RMA 
Supplier#000187139|jgwas4 msa DmErnW
Supplier#000187405|3wZwuQGeYATQmrN,
Supplier#000187463|DJAcRZNP7 jWMU2XU6BjatlvXVArW84
Supplier#000187482|12Q6S4,xgyrRR
Supplier#000187485|Io8z3qldKZYoJmvdTpL8BHPrv3ECG35naSO
Supplier#000187487|GfOeZiumOwG5CidTOZmicmA8hb
Supplier#000187507|o2 N37MEljm6sbr H20pXh34qsioUtOIep7YSq
Supplier#000187529|uJ48ovR5hLkz noU7P,lhL0hEre0tNnQ8BuvBOp
Supplier#000187580|iDGtkmNrHZKH1Q6nQ8hfK3MBt5AatK7ye5k
Supplier#000187621|uPN5wQLK hLbXV8gUKiJrPyvYkpP
Supplier#000187875|jLg62AeUpV5bz3BxlK9JwDVI,DCv0Orr
Supplier#000187898|pLtWu6Jb3i68NV1,sC1PQbHvk3NkceFbxA6
Supplier#000187938|e,SNs0FScPOdRGvN9wFObgDxuKLGhhvz7WVb
Supplier#000187950|StHi9iBjrcbnDSm1Np8
Supplier#000187990|UT2u2w2D8w8wCaUS6AbjAUFY5
Supplier#000188063|xdU,Sp1a9HwzNBoHn7BN1
Supplier#000188108|aQCfy3oS Pp ba
Supplier#000188113|CMIhtfJWbn7eCLZraDbgn
Supplier#000188187|OxMtMhVxU1Y6aTFRhCB1VWXk3
Supplier#000188231|JpOj7r7zvxT4MZzmhP9T1l
Supplier#000188319|g3WHgrVe75mcctJ
Supplier#000188366|wCtSmPHH2,r6FDtYlW7wN41M1OBch
Supplier#000188394|H3BSx0qhGePg1
Supplier#000188418|pkEisG Bw PvCMI0DgW0CmRaa2FC7CTXb,1Vm
Supplier#000188501|hAHIN7TImZBKCE,9w14bUJtBd2g1aLJsoenpws
Supplier#000188515|gvRUvCt5khH9vBMZw
Supplier#000188554|29tkgqaILG255 3WgDMS6AO4aJoe5PB,X488usI
Supplier#000188652|hAankRUZrfZH4 
Supplier#000188705|RLxGlNquKp,M9t28pzOQZ
Supplier#000188771|oM8,wIiro uG9CatyNuKv8OEZQZRNi
Supplier#000188893|nNKMROvfX1MaA9OdHG,oBRxFWhH
Supplier#000188921|C57khHxehTFmJYOCjYnm4eA IEmfFxsC
Supplier#000189026|kE CIbqq8Ok efB
Supplier#000189050|mF VRN GMffw4F,9,F41pjEPMREwa
Supplier#000189079|GmqUebePS6dNMNGb7PKzss4uxsZ6xv8AOJK
Supplier#000189086|ABJ8lCBj6CHo,5ExoE8 Y8 GqkWC
Supplier#000189111|4YLBhh6N1rdb8bMx QfxJj5Y5YtW
Supplier#000189343|JJT3dy9OBSdG92J
Supplier#000189377|,Pok2zaZ3TLp1VqRXd6WSZ UtgkPuWvHMXpQNnu
Supplier#000189378|dKTHW7ROC8FR4we3FGq
Supplier#000189434|AxwjvuTg2Xa6tvRilUhZtB
Supplier#000189453|y9aOi,ybJTu,fqCyExtuWqwKrhJVFoGxazJ
Supplier#000189689|I7ucCy7TUWlE10sEX
Supplier#000189692|GTINcaWWKqoKDxyS7JhKVmfCms4
Supplier#000189698| J1VZIIFrTBM5JEt4yJ6bBYPA1tNrS
Supplier#000189738|lrPR24CL1aqpu4kJwwazTkKvsjQh5j8M,d
Supplier#000189783|bBaDzdlGR8vk9IeMO
Supplier#000189785|laoQcy Xrl62q,tUKqdRmakGYEiDWUz0ShqEmI4
Supplier#000189866|739BFnSei6C2FYtX9iGFQ,JHcLaTESQJctm5bsV
Supplier#000189924|fxSc9JUR7iW0Jyd9rLxod4 O8H0a4t9rUwJDP5
Supplier#000189999|rc7kVvScISTsZd,yPgbKVBgJR1OmbJ
Supplier#000190035|J2PzWDMOSUwKFYJ pvz4H,Ia4MYGPqj
Supplier#000190064|RVQVAq5KA,IFNKeoF
Supplier#000190119|YNeTCpXzQvY35NFmpef5SCvdx3qpGuu56tm3P
Supplier#000190140|LMLnZWLoaiCPjIAQ
Supplier#000190192|4MMHByta1UqYgyw0OFj6mbObnoC HrR1
Supplier#000190340|J5uBVF ICccDOLg
Supplier#000190374|emkuTOzkMxM 1evkUq,r1BYKGMz7o0lm,DYZv0kn
Supplier#000190383|,,2eUvGLQnw7F2CjMm2GA9GES8,t2x4bEgf
Supplier#000190410|,WaWNA2eQgvu3V7xDRBujF6l
Supplier#000190479|V5iv3d6b8cwl8qRQN538x
Supplier#000190494|YBCxjX1ADxZMskCR
Supplier#000190504|YkMxTRfQwHX
Supplier#000190617|1WRxlbE0uJLzWVa3yAJUZPf2UcPsaYwQcl
Supplier#000190697|ZdCSZui5sZNYNL0KjXneQQ
Supplier#000190816|,tfKMQF87IztB
Supplier#000190843|xfHBXasuHkYELIGgAm4ZO8g6EOmOSDl
Supplier#000190917|l1ipvVJpbDvgHiaqbp N,U,fOfQjnJZh0pGd3HoO
Supplier#000191052|50Ex2DvfmgDvTZ0O
Supplier#000191105|gi7MGgZ8LJ4Qg4 9Ptvrip e 0dFSIwiUG
Supplier#000191154|UYnWxK2WiKoyafiLJ7oc3
Supplier#000191312|YvB,KmGgnC DzsdfuKh6rWD9tF 9reUGSJ
Supplier#000191384|1H4sGsg2jpnmCQlxrvLNYrNdstz7TD
Supplier#000191402|Z56SZtq9xRWu,JVS9fxawpyiu3qj7mBL
Supplier#000191430|QgHZTV,RpnM15V7
Supplier#000191585|QGsGQQiSU qxJCn1w5
Supplier#000191983|jFxDs2rEvmMhRRg9VMCO6Tq
Supplier#000192037|YWrM,Jftvfei7UdsLY
Supplier#000192083|0JOWemtOaXgMsfUBf7c8ne
Supplier#000192126|nQyt6ZPDBTCRIGF
Supplier#000192296|MxlGPEOlyw9gEc
Supplier#000192430|DTY4Hd unc0D
Supplier#000192482|lq5geKq3Yx0K
Supplier#000192550|cqQwi0DJEH1I7j2JvVbGmZuJ5z828NT2iDrdN
Supplier#000192579|Ry6KVP4BvC7ZR7q iKP5BPMJsw
Supplier#000192674|GfdvK20cfHoxpo8xO9m,NtSDi7lFYEL
Supplier#000192676|K9xOODX27uSBYm
Supplier#000192826|hMsQTGodmsMS6lczSq,V4Z
Supplier#000192830|ixa0QqCEaZ6pGRunK7YDsezWacJyvsu8
Supplier#000192905|wfAiWzf7NcY30cX
Supplier#000192914|AydrWSlM0C
Supplier#000192939|XkyFmM3CsXhJblYUHyU5zQT7aw8Nuto1j,Z
Supplier#000192991|jNyxIoN3R3e1wsEYhtsWQwldJOp
Supplier#000193153|yjFPKy JhJnTVsMb2BFxuo3F
Supplier#000193158|xecz10XQv0rurdFtkfFHIw1t8akKS
Supplier#000193162|a4zeBWAlqR,hns
Supplier#000193197|oFWa9RgMUlfWVSQo
Supplier#000193212|EUKOiZt6DjLEBV7c9sXJlb
Supplier#000193233|2VzMN68scQc6fJlAywZwVynj,CDdcSI7zgDr
Supplier#000193439|Ry9gaE rVmIRMualNgRob
Supplier#000193476|cJCN4Rngt91RzRxt,VZZBmIQYr
Supplier#000193519|ctaJzj0RWKDs7zcQyHTpOV
Supplier#000193520|DdhZ184fq7Ns2FVd0iEQH0ORGcRRd3CceZGHHg
Supplier#000193590|pwPr2X6 Un0xmUdVsL7g8xQ4A
Supplier#000193624|fV9ZVQJrsoafARibGGHWA9k1jhS
Supplier#000193648|lb9ZBt4Yr9KGq2c3phIeqV4NiNx2DsB5
Supplier#000193678|SB9wPXtWVBP0LmYZezqxKUHq3nEG5pU3S8zeKr
Supplier#000193691|VnVFB59p7fMrtru
Supplier#000193693|xgCX7PjuEZCRymYmR
Supplier#000193726|r8e6EuW4EwY2sd3t 9
Supplier#000193762|0nH7232aiNH5v8Z,xesB
Supplier#000193781|96wH3uBDwr82b6nFGnWlic
Supplier#000193798|dNv3HI7Rfaacvd7iuIUBvlFkY6SIUXk2vVoIZkHB
Supplier#000193931|nN8n2hPs4arFtGmo0
Supplier#000193938|ASU1yMkK3y9fO
Supplier#000193953|YH4ZY13U4T4D4xcx5M513stthnTJtf9
Supplier#000194051|ieK98pBdgQcpszPR6qQ7ooSqqyUw55Smy
Supplier#000194058|k8HpTjETjyG,z0kYq HvV6xgMO7qBD5NPlZmT
Supplier#000194067|6HKYvEmxRfV2YLR6S3KMpGTuY5IaR
Supplier#000194070|qLvwQ1zuOD2HXqBs9cSJVP1nvpDGwoW
Supplier#000194237|rkMZSIFC95HmYfxKYfUAN8qftaWRoU
Supplier#000194262|Wjva7nRB j
Supplier#000194280|DAlHM2ebpN0gfhMNhNWA0
Supplier#000194306|BavnelrlUUirWE,ZfSPrhl,on3gDvzn9d37TZgM
Supplier#000194338|l0ytvL41d4hr
Supplier#000194524|OXbJnty94yYHO Kv
Supplier#000194562|okW4CwSyQZPJqnvK
Supplier#000194645|FkuYbQR0BXkhZFy2vO63,5mVKp2Y,26R
Supplier#000194701|qI0bAPfjCJJUqK
Supplier#000194708|RNeBmGF6ShgwHSts068dpdp
Supplier#000194725|q0knkliQ6RdMtjX
Supplier#000194774|HgVOA6tO8z9kq
Supplier#000194907|ctCZlOwuGJzdRprgnuGwwFFNTr
Supplier#000194924|RJa1wjAiEiy3
Supplier#000194954|4wtCszJbPZBzFOUt3EHJch
Supplier#000195001|e27xSQllZnc,lmN192D9LN9aLLVIhVx7vM2wIHyh
Supplier#000195016|5CfuPqVulNxyUDCQiku
Supplier#000195047|n t6HUCPZkvhmIYUr7PfTNGc,veY0s4AAe,SWC
Supplier#000195054|7xHz7bZB,Jxkej2yCGl6rroMCLt86pso
Supplier#000195073|VeqU0UvZn MQAtkf
Supplier#000195091|WThFVI,T,PzDugRmGEsxKvP4Gq1SQZugi4NIpy
Supplier#000195170|X3aBM1 fsrCSUVlscUN
Supplier#000195222|5tqG2ge8LmQOi,TChB Qo3q,tS
Supplier#000195298|7mybvX4rDei3HupYsg
Supplier#000195316|JtlLnb5HkmVNZ3jRYBvVD VM2v3 c2O,agMy
Supplier#000195329|pZ5jLJO06BU,cZPPSr7WoGrDt
Supplier#000195371|S2EkmJwFB6,mNAj,rJbDf9PfvEWx6
Supplier#000195392|kZcXqaFZNShnL Hx9IoDn5rTKYUrgaWjegyDFeui
Supplier#000195449|y6e9N0Gimj6Jm
Supplier#000195507|pp7Gu HpzcpT3M oQcNf
Supplier#000195535|fqbu5Mti6Tmr4rW2ADC1XHghfBs7UYySziyM
Supplier#000195549|d5n7 rskZ8h2LFA25wHYwb9sMl
Supplier#000195557|Flv9tOYH4CEAlX3NRd9qwOElF4Hils
Supplier#000195663|gKXgGV pZK
Supplier#000195670|vUexrLImfPQX5mHGmBPt6La4wRNozBqbd4n 
Supplier#000195749|7UpZENHx13o1QT5qeVGeGDr7IudlFV2O1D2
Supplier#000195755|iJZX9N6DWHndcxu2b5duAMg9YIAbkb2tmKw6TwM
Supplier#000195806|Cb4F oO1Lyk nENO 0HdSAYa
Supplier#000195829|hMN346Ez90nwTJdUgTTi
Supplier#000195885|,D638j2M4CtohEkrbEjyzyQ
Supplier#000195909|CS23CiHmBg
Supplier#000196053|a3FKE96wby
Supplier#000196127|RefZ9Mk,hSGVzclpq3Hls46
Supplier#000196157|OMfBQsKrUelY4 ciH3im5iu7wEtsxaicFUk
Supplier#000196210|Ip73xWTIcU00
Supplier#000196217|KmeYIlDM4EuLi5AMrO0haYX2
Supplier#000196309|A5LaCj16qT1lZ
Supplier#000196323|Gi8jXDivB3a7gzLqO6sU6wzZ3e9Ys
Supplier#000196328|2LicfNQ,fABB36cGqasal wOEZ
Supplier#000196447|vvBx3x6i3IftH6U00M4dynQvuHpOSUXxsrIuI
Supplier#000196532|SEqR6hQ hXJWvvGZ2WVsxs5DQy51JM83hv
Supplier#000196663|lBQeavBytZKjDE,Xqmodq
Supplier#000196761|dmvu940ZUAV 19qGI1YSIB0dWiBMplAEV
Supplier#000196782|vYtw4RtWrFowntcAhO7Pc
Supplier#000196830|8MTArcxGuVH7mRe,eWFxT0pEfDbMCZgKx Yu
Supplier#000196838|6ee8f6yjeTq2sGPkvU
Supplier#000196866|Ixz1m0n oN5Aj
Supplier#000196902|Bn ynaEJXRfGSX5LQR0PnPq1ds
Supplier#000197071|pe wjZGY8d9
Supplier#000197075|dR1mpD00,CPjxrhRpm8iPlrOetyUgzJ
Supplier#000197118|BEYqr8KPO5cz,tHgXLrTXVr
Supplier#000197205|NO ydYCoLNIAxi0J9NN0ndkgov1,F y
Supplier#000197444|,KB89Qo1TNoGuPl6l
Supplier#000197448|NEU90c373DTfjL8O9He4aNXHIgSkeS
Supplier#000197479|4Hx34tjT3VwoX
Supplier#000197496|GGcm7GMssmYYR89DI5rQoaeUsCs5RRHKpgQ
Supplier#000197523|ns0j2stlpdXTxiTL4K1ayF6Mdns7
Supplier#000197550|m7FY9zOHZuBDjDz
Supplier#000197584|s8aQAoWHSFiLrS9VnypXZTOhmU8NhvjFU
Supplier#000197602|wXcrA,0z aNNlC3BH8cgM9O,ynC8i
Supplier#000197633|rybTudpUtOV77bLTKHWQ
Supplier#000197645|fLlmb87HFn9O1BbGhpyK8eI
Supplier#000197716| r,OsL2umpZWyGrZ8Kz8
Supplier#000197737|QApUUvMqKgEvQvksG4pPYFDr 
Supplier#000197789|pyVOTc1rh926jeZAOkTswMOvbOualeTUpOnFeHnX
Supplier#000197810|FayGNi0sp6wY992jsMmNiyWhVfpCEVb
Supplier#000197824|vRI7EFkXpEXKhLrdG25zBCu11YFIfGBeF
Supplier#000197875|y4heOxyX CIi9mn1kdyTj33m
Supplier#000197878|pJnuelZjD9gdjlU5nXB8qLeQFrg9R0UwQTaNGeIj
Supplier#000197893|vkXBOu,BFSceAAmnsKhC0BY1
Supplier#000197947|04Q,ly2F7IH4XLQxBLK6FJg4Dcz9
Supplier#000197949|6C7I4IrCE ke
Supplier#000197986|yPD4xidVW8IYMNHJ90
Supplier#000198072|1fdIETxxJuTP5CbmKXF
Supplier#000198218|XcV9VAkrj0TYRGIgkLKoeAkU X
Supplier#000198277|ICsD1uqXO x4aZ4I
Supplier#000198307|liGnyI8nDShgJj8OFI
Supplier#000198484|porLgkHwBtDMjjHGjaJ2c0Lk
Supplier#000198490|X5Wfd9 gCghm1KQkQYafJKSO8w gPId
Supplier#000198500|fWuXzizitwhbJNGCLdXk8Rk1hwe
Supplier#000198512|Ao11rGgsiECttWEv,9RYvx
Supplier#000198520|bSbdVQt5BsnYoAl
Supplier#000198599|gu0yzm17FSjCMpj6j5PlPNlrwCMfTGvfHR,BlmsO
Supplier#000198604|b3USA78KBTOjTx45XkatiVE03zc4ZwoTS,
Supplier#000198675|pinYM83sJEc
Supplier#000198744|c7V tIpPo7,06E6rCDFh615gjSNwlzqb9n
Supplier#000198865|dHYTHJyygz5zavc
Supplier#000198875|IeR5hcGd mk7730,hf1MFoWjX2R7glxK
Supplier#000198960|T1xnFtELy5s3ilGG34T
Supplier#000198991|2mQ3dqWDIE8W7ng9gRxDmW7Jg7FIz07ibGy7L,vT
Supplier#000199021|2qjL9XjnTG,
Supplier#000199087|25qCor,tMkNNTV
Supplier#000199142|0EpTLHsrlG8U7
Supplier#000199200|bn6DI1 JuY9VMlgJK
Supplier#000199210|ReOK43aWR Ru8EjVrqNm
Supplier#000199215|o6Ii6fiz1qfj8pdlwMi
Supplier#000199280|gktdMrnLd5zSiovq5T2AzSimmTN
Supplier#000199318|NxmWV471pT
Supplier#000199385|E54Mm6VxDJKmswlaRiRVyMbf8lAVsbHZssm
Supplier#000199408|1b01Eu4ck6EDAIvsxgRXC
Supplier#000199536|v4eO9pRSOEJMGfQGd
Supplier#000199599|EaeSb2FaEiSiwIT q
Supplier#000199694|arboZMr8w,RvO6fCUIY3jNKw4yx, OfeZASVOb
Supplier#000199825|sP9L3aBAyqg,5,LFwy
Supplier#000199851|78bQNY7XXEEO9h2mlmBB0dXNwH
Supplier#000199968|yvCDw5m6raQ9cviWvCLXkTKk3I
Supplier#000200059|LYVzxw6GhwrXRd1FlOnuj0
Supplier#000200257|3Q adzZ dkcXxEUjB4g
Supplier#000200259| nf,FR3Ps5v
Supplier#000200260|q1PvylmsmgK,CJQAVh9CgkG,Qfxi8AJKiSz1sJ
Supplier#000200278|j1GII4,wXPMsgV,o4LQrtLby0batY
Supplier#000200323|LGkzU2YHcGgFcMkMOCO34a7rE8NyPe,Inq8n9Ga
Supplier#000200399|H46WrOPSSWD
Supplier#000200470|pjVaH xUkAWVpej
Supplier#000200498|pnZis,sKSVTp e
Supplier#000200554|PVYACkTsCzZh7hdq5Xe
Supplier#000200580|vHqGRuFlK3
Supplier#000200610|mPKvezkn6O limcZRqE
Supplier#000200651|ncrOzTJ7Fl
Supplier#000200699|jB73U1Rn0y53EQfgOAJfr8N
Supplier#000200705|HB5Bv2CK9bOhMQGJZSvQwcSA5oHK1q
Supplier#000200811|kvnil AumaTy
Supplier#000200816|dpsGOm8sIlFNhRfwdaVRSWufzeFR4SWH6
Supplier#000200863|r5iJOZobf,WX7TFk
Supplier#000201032| zxE0GYYFoejbRWJQxhgPtudG3oB
Supplier#000201045|fPt3RLV,a8rtpn0CnUu0aYyGMrHCD
Supplier#000201054|ZO2CCsEqjZBPSVs
Supplier#000201240|aA3suXsfLp7
Supplier#000201344|ayi 71U3,aR8LmR89yWgkO8
Supplier#000201406|3Y0v2DwtOui xasaBWPfZAt
Supplier#000201577|gfWaQfpva8B,pVV
Supplier#000201583|2H1QqFMeer91haRke2W1yzT4
Supplier#000201602|KIOjiVOIMfrxoQ
Supplier#000201670|YllOYG1TEOA
Supplier#000201723|ZnwK,hqRukN9DyMw8uuXi4
Supplier#000201731|d8eX5xj8y94cUNxuLd8Xm
Supplier#000201756|uxUC4bg0O9d6j7M5u,COGpOcbAWmefvdRC32cdd
Supplier#000201766|7ZBzdvQXe2TtY9 IwIH
Supplier#000201863|U7ZUssZ6EWQuPBD0Y8wFVuaf
Supplier#000202117|somfJlUDZ0xT A1MuMT
Supplier#000202141|id1d1RI2T1aYgh VgEWMcfkhBfw
Supplier#000202164|z7dXUBDRoMcQtOQ6aTu
Supplier#000202183|GpHeqJt8J8DENLaaqf5jYrsh5pPH2
Supplier#000202196|bRmRHrrGERZTGbWVnYNUkL
Supplier#000202197|KeJX7myrgr2PmKSZ SfQK,c
Supplier#000202204|YY6y,etSjm0No8W1kNznE, MR
Supplier#000202254|chw0jI6ZpE5
Supplier#000202288|ocUqh4jvxIyp6yQgqqZd8Ux91Xyu
Supplier#000202429|tBHLbdrygxzLi0ZfOaZZ2Bk6T17fa4RsU5sg
Supplier#000202455|aDr8ETCbfAe
Supplier#000202456|hmNtI2xNgEAA,1TV3zxjOljZewv,8b4wCpBD2i
Supplier#000202573|yrG1XAQaPs4XT98Tbz7thk0EEcb7ifo
Supplier#000202577|OWNMmdRMRJ
Supplier#000202632|mNZlnIojrdnBT,XSrxDHOwq 5VQmJtJ8zLTc
Supplier#000202638|zqBKYql3hvpoC
Supplier#000202640|,3qEUn8cWDHwBJfv
Supplier#000202790|SYMf2QSEaZfT1VvkEl30HXfEH7v9r43I6oQKl
Supplier#000202814|QGIqKi9gjg7POPK6U
Supplier#000202934|jKK44lDEkVant0
Supplier#000202984|ba,yiaJ4Tx03Nvc28JfJOwZpyoPlK
Supplier#000203003|RjLIKwDFEoNqLVAF761EtS3Ju6pkUh5o8
Supplier#000203016|,lJEILIe9DkCfSfsi
Supplier#000203034|ACysLE577n7
Supplier#000203164|a1Boha6RChYc9KRTgBpmv9
Supplier#000203286|Bzx,o9095i,p0,3ZLz3nvidACwlJ4swUc
Supplier#000203407|nK4laCfIf yerNoZJ1cyDuk
Supplier#000203415|emthO8pOMIcr8KM4frdg6ZcGQb14r 8SeXZIj
Supplier#000203447|pzDrhpnyRK75HVqcALdFD5Qg3MemA
Supplier#000203521|9DDWMDR4Fzf8 wZNkHKp,74xWdDc
Supplier#000203549|sKJhvXuF9EpHv
Supplier#000203608|rgSz9MNS3EON
Supplier#000203626|Sm,jEGj9z02,axdFZHb2N8Tgfcr66pdpa1hf1
Supplier#000203714|cqgEz9bckCRQ09CV4WWKpV4nxo
Supplier#000203790|GNWq5JZOb ZDq,pPz
Supplier#000203824|KjmAPe4o5XwLWNCRMXF
Supplier#000203873|XfTzktXv8qHiUXIvT
Supplier#000203896|3lxt9XmsrCaPaPnFr545HUvJOlQzWSgd9,U7lPaQ
Supplier#000203905|xBYJyM aOqzOWtNhdr4jcfS4K
Supplier#000203915|adSMOJwtoGKAVI GxaQlHcfvXCKc
Supplier#000203940|o9GiTxFD0L0sNRRgMm
Supplier#000203945|Oejvt,DfO6K
Supplier#000204009|7IYbcZufUp
Supplier#000204069|gWS56EH xLgz6H0 UeHYVkHXFS
Supplier#000204088|SIuzNXFsn3bRdF
Supplier#000204112|7cnbneGERDLRhVCy2ZBUku8JD8zdOFpu2GJpg
Supplier#000204133|yCLjFWxq4GJu,ik5Aos7JcIVJHt OVS,IHXt
Supplier#000204184|DPraqtzlgFM ecDJbm7z
Supplier#000204199|nkxQzXBB0X5bUq2Jfas cYy6vQmM5L
Supplier#000204212|1cKdMiXWyexQhGTNqV
Supplier#000204220|76,hyjrsgxxr3pAeYGjm0
Supplier#000204228|56Kq7Fjx5ZGR
Supplier#000204332| iya6iQRNTcWxtOBNYSfrRK3NSfXaR3tBjO
Supplier#000204473|Zzr4sMx,xfrCVMCMM5oAg
Supplier#000204474|4BxP2WBgyKcJsSdaCxns0FLWAeIyBLYng p22,7
Supplier#000204641|iiDqvQJl9ax
Supplier#000204779|PeiLfqjH3hzLqCwEO,zfCLg9Rz
Supplier#000204794|yZNAYva1JgB
Supplier#000204819|CgQJfsbp jVa9gV UeoA1zGLZ5pTWx4K
Supplier#000204918|bOjl0N7v2sIhOVgy
Supplier#000204959|8FCQUXaA1LvJo8KjHml3PM6Vs
Supplier#000204996|Ue2eSr5iH6U,b1nnVOQT2swjWi4vG,kitGPZF
Supplier#000205033|7xfrzmSX77JYC0UIH0,iMY
Supplier#000205074|xgyg9wmrklXlLqC9dgdz7TCqI9g,tFk,BdEsJ
Supplier#000205110|4QkQDCVSLbCHZGfmfMtB2BOIj4U48yac XRe0N3r
Supplier#000205173|vKEDDZ5PEb6J7Khs7mkIKzVWUd
Supplier#000205231|B3OO oTO u4yoPkzHlm8aEzrys
Supplier#000205248|aBtUVE1fb8a0P
Supplier#000205261|,SZ2fFpsdoZiktNITZXLgfqBufJpP
Supplier#000205408|hr5USrUT,KD0KRNrIcO3E
Supplier#000205474|Zas 84J2ypxddTVCaolZ318Yv6U94IxHI1u7527k
Supplier#000205517|D8P3X0Q2LdCDDR3ouZD0EJoJ8BvZvd
Supplier#000205601|j6wMhs5i uv
Supplier#000205655|9tBU76LFxC92UxVhZ
Supplier#000205657|DlrtMgq9RBRD9xlLA3FP,8JkgARSwMQgtGKPHI
Supplier#000205774|w0WGQ3WYkxCeq
Supplier#000205785|oQyauVDG1zVr
Supplier#000205866|KufqFnsfnh2UsoJ5o4b
Supplier#000205874|4goiQaMvuI6j
Supplier#000205902|JUra8bEeAHTvtD GKqqYV,sA OsfyCUyi7hz
Supplier#000205915|gtW,M2TYmbeE3jXXjYxLQhZGA
Supplier#000205962|C77rFwBuFQj8gaBA0Nh
Supplier#000206035|2xiczPltiLtFan,o iMs3fb
Supplier#000206041|86L0vdrnmZfH
Supplier#000206103|onPqF3LzID4Pt7k7EfBPAiNlCFXE9a8bRBIRTw
Supplier#000206164|dm6BWBzJciUJ1mcMg,wHB8
Supplier#000206186|buSFgjRgdEQ8y3qa5UUlsGQXlwHu
Supplier#000206267|mTN4ATuCdeHq
Supplier#000206407|1ZM9e3fhxFuI3Q6HDl
Supplier#000206559|3pbPOy6srbTuQLi1 WHmUIIdM7NGw88nL9,RL6Wq
Supplier#000206567|Xf,VzZrMSnax
Supplier#000206617|jo0rSHgF0lkS0qwo XofVRN9wIPIaHK
Supplier#000206656|zdxCvVvG23,S3IPWBwkAWl
Supplier#000206731|QECNigYlbGK65OK7XD1fvFYASFxv i6XWi
Supplier#000206770|SRfiTpid201wmK
Supplier#000206822|JbK F5MIylY0NwfpHkJEzGkX3P
Supplier#000206848|iP4P2sAWsUEe zsZ YZ,tiQs
Supplier#000206897|50hKIBWFpn x4pmAv8OhMerWa,T0HWgsNtz
Supplier#000207093|9G5Ncqv2LQQf5uq0nXOhgyVK
Supplier#000207249|Nh8UjG3NH,Bgyd9MVMv1lmWI0ZyyXsT,bkuJ2
Supplier#000207282|kxqqiGIwFm6vRPQObvgaxcfIKH
Supplier#000207326|X8vD0h,v98ujrKRjolGw1ysWjdqC1w27fk8GDWbV
Supplier#000207417|Wmi9Oi2,ObVpJJ0
Supplier#000207440|OsgkkuWTGj4A5OFYh7Zdf0TENu4
Supplier#000207510|jaFt2l5PFVT2zj1dX3oPNuPNqRc
Supplier#000207563|JhdIPTKCUbXH9Q8ofR6ZLz,dT,Z2Jy
Supplier#000207592|DAJCtR pWGKSpUWWbUT
Supplier#000207597|WF8JfC5XBsSTxIQ7rou7jnQvWmQTR KH,
Supplier#000207651|Y98JV3 GvCgq4ELg095MR7u
Supplier#000207672|ScfucPlTEoGR auvdekGutRvbh2Mmp5K8CE8s2C
Supplier#000207700|IjvB3xiICLhQmBb kVQ5l,EB
Supplier#000207972|H5qdOAbbZ5wFbF
Supplier#000208232|z 6A9HOAwJD0BDLSDI
Supplier#000208268|DCcbFCcUuyVlrZuBJkZrgOmQbK3GRDS
Supplier#000208272|JCSE05vtdOxX9VjnwK9dpcn
Supplier#000208371|aT4XZD4Q iU3eI5RNr7Bwa2kF1Ii
Supplier#000208380|srU6r57hjLzenNjlGEMexKISg8vldnUmt5
Supplier#000208425|h,a5xD6E8lsq9ygHdXlSL8HSywUHC
Supplier#000208427|sUa14IEIkf 4xw86oOcjLOV77 dF Lj9f9GwJ
Supplier#000208488|jzRjVV6KqOyfZ8Njdwhiun0xN
Supplier#000208548|anodouMCTxdXHkssINA0GeRC4
Supplier#000208599|eAs8z01K9,hAKplZWxurSbayJpMIwcjK1
Supplier#000208655|eHcWkbTJ16
Supplier#000208709|S,,fCseoKqDeR2g08U
Supplier#000208760|X HFKLzlwQJXuYZVhra4BrU
Supplier#000208798|ZZ66ikFZj2lDlHczUf fFKdbTzJt69ITD
Supplier#000208947|b4BwJxYeHMM7XcnSYn07B1PlOU4chABqlV4XS
Supplier#000209024|zDPusuR2gyY,FszjJYvZdU6aXLUlo2yFHv6L
Supplier#000209142|lujsA1zZYGeKqPwh2zpAv4A,nPmWv
Supplier#000209173|kJHOFqnOAJ997k90CIv0rGo28m9KuFY0XJI
Supplier#000209176|ZMK4muSCvTAkluT7MeMAtK1tz7JjPr3BLB5K
Supplier#000209193|OkPGWWg,UKXkPkARxAUYj oJthOyQ,KM
Supplier#000209195|VBJTkBICnYudPY5W6Up
Supplier#000209202|OS2ZiIl9 z
Supplier#000209285|lhjtE OFKdy87ixIpgfr1Ics34yYbyibWbOp
Supplier#000209322|H,eMyR,QoKQrgcA
Supplier#000209383|gp U0jSw4eaTni3faoXdt2BHFGubU jOwQzw5XT
Supplier#000209443|ikMfvuX1wBZ
Supplier#000209521|3LtSMy3NAs5dXW5W c,,X1P,Hi9BTEjAc
Supplier#000209593|lj7xwVGx4osVfFcsyS
Supplier#000209614|8YRF6Y6F5xMY6Qk0O2T6wcrBCtQJKr
Supplier#000209650|xMQWH0FtBm
Supplier#000209669|ZwLQ0dTvnAiCvPYwz4
Supplier#000209676|WbkRA0V3Kqz
Supplier#000209838|odDxDuEf6noMhSDSyVrcKKm
Supplier#000209895|KPiw5EFkKzIS6s
Supplier#000210108|DeFc1fByAzzKzwnhYpaC75ABtpCt
Supplier#000210196|1KbZg8fBWUsMdRh
Supplier#000210211|YdRU1ub6dZCKIhxsDJ3OeOVaoxctnrYy0PHPp
Supplier#000210212|79uPiiIBnh0KUQd72 c6o2yadm4sL8
Supplier#000210242|U2I8yb6fIrY qn4yhq4xZPJfdnqki
Supplier#000210260|5ZLUhvPXFoV S
Supplier#000210410|nm9qivkddgRRX XBk Ebtoo1hj7XE1GeuEHw
Supplier#000210441|0EY3MnwpL7D4,URJhnyQAMIejpcOmYPOVtJJTWZN
Supplier#000210450|U2rs0m4i2DgXMmKkD2l7D  ABXcbCkz7MJWAKP
Supplier#000210510|TkHaZ4SrZEh
Supplier#000210543|JKrxH5MfY,FkvSHmVD2wRAL5
Supplier#000210585|6,kX2p33GLOVJJTSkgzTf
Supplier#000210661|qfcKPsqvSkAmmqTHW0 f9URLVsslvPtAuT
Supplier#000210717|uHjH1aSZCq7j3IUn6fYAi9c8PDYoIia
Supplier#000210718|ApxVmhK2pykp7uuqe7DRkSl1wBzKk0eaDk7gJh
Supplier#000210778|WN0CtqtW1LNN AaUVhx
Supplier#000210852|X4zyuWz E26tj0
Supplier#000210885|0z WQ3YwVJ
Supplier#000210890|63OYOZ3MDEVw8HgiZS
Supplier#000210897|ZgFG1X9cDLK83ga4
Supplier#000210912|kjebDkTLor51j
Supplier#000210923|,y4aPONXK0k
Supplier#000210929|J3BrWGrqCb
Supplier#000210938|hij ZrGx4KKshDd0gdZae3z9moTu
Supplier#000211042|C ktimwo5iVf
Supplier#000211060|wqp3d,wX6SSFSY0Uc
Supplier#000211062|WAjgmkja9kefk
Supplier#000211098|v2xosxegcFofj
Supplier#000211173|i 6bcE8wESSQXQOiyxXsLpJaqEZ
Supplier#000211186|1I wvFrB6z1PAmq5yWzynfKB98JB,rIEn
Supplier#000211229|jKkYqindhuMNrcUVj
Supplier#000211372|qTr uYGRlNa4gc9FIMeLXcaxTeh
Supplier#000211481|etgondPC9zs3WROSh1esPQQMABM3N3DRiYeuq
Supplier#000211513|McjejITUjgicm6rh,MIv87syK7 i4
Supplier#000211524|p1LBuK7XcipBf04RLB0s5Gz3znK
Supplier#000211554|L26wQJQWi,
Supplier#000211616|NYI3MQRVr7Y
Supplier#000211637|fuvFgKgUJ6SIl,4aaVvl
Supplier#000211704|t09wszOitXMx
Supplier#000211776|SHj2xHsB3AzKRA
Supplier#000211789|Ock7wnwE9x
Supplier#000211804|UVALUEZ9R7vatRuAbE JOYuVoUbQpBfM4u9Z
Supplier#000211810|gLoMlPvzrsJ7R68n
Supplier#000211829|M3v4 hXiTlEVc
Supplier#000211840|,6WKIY Bb4
Supplier#000211883|OiZ,nJUR,w8sHFxFVcXi
Supplier#000211887|8LE9NuDsO4R 5 yexbPNc5ZX yn1j76
Supplier#000211911|i3,zYZBR2QkdOi0wXF59z3
Supplier#000212058|sB4fHen71F9IvPa5B3NvYD3eigdRtEyRg6tP
Supplier#000212073|PEZBG Ejf9jU3MivcTQhUZiTrEw01tV
Supplier#000212095|3HoVFAsmEaN7C5
Supplier#000212333|l6fpUYz4ciU6V1wRt 2lNSnRlHh
Supplier#000212363|KPyMPCb6LZeHiC8Crmt6rADI5AqSXiQaxXIY
Supplier#000212375|o,RUIdfVnQQ5HZp0gGHtlBOh,1g
Supplier#000212423|dgVBBQhPbP4tQdbapxg
Supplier#000212442|rA5h87z h,N10lvtJiV363xb1
Supplier#000212519|,4PGBt88UWgKz6nRZbjWhd KGP1ndoL
Supplier#000212526|RUwrz0mOte5MimPRXjqaZqdI36kzvlapJNgXHc
Supplier#000212601|rp6RLoyY9f8Aa,
Supplier#000212683|4LBex1Dky2etkm3O7
Supplier#000212739|2gH9CX6z3y9UMThA8hRl5mydurNgRPAUDNlYc
Supplier#000212807|gzTFBOaLD79wv1vRnLS06x10NEene IP2RS
Supplier#000212842|7YXapCEidbukGsfoG8POlfPi07hzkd0quUf1gV
Supplier#000212907|wsYGPj07l4b3ty3nZCVcexCnSye2brSONQJ
Supplier#000213053|3,yKAFOncEPGY,K 
Supplier#000213071|,oPGOQGabTXnUyXv6Y8L3jKA,0TN
Supplier#000213232|H3fNcLJfgsCNViJtW,
Supplier#000213252|0k6DxpaGhEkUNtwwNCwLreX
Supplier#000213287|vnVtTsZHaSYo0EriIlAIUDzCDut40HY4k
Supplier#000213312|SPc8juWbwesqFsBmS
Supplier#000213356|3o5hH3gGqV5Q0kOJmLAc wsYe
Supplier#000213549|tylzHu28IO4W,pfLOIxPrCJ427xJIC90R
Supplier#000213594|WhsfEhJAbm snvYOHd6T MHSCsO
Supplier#000213656|KzNL,ab6IAaUqLAYSkBeQeLO
Supplier#000213661|iOv38U5gkePlUdD
Supplier#000213716|YpaSoTh dZu5iNs
Supplier#000213717|4DmoL6fLtbT4aBNEN5w2xGMgU
Supplier#000213761| VrMeYuJpoEg,YbXgCK3Y0f
Supplier#000213790|IZ5zdCLhSVf7P
Supplier#000213800|0yvk,CHp ucMgoECkyryOdfiIHAKpgb gwooL7
Supplier#000214011|3n2zMcSM0DOWgB Sl6EXEnm0d4 mNmU1n3
Supplier#000214127|B4,TwmneWkKRgUcO7kUhw3ajyh8qQkPfKwl
Supplier#000214190|xlal0vamdQMXqS3cE76f,E
Supplier#000214214|D Gz2l6t7Dw0BFYqbbzXMhwcUVcpL2
Supplier#000214226|CcN2g5L9cbI4Kk FcWl1LAPH X yBRjQh23dg
Supplier#000214449|shtYESydia1DUyPP3UaUoWlercgqwj
Supplier#000214609|8K5w1Fto2ijyiBKX9HdLT7z6rsSCMk5ZbsO
Supplier#000214623|paPy17GiLt
Supplier#000214665|bhmhDJGPJz334dt9ZTxha
Supplier#000214778|0157fI28RbrcXUNB
Supplier#000214823|,8cNzxuaihZ8gYT20xptf6eEnnV5Q9AWszl
Supplier#000214838|7MG1PIcIcBw8yMirGyVdqlQD8ZE4er2aBDcyBgXT
Supplier#000214917|QkAnI540bcJiIYsaBd1hJGt
Supplier#000214970|J6EQRg7zY08R0gzBL2e2q
Supplier#000215076|xQclt,ATtFenZTdKR11Ip6aeExwj
Supplier#000215149|uK7hpQv18vzga1PLZZHsRBffE
Supplier#000215153|2WNTkuJD4fVz1zaHBV
Supplier#000215238|ebgGg9AJ e6Up4fZJsGdzPL6
Supplier#000215305|TAk3czF kXN5xDZGa
Supplier#000215363|yBsvFjW7gD 6yhyFnBiFLBbqVNW
Supplier#000215371|BKN51OvHgog
Supplier#000215372|iK2fzFxbo3fwMV2y24uokqMRZRSPExF7PWJ
Supplier#000215388|Hlmq3dmlwXMDU5fePXymvOOgPPUkkFdqpY
Supplier#000215410|CrpiYVlvkF 2KNFs
Supplier#000215433|pR,lEMLzNfFIndBpTje19EU6lwyxb
Supplier#000215577|FoMJkQ 0G6H 5 85IzOXwQiA7MNtQiV
Supplier#000215620|rstu2fTg6dJ2uVCk9pCGoUrXQIQQ1iP
Supplier#000215709|YOutisSp6X4iINQw3yhnYP
Supplier#000215755|0sZTb6pEkvDOW1CRmK0IYnnkt2di6fBw
Supplier#000215816|LRnt2HQBzK5ksHKBbs,,9DD1I H4k8
Supplier#000215886|A6jvJDVzht9nSJJMlrclKrIvNXSdkAQRr7wB
Supplier#000215986|nXSBTSHbIDrHJrMA8j3EbVJ
Supplier#000216062|p4 GWoTXcI40T7 gxn3gperl bb
Supplier#000216078|k8pm3M,jxIF
Supplier#000216221|Lh09DkzPCkUXxpAbBXyjdP8nZhW2cJx5nkt
Supplier#000216235|F8KLvtb9FS rugsC1nCFVX
Supplier#000216276|L5skjixBss2QH7
Supplier#000216431|D9eq8lQ,UtSnc
Supplier#000216436|VLPbJOFmdz1X,W7BSCjt,kSac42B7U1nAkU
Supplier#000216441|p7rNeihLJrh076jXgjpEUa2iOmxSS
Supplier#000216452|zXaYfMDw59dGKY5SGTNp9F442ryk
Supplier#000216513|jMRQ87082STrk3fIFyGL0LWs
Supplier#000216536|I5ptWPvBCzaj
Supplier#000216600|bo7XDq1sQ24iMhv0iW Ox ObBaxUjB6hK
Supplier#000216601|I qobuUqFTfBEYbp2RRF 4
Supplier#000216657|o9,F,FUPHMYzeTNhd3Tb8YciH8k58wv,BGFaVDc
Supplier#000216688|he0ySHYvD2WKZxpKsnAFqbTLVO
Supplier#000216690|iNj7WE7SsXIo
Supplier#000216717|Eq7hfItxNnX1ZMkBnG
Supplier#000216756|5rqJ1jZVs34LU2wAAUb
Supplier#000216782|ac8Qa1EJU5rej7W87J9VUUgHei,ebagu8dcceXG
Supplier#000216784|5knPFB1pmt5
Supplier#000216983|Abs1qEjzfLngT04Y
Supplier#000217011|NtgtI8cVeuC35jthHO
Supplier#000217063|lg4tGmdp8uW6ZjJGbbrZG2 liycTGsZDvN6qXYi
Supplier#000217066|ncpi3aHTljvqiqooJApvsqN1UMwXt4KEZYj0o
Supplier#000217115| 3cCa7NSeU5W
Supplier#000217333|N1AapOxQ1EYDYfx6H
Supplier#000217341|VaoE040kaN3ZraNtE2Si
Supplier#000217382|ePaAZD5nWi
Supplier#000217386|JsHvFW7EhE
Supplier#000217408|85xoTY 6nJHCf0QYUX5j3Bl
Supplier#000217497|zisRDyN7,LWvBmgdt7ov0Z4eREqOVFsmmkT00sU
Supplier#000217509|YcSSnSkE1fKfxbUFM
Supplier#000217527|VL5uclyFWMEoqvGC9V96
Supplier#000217541|7,G5fDv6yurUnndhR 4QYjBD45WY 1,
Supplier#000217557|YmCJXazVxQD1
Supplier#000217565|qDIo9OjcSTsCy1BNPxEuLJDMG
Supplier#000217712|iXhLD,CFSu8aCqHqfhx0kKwRw,EAfbaONE
Supplier#000217751|4VhQZLF MpyhjkEU5uhiDqpQEC
Supplier#000217803|y8ltng2Lon8xrJ W3nXs2O5cKKK
Supplier#000217900|LXEId6Vezg1pRvk4Uv4TTQ,iA
Supplier#000217942|mzlA5hGLZfznJwFXTBLSF3
Supplier#000217969|4bDHDEnLEvladt
Supplier#000217971|tq8P,jQqdjHPw1EHvGicrJasYdK 4L
Supplier#000217985|qhgMsAV9DaLpN3SCR5E
Supplier#000217995|tAvnfVZyCyMMNj,9RDWB42xzSPjy
Supplier#000218030|cazjJJI5RfX Am5gg5BJLNGIi3Wo7rS1
Supplier#000218048|I1xYGkC5HCk3mRFOd,oAwl,05cazT69w6pHYK
Supplier#000218068|vGveH2JhxiCJbPwO3XOCah6xTs6
Supplier#000218107|h49ld7xW,FT6MBV4h4FqQ r6tIizO3XG2UmW1tL
Supplier#000218123|cGUC3twVqzKxtVLIu5w8h6ZZ
Supplier#000218161|Lt6kWmrHIrFw
Supplier#000218168|19VJ,MxjBSlR5iH3pWY2DA
Supplier#000218179|Z9iVcGcPQtQBDuviyEUA8HBa6fNbRaOg
Supplier#000218223|xUSOUrXwsAGsofzdAgts1LoI7QvAZvji
Supplier#000218232|HlNf6lvrHrkUZBLDjXedW12,eq85JafOu5bBWurc
Supplier#000218249|t4qtdHL3EAsUzq1GCZ8BRkxP,zLDrU 
Supplier#000218264|1u9DhvUCe642AfFPW
Supplier#000218291|wVLSjGbfepmRZPEWtL o5w0Ps Q
Supplier#000218300|OE8Q9EtkOw,UN25smn6x
Supplier#000218334|X6mjCB0Qi9WaIu
Supplier#000218351|Ahh98FlrnVKUhcuiwfMFrGAuEYdGTv,8
Supplier#000218386|tJzlevoTo,mLzZunqEvZ
Supplier#000218492|Rz6hZnRJhY893
Supplier#000218515|ZqBU02bLomzxtiZxCi7y
Supplier#000218559|dsYiT8aU4WvIfZ1mAIf
Supplier#000218700|khYXu6kaZpmyv6j0wL
Supplier#000218716|MfUgQRRqECEEQbJsE9RBu4wvmQ9NuF
Supplier#000218719|piTg3EBzI56uPwZCRaOs O9C1EK,,g nRXl
Supplier#000218813|miFeBzqR2kR,M
Supplier#000218890|e LyuUjR,UrhxfJ2AAFIk7tNaJ CW70Up
Supplier#000218963|UAFaEUH3SKDb1IzlWih3dbo1OjDAOJ
Supplier#000219052|GYp2CHLfLD83VVlzj9ywNbGUBG0wWOt3gjeq
Supplier#000219096|VnhNlsBpL4y9Wi2QY,FSVk3
Supplier#000219162|4WejCM SOGtmn72qn55saz44W
Supplier#000219217|oaxCloaDQXRqV5Cx sL17jQu
Supplier#000219220|qOXCY,Gvg6DOjMlLRo88l1eSidlY2zea8TtysNBZ
Supplier#000219268|N,,0QE94BpUrXbr
Supplier#000219353|2Jy1KpHA4ZilH6CVR7 e
Supplier#000219406|m1vkmBvmutlI1AdnZ zRmOM2U
Supplier#000219467|dAkJLBpQukAIgpI5BJO4CMf
Supplier#000219510|wT9S,Wni4IPs5Q06qfFP63bP02rn15eMUI
Supplier#000219523|aXpnS5h2tzvYhZt6iDue
Supplier#000219524|zQARewlfayi9m1K9OuuaHi6Fa5LhqQ2
Supplier#000219564|yvJrPHZnetud
Supplier#000219569|co4Enx FXxuoqf2iHbptGw
Supplier#000219576|a3GKbB86ikbmS
Supplier#000219658|AtmJWvjKc9aZxqL8k9f7rc2nqf
Supplier#000219727|zwG6UUQIb9ZnvOzXwePBVTF
Supplier#000219769|xH69MlHhYd9oeMmBbyRoRnhapfmb
Supplier#000219848|Z1S1,wWzq1OcqhBjLlSAZnYMCO
Supplier#000219929|PjlBAe33BQcX1GqK
Supplier#000219990|eFhFqXQ 3k72d0SxByumDbIgJHd5
Supplier#000220123|6RP,P6bEeAsq
Supplier#000220124|6joMguDVzn18mVor
Supplier#000220142|9AR2LtVgbYAc 6pLTxbbUoXK0ZuFrJL7FMy0f
Supplier#000220244|GrLE 71NIh1OYEd2xsz77tylI,N9bONwEUQti
Supplier#000220252|eOZiZKqVEFS02H cLH4CTDv438dAgh,f
Supplier#000220270|YSS,8203FY75WUH6aV9viFK7zru
Supplier#000220357|ebMx4ecQT,0IpoAp S
Supplier#000220366|X46t9FTTBSpcB 54ZWEdaAA30VxZ1JvxUb9sz6
Supplier#000220403|UrpYIrIDymqTJLxxNrC4,VFNfcg A3o3ljZRcC
Supplier#000220409|HHcua0EEo0wXbv9n4UUs1HBUB87L
Supplier#000220415|Qy4J9EpiGxus8IJPBG4eYSp
Supplier#000220421|V4AovsoFLKtXP9kr6HJw0p7,4XlPIqMKE
Supplier#000220489|ubwEjjoy1TWhoGr9
Supplier#000220600|rNYXWa8467n5TA96D3GUoKj5
Supplier#000220714|GsMGbTPu6k4
Supplier#000220732|st9B0,xfZxOE wwbcp
Supplier#000220814|GfXTILXPk4QBWsU nfEsqBO2i nEXu9GEj
Supplier#000220842| 2oZP1y6rDg4egAAbWt6xGrwsju,49VuGTYI9
Supplier#000220945|0jCY5DFFqSMsvVWv,VoYftOGrE3
Supplier#000220955|kluxF8bJ XSqGpfxVmpwZGtgzPG4
Supplier#000221036|8u2XZq1OH86uNaHGdVb5zuq V
Supplier#000221057|lYBuFFEN8cUBlI
Supplier#000221089|hpq,0OVsHcxVguI7aRGB2Ylr4
Supplier#000221107|BtPj3FE5R9cyV5rBMBeJIdEDYhsbvXaIGQv8
Supplier#000221166|QE4JpMe38iL7p80eb0YrA
Supplier#000221224|Emd1r8tOpqsfynJUt3xBtKtlN
Supplier#000221272|a,uFlg4qK72feBNrSa jjTux,j1gPMv74rgiX7m
Supplier#000221337|aKWmk hrxiECv18
Supplier#000221429|ybOO3fin5ogfPADK2
Supplier#000221441|2Ke2fMhvGiUYLyqBO9EvuV8eLWWM
Supplier#000221455|kePzUGloCHsCyDpnrxqAbWk0
Supplier#000221743|FQ5hgn3akTgYSrQ5
Supplier#000221870|Jt2n7yz68O1oqMkDil5X3Wbqsx4XLwKN2KjyRl
Supplier#000221902|z7QlMhqgLrIouAtx7BesJxZWXLL
Supplier#000221908|Urg8Qs,bkb,AZoym3BtdKuROmRLYCa74
Supplier#000221936|FyganPKWY6Hb7lNuLbh6RvzBanLYOikbA
Supplier#000221993|dbxkN z2kF9j6G
Supplier#000222012|IMONdrU,Vpmj,xkWpIREyCMdu791xOnLX
Supplier#000222013|HQfE3HRnZ4JzoFniNa
Supplier#000222017|E5nRm Y8EttNtLuvpGu9KDImnhWyFdO2RUvXplv
Supplier#000222049|d0ycfOMxQzjerUYhr7sOBO8ysqSzR8qoC4
Supplier#000222050|kHbcnbxui0H9lcPBEy6i0snQO
Supplier#000222065|YklqSgaKm 
Supplier#000222169|4hk sLDb65qsTpqJyFQ2 w1
Supplier#000222220|ZorPJzuU4aq71icsfXyfFuTUwPCUu0532JNwS
Supplier#000222307|E sZxpdp1m8aa38N4AwQYgaDZ4YCv IEhQH71uJ
Supplier#000222312|s7XddAu1B7Qi3eioZ33DvvL8XZYrRvQyIFgdGju0
Supplier#000222358|uq0SZYUBdvCWUzJHni2
Supplier#000222423|73dvlL8DrQhsf9Fy77RwwJ77
Supplier#000222445|O7bzzq EYEEVmKX0r,FTGa9Q
Supplier#000222458|RXNsqTW6806HjlhCTsANgJl49
Supplier#000222514|v89xDJkiAn8EYJ0NJRYH8yPK
Supplier#000222521|Gi7shHVRZIzgG7mq15MU46Pt7tgyrBeWd19K
Supplier#000222529|mIRwdQ4XZJpnni
Supplier#000222759|4cobSms7YcHHyI5fv3OVbeY
Supplier#000222825|VZhjgvftnSc4d0Mg94CHGtmM6O
Supplier#000222899|SNNCcPs6cBszQMOHMFB C
Supplier#000222996|,jTPnZN6L,i
Supplier#000223043|xKrj7Oepq0DLVnjQXQ7JlqRDdbmTDyuB5AtG9TxR
Supplier#000223062|U3Bn33J3cEKzJ tJ
Supplier#000223069|nHi58jpYKAKmYzli
Supplier#000223198|CwYePE9ZV4
Supplier#000223282|qu,kpxJ8En16HNOhktp452Ox
Supplier#000223376|E8YlxO4AEcr0b7WsDrroAXkQbyIJfx
Supplier#000223421|3qrJIm kvWS0iiu3zsTihcRgAxde7G
Supplier#000223502|a4jDi11CBkAkVfCN
Supplier#000223525|v34KaDkIhd1E,kABbEkHvXwaxEMFhgNweTfs4
Supplier#000223550|H4fv9,emKErhRSgMDndV,fiVcA0yeuhK45VW9
Supplier#000223624|jzR0bAyGQciR1Y vUkLmi
Supplier#000223686|xltyxkbV5wKKKLK2WtaF8qRSyPG3MTSlBZqhf
Supplier#000223792|XWS DxpstGGWIc1nofNNV
Supplier#000223891|,uGBRPrjACB2HiQcOsGZCh
Supplier#000223970|tBxL veR730NjM1luI1XFkScAkCeklDtP9OJl
Supplier#000224021|iayf45,QjbFa468BA6LLTZUhDuOIhR2P jBx
Supplier#000224053|Zd4tj6RHZQO9KN hTPX7o5yyRWa
Supplier#000224065|n9gdbq76b5a41O jBEshM 4
Supplier#000224101|budfVAbHqLA1k8M3YE2
Supplier#000224103|dZM3YU16TGtRpSnmCEAm9FnjULjWEdZVYlY
Supplier#000224123|DEgHFGry8dzddaYd
Supplier#000224134|f usydvVu umnhN84dbJ
Supplier#000224185|ZYhLIn,CZx8LHS4 bg9,cpcTmY9EZZNHNEP
Supplier#000224222|yucdKhgA7NU3i8Ak
Supplier#000224437|4b9oua,Pgmu5PatQ17P2N7K
Supplier#000224449|UgJiPrdjOw9FBU,ix4nLUt,
Supplier#000224503|4bW,VcYlcEeDPpD84Ibl2U
Supplier#000224559|DNwEtVvdy09RO6oEzdp nG9SorhmeWnXRVP
Supplier#000224698|3lqiCQga0k2P
Supplier#000224746|xofcsFTIriPXQJ
Supplier#000224820|Mld,AcZb8VhQS,WaW4v2U09
Supplier#000224957|1KYGMgi5xgm6VNv2RkSMeFT2TeNmIYyNr
Supplier#000224967|1GGh1DfEzaKz4 mER2Eq3UnHguu2RPq1f
Supplier#000225083|UhNUwEcQ2CvH7woSKM4rM8e 3T,tXse3LEb
Supplier#000225226|WXqnVquPBsXMpum5G5
Supplier#000225250|ows,9xcRmPfmgNrzKWy
Supplier#000225277|JYaRsWNkUli
Supplier#000225287|I32jSh9o1C8sDGq1EJ8Tb
Supplier#000225405|XpNB3nsQZZDmD4CfKc1MqI7TMTE
Supplier#000225639|VmAzushvCiFKo50u
Supplier#000225640|3mxmVXuyeLdZE1VGWdQ82DKtfm
Supplier#000225772|RyRojpSRrzl89ADLiE0N uVr7B8HpO1m2l
Supplier#000225773|XDtHYRvErCdDBJ
Supplier#000225821|gRpmNL7Qtpd,4EDI
Supplier#000225890|icmbQuMLLR2Cco,EUrnGFjYvnxCO
Supplier#000225960|HIDOGpkQ85vTWEi PFH2bsfxw8cJtUbTKcHN
Supplier#000225986|GpI3qotK74vb70dZdlton04KZ8iT4UoxtoLi2ALC
Supplier#000225989|wik6PNQ3VB0Fv6pUibzTtCdGtgFN4,SdQj31F8Xc
Supplier#000226013|fBjLc14sFx5xvKfL1 Y0Dv
Supplier#000226033|Oh3d7 OPnPNneHs236Nxf45iFi
Supplier#000226110|g03lKg4P70I26V39XI8d9SaoHWLjc,j
Supplier#000226173|CQ3HapCMzTZ6vVVnUu,kvGAaGRGWHEb
Supplier#000226234|PZdWE6pCkZeOJPn7fbJoHBG8
Supplier#000226409|ZKsjKywTys,SAAcWnfYz
Supplier#000226512|ffk72TEDjffdbpIGPYdJrwgBluWLTM2zeU
Supplier#000226697|UxQ4MPtk5IUrw1g0LTHWc75
Supplier#000226732|DaqwmgUqSou8KS1QZmVjzN9E2t7S9
Supplier#000226807|HCAuXj9nE4x
Supplier#000226854|UDBtoD,Vd6QFo,M CmC
Supplier#000226976|GG2z4fKolegB
Supplier#000226987|bC4RA34aQqAzGAYj1ahNq8
Supplier#000227021|08exa,6j4qhUbRumrFICBXMw
Supplier#000227073|mSWPqRy,k3smlWYxbQzDJjwyp
Supplier#000227108|C7omeVHPnmYtWgaDc
Supplier#000227121|0jKkVnpBgsItcj
Supplier#000227202|Xe0MsiBhP8MfqUniSurAux66kVKWqeE2w0
Supplier#000227207|E3rxblon8RgrOOeRxS56O
Supplier#000227227|K1fVyFud0GyXHj4Y680iPuohv
Supplier#000227379|jAlHmy8Nnlh1tJoO6R6fujKFe56wHUPVpw
Supplier#000227519|3KxB1xU5AHZt0L013Xa,WUWuhei 5jpZFWqcbAi
Supplier#000227547|QCKKxfh3310Uw
Supplier#000227790|B5gb8EbGI2YVUBDUQAP0P6CYNYBIDhLVcxqn6n7
Supplier#000227832|jcOESu0y22S3ALBKHnkv
Supplier#000227879|MBkUGkxdiqPYAs bFaRgGa5E0WsMb Bdv
Supplier#000227918|1SEg5OGFwo4diEFDEzG,K68v7
Supplier#000227940|zRtr1ZwtXj6sUFFV,,hCly YCv7N5q8gaH zEdT8
Supplier#000228016|WgLVt2LFoLcYF2
Supplier#000228033|YNA1UTyCHgNWO4QMIly2u
Supplier#000228211|ZqeU6ln8Vt 2zFckf
Supplier#000228287|2ue0fqSHn4df67H8R
Supplier#000228295|IIpn8,eIxUPMSI2ZgTisf
Supplier#000228316|b bGRiJ5F5ZYT4L84pckIO6a2zKM1HnC
Supplier#000228402|21 EBe0aMHNMXUwoZM7iwNMkUPz
Supplier#000228412|yD5fG8emg7uylWlGqblh
Supplier#000228461|I8AjpKedY b
Supplier#000228507|6,FJEGfsqv3v
Supplier#000228511|C5v1QgJUap6svXY9 8 oAB95U
Supplier#000228573|krPWky5I4EHP6simMP3je
Supplier#000228633|hrz1,48bZLkLKrnFYPpSZeGzvWQ Jh2VaduBq
Supplier#000228643|O4ZRu6EsCQ4eEiaYaD6BLwhvm
Supplier#000228708|IZ3HAtA69mw9iwLqfVYISfz9tJEm7SwpzdHV
Supplier#000228753|ms6PM0QV7E5 OEull4 PmBXI
Supplier#000228806|2Fz6fCbKY2gJdMyvHEaFOgubj8AbTEwF1Ew
Supplier#000228881|CTYLa srb1LIAkwhngXZUGbI1X5
Supplier#000228945|L3iMKYgmYRDLYxDfDGxK3mg8Rim
Supplier#000228971|BPaLUmqUEoHROzyrwt6FfyFJ6mo0 8G7SvC
Supplier#000229016|,FtMoWQ1CAxvPkHtCY f2a0
Supplier#000229091|Y5WXRC3o2UvDrWu3xzl9HFUxWmXRJ3MU
Supplier#000229296|WtrE4cScHrQAKAPB
Supplier#000229378|eYffp1okCOVhHnqR5fI3
Supplier#000229518|YQbam2d2HcYuFR,Ax eHHfGpB0PxGwtDr
Supplier#000229634|EyPmN0xP,64i4TxmnwHaLxeCIfrZnozG
Supplier#000229645|vbxvynYd23XAFvWlBgFTs2,HxV8ouHjfalt
Supplier#000229679|Z SEo45c2rCh4Nr
Supplier#000229786|bqlLxF0b6sXboQoeEAyEaFDbVSoky5
Supplier#000229823|vi7xPmO61 IpixusLoCS Plm8MCsXygUd0LXSP09
Supplier#000229825|,MnQFGD4TAkWh9D
Supplier#000229852|LM1nfugJjDo2 oj6hFvn GIkW3J8D
Supplier#000229873|iAwgE1DrsJjSBqH6O0k,gGE
Supplier#000229999|znFP0JBby562zljJmSy,79KRsS1ZlF6
Supplier#000230076|JdKcA3PV2PkCUyF
Supplier#000230244|fgzY2WlVPMAog5Zkl hmBxnsv4XOAii
Supplier#000230312|OsHaJwLYuVUk9HpRN95oII3f
Supplier#000230320|H7ROT4As9SiG8Lh6AsRSERebWOWHE
Supplier#000230370|h9nyvt9,GTGfbkC N,kz8hRWu
Supplier#000230381|LY0cheDmhFF4pdO4kj
Supplier#000230769|jKApFZR 5Blrsi2UA8CUlbk1kAtEpAGAjnNfz
Supplier#000230797|a6DwqcvC1J9wHDFnHEZ ihYR0sc3kwL8Pi
Supplier#000230802|KNwhLpPFV6Qow2p
Supplier#000230896|MDEN3mwekFD1dIA9RyS1JNOvxac9qDp
Supplier#000230901|PrT2vNIcNI
Supplier#000230960|M3E8WUJrmqcFO
Supplier#000231102|mfpy6x aiN,UVl0v9dwXJ QsI,
Supplier#000231121|B1SYmGa0YeAYLRQLFV
Supplier#000231181|oYCXIj1 xbDQcVq,bj1F0tIlW9uoj2Ve
Supplier#000231213|4xbt XDmWF2
Supplier#000231257|M2GPqi2wjZw1S1
Supplier#000231385|fSlJzQ6pKu44fFKWkOpXi7UQrvVzEARHi
Supplier#000231491|XamaM8Ph4kL6eyKb2cB3Nqcy
Supplier#000231498|0y3S1eGh0xEBExfzQwPd5garp
Supplier#000231508|l MfXOWTxiOLtJ1lxS9hp
Supplier#000231649|yjJx3n677dkmjp61D6DuRmOzQcBM3dPLxlq8nm
Supplier#000231677|3gMWuHXE2yn9,
Supplier#000231767|l55e0E7RoM12gHO4TZAEbMMy
Supplier#000231848|w8iRF7wQjlHR17cnNZ
Supplier#000231854|66EbJ7IZkOZGQ
Supplier#000231857|HHth18m0ehVJLXPoCGx
Supplier#000231976|s4ElKAK9ksmkHaLDUfX7o4 OueOQ4S
Supplier#000232012|eWGvAazb8 WtXgwzH
Supplier#000232119|DTzWawzEcvdADPNUt1dsjqfXvPM1O4flZnP
Supplier#000232343|Q6XD7Gkz0gL58X0T
Supplier#000232459|xlDofoED8diQ7FmSM
Supplier#000232474|obZNZa9tBW5ofKKp UJuHp0gJ6anpI
Supplier#000232490|ioijLMZA,oRA4f EbGZMfvYY1AphuRIHhG7
Supplier#000232628|EQjXd,SCYokMtNuLOYCmoIvop6C1KKjS0gBtBRiS
Supplier#000232706|ZZynKGE5 gARZ7Q
Supplier#000232720|mvBHVy,LKm6AVFpJTvYkKvB0y8NmYbP 1FtX9C3
Supplier#000232727|Hg3QrC8iG8h8hCuTzg3qZQUMdL5adHEnGkO,
Supplier#000232730|Br6xm43SveAB1MgEtTrVAJK8LIiJI80RKn
Supplier#000232796|MLfAWOafeNPVrMTSuMqZiVuTDgqoY8yGhlKe8X
Supplier#000232840|VJ2HEhgE1IsUITa6W4tPZcVS,yI
Supplier#000232918|xyv6,Z2v42KD2QCLpk7qyZPZSZZe
Supplier#000232954|wIt7UpwnbncJS9F
Supplier#000232970|JWBwTnqagWi4guhxOidvRrl5sWP,,XwDwiakY
Supplier#000233084|eMsujUPYkxxy9T8Jj3hhaQIWkLXw0epSIcEa
Supplier#000233097|mBqsRP7bdwa IzzL3MiS6tdhxkgg J8dEDNah
Supplier#000233105|AIeg3Dfv7rq2Ytb5e18CJclTFqlX6KU
Supplier#000233177|CwWHvdsI,fsS7RzkwJbqjj xYwt74VlNj3fo441J
Supplier#000233204|XHfdr5QwmO7qi7tpp3O sX
Supplier#000233306|0u y7bu0n7wBMXFkNP5Ziu8EGVr5LZvmxz5,
Supplier#000233335|y0D88PFv2h
Supplier#000233339|Cy2UKJeeaHlEVuLZEV
Supplier#000233346|Xw76YkzovhuRtD8He9S
Supplier#000233398|o8P8ifQ,M8S4O
Supplier#000233450| ZLQvZtXgwo0vS
Supplier#000233520|lRYB j93XPU5Zt5F3Ws1iaWoi6s
Supplier#000233539|YAg8ZmNuYFX0PvS8Wxk3pQGo
Supplier#000233547|GM4deLEcxbid 1Wu pboiIPCpf3u2E3E
Supplier#000233597|wr5xicjSoJcgfy3h3yjkJb6jls5JX9T9iFDXts
Supplier#000233608|Y9pIAXT1EOVSc
Supplier#000233617|n 7sTd1r7w
Supplier#000233823|4z5JXqATNFmzBEoHlablFV18BeOfK6LD
Supplier#000233934|DCHAeIgmDd6NVIu5ZQ
Supplier#000234183|xPB5HYpBlPgaEokim1x
Supplier#000234286|GOgJAjGL,nxTT7ETKZFmm6
Supplier#000234457|OooJLsml6 QpRgWiwRZ5XvlrX
Supplier#000234461|3u3hSWj7BvbA
Supplier#000234470|fPV6Xa7G,XXc iQj7,wuA6iuDi
Supplier#000234477|aZim 4TYfr3nc2ZwdRW
Supplier#000234497|LdrBsDKRPJ9ekkVQhdaIFe4AjapxUFPAk
Supplier#000234507|cBTYaxHNp1Hd6gsvkOf7ax4J6Ajt 
Supplier#000234582|O1PMyQT0m74N93Bd3UY5TjRg04h
Supplier#000234596|UdW8mStWR12nsV,LayIcKmMC9Nt5
Supplier#000234627|Ru9MeVh1Mcf
Supplier#000234670|Wk0jbQAPVG7oU8 PpCjsaqDgz
Supplier#000234715|nwb8ZTLs5m9HA
Supplier#000234925|oO21W7m,6fFw3APbuPXJrPs
Supplier#000235001|AWl0D1Yd,MTPhEgGUg88AoneNj0SuqkIGZt6m58T
Supplier#000235035|uGwf5KqQeH64,IGLm9cU,5OH 5
Supplier#000235044|qbZTbEFxguuH1U5
Supplier#000235083|pw27iNz4zR5cg2PwsjEWAexMrW8TcEcf
Supplier#000235180|BCkLbZ0DRZ
Supplier#000235208|z Gy09x8wjdCQsrET63N4S15e2lxGa
Supplier#000235340|EAKomkp2UWt73 ,NfqJjET J0clk
Supplier#000235497|WUrW0gL3tTiFO4nI5xqKqawCsYA9K9R6c0YM8
Supplier#000235572|bKRFKVcrcvKcnWS6Vg96F34SFfvrayDr 
Supplier#000235603|aHol0bLK6L6TiBWEB8C5Utn4DENEJi7gLwpkf
Supplier#000235625|xmK0WTE1j,HKrntM47SPI5NyP
Supplier#000235639|ExBjZefaFdYVuBVOq92gG qSzvujzI3UEfiZ 22
Supplier#000235675|1Axg0yzWxO9sKuja 5XIKlnpZnBc0ShcGHkeDu
Supplier#000235688|Tjk9H6GHP2aSB
Supplier#000235699|hAQHbM 9GGSijvg38X3cixzyu2R
Supplier#000235731|r4Q1n6SonxP9G15
Supplier#000235805|zIhum9IeYDVz
Supplier#000235894|tCGe3IL1w43XoJRP 0ngFJ,naiBMwze3U0
Supplier#000235960|HnwzGTUG9UNfEDuJbHC3ax
Supplier#000235979|R5avhc51jd,BQ0Yh gZB1UyLCT3FqYQxvrz
Supplier#000236002|P40X5hUGSfDX9DD8Ucc9sOGdzI,dF
Supplier#000236072|aaEUbVpBCe3Erm10fPPEdoc1I,mC
Supplier#000236169|dK8ERKGzQH2pKI XwjTC5WIcOO
Supplier#000236199|EZc1UGNlSFzbGWFPAy8t
Supplier#000236289|pJggGGX5oWJR,1PvhVCTth3TT48sz7E
Supplier#000236301|Jgn2FGK FidDxnFgZ108 AZ50QdTRxurR iO2
Supplier#000236333|36botwOt9S33YMmZLCmo9lE sPA
Supplier#000236431|4JArSSazeJ4dTQJXJGV6tpMNst6iapHmpnr
Supplier#000236478|RT8,BjR4Seufbqxed8ZwTn6traDBPRZ3UbL3GZ
Supplier#000236638|m4kihAd,jwfG3YwtLdg20hIcLi
Supplier#000236646|Rbd97htvA2otXC3ta
Supplier#000236732|tLNSBQofN5 bYBcxMAcarv
Supplier#000236752|LM5ek9n8f0oRLs5dtjw4S6ol,a
Supplier#000236835|gq1yzmAjwWcGORwrshXolBY8XA9qDlDX7GBr
Supplier#000236847|,u02yCM5dYKK CTddMyw6
Supplier#000236939|VMw3i6ogloZVz,QhriN6HkN40nDiWDH0 pFdOI,
Supplier#000236953|lktJXNc3lcuPfWGO5pSjyU,tS
Supplier#000237057|DnurE5rd4JYl,wjVFsqX0u7v5Fmj
Supplier#000237096|stODAGFPxZc,Md kK72v 
Supplier#000237108|lS69QylGEFD wOBpdKJwNs
Supplier#000237148| o5ukEXOnDe,Ra5yUfJBSrchWPZCowQ8
Supplier#000237201|wSel2,QeOlQs1,0JtQlB6zcbLUohcctRtFF
Supplier#000237461|Jf2PExbIUvh
Supplier#000237547|bibsozQfnfzmQ
Supplier#000237585|aNNoBzGg0U,ArsOlBhiK
Supplier#000237643|8TVX4K3C9q0u4LhPK
Supplier#000237663|0FJIiO5kSBetWX7ghNxh7uco,HWPNFkPAF9J0b
Supplier#000237881|Ex,GJuNqSyxDVr74Zz2PVOZOclrKOB8P
Supplier#000237887|8dQjCfY8U8NU4vlgyw0kw
Supplier#000237902|2tMK0tRXz1AUY08HLp,Qiu06tn1fBk,AHN4D6Cs
Supplier#000237917|Xrnzk8dBvjAk,Ee1oMOPnknG7bIvTcySbe8j
Supplier#000238003|IitxWXqojfFu8NF5XEgjYAsQVAGNCEE
Supplier#000238005|E 1F8tpW2kdMlXcTwDTUi2fn7NguIBi
Supplier#000238044|gHld59AlWMkZ9w
Supplier#000238165|lPQeac5Ym,Idr2APEDTvw
Supplier#000238168|iXY2JRNuodMnRZntKnTU8sJy2OVphIn
Supplier#000238327|iIMEj,RDX,jq,dd68f7lG7llvcFgtqjDQ1V2
Supplier#000238459|Dd1w4k9vuPg845NU1
Supplier#000238460|KUyo HE QE3MXGOhJMyqxAGKy618vnzWlN
Supplier#000238471|xj4zbwjv,Aa3UQ3oTCoYZt3hdppKA
Supplier#000238570|FoYoszPkwukbLWVwzDDxVB,MQ5M
Supplier#000238579|ggRLV1fASMkK7jWzzplq4K4FEjiw1Dpa 5zWKzra
Supplier#000238590|9KMz02veqO6EPhHUVgnXi7
Supplier#000238676|m4nSBRUPak,U0bCtsVqYpZ5FBXv07To
Supplier#000238684|SmtbsKTqa5D2AqO XjQ8Mw39D
Supplier#000238727|z0LIFGWuqkvX4M
Supplier#000238757|QmuU6R,TivPV
Supplier#000238761|PdLy nqVzyDhv05nBbl3
Supplier#000238776|ASq0 PoRfF4jIjDReDsf0w
Supplier#000238853|2HHnOkCuokIr
Supplier#000238895|1B,u7npkesDt
Supplier#000238912|aIXMYglPX7tBPiPFMtOVX1rgxwPoFvSU,r
Supplier#000238928|v8xRiZ SRF7CaYJ0UxI0aIYuPu5tuKpC6DBTuf
Supplier#000238942|t45RfAQgI2O9 wXWD8RbYNLmQmrkDHo3mcg
Supplier#000238960|DqJS6b9gZjpdn11KrUQcpCuYt6dSNW2
Supplier#000238964|BIjad FBZd1FK
Supplier#000239016|PlJ1d7ywL,NrtKrNpCqcEKxx
Supplier#000239257|ZryHEJ5s7KqgxxaQF
Supplier#000239264|QO4R3A 2EIUa
Supplier#000239325|YWYQdZA7snA
Supplier#000239335|n9I3ZKKN4,tqjF3A
Supplier#000239351|A3SJ9VR8XLtqaV0fPB4FayuIvSIqIvZ0Z2gqSJG
Supplier#000239539|,smsOEalcq84qas34J2MahDe11lILDE6CffFhYA
Supplier#000239590|7DgcWqXkyguJ1FBjkhGBli
Supplier#000239599|asqjgg m4qDk62IuIha2ryULoFcWlhT9SHkjT08h
Supplier#000239618|soBxcaPnBbB20T98qCihL7
Supplier#000239768|dGje EBOgE2C
Supplier#000239792|Uk4c6Qa64bIS3Lw17m
Supplier#000239867|Tg2wSHgtNY
Supplier#000239877| UIanS5 r,nIZy
Supplier#000239882|tbbi0FBDQ A XU0OGAhMT,f,1Vbd29
Supplier#000239951|M8LbpWDaetCm,bOcZ7FhXuojd Ry2tWsz
Supplier#000240018|Mv,z3 YFSw5UbOW84TSZAe3 3gnAbLj
Supplier#000240219|mDWyzKGspF2kuW0ykql2VF1O4UGDWOGErUMiZrc
Supplier#000240265|ncz2Jb72DvjnD2aAcVQT RV5lWfdy5Ijc5qE09z9
Supplier#000240330|,Pc6y3fIiaEJ8ARGYfnii69xnDads
Supplier#000240444|ishFI3inaTtZ1DEu0QufLycNDlTRWldUZ8q
Supplier#000240450| 9SBPAQKs9lkrmsGdRv5TrXlJVFWM4SG
Supplier#000240537|QIuCcAchOjT
Supplier#000240552|lYkjT16Q rAyWN KF
Supplier#000240577|HQ74,VOzBjYAg6OIruKL8CXw
Supplier#000240579|FwJfmDsZZW94f1nr37r5,Gfpiyc BzaSjG
Supplier#000240630|2hWAVQlOJYm9CHd
Supplier#000240678|wfeSFRI5YbQh6
Supplier#000240833|0jDWRqiljAMKhWSjsmMKjwwX8lEYW
Supplier#000240857|diC6a3ypRe0tVFKd6jsJCo,q9wRj
Supplier#000240863|AALTmV,ovj
Supplier#000240870|KuT6DDneqCXmtOnOgKyaqjyEDXwlKOr
Supplier#000240935|9xtNpOLBAiC0lBhAyhnDLJc,SPJ8
Supplier#000240972|hxf2Y,IBUnQANBobIDKNx
Supplier#000241075|QhNDYtLCGxvh l6jFCD9L
Supplier#000241107|Om4KpipWwnCKDd8kTH6QRQSON
Supplier#000241149|svv,9Z,PB0rI6DkuP0VKhhiIGKtOo1cx3Oo
Supplier#000241167|vw1oW7wSOx2dePWmXYYexdJlORSsqdQq
Supplier#000241175|70UtHd6b t,Q6u
Supplier#000241179|SPPiUM9AJZYsAuVz8kYQr7eNTFPZocJn
Supplier#000241185|Ef8LdBI,4qn8tSlAU
Supplier#000241230|PK7L365r2i49jlVxFJlKDqshOh jYE9,ntyU
Supplier#000241472|lfLeE6A8uxJ82vLd8,EA
Supplier#000241577|qp01UxHffS9XNy4xAdKdHiOoErN
Supplier#000241600|1cQ48TC GHwW
Supplier#000241608|GQ2,SMus2dkIh5YVlgIPTnBuo3y6
Supplier#000241613|woawlk B6MDx9VX39traD1K1Lkbh nXqJqQzExkY
Supplier#000241799|O7L1zmzc4xEziXkFbcI j76
Supplier#000241812|kdODY3SFvAaWqLvE
Supplier#000241899| i34Qwl,WV8XBQvBjP4Sza3
Supplier#000241977|FARuk1snhN9GWx
Supplier#000242030|Lu,h1AeyQrncxK7CTNQfF
Supplier#000242041|Ed95hrBpRtpRSXTNgHJUkFDEkY
Supplier#000242070|qcgeSRIEZ, X3Yt6ckneQlNRcoD0u7F2E
Supplier#000242071|yrjdjQxxEaRSTzuk1gHyMG5
Supplier#000242147|gZSdNv,WApOjpIUTArh0piQ xxxIAfOYVlT
Supplier#000242168|y,fghxmMn2GQdxLtf9UyF9REchbwb
Supplier#000242309| 00PS9tjJT n9S7MW8Yyi56QA,0igqFfYF
Supplier#000242325|nH2ivU8e1WxB0DYgv2RlZ8p7ybh,q
Supplier#000242383|GHIpkMRHKH4jvHy104fhGBuza TWUFn7
Supplier#000242402|15DaQ5LVyUPzCN01
Supplier#000242459|9apgY TOZrLD7GbB
Supplier#000242475| QPLqzPs3cMDE5u,idUtroOiq6dhO,g
Supplier#000242499|CeWNtBtTvDYQy cnU2VgqBzeW
Supplier#000242567|CwWkQA8JnbiYak27
Supplier#000242589|,I,BpEH3CfqsXWpMx6ZcTu9 86f7Rc
Supplier#000242608|qsFe9bX5HEXZWbVmKaQkzujnmCwSW1syi
Supplier#000242650|XRpqZ10DX7kgoH1nPxlIKtXzLGZx
Supplier#000242836|8bV2T h,V3H9rZS3JacF6E1jxo bkbf
Supplier#000242938|i9ot bqFKubSWERymlCZUSfobvFqLct67FZWBKJ
Supplier#000242970|g47 yn9HWTyDd63uTaBkfQMOO9tizy
Supplier#000243017|Aq7 lvjjn,BLxe0l8u3
Supplier#000243091|u29CTQ1ARJPu0RZlCrTogDMrbCiY5
Supplier#000243106|79fvI,zu1B70W0er4m
Supplier#000243154|3dh5q31TDt2MnepGPb3dGvOl,S
Supplier#000243186|kXHLHrYfFElc
Supplier#000243209|iG8ZbfpsoFv2 8UPc8LSunqU
Supplier#000243287|QnCrKkYx0YL5FlmNFa
Supplier#000243305|HDKy5A,xbCEqZb5292PbSYdudzbHAVf9
Supplier#000243336|luFrtUl1Kb
Supplier#000243354|Yc7s EJpCiALzlELiCxsuNGl,Xyiun8 hoj2iyHb
Supplier#000243360|CpLlsC7kplnWoNFwEbLmUY
Supplier#000243363|XxgA9WzZnnC7aJpf4jzD3fX
Supplier#000243386|ff9w1WGYpw9iom21W133h3IIg31Mhi2t8vStzY g
Supplier#000243541| 5p7EHZ0dkZVcXA1SeA nKgxI7r4OUgWD
Supplier#000243598|IJSbArP8ogtUVONkg3Lw5PKBFax
Supplier#000243603|KfrrOSA0gCsojbtDpQe3IqqEHJSpoKXJ
Supplier#000243635|pru C8gFNrjnIQkKyYr ODEZFFVl
Supplier#000243662|zrtfwT,EUWr,24yKaq
Supplier#000243702|evbdGTFN3iTUnKx3zuJvDB4oBwq
Supplier#000243743|eg20Yp6MfkbN1CTgks5hdi6
Supplier#000243760|4xhtcpPYyrt68oWUskSX0O
Supplier#000243772|j6z2oCl9f5VT5tcBtxQGOXxBPpqytNu,,SF
Supplier#000243813|l51GCBorEhM0kmm7GhxYTNdDI
Supplier#000243831|sZayrgwhLFbuG4GuHYOpXGCetfi2oFvM,,d1q
Supplier#000243912|uSd,pjpwiD
Supplier#000244040|nLzdFlWKDeev12KJNHkXw6WZvxT i5G
Supplier#000244073|x5sm p GE0ivvL1ZHbtAlndHiRJCEn8kY0Og
Supplier#000244087|Vlcq59VavxUiEE0MPtrTlwbQ
Supplier#000244120|mFP9s Fo n01g9kK9Oc9WxYc0M6jNbL2kS5
Supplier#000244153|9JxCN2yr8Fne5Rb1f
Supplier#000244157|7cGha3kS CKILU1XeRCC XbjhQJ9B5vDB5BsH
Supplier#000244188|ssKo4M2jjY29UImekKTIo3BhfGKZ
Supplier#000244269|Sy0C4osZ,vGtaCptTPHWzWiOT ljLBa
Supplier#000244270|EAPk6GW6Z5RuseU1ECp0932U75V29iGluq5Ij9lG
Supplier#000244283|tAiWJmXBdkArKI1MhM2jDZJqX2O,Bg0MLWLO
Supplier#000244287|o7YBEpZoWPeYAronmJcRCqKv7
Supplier#000244299|zNPeHup39EpBkr8eYGZZtAp90osRt RB
Supplier#000244398|TLfDT1OG3h0Duyunjpo
Supplier#000244425|1nvImCKh64A
Supplier#000244464|5AIo8FewEh
Supplier#000244554|m2CmEYLnALg0R3BfMTqWtd7Nhzoq3,pd 5pq
Supplier#000244571|89guf1I8xhg2 Pkbv9z
Supplier#000244836|LWgaMwoT ZBTEi7xb9QORFHY80qA
Supplier#000244850|EJDFvFeKIQcvKdZF4CMaq4RbFOnXzcgA93O
Supplier#000244852|dqnUxSavNvsKrn3GA4RZyUZJE3yQ7M
Supplier#000244920|PAxbUqEey1pCnP3MqCAI6kAiMciY47flKUBnvJX4
Supplier#000244990|JBXVYuNp13cCirAw6JPxjXERr8km0JFo
Supplier#000245022|QDpIQUtJCAkFDrzAKZiJfU,qVq3d18HFQ
Supplier#000245077|Ii9VeJ2du7M61Ocx1
Supplier#000245092|LY0P5AdkEuPCRVOVKgu TKj07dB
Supplier#000245102|CsR82z3fiyovGKykoU5nZksv
Supplier#000245169| RtdW8uzqdOrToTbr9ceeX
Supplier#000245171|2Jeg9Crm95JyDxqahP
Supplier#000245246|glN8wprEpzh4le 5ggZJPFGtuUT
Supplier#000245291|8njfLgirA2
Supplier#000245306|EDbRmgfqEJafq
Supplier#000245343|y6cgJkB6qte7RVMFgxokPDp6OWhFRlw67p5Z1T
Supplier#000245364|k7NcJoIrXuxNAggSiMOP 
Supplier#000245380|V Wf7C3lBDM6BzExXSG2l0OLfy nynJ9Ur2rd
Supplier#000245458|vut1HCNIzOX23eDNE
Supplier#000245588|iBohxX1His0CIDKsfsxHPmn,1bK
Supplier#000245704|8TTi1XTmm73tZ
Supplier#000245737|DU4,5n0SvSi3YAfn5A
Supplier#000245803|XHmaDFfNfSEcIjig
Supplier#000245852|C8b kFw0DCB3,tW z6q,rZyKviyQ9,XvW9LLxYC,
Supplier#000245924|YmxUmSohCr 5k7BRW,GafMTyDJB6F
Supplier#000246044|4CuGISAzOPgPD7fuMKKu4UBFc8
Supplier#000246154|v4MbvAAf3bDChN0pPTLi8M2p fOMAHl
Supplier#000246323|q6TS3wqoI6FgjBSnPVb
Supplier#000246411|A09L2BONdLus8pRARGT18K74
Supplier#000246447|49DZS,DzvvIQu8oEFC
Supplier#000246461|a61BcE2REjIZGJhwXtvWYFTL4F,l
Supplier#000246507|tgGnK dIwNZ921Gsa
Supplier#000246563|Df600NaICpsZB6acUiAdTmB4Y86
Supplier#000246710|cZ5uUDLbNd3JaJQL021K7ngSSiryE
Supplier#000246793|,tM IjyRVj
Supplier#000246858|vtVwKMiioHCpYGtoaf93NCGHJGkpOnKl2,
Supplier#000246864|O2cwRBbNVZXA2g,2JTodpCZm2Nnolwd7aOe,1
Supplier#000246877|9WvqwpPwQe5EqY6JClvFVPLBbS,jwLrx
Supplier#000246899|dwKLDg6Mao22vzOH1eFG6ws9
Supplier#000246915|TTcWimqDQTJTt7cBdoUXwHn505
Supplier#000246931|gSC4z7cr0jFy5 kvFeGg
Supplier#000246970|7IuUey mJo9ciEPdTMC5Syqr
Supplier#000246974|,Fd7cXrhnV0u,z
Supplier#000246989|XJ427pmZDMuuCd,GmNUgAlumSPlPTJi
Supplier#000246993|H6PoD5p5rcX2U sBeK
Supplier#000247121|jEx0g8qy3Vo
Supplier#000247301| iCqN5gW3GO
Supplier#000247348|1zgwgTRnp7IP78ok0uZX,Yz
Supplier#000247424|FLfnvEyMGhZtZuZoZIBTaZ
Supplier#000247609|u1,fWfwoKy87Tb98ijXd
Supplier#000247620|ow8BEndG3t
Supplier#000247637|AiFaQ2pNC20r7yu3l0bht
Supplier#000247766|EUYgR1FGKxzJAMLO6wFJekmlr1qkn
Supplier#000247925|o5kd5IAblG2ypm7I3P
Supplier#000248005|y4 g5V0uL0BY
Supplier#000248133|uLUQgyQAiW4FcefosTtphgwhRq
Supplier#000248236|p0Ob9uMC,TWJKAb8p7qAld
Supplier#000248292|7OGrbr7UajvCathqu5f29,MB7
Supplier#000248302|Lt,toans5HXm2r9BRj8rxE 
Supplier#000248342|LwiPCEGlEk33RXOPHnlKdBR2lw4Cfw3Gbt
Supplier#000248425|nDGhmrqNoYOvRuTnSlUIAgVsIdWk73Ii38Ulp o
Supplier#000248581|EIA75UIL0cNAvUr7wSmnASd9Rl1ZoJ
Supplier#000248607|EEG0ZC627AjMiUpqBeLk8t6a5a
Supplier#000248618|nP7KCgi6J7,LuPq8 
Supplier#000248631|tv4iRL vp3DUCN
Supplier#000248718|154s7Al,NqWnTm4B
Supplier#000248747|XQL7jc0xGrP4SC0nJcLz5w
Supplier#000248769|RncYfm38XeMx Bfh r2qvuflP
Supplier#000248789|hQif6ScwqqqNfZAtkYzYo34XIhGfcTmIFDnBpDCT
Supplier#000248802|0U0c YQSYeiZQjqmoO2h5pX2Soqr1BmvF
Supplier#000248820|4B96HkTC13Ob
Supplier#000248876|r9I03lk3gJpNenUlNgH3MEcH
Supplier#000248894|VPDkyuJsIprRGiJ88wUHH5QzL96Dahq5zCYF
Supplier#000249058|b6 llTndVhAkSdd4lUV
Supplier#000249174|C6gvvMAPY7VOCYW
Supplier#000249190|kokAi1fWa6Zoy9vpZ9B1en
Supplier#000249437|JBZm9D6BiMdklkaOOFExxk5E5pJcPCkNCUXQrd,
Supplier#000249592|DkntEQyBnuk73b
Supplier#000249609|Qh2y,mPn43q0MaM8avb2
Supplier#000249659|0Y0h36bfhE2BECI
Supplier#000249716|AAc V69uASqQAehBrDMeTKyLb
Supplier#000249833|F4Ghcv7i6Qf4E,4N2jU TwZ
Supplier#000249922|YPCyQJE29n
Supplier#000249971|n8yh6imYpBusAYFQ
Supplier#000249982|UBhltCWV2ZMVW1MRS2uOdHm4n
Supplier#000249986|217h1eLr9PWghnppzKRIJhP13E6l
Supplier#000250008|jyJLWUyLcUvlow5U7LmVSVASHZm17WtBP
Supplier#000250086|JUvSmFaIq8hB5b
Supplier#000250161|sgHhSTjeY6Ou1US
Supplier#000250175|y0btFeMQQiUReWTWwJVa4U5d4ub86ap1
Supplier#000250202|Vi,sgwoVMHMgQqCs15pS7bVQqKbT,2wBfW
Supplier#000250225|UXKJWGgtNM3K4yU Ku9zLrrDeZPiXq
Supplier#000250230|MPja33O3s8RBgE0XH68jdx,nQQ3B
Supplier#000250267|gleHYJkHCDM8NDfEoq6vw
Supplier#000250301|iqLoRgp5hvBQDv,8ditdc8On52fEOHRJ
Supplier#000250364|Ii77l8cYb,e7WMsZxxqVllvrbYho
Supplier#000250420|6RreArCnNMj6Mny
Supplier#000250454|MeoRAeLclGQZ78cTA2DEfCC0ivNHywn
Supplier#000250466|azdhsOdaYGFvF5a0wtqll5WTnxWNzA tD
Supplier#000250471|TFCQ qwG4Yz29YnTvTgU1qT 0cSOo
Supplier#000250473|GqlkPgVe48I9vCfSxEAaX4UX 5MZLNBU7OsXx
Supplier#000250480|5sMzX0u4cmWTuEWK1PJa4IKwbt6vf45K
Supplier#000250521|ER00bYo9wL5oQ
Supplier#000250605|qSbUYe51rPN71UyLvxlGSbofxrphodjmC0x
Supplier#000250666|0L rwffTfEuYCU8gwYHkDIsbGn
Supplier#000250690|wwPt9D318RPAsdOtwdfgHY3 ac0Wc4EkHq
Supplier#000250705|87g4e8sWyZVQmC6kpyv9nzz1UJuqv
Supplier#000250839|frilBc8Gpwc3LcRVHiueKdd1Q8rhQfLGBN
Supplier#000250922|6S7Iy ckGS IH4gDBKU1Gf44z
Supplier#000250936|9mbbZsexgEqH
Supplier#000250986|IvY4YssgMxLWole4hK6j2iBBeTA7f
Supplier#000250987|NRcPNrE5sFe50fRwbqutGU0IsO2D7MgYO 965
Supplier#000250997|YFHaWYG1pRucY9BZxiA0oriA0y
Supplier#000251177|EnAZXO9z7nVouw,2zscEsONs3R1wx
Supplier#000251180|0HyX0mKcUq,Fx0zC7savqfhuJBdy1foes,r
Supplier#000251326|Nd25x26L8MKo,dM1YQ0heMDoPqTiVMEj
Supplier#000251408|w5OY59sANCxaZ5l68V7jj0wM1CVEbJeOt
Supplier#000251558|,pFXvlFa OjnMGuWRpLT6MAmKxXZ
Supplier#000251619|cys8jhxkYeLiFn9bbwz qYkmCZ07qo
Supplier#000251626|QYlkmvgskTREF80AteUzU
Supplier#000251661|jJ1Lamizka,
Supplier#000251700|6SuU 4hlnOekM
Supplier#000251840|1QOfmY3BOhqEmg4iLhGyx7r3jBbf6D8
Supplier#000251964|kXSV8cSYTsiDBYOi
Supplier#000252092|7H8fXgnQNFYWE
Supplier#000252122|CbhPBOSXbDf1wuqSUwF,ymTBQ
Supplier#000252181|Z5Co5fxc22JCCAenTG7UCe
Supplier#000252411|6hLiNzyo1rb6lj89Y39cOoEIvzOGfcRZETFB
Supplier#000252430|tbl6 sOMzVCKTG92Tq2 SrK
Supplier#000252447|cNY4CcV5Y8pPMqzjjNgdvVC9Oy8Kg 
Supplier#000252467|TOFVoYBr0nM5fiNK
Supplier#000252477|HTUVszviSL,Ynp7ZOiAoCa
Supplier#000252536|nK,3brkHn6W4zSSZdvssRbcaYN8T5,kY7pw3bO
Supplier#000252566|xF6BInq6wMZHMO 0mn1p2ahpQuYwDZcbHC12
Supplier#000252763|XMfefcs,hBzu2GZC
Supplier#000252817| 1KroM32qrOIEihY8R8UOUB12X0ifP9MM3pjvs2K
Supplier#000252924|5BftVHvoFlF1B6IyiVGu5n
Supplier#000252953|pgRHmx09srObz1WTOJZjPsSRZmpKrV0lDWa
Supplier#000253042|awlBrrnJoL8g6THmVMM,FzeFEuUNkgbg
Supplier#000253047|RLcqopwGd8vf3s0wjln6YZKrp4RWl6RqJmFwJa
Supplier#000253280|r5YaoswnK 9x
Supplier#000253320|9,5M,1k8rQC
Supplier#000253460|KLid9XiTU1T7MJ6la7BzymDyIzhNixm,sgcY
Supplier#000253473|A3tWLEambdrE0FuLEV
Supplier#000253533|ZQfOQSnA5Ak
Supplier#000253555|EhSN4eEQh9hGpuGgjLDXS7f NFt
Supplier#000253623|s8,CvmGYOYDm,9p
Supplier#000253687|cQYwwJxpdMHoAFQDQQ,1Tohj 0uoW0CgHm
Supplier#000253719|nKwtK6vP0KxVen0gF dlZShm
Supplier#000253732|KlOSfC3db7UZFhfu3BJEBdo
Supplier#000253733|cQ4ro8hFhJe PNvaj
Supplier#000253819|a8TMIrhza5tdLPlRwpwguzZbHENjoYk lQV
Supplier#000253921|WJkxXQ0Jbj3,nwFK0IVr
Supplier#000253958|QeZxhFt tLJwCiAfp06X9
Supplier#000253962|Ejv0XwDst IKcaMGL0pI26Im3OV8s,XA8F
Supplier#000253993|BCwngsaXRddonMm2Bh
Supplier#000254011|2pxpqNbMf fW9YD IvUjuJPRv23kgRfJC0
Supplier#000254086|QdVnMjW4UYYNIXn1vu
Supplier#000254143|ZGRYh35h aVA01VMiw2
Supplier#000254158|WCmgXZGbAFRV6wa
Supplier#000254282|Xc4W31ytcc27cvs4i7A2sqmrw,FQqJlyF
Supplier#000254424|8Rg 4EMM3fAxx4ExcT
Supplier#000254474|MLee8sxB6hzsjJsZyHP329fu3KH8qU8tryZApWn
Supplier#000254482|crdwgTatAVJEgf2lLUt
Supplier#000254554|Pz4o2YFkl,PSrCTfBr8XeAl7aHdtPc
Supplier#000254656|KKxT44zVAojra
Supplier#000254658|MxerV8X244WtUv2vKsH62YQK2gnF1yhI
Supplier#000254742|zoefwbefaZDzgzNO1Wg9v4hYVgrJdK1xO
Supplier#000254774|NpVzYuk8ZxHkRV
Supplier#000254787|BsUdXqS3EAuj8R1M
Supplier#000254790|rePiwqjRgIqFx zyn64dWQ9
Supplier#000254818|tApamz9S459aDJ,DYXOI4JqeB CQak15C6FHsl0
Supplier#000254877|qnEItwB0aZJ
Supplier#000254988|p2LYwhL0iTfI042MWylGumX8CiIKwt
Supplier#000254992|3WfFCBroW78APcWKa,3 20p
Supplier#000255114|7zlCuuWObHEq5NhSyjHSv8C0kmCx HgnwSG9Z
Supplier#000255136|uf,O0FdQ kdPhikgDy4cVjPxXftn
Supplier#000255172|oG7P74Qbc8ESnRSZriRCX1HzxPMI,yUfMe
Supplier#000255222|uNDR4XFrhDU1DUUWf6,bg Y1CeKSePp
Supplier#000255316|ONsXIK6tItjqiRbB8Rst,D7c2iRnFXQB
Supplier#000255425|WZp5ddcnF6,L1LucHAvmSFO
Supplier#000255823|Be061OoPAfMlqwkEt8Ab9bs
Supplier#000255848|2LLWzmwi,yBNDkq 8Wzxc 
Supplier#000255867|z1p9zQfyaSblFCK7qttoRfLl
Supplier#000255921|uSujbTSPeE7xVuPEtcpygYVn6yZD
Supplier#000256046|oKOQ,04sBbwLsjreo3AggzbqN vjfU
Supplier#000256157|OVC22F Y0,AfAElGBsOqBmH
Supplier#000256162|hX0QzhnfaSWr 8yHA
Supplier#000256208|CM1BHYgasR KEbtxf8,u5svdk
Supplier#000256273|WnxYypbg7aowrERsGiRUtUczwRF0gXe3Ovg5L
Supplier#000256275| pKMLqqvmmqcejH8kp
Supplier#000256376|KuMo56dVEHGS1
Supplier#000256451|eVA4Rbur,K Rd7V oM6YIcCiY P
Supplier#000256486|9aYlixwJK3wZquF3m
Supplier#000256558|JijhQJkmxiKupIO8HjZmJkC 4PZIiGVr7E0nq
Supplier#000256596|Np M9WBFeTJXgnjaQQz23nod
Supplier#000256750|XtnhqbFQE6LQhalnTTiZysoni
Supplier#000256794|g9j3Auhxo52AL9F60aPD6TtJo6vPCih0e8nd
Supplier#000256821|3xxVXdhGSHo2L3hlcZWKz
Supplier#000256974|SuXEfmqaagYx8Ps,hbHZJPv63Or9fv CvR2vxc
Supplier#000257017|03ndoozjvs
Supplier#000257154|QnVk5Dz3IR07Z0NkPvRs5DxtGWezEmPfw
Supplier#000257167|UMyHxhJoxTJvr
Supplier#000257188|0ZwSWeBSNKj5lBnpFuFifJcqhg2Z2SpA0MHuto
Supplier#000257230|UyBQxSDjt3k7dg5G
Supplier#000257244|gwGjolTw5oCY YfeFIQOiBCEu XPt3ti8WdE
Supplier#000257251|2pxZGRKMNKnE8B,UizDShyOcVuiGMTaNXuYXqnHa
Supplier#000257263|XtrR2PReCzakpJjYKTUXQQTA5uUY
Supplier#000257387|Hu4CDQ4m9HAhd4aB
Supplier#000257390|JvfE2SCe sxg2XI4AZPL1rPt
Supplier#000257392|uCdetDHPp,aWNtmUEbD
Supplier#000257619|ejBXcOo,IY6M6xTkf6TYy5tJm3fm
Supplier#000257659|IqBw 2CI8Ieky1bSWEq0MyyVnDvm5eZq9mvOc84M
Supplier#000257702|88plY7 yUXCwRzFvNF,HC0IY3j3SR03M0O6bi
Supplier#000257813|pjPtDFmdiJY7RLK ,vl4ycG4F
Supplier#000257853|4hfgvhJ8pxhLF1gXtC2Bk2BaUT0Cady6jbt
Supplier#000258000|iTf QhB262nWck0niReU98fiFE3w2rSPoLINJu
Supplier#000258140|LXXIOL4OwD4Ez4YsjPGSI9qPjNI
Supplier#000258160|XyOofQmq8WkJw1uv0xTuY85 bBvL1LpjTAtF3G
Supplier#000258228|S3Gu9GL0ZlGiFU
Supplier#000258237|huD8PJBxX6,4Ys01VAGOm3BKXrXQM
Supplier#000258322|Hv2mUbefEaXUesj
Supplier#000258324|pj7gYj1OIiG7oMTou6QJqdiSV1pXec7D9lDqi
Supplier#000258352|bsO09UrE4NbUqtyOSo1shDzFLVDyNSd3yBUwV
Supplier#000258369|3afn0inldmXuhA7xCfid4zg3NQiCJQW3
Supplier#000258417|ojsDBBfzw6
Supplier#000258454|rZRu56EZRFjWoXbvcTQvCrjTYrqSRcy
Supplier#000258539|JsWmAoYMlD
Supplier#000258550|eXu RcInUBPRq0 hoKcFlDaJSPh EXQC1R7No
Supplier#000258601|fFCrTDU3ctFHekaurKv60FiwUHoj3f6zPnH6hEDz
Supplier#000258615|fh8vcug P2uQstVDar,b
Supplier#000258632|PZvXpDWBNuXYLdXPfpR2Xv3wqlQPRnsbvHZpz
Supplier#000258668|ijeiT9cEEUu2O,BHtaPW
Supplier#000258688|qMTzaVMNhmLweJq
Supplier#000258814|ed2tA5xsJGaWK2NavlSK
Supplier#000258883|cql8DmkfJ tABTF3PNsRgH1 3tu7TEj dOfpj
Supplier#000259040|HA,Vh,zZgrKBot
Supplier#000259078|BEMrP8vvbF71BU
Supplier#000259140|o9MKjRyjjAQowML4CnLoXVh86yD8qDl8bh
Supplier#000259143|LmiLFnDh JgcYhTWI
Supplier#000259180|5 SAC,Fyy9nj2,dqmDQ
Supplier#000259190|q5EjeV89a8v1ZAv7JP2H24Ryp2n
Supplier#000259246|G1jU3U7qOW81ehU5e
Supplier#000259253|,tA,mhSz8koS42k8yBbIZT8P1
Supplier#000259261|eKUEiwDtUU,uRkxuO1LFpsLEF9VHLWv
Supplier#000259454|6N4wtUZY7ik9bBFiSUTe
Supplier#000259495|9ydi0MBZvJZEQMfzNs1EcmtKWAwI3H
Supplier#000259514|v5kIxteEQ2Uwetlt1ueJe2fJp
Supplier#000259576|6WNAdXUTv0iUPoRgiJFMnaVwa
Supplier#000259593|opeBYqACe1MacYA8hs6DRqkEO 1lMCfzc
Supplier#000259726|y0gFgjXSh7eIUUBL0fxK9o
Supplier#000259728|yxzS LHShUuz8V30wosnOcVAu
Supplier#000259820|RVuczP,IbzAQ
Supplier#000259902|jdJrqdDy3BITFVGW4ekX6nHXx1GzA9GwMVA
Supplier#000259908|T1Dcz3u3 8OL3bPx5194kydXrV F6xZW
Supplier#000260111|ZbDqk4FrKs7T1
Supplier#000260141|4EfZJxRCYrT6qHj
Supplier#000260148|qZOCgFX727r16QZLjt0E5OH
Supplier#000260158|sj5Zjs0LykCs,HM9AK9u
Supplier#000260193| 5OFEQ,RdB7,LA1W39z E2 w89G
Supplier#000260258|2YMQyqshhp6tSW6iqQvjGh73dGaLGHAV1
Supplier#000260264|gLIvX NpDHd HcB0tmbgB5mQk
Supplier#000260288|nLj jSc,,z569JTPTomtCoJxy
Supplier#000260461|vq,ksqR0pcZWdJXMcYddoHv2c2DXg
Supplier#000260482|kX8pSymmWFwfRF
Supplier#000260545|IZTYrwhpZpws1vgJNvP2xgZ8D
Supplier#000260756|Z5tI8nG8OojhKGsQ8 ayOl7o4t6EKo9
Supplier#000260823|ZnmkFkJK,5U
Supplier#000260878|GZ6bv 7MluARQlBVUeMMah81Tr5fyLrimCJOc,dv
Supplier#000260922|5EWwUsfueS4LCCUntZSjcAcOgvhTHPq9QI
Supplier#000260941|SyT3uBg7RdY0jHYsevQWy
Supplier#000260961|JgUCmabkJ6iRU
Supplier#000260998|G8jF6Au87eUsi3Obywy oZH
Supplier#000261029|DPL9Da09Pr P4DpV74aGBA
Supplier#000261045|eUAvIhyio30yyGvpDbUyy1rtmd
Supplier#000261094|,vl6PGY,SGWYrZZzbwyZ
Supplier#000261125|bEfmI9u2BHoyRiUAWVK5
Supplier#000261157|8hDZhuIC0mQ7iXX2E5WVwZn6O3Gt
Supplier#000261168|SNkY59fPvG8nMeLeiI4Se8bgQvZqqFC
Supplier#000261227|aGC4ts7QeDkpOuejFTaWomEACg3LdfnSx5
Supplier#000261267|6W58FvPubOjrBacXH6MOb 0n 
Supplier#000261293|aO78wI5aTPClvx7V0yHGpipoWumFo3DwJp1YCS4b
Supplier#000261343|PaZA1Ft7EqYOWBzXt7A
Supplier#000261368|nudYDsSstyutx7 NPZzOF
Supplier#000261451|af3xTsTZoK0vmE9c6zfa2
Supplier#000261549|U5dm2gY38lOs87TB10Xo1i
Supplier#000261551|f62JC2oLDE34PSdH5f9XCqsptvIcQ4dGTsJ
Supplier#000261765|6suhMtdzg tZueRDty
Supplier#000261822|blWtZhQN7AW8,QxNXXnD0ZX6F65YP7rS2
Supplier#000261892|OFWe5eWvnkJXP0CutNga23nOZ
Supplier#000261898|JrzJY552rcXR,ZeIuLO
Supplier#000261904|zUYbcKDfHqOZeZo1Obg,N60aOQm
Supplier#000261946|4acg8MFyDjRebDWEV tOZ7x9sXtLp7
Supplier#000262070|URlZHq8,tCeJQIO22VRadJE1pG4xO0gOdNojuc
Supplier#000262132|142xU1iF h4yt
Supplier#000262311|GSI0veROdQq0zFY4C,eLOCDyM7xDp
Supplier#000262321|JoejZghWBF hHmkqGR4jopYNv G
Supplier#000262377|TK9x7YzS6jM8,DLnsmsrJdJ9Nlbi7nCwpRUal2AX
Supplier#000262396|s8g6sqCmRICS5I
Supplier#000262398|pWSua9M9MM,h
Supplier#000262406|RsVCY2 HBXh2F0mW Qu6F
Supplier#000262450|Fj1FEMcgYpx65E H8KVvHlfLU
Supplier#000262485|kBP184oQrmSEZtCcTxLM6VEg,9XmIJ1Xaz9V
Supplier#000262532|Jw5IdRDh2WKNXAicPG,GZejbxzXZCuS6d3mt,2C
Supplier#000262547|LwdWnK7gpZ31topCGXG sjtchKVnzu280urZ
Supplier#000262570|rDLN,2a71GbDqZLU1G2nq8VMZ3
Supplier#000262776|6x RG22HK7w 5kXX7P2,Crg6Xu
Supplier#000262820|2qpO rb2lQ 95KB7phMlDBn
Supplier#000262842|vTe0MQNg4Pxwhmb
Supplier#000262959|5f8nqQsJOK51kGT2UBlR6A8
Supplier#000262985|dQ89gs38Jf
Supplier#000263140|jaOvLNzkPJWTY2JQAHadIlZ3PX3QC,vYqvPi08
Supplier#000263213|n3CcmhSxz9nuPhhbafGu27QpH1R8aOhBw
Supplier#000263228|R2F3dpafmWIxMCcJ36,w7ySfpu9r0mQbgp9i
Supplier#000263278|JVQeg2 dMECrLwVxjyeLtrLiUC
Supplier#000263287|mcgtTEin7a9rsQjAVnWSHRl59aH
Supplier#000263334|XhhckH9XdyJ4jKVXYUUqubSAsmCxYq8Ov6
Supplier#000263401|wpW5xOvyMrtX8qJB,VyiC
Supplier#000263405|pWurwuxYmhBIuR uu
Supplier#000263447|8EFfthEi7YtEiM5V3
Supplier#000263551|0OgrXGY0or4s2A,AtnznAc
Supplier#000263555|qIJ88fkkyHe7d5DaUvRJWdqME
Supplier#000263563|EJIcW97OX7wpmiKVX,SWUqj
Supplier#000263666|hBwyfXmvuKG40YK,j8
Supplier#000263671|I Z0uIvnLiC55FrVR0u7o5hOq1inbd3pTez
Supplier#000263731|yEejdISVGPeOULUshSqpW03EtbXzm69O
Supplier#000263748|VbIySHnf8WQplXL7bKoP90cccdhSz
Supplier#000263800|TzJ32L4bTw6m9 ,M09iIutCXRqrEuDBorh8QLlJ
Supplier#000263833|7g3dk71TgKXNFBT6o 
Supplier#000263839|i82JEYY9MSjdHLddekEIhitYX8DClKIFppm
Supplier#000263843|y0Ml9AL0UNFEkRpl66E8
Supplier#000263858|OL0Rxezd2KrbpPIaV50q9aFfeqrb8
Supplier#000263897|DE8fiwEED4qldhfTVJ4La  YFEfgdfALS x9
Supplier#000263912|,rrKBA9heMXMCUp6NCYFwqjqsv0jw,Tb 
Supplier#000263931|EYZHxyoFaHKsd
Supplier#000264004|rBiQSqDACb5lib9AzrVNqGpqeP
Supplier#000264050|8f1qaWfEVRlXjBybK4,V
Supplier#000264242|K9CeefHEbv
Supplier#000264291|V,g7ln0Y0CM DkG9icGS7AIBKl
Supplier#000264503|Aq4aS7ltdQQ7ghxgLRwUtHTazeQuJ,,JEy7hGIYs
Supplier#000264506|wMbI6ZkNJ3QBsyOKeo6r
Supplier#000264613|KLaREdp34gi,bnomWjdM4
Supplier#000264661|O6zHIyldSdSHfftdoc exoBJ271Hxr97kJGBvs
Supplier#000264778|smX6MxPCimzLenPasH 0Z3ki Xlti5P3DnNrIZo
Supplier#000264787|5eavFCjPPsCu8kN
Supplier#000264847|3vd7FDshBbTwNKKvI
Supplier#000264923|Em5ALn9XwqPBVi00v sCl36M
Supplier#000265037|q3rY7TIpbjbMsen4HO j0LP1
Supplier#000265069|hQSdwSZ11rmevKGz6I
Supplier#000265115|X30Z7kb62GT2
Supplier#000265246|s6WVoUimRpuDUof VL6kABvnX6Sb
Supplier#000265249|PNHtcZbiubJn1VYsEUY
Supplier#000265282|ZpBFCSRHb tHULXKE6,d2
Supplier#000265319| uGa5f7AvSIyeb6vtSnJKjvAYpjQ
Supplier#000265386|btRrNAk UKeslMRjazQl5Iz xDYhs7mvc
Supplier#000265396|AcFpi0Gbogj
Supplier#000265587|aZql5sTPtXx
Supplier#000265595|uNz85eDmJaX3oTiIxJRiwg
Supplier#000265698|W9I VQp8eYj P0aQaBHtDqyrFQeWFA,
Supplier#000265715|nDkOc,6MJUfVuyDI5czS6rIWUVPz
Supplier#000265733|AYY1aQgPRaixIm19VVbOdSUq,sNdhNBSQW66Co,c
Supplier#000265760|btg3QgtsmF2A2bHz7ai7Z32vM1MvmcmgYKC
Supplier#000265822|CbrbxyK4f,a8uB
Supplier#000265881|JWrRz,KsxH9uV44gfYmBRVHG
Supplier#000265947|uGXgNPOTJ0BnF8p8EmJMjj7X34 oxvw
Supplier#000266088|1Pr5O8oTaoS74rhZs
Supplier#000266101|EQypBaFMbZo Qt6B xu56,e2jq pIKr6ClW
Supplier#000266250|N1lnizg3jH
Supplier#000266267|2ODYVU7M gsDdwCPuQrX5vHU
Supplier#000266328|TQoopBNDzj,YXHOSe
Supplier#000266477|JEJeYnEdYBmwAalfmd,eil6aUXrZ4b0
Supplier#000266492|Siw88BOPoMcyojJIlSf wzzd2sB
Supplier#000266494|NP8GgolrqLFM90Hhwc7sK6H AsFrV5B xROXqeF
Supplier#000266548|nxs0AECW1o,IAfzq0eVi2c9PRoeRoSZJT
Supplier#000266588|EzYtwjzpgsg93BmPOL3yZrO6aW4NI
Supplier#000266592|wyzd2s,PKQKUX4z
Supplier#000266931|t,q86YxbDdQN,GN
Supplier#000266942|mwsBEa0K7Kbsf8oCSGes5mlykUxnj4Y1
Supplier#000266946|63ECfqUEcOiYve09,jFvReCBwc3
Supplier#000267038|WFZQP5lUsbX aj
Supplier#000267069|E3kwOnF7OFef2xmrgEiYVsngGvlAZmKGG
Supplier#000267094|Ew2Wf396gpmzLXhD4
Supplier#000267116|v4NBup RBqehb4hgjlGv99KBHpK6BLEJ6PB1q,
Supplier#000267161|3pal5uFQrTupxEm9Yz1NPE
Supplier#000267275|cS3lrNxeES2Y6BG4G2H
Supplier#000267321|TFmCHnLkNihbBDt jl1gdI02eqat7NolnW35j
Supplier#000267331| agAk n2T2zMSQ
Supplier#000267338|hboylX2OVRX78OarLqqT
Supplier#000267355|WbiZq0CSpq wvq,Lc
Supplier#000267359|FgbhHPp0 iu9UAIx, 2VUBz0WdQS6fk1MKlwkeN
Supplier#000267403|pke JbaaHFHvNvNPXs5VgHzQI
Supplier#000267407|peeO5RfzseX4iHGVZd,UJx0M8q2j
Supplier#000267431|dVe1vhDlNXuZZd7O35lEhk
Supplier#000267474|i121Rc6sU8h8r1 ZJmWMCW5fqjMCuMvj0uw
Supplier#000267484|5gw7LuLtB2loxg3TNSICkugn,Ah6CPcPMw
Supplier#000267555|2RShqRUcwbV BsQpyzmFQBre9WSKOHB,5x95xWH
Supplier#000267590|UnQX3zZi sld O,q5DEZNDxtAJDpHHswj
Supplier#000267592|ksEDHuw9rBxJFtzhuq,3g7012BW
Supplier#000267608|z,5ZX8VNnmbNVU2nEb
Supplier#000267646|DIjC,ByNEG7XnnGXCEf789QWu3
Supplier#000267696|Jq0TTrnDQWDCsW0GPAoWKZFPRQl03
Supplier#000267717|UwjQZ3jwnwDPByXiI51  oQ1q384Fn
Supplier#000267724|4mVDO5rSMXtSChbdMfX0 b0hdzKo6HxCIb1X6wTF
Supplier#000267871|t8Z6hunsBYn2nzVRqHRrLgXaTdtin18YJKakfN
Supplier#000267923|lF5AuXDGMt3r
Supplier#000268025|cxI7KHOA2iy9CmBO7Q2XZpic
Supplier#000268043|1v7CTaIvuDyE8owRuh7yBUU,zJL2Zyb157jCj
Supplier#000268077|AJoSeLhJZNfRPFQY7es1Qz81qoA
Supplier#000268180|tlW 7WZXpNMoItYnz0V4NO3CtW8ipXhOyFj7
Supplier#000268280|YLaVJPXVwIuiQow802iptA
Supplier#000268327|qi0iZlBx9FG lmGyFeWR7P28X1f0r 
Supplier#000268366|HFso7FkcgAJF3k,Dk7fHQGTbQ8lYi46FN
Supplier#000268406|wOFuaIFTVWL3kS AVzPUTYG3qiK4fZnssADHD
Supplier#000268497|Yrz1GR1,0AghVCAm75Sjz4
Supplier#000268498|laE9tk9mof9Xzv2jx4
Supplier#000268547|6MK2 kA4edIWulF,UfJKIF1
Supplier#000268562|d6d0HVmnKE
Supplier#000268689|TtrhfSQZ3FdeKGW5KVYqMVtbVWdOtpVMbQw6OrDJ
Supplier#000268692|,gj g5Kf,H3zjYkygnoKlGO3
Supplier#000268696|r6wfabJPRH8w6fMBRtPPWqEbZWPqF TUZF,at
Supplier#000268847|e6kUruXGcDaRhDrbJxBJ1Czx7L3peYhEAmed6P
Supplier#000268964|HUQFKkL,LrS9CRvh
Supplier#000268984|WLK1r7anBCVZsbb,4aD
Supplier#000269052|Q0VCQJ5IO2cNP5osrBDxMnJ3I0u
Supplier#000269161|1AlSdL2F3,l9
Supplier#000269179|pL1JC808fDQ0mZr6
Supplier#000269278|VwBLNT09iUn 4YaUz VGfxany2FqbMPkj5IUXYlb
Supplier#000269306|P9yEhBnY7NIvZ48pHOSiFXcDYsMaw8VVTHS11On
Supplier#000269684|4b9ndzvREThhmARLLdW9
Supplier#000269768|LzMV9jzxHEQ WuGVH1K7W,QCenRxl1a
Supplier#000269823|OQwNbZTdeZRqEx7Lz44lSR49wa xqK5st ua
Supplier#000270196|9hrwZ8cLoQOKYmSnDiMKrbyjUrezPTr2ueL6wdN
Supplier#000270281|l1fWHGaAASEdj3JbAyF lLcvvOk eVXdfA7Qjj,
Supplier#000270289|ArA10jeGcwmuRFwQvn7ll
Supplier#000270389|MXje,iBVo7y9n4wVV4rpd68El2Ejd
Supplier#000270397|vUJWT6FSoeTCd0ALGxUqQV XTQAk3Hoop
Supplier#000270453|XELV2Yah,kDYfRNqT,p4
Supplier#000270556|36pFt5P,zCWq4bugO
Supplier#000270563|tOA M5CF30TeVF20jkyiK780NDC k,HPvsOMM2E
Supplier#000270580|P7YRCSObIgwfuT
Supplier#000270598|IQvrXOMd6phTecKTlpnQk
Supplier#000270615|PfEypvePYoPu6uhfa4TSblpc 
Supplier#000270628|ZpUcUyngSEkPiGIj7Aq4mkt8wKo6bd4O5Vtwpz8
Supplier#000270732|8QazLT 2MzdPwrzk7H6eQJ
Supplier#000270966|dYsJ3Zx8Rr
Supplier#000271053|PZESH9vGMbm9YizyQvS6dWu9ob1coyDK4XYaIR1G
Supplier#000271134|O3jDmVI6ALqSZ6wrb7C9
Supplier#000271163|EklgvPnufVA9Y
Supplier#000271192|asatP7GAwma
Supplier#000271245|d76zJQ,aq2EQWYBlG0IiTVLcF6oN2ZFblW
Supplier#000271259|0cvlqs35M02E5BooWojVXfgSU,89c
Supplier#000271292|,EKcdbSTRd
Supplier#000271337|ytako0Sd7n8dA8DCWmyAv8
Supplier#000271357|avF78t8qBkEuwoNL1cU1R t5hnYNp
Supplier#000271582|K8A9NfioSMR0qa6gJhQmjn711oYPPbiWt,tdJUb
Supplier#000271675|hawDswF lgJnjfh7hTC9qihE
Supplier#000271702|IDB9rxN71SHAy 73i
Supplier#000271802|lr2zmtfjibysYVNB6dupPiW2b3E7xIWHGtk
Supplier#000271814|m8G38EmqOX
Supplier#000271850|Cv729I6VYalzNA7MDnZkB3hM6LV4RO1St5Z
Supplier#000272062|bvmgqZLg1XkuEpK9PmqTDkkthBM
Supplier#000272082|9yTTiXcc6oIeoJ1FbWsVeSMU19ZplHR1
Supplier#000272126|PZeLGSseJ7LTTkXJYZBhSr0xkkKiUCs
Supplier#000272152|teGca0LsG66nYaXPwWSxARyIBGVEr2UOH
Supplier#000272215|ttfznHnZLC6NYaJ6xIB1mG9WstmkFMY
Supplier#000272356|TkyeDndno1ziOR EI
Supplier#000272388|cPVnVNKumvcIi 8BTmHN  AIumyxAlpD0aMNuJ
Supplier#000272519|tBRn097F3TUTRC88fk,qYMerE ot6JWI
Supplier#000272544|3JKmuwdydCFr6jjAj5ZXmjozjWn
Supplier#000272554|OsF0boDJbrOCE2Au7f0rpbM1r53zpIUKX2gn,
Supplier#000272585|FmZjtsDJrDrtVN9YF0mp BcazNXxOa2Zsoy
Supplier#000272626|Uk9BkpD9rIQjbZPoE1cP62m42CRYQ20Wb6F
Supplier#000272656|6v8YClKs,Bw0gkwdfLSA1BA
Supplier#000272663|wH0cs2Z ampEsNOcbU05j3CBIRcipRVx
Supplier#000272695|xgEk3DdJuyP6WUM
Supplier#000272851|4dPRvwjh7PPslhxFs0ofyNxt
Supplier#000272991|CMBifyhF4vbPwU0gOy
Supplier#000273003|UZI , BsC34
Supplier#000273058|SO,vn8q8Jj2g3ySSGB3fOg4 W,Smr
Supplier#000273068|cTAjwjm50UW5wX4OfMfH MFdxvyVrcO
Supplier#000273105|NxVJXu7Wb4As h
Supplier#000273197|oBQoH6YIzJAb4UAHDUTHkgECiNjS2Eo0
Supplier#000273385|SwTEJD VSTMQCRzPplotGvHs
Supplier#000273427|VfYJaMnomMwz6qHk0kKV6RrJuptpi
Supplier#000273545|Yw9xwBNG9x mLaRNOPv2,d6A
Supplier#000273560|KGBdFYmBEqgtioyHkXmocqpWL6zEdZHQXpNWpRS
Supplier#000273634|m31rZT,iMDbo1PEU,Klsi5LKjTrSWwqfTq9
Supplier#000273656|6MHWwDrdEtBre6MiR
Supplier#000273784|B2xwOyKK4we8FlZ8hkFE3usLC6P
Supplier#000273962|9jct8fGN8F,,POFWdezgC
Supplier#000274002|QWnpn08vs826HMLHkxN8zYYcb16HzV
Supplier#000274186|JDJHx 64bE7Emyoks4DANe BYg zPqvp
Supplier#000274203|8gqZ3rBXvVbMdzrWPFPXsGKqGRrSuXpSJKd9
Supplier#000274226|uklIN1SMUuJzAkniJ3jvANGR5hrIArn,fXbe66bW
Supplier#000274245|n3ywUqXteerBupUWJWNhSAr
Supplier#000274250|h6fYxrpO7oEKnaE99
Supplier#000274350|73eCTPggq3pbI
Supplier#000274507|ouTm17LJ8wVXqIkf7I0 rS37QPUc8hyBw
Supplier#000274522|2Ob7B7t5GDrEuAa 0cjT9uCRRKVrS0
Supplier#000274592|WQ7zHLIuwWK
Supplier#000274689|btX74 Qcl2r24udOomRh6n6Mn8mpYuO7
Supplier#000274776|Thn,Ic mVqWWQWht 9hVCH1DI
Supplier#000274782|mnpzEn 0qeiJabgzjXH lkLg
Supplier#000274830|5Z3f8mtvrGVegy09vTkzGUT
Supplier#000274855|VIRvTYahqQt3jj5gXILeKDCLrj4UTXV
Supplier#000274872|QzWOhzkXts8CPbW0seAtpYpNqUz
Supplier#000274916|qAVQKIIPGS4Lb
Supplier#000274955|,eP69ue7,stw
Supplier#000274965|53SJPXZ8VYZR5dKl
Supplier#000274999|xS1eOUwpcEYEb0SrXOPgoNXP
Supplier#000275041|0pz5M7ISgEln kdywBpkZzAffMa7
Supplier#000275063|0zA4iNR8wNv
Supplier#000275087|YfgLdNM9WV4SK44w0zPVA5mlYNJgrLe
Supplier#000275102|G1jQCDhrntlo
Supplier#000275144|EDrC84N9aGoaSeSEi5Tv6bxQ0Mf qBooC
Supplier#000275155|aYuKE8sbFPCx6yL3EzvbPzH8c,ZHI,wee0WgG1oS
Supplier#000275302|qnKfuj DvSQ hmkL0txAD
Supplier#000275306|75BApav4Ov2UgvsoOKcm aptIVd 
Supplier#000275326|ZkTdbcR63Fis,Vl
Supplier#000275367|DNOR43IMqlbkENFUAI,pMdTtFHiBlcQROVWDc1
Supplier#000275453|WZI 4KVyC6WmH2Wvi
Supplier#000275478|4XItTHGQa4MMvnV0H3qL1knZaQA7s,
Supplier#000275507|VIpL0jlyMByU3
Supplier#000275562|AJnNTt 6QOqvcgZZt90fYspRK3R1mRJRlZiF
Supplier#000275605|0pTR1xfGiOK5QpIwjP4qpCE3C4zBAKMd1JW5R51N
Supplier#000275668|tanAf3vRAsU
Supplier#000275812|2vK5aDnXTEJotQDd
Supplier#000275814|Ou7,yg A5IYZhcmqKE6O6StWnaOGu1y330xQ
Supplier#000275868|GnnyXOi7C UmoHrg8yLzPCziuy3G8r6
Supplier#000275892|ddlwkpPVwRuVhRZWphqwakIgj1K
Supplier#000275903|KJXvO0vk5bscn6yJ
Supplier#000275958|H wp2sw0UT
Supplier#000276038|x1togrvSI5UOq7gdoIhcwgGzZz0VPagVzIbbhiM
Supplier#000276064|HX6oBgiF85,JsoANGQxS66Xon
Supplier#000276169|flLuM4QlB3eJtJ9c
Supplier#000276187|iohHj54Z7fultWQD LkhD wvyz4Ky0RYeSxNJf
Supplier#000276218|tuGEhiK6ooHeEhyy4dy7T8vmC Sib27gW7 Nx0pt
Supplier#000276219|RTjqSjrPsutiEbydYE7wes4rVOhcGqdoiA42
Supplier#000276256|Gi8qCt sSZ3RBKi,LU1kcmID,hArsro8mf7Tu
Supplier#000276293|tYwf,89Fo3yn0
Supplier#000276345|Urzsi,PIt8anMIOBBQYTrOC7SfALANEF1U
Supplier#000276370|WpqNGcDaP3
Supplier#000276383|M1600 CSJooeQfXXThyxMiX7M3wxFs
Supplier#000276460|2MV8F5kv0c5,dvkNwJh
Supplier#000276471|6kUTE039jstDKHBMzCgLA
Supplier#000276515|vAoaNxjrZ4J2uPA15pYQ
Supplier#000276543|7e7JIuC7FD64bRcJqujB1J
Supplier#000276571|dx4ixCqDwg2jwlEK3Aker2PfZ UAFFTIH6nWQ,8w
Supplier#000276604|czMNx3zcNsit4Y1HyztcNzBwAQA
Supplier#000276708|Ob87u TgRxNPNbMNk0ggdMd5rc1OyRCvV3HSh2R
Supplier#000276717|sgQH20DGlbZGjOF0TXR7xhiH
Supplier#000276741|6fPpqyzB MQkV839FKcpAewSxKojLR
Supplier#000276785|39jlutFElGjWaL2DUl5TRz
Supplier#000276897|PtgAt5X37zN9lr
Supplier#000276967|NogajbjolFh1iwkQV6sEJ20tkpx6R
Supplier#000277129|ONE UVxqr82hVjnL
Supplier#000277166|J4cnGpuDzmey3qCNkcmGODyZgC86VnxCYwpaXilv
Supplier#000277229|mZy1KAwx7,LiNLg2nmCWf5VwqXlMPSwGQ93owJKc
Supplier#000277330|xqFDn0VlqS51LJBdkF
Supplier#000277405|QAx75c5h6Wh8EK
Supplier#000277478|SGjlNbpw UxaNRxhyBKUyhLL39X9
Supplier#000277543|LQ3QG zl3WOTIhEaC
Supplier#000277653|jBB8Gupggwakf2dzAP37diHBXZcwSk
Supplier#000277689|b2YUTR43bW1SHkiB6wgVpp
Supplier#000277711|HlYKtgc7ltlOujjOLQYwrxwMfejAjivw
Supplier#000277816|maaQULay,RNLPAB3zO2nwhQ
Supplier#000277949|gx2KFQ1CZBGeeW3F
Supplier#000278039|dTPXaNIfyGvWZcJpARxjIEh5
Supplier#000278126|iOEm8P9oWPGsR3l78yfBrMZaUtr FN1
Supplier#000278166|HQNtrSFKhI7GvYeFmL8SrtdisTgB
Supplier#000278280|QrNpPxzEbwyFFdjRF5,EsqOERU
Supplier#000278288|2yi2UXHBg8eexz04UoEKUC
Supplier#000278365|5CRJ8Gwe78g6yOxwik,z3o5E8Y6F2ttQ60A
Supplier#000278554|Ci3xbOg8CkM
Supplier#000278576|0TW8LuCJzVPDXBXKD1
Supplier#000278590|gclGEFc1aNU9w0Anw4XB
Supplier#000278634|BT6 xJ4Sbh0HRG1S
Supplier#000278781|SS6ehzHQJfkT3nlqMQWqPm0BoztzC S
Supplier#000278846|y87YdLJdsG
Supplier#000278882|pOnSmRlSbC0A
Supplier#000278896|YTJvOy1JiiEBgPMUWiPi3pHozQ 
Supplier#000278912|cf6Hd6MXpS2d
Supplier#000278976|9S8MINO5e3NivnEKmVqnpY
Supplier#000279012|iwp9NgSE82QbFEJIC75ZvmbkNQaY
Supplier#000279029| TPK8B4LD7ew2Du4TpE lFgaQhnpt
Supplier#000279076| dIkrpq1IqJ
Supplier#000279087|yXpC2N6AeVEDnNaxR
Supplier#000279095|iQLg34aP7C6FWhQGSF9TOE,oOeRTODFzzliWc
Supplier#000279138|CmcNWPf3aVIkIqAUZmP8yUr,IuCuSI6ie94 CI
Supplier#000279142|PfWOwIwPb ngSasxZCPDhpfJjexLckG9
Supplier#000279182| ,0LlYHLkPeKH1TcQzb6pDwJ5H5dWT0k
Supplier#000279255|kyJXALXOwJ5VjFFZ7RhdK2As9rhI3LtAS
Supplier#000279286|3WmHwCgGSwBJj1Y3SLzysT
Supplier#000279410|9JBxxFWr,,
Supplier#000279506|4blbD mbASGRh84orF8qYIUYoOqf0Dz
Supplier#000279537|mJod9IvJnqWh4OcVOXDR9MyUW5F
Supplier#000279704|J5rara Sfe2oR8E13u,iivDGp4u
Supplier#000279820|0CLDoXseQSP,gBVkyzUm 
Supplier#000279823|2yljGtdpWy2,qpr
Supplier#000279866|epXN JO1iZxMPoLNIPa7TLwpG
Supplier#000279995|p l6aFN5a6
Supplier#000280131|BXxZiO2J4zswtnHvIJ552KDIzcXl A6YKYFd4iX
Supplier#000280168|cW5HzfiU7gWZxk9N7hDJyPfDgyGFi
Supplier#000280196|AyDy3dzc4XSyLWMnUf94ecuIoXvpjd
Supplier#000280287|Um1,yVjvYj0az
Supplier#000280297|ZUbgoXOwB2CjANf 0YyHK2s3fWseUfhCb
Supplier#000280380|j lt5v1Iar2AtQnxq For,I0jSGBI
Supplier#000280384|0w7jgRVwmcEdUuHYxH2A v5XByOy6IFW
Supplier#000280501|XNqeAEOQuIHF94Z
Supplier#000280516|CT dKlCdhmcBhe2Aq1KN2cDsqckJYjGYOdR
Supplier#000280540|SFtd1IgwFRZ20ZjtdaZ
Supplier#000280567|FXsnjJqUNO
Supplier#000280638|o2wqOPifjPpVi
Supplier#000280641|1wDqzGDH1CGYELJy00sGzRa66fC
Supplier#000280773|W5p,GCsvmkWDesuPlp87JiGRIw
Supplier#000280834|8orvDmEpel
Supplier#000280884|WFPVyjLNt5wlCWiKBWmA,9TZDbg5do4Couj
Supplier#000280977|UD9AknPd6DGfJmTyllan
Supplier#000280989|0X37qhm0rPCNmTvTt3E8 GodlRvkcJ
Supplier#000281182|rXY6j4S2Qa3b62L5wZyRnFnbrbKMN6mXoz0g
Supplier#000281223|LwWg5L jXwyUmTXl9u5P4exK8
Supplier#000281271|TUzj kDNUcnORusakD9G1w2VI
Supplier#000281314|mGwLbfOklLI4o9LBxTgJNtYGj
Supplier#000281375|WkHVDjvCedrea 
Supplier#000281385|GZoi8CoJtldfY,LRXw
Supplier#000281468|p1 y50hAxSk2h1kZSPwouBitkY
Supplier#000281478|LnQz3YZGkS5LuFp6vw
Supplier#000281483|fCwC9hxrABe3XtKDKL4vyFCsr
Supplier#000281523|OCF8PsBRLf7wBiBemSXuKNFF1MkKbHVzOTZMeo
Supplier#000281524|kZzp2PSZQ6s3Mha
Supplier#000281527|EdZ,9UnHFZ0SQFYesZAYBr L,Gna
Supplier#000281536|AQ9ARfPkVmzStLJFxzOUBcp
Supplier#000281586|P utG Ek8a8W
Supplier#000281609|Pc3rUUqnAJ1bmEmurzY37D0zpoS
Supplier#000281710|fySptbaZ6P1OuIi
Supplier#000281715|JnkvtfFvubptacQMREedqiEh3
Supplier#000281788|i1JQ8PHg8jlH puTUONdQRvsqY7PMMI3iKgaV6K
Supplier#000281820|3T2NctK8hFNTye
Supplier#000281872|iWuYztVw4CfvjviuWGRq5ScafRtiS,Ef
Supplier#000281927|fSdY3Z8y31mdtV6jnpcx5XMo
Supplier#000281928|B,CwFM FBtjUrRk4kynz
Supplier#000281948|ubV7WiEp,p0DBCoV3fg8,19zvx1Ao5S8
Supplier#000282066|V25CUg0Zt5oJK
Supplier#000282098|sCtvIO0tqx2fUTE AnZrK36 nplWN7DxFWeJFy
Supplier#000282110|oKCuwZ69m9ng1Nl7J
Supplier#000282135|ieJA32tBdCo5hI lBnxGOFhX7M
Supplier#000282147|SPDTne5gEqVi9Z6350WEfBFh5
Supplier#000282186|ecjQztOF22h2FRa2
Supplier#000282216|Mo1PfI5boB P38mK0tzuJJDnLZ
Supplier#000282225|hPjPQb400Xdp5h KDqv2adWb8i
Supplier#000282254|my,BTgLjS7B6y dpVISPq 
Supplier#000282297|tDuFJPLeilLcMyB2taBPytb3ia
Supplier#000282304|LttKO7fKyPusByexxVtw8tPO
Supplier#000282321|xbnz0E1ds6V,Cw
Supplier#000282346|63TH,LoNNx,zZdwULoDReNc,CZ5lR5vAgtZr
Supplier#000282370|W0,PgTx7gaSafEehcGeKFuvLRl
Supplier#000282532|M8bE594EG,yj
Supplier#000282544|ru exl5LcUzX4C3sfR3btlepvNKy3pAzLpM
Supplier#000282597|z17jDItBpNyT14xYAxaE2
Supplier#000282721|ZTswTriP2iTeeMxPi
Supplier#000282834|ys,MwoxqcDvMK8kVEFU475xL3oN0,U,HFCijS9
Supplier#000282842|Fq7,Q4SDPhqpgmm6yXGJRJq
Supplier#000282891|1EZwW7U2yhXYxA3DreWPnbRa
Supplier#000282897|gc12kgwP6uW0Z5hryww
Supplier#000282947|VVJ1OKVJ8cgy0p9r ur63QFTplldSLLur
Supplier#000283000|xkS2n6iGdM14qxZAvk
Supplier#000283086|nJhl6qwxxYu33BJik1H9ggMd7Yx
Supplier#000283156|cCvZxJ2Gvyw1mwGtgzS
Supplier#000283166|eW5JFAF,lJ2O32iCLaOqt5yeOb
Supplier#000283185|lNO2DFS IUpBhIKPdTDq36N2Ae3fM
Supplier#000283226|LCYTPunhZq1TB2nAVZJI5A8
Supplier#000283250|D SH6xbKQL1DTTKhVhu3U6o
Supplier#000283270|Gr2A2dWJxc1BUEJ2IIj
Supplier#000283293| XdChNNp,hN6zex2N6AOLhXnlwU
Supplier#000283356|H3Y1zpsi9m4gqaxbbKOPLu
Supplier#000283414|cWp5pvX4rqww KXxEgsLdU5odMpIOMtN6o2YrCu8
Supplier#000283574|9LlyOWMkZZzS,2xQ8jiqW8NvWJP4Dnd9Kat
Supplier#000283781|dhWR6ISw62880yXMAlf5kJJ
Supplier#000283828|odJzHsJSWoWF2CiRekJakm2399FItXfql
Supplier#000283839|S5BOH97cox
Supplier#000284092|aLezizM4SxwwJ6
Supplier#000284239|pPHHO0TMIvM5D4K9 1XCQ2
Supplier#000284306|UgmslshHq7GojwNyDO21
Supplier#000284318|2GbZLpWgGpCjrFL
Supplier#000284341|SBTwxGOxM2Bz6Asw7H
Supplier#000284410|YOYWBtxjAdf
Supplier#000284516|hWhiZREyxNh8qj60NJNiYY8r8aH3gf6i
Supplier#000284538|BJRpRuE5O,T4dg1qdUp6oIG
Supplier#000284578|kezQ0jx,PJnx0luEmQWuR
Supplier#000284592|edieSf2bf8sWOq
Supplier#000284634|E0aw2QgH aptOzEUuDuUnY7prWn1UyX7
Supplier#000284660|AA6CXjdPN0VRdHw7U
Supplier#000284698|6KF5uN7NpyLuoUwsfNbYjXORxsws21Un8cEXaUFL
Supplier#000284713|cZFrbulKMfnmI5foa78 9DNgetI9vr
Supplier#000284742|BjHyvAtcxfNTCfmPXJOw
Supplier#000284750|ZFCPskP1uZLEe
Supplier#000284753|xBxVLS17epZ2Tn8nNf,QbuKaPs2sTLL 1
Supplier#000284754|kNP4X9q82nst7JLJ43EuB7bBIqBRM3jVtUon3
Supplier#000284831|1Z65Ei65EX6qPU7hCH
Supplier#000284844|j1XD6VJREDael 71IP0mubogN6nGYFdVV5G
Supplier#000284848|l6fVBl16j7uY4iC
Supplier#000284853|w9DIhzjlaAZhYwX
Supplier#000284876|Sz3e2M1X8U
Supplier#000284916|aT1aMFG1O0
Supplier#000284980|9HlEpOwUZRAujM,563NHD
Supplier#000285014|iFs0SyazBmvevsArTj
Supplier#000285072|fYN7VNuHml,46WVGJ4
Supplier#000285206|Jlw50VvAKAv2twOZYPEfjZUkMb
Supplier#000285213|3yfm1j1P8TahZki6T7H1QKp8F9nsx4a,XuFYJ
Supplier#000285409|bVFtO,4iKPjAqPHWQQ
Supplier#000285545|IQ9DKynOKpgjCqofVH6QOyLWNZw,8G0fFv
Supplier#000285593|KYnioTHhj1cyrdIMmJUx7wrX
Supplier#000285676|kO,tPfJUtM24qxzwGl
Supplier#000285715|T97Eo5YJlkviDtnrPa,A6EbNK62ifznSw82
Supplier#000285760|JXLLTU1n6e4RI9DewdBfWl4 W
Supplier#000285771|EHPX0E1QN TVZ2wh3kpKj3Aww,M3ybtDSet3d
Supplier#000285813|JH0mu,uuhBCYpsSeW1B4Fv 3v1bP yX
Supplier#000285845|06UzAtLjBPiToeT2KzCaq5gpqpuTetVKOgK16
Supplier#000285901|XuSaBhBqLK3pRoj04D
Supplier#000286004|x2P1UxmZ8bn47JxVQ82kRP0wYv8OTxP3RW
Supplier#000286017|5YZKAUNmYrOcdIdVYpAqiVc6lYPrDfYr
Supplier#000286031|LemOSseWid3Oa, 7uwH8Pe13wQPlTTI
Supplier#000286089|iWnh 6WfyeTWz34aPZh3eJJ6CuGFnoGZU8
Supplier#000286185|jwM6FnIlNoAyUybDOzPUI0aCpGqYQUi2Aj9t
Supplier#000286266|T4zeH Aktwfgj9PxS9
Supplier#000286285|qTfN5rXzDeTIcSYs5xHFngq gJBX
Supplier#000286389|HOOjY0v8ateJ1VfTWeq
Supplier#000286421|PxAo0bsgCT YledudmEMywD7xo1Rur
Supplier#000286520|v4P5p5p4I59QhsZjbqeP8faXOQx7 Wds4
Supplier#000286531|F,8YGb2255Qt6pHMt0MOMl8
Supplier#000286574|eqPVcKEfpFl
Supplier#000286584|1egcbhXeSZ2iPPqYZEd 
Supplier#000286589|8iIIjJkKe8D9DImofPaDsOJsLSq379VL0jr34
Supplier#000286597|3s4b2,ovVD2pp9ouaWFbDtRmQgq
Supplier#000286609|f6ACcKz6,Ipzfjmpx
Supplier#000286654|Qfe2i09tG5nC Mm9Mo6PMmeiU6gXSwwkzK2Qxq
Supplier#000286731|OQYAadORiT8b0Qv
Supplier#000286892|1EFdFWoTTFm,lw,6BG
Supplier#000286903|Jv29Jq4nJ76h2Hv4Uj7AiiITyg
Supplier#000287160|JnH75fT6lCyTo1oIm IkDF4Ba
Supplier#000287162|RA88YJZ78zwz CFlUzLYdQ
Supplier#000287218|3alyHBJZxGbjYvDc
Supplier#000287228| WBqJT6zAdpMuB,r
Supplier#000287294|z3IUTMdZBULMgsEZ5T
Supplier#000287320|QEbDhSVhcfptRQ
Supplier#000287372|VNLp,8s8t6Q2gjcXZiqjNvaKuf,uIODvI IArbC3
Supplier#000287392|w2,bekWCnIGn6Rmu5K2pnU3rt50
Supplier#000287429|CADsaBODBA1a4B5vhudfO,,8ruu9uoU3talziAl
Supplier#000287475|ERzncLru8,vo9Lam4UKEM,yOvxnkGpc9DMZ
Supplier#000287485|jPQrA5OShNV96kO11hsyZLwTH 2r
Supplier#000287536|UiBF3FSBJCw1
Supplier#000287621|t8 cl s  mEp5vtcnf3eyBeSPTjDrjHWU
Supplier#000287653|MSsmcBSPSr3iNsxSfuoerbjKXulqlEv7
Supplier#000287682|Q0qRXRnfEOh9X3jSKxCKVNuf
Supplier#000287712|jnvXbNjtgVHzQ0TsCJLzQHOxhZN,
Supplier#000287835|mTH4m60YAHzXwRy
Supplier#000287887|gHed59A4dlp3NIrwclOjy923dUjhEn
Supplier#000287972|nuPXPnjgTf,m81ZlRbVqITBYA
Supplier#000288034|kgrv2INkJaQmbmbZ8k0I
Supplier#000288045|dTbvUhdiDHl0n57KijsgMfpeT
Supplier#000288176|9wixpzcQ1QxxKTO
Supplier#000288223|5A9,SCOCHDZmx9u2G
Supplier#000288284|XJav4ukFWkWUzB,9P,uCcQk8Yssrmlhy51Qy4C
Supplier#000288290|dYkkl46hbdTo
Supplier#000288456|QC L2Fhlxx4JeqTTcyfLw
Supplier#000288517|wVQznzmkz576EQYRj3Wh5DcyFI9JxVdYQ
Supplier#000288531|98YInztxfA9ojsf X  hHNqys4TO
Supplier#000288655|Ff82HEQ63zjzIT40mc29fEzSubuwMfMSh6iH6a,
Supplier#000288685|fYHNUqx4XM0mw7m54LZcokY,NY
Supplier#000288707|XVRaqFhHspdqdKY,3qFT3
Supplier#000288875|JkQ0nE gOrJ0
Supplier#000288963|Uc27WI27jPrvmu6
Supplier#000289131|QtzrrZVFZw9LyUEaufl6vqPhPzCkrOfWq3cAQSjm
Supplier#000289292|M3vDWCHjP43Uzw4N8oM2S4DU
Supplier#000289405|5l0p9JwrA5UkErD5hF1PvvF2wl4M r5sBhk38k5q
Supplier#000289515|Vc7z8AxcTXaQ5x91y62hgkd1,LO0gmjEi47
Supplier#000289638|TMI7,lC473TZMcR2gRpm
Supplier#000289639|dKcS4j2XMWD,XcS2cBAF,MufSs
Supplier#000289677|7,2f6td7ppuGsPhzP
Supplier#000289720|EfDeUO6xFLkoYrI76Wj95D,3fmhNUxGFC0emoO
Supplier#000289775|iDzVVz4CyCRdo2Nh3rAe,,Py5u1dcYe VKf
Supplier#000289971|dMGHr9,2qOFVi6YmyCh0GXEAi3zVFuax6QnoOE2V
Supplier#000289984|LdINg6kN,O2rVQOihg
Supplier#000290009|ZooydYm1O,
Supplier#000290069|VLoJDjsgEIDoPsI17H0G HA,1rvl
Supplier#000290120|OCgBTBK0n7YKg4Hijwaj,,ADGCf5jMC
Supplier#000290224|E FY9QoTRw73YhHxSTRuPOS
Supplier#000290242|mFtZvJQpvc4mBVaf4DGyH,HBJ8o8NQW7SQ,lj,
Supplier#000290244|lR7wWAWbILTe8oFu SpBua7gjvLc9HSLdQzr
Supplier#000290279|RScs2C7rTWlaGpu 8y
Supplier#000290350|EqMZlvG7znC3
Supplier#000290367|npRUR4hWWhEfV8gwNtS
Supplier#000290501|UTqMbBlgcvzCjmbk
Supplier#000290505|8v9spMub,J
Supplier#000290562|VsnB4b6 oS2xgKjrUgqvjrkbFxF9
Supplier#000290577|McnF6WulNuPjFCPmATn
Supplier#000290593|OYCLD6EifUOoADulMfNOsAwbgYU5qZVZ
Supplier#000290659|y3cspC6NxUwuAHmudEAm1EcESuPBRzzTrcp
Supplier#000290692|yzAgL8ijRjjoW1pE
Supplier#000290711|jRvyV5EEpUdfw6,6tTW4cmsB9qR2
Supplier#000290714|xQWbIx6yep PrtSr88QiNdqFY
Supplier#000290721|k RdkoBTP1MAxWBsO3NpnHQ4EHphLQwpJEnrc
Supplier#000290812|f 6X0MtjwCCXHnkhcvss
Supplier#000290825|qgglrDg3wFZ80T6BsMHssO8IMstUy46FvvD
Supplier#000290892|kGIO9Iu5wGoh1,RQvSBvRk6T
Supplier#000290894|,XR4k,B5W73PXYIyn5IC
Supplier#000290916|S4e87yfqD,ZD 3dh
Supplier#000290935|r0XLhjgfuaM
Supplier#000290955|ALhktpYF3TYvv6cpuXUXULgTkiLlV2
Supplier#000290998|uGx41TeqDbHDR0xgWQbCzLnZ
Supplier#000291230|QyNwAZlnU5ii6xrQBCUgo4
Supplier#000291239|8cWBFHpF1kCnZA0oYAtPZhor7r
Supplier#000291355|txY3jbCohQIzmmDCaSY5qd,xTeknuA8NYX8EuN4
Supplier#000291499|J0MBmPnLgubgVe2,UFzpy0woBSDDYGr
Supplier#000291501|3O0TbUIrpy1nKY4cb1wMAuwkfov
Supplier#000291512|U7Pe7Zh0q3uPH,xKP
Supplier#000291547|lYJlDhAFuzzlt0a G3oZkPyJvGFkUSAMhyJJ7NE
Supplier#000291587|nzXyVQxEbKO2N6sslW,TItVRriadOMys
Supplier#000291613|n,QktUEgJcf
Supplier#000291803|pZenQ7ZvtD,KJRqUUSJq,n0rbeNm,wWVsTtFiNNj
Supplier#000291893|QYp1Mh7U9DsgyQY
Supplier#000291935|zt4NxmkFMzdw1w6Z,IF3IOQl7cVqATOi 
Supplier#000292023|5Q0JAQVKrm2v05hFyh2V4PxcGtoH3
Supplier#000292025|bHnPbFhfUAKOyqqyJZFLi3IZBmQQDs o8hE0
Supplier#000292056|gnQ2IT3Hb33CEvN8EcDlYs2gKxMZOsD5VEmgOn
Supplier#000292089|x xmvQfU9kmdFoNvLlPE5HHYKaPFyOfh plL
Supplier#000292110|S43x QbJJygfzyrYCTjefu2W762g6xhR
Supplier#000292231|UYpGmZJaLwooMi9pmRAwOZLzO E
Supplier#000292290|4jv8tCP3jwr
Supplier#000292431|BmlfYwfwL51A4z4EKi7m4yrbliIaGHlF
Supplier#000292529|HSrw5x8UR8HtCl7h
Supplier#000292564|SUllpU7aGOaIrKayHGkJaITuUrco
Supplier#000292605|MWkvmpDnNXFRKrfFDRO,VEHga6g
Supplier#000292613|zNiLixDmm8EXAhBVVk4ml
Supplier#000292738|EsDXi RSxLV
Supplier#000292890|uApYRKmZ9RtX3mQxaRAPq51OZ5ELx7
Supplier#000292906|dz5w3wGrhvntWWq
Supplier#000293043|z2cW4QTHmjIaZAJJbHDQu4SFgc1QzC
Supplier#000293165|NsOHwYa8WlS2OuqgELJdkZs
Supplier#000293180|hk2oqbKm8ueHXa sn,7SSCzhjM0SxCneCQH
Supplier#000293285|7xWEl6rLcRgIo0gjyholR
Supplier#000293286|8yuTNZ7jqd03gkQNr12pyn
Supplier#000293536|2kAfgXOGfH3EjVaC
Supplier#000293538|b eQkRDU3Bp4ila9jYWq9hFuS
Supplier#000293600|adNkLEpqcyyt0EEStaTfvLz4B
Supplier#000293630|nMTxc8yB3nAb8X
Supplier#000293662|ficQjy67IQjN1
Supplier#000293769|NgtZCc9xR2SLMUV4MlWqp56hlhdJkXxwr
Supplier#000293789|WxKGRzRNepvefcX5C NMVPhHnmlp
Supplier#000293792|IWbg,U GIOyr exBZT0UyrWNo,
Supplier#000293884|c61pAr,XJciyMiZbuvePg,EF9ijvTw9s,ziZ
Supplier#000293927|plI3aAEaRjFlEBQhOQMSw EC1yfJlj
Supplier#000294016|R8ytXmiZKK5J2evwsfHwZ
Supplier#000294124|C3nXQ9yPaZsyKE
Supplier#000294128|RuNZXrI,VcnxILoxei2wyVw0TlBF3f
Supplier#000294143|WgydL l9xNi5Y
Supplier#000294238|Ipn8qsCrUaPUd3LZA8TsKPEop8gkf
Supplier#000294278|JZlEngf8bFG2q
Supplier#000294284|qlfelN3WseQpspdc2,Mkm1kwi5rGEzB0
Supplier#000294296|rt1rNjZismlq VwJYVKPYzAAk7f3
Supplier#000294300|OpdzAQELk1qpPPNQvWGcJFvl itaK8BLdzpiXiNJ
Supplier#000294310|zaH8PHh36mRzo6
Supplier#000294313|CF64g82sNAO9Kv
Supplier#000294411|iZTKWYsEqtWcKW0AoDD7C
Supplier#000294453|KRZJtmFmXsvK8zI3gIcBBbe,iPb5Ao
Supplier#000294458|vH5vwXXxg40R74hJpPChAsaNKinmluVNVzTNac
Supplier#000294514|j9QRTDaqZ6ppq9Kne,NgbpiUYpjgdf
Supplier#000294550|MqHCOuwD1YTs PSnAq
Supplier#000294642|EvKEImytSHaoAIow
Supplier#000294766|,TYruzzZp2FV VOPiCPrb8VV
Supplier#000294918|KxXeDUcZTHfyDmAbnOJqgY8NTEy
Supplier#000294942|YVt8VRpyE5UTH9vmYeGHMPeAdr81oHd2ahn4d5y
Supplier#000294957|P3ZnVa1rFH8Z9tT6knAL2ktd ewR
Supplier#000294969|JXCElaYTUAhk1s5W0It1n2
Supplier#000295000|eJESDNGAIJIL936y2jTA9U
Supplier#000295010|,WaTxjsb0BX8MX
Supplier#000295028|Q,3tTx H4od4DkUWwAAn3jCufilUxLfa3n
Supplier#000295036|B4yTvhlzWRMgAWg0giReS
Supplier#000295073|e52Rv tCsBx 
Supplier#000295105|dVwERsli1gE
Supplier#000295186|eDszi0k2OqoXe
Supplier#000295233| dC9xFEpozAm7Ts
Supplier#000295284|MXO9SqioEMqc9EEGemIO0ABD9bLV
Supplier#000295304|vk7ffSPibaOAOXrPB7gY4
Supplier#000295578|rRc83hHzBuRvX
Supplier#000295653|9pgQ1E7Rz8gJepY7
Supplier#000295661|S9pVyzbEzkVSjjsPjW7j
Supplier#000295744|mSLe 9Ri2xFN4zx8Qh,1F8kzggHGXExLL
Supplier#000295769|KSRV1io v73GyaO
Supplier#000295781|hLpSu5UecCat
Supplier#000295791|TTOAcFgrttKZMxqMrgcttpFKYL60CKl2FcGQF
Supplier#000295844|wn8J4UqhnJg7FvxbXkH0QF3K
Supplier#000295847|Lwzwk24HdMB7kJ1
Supplier#000295899|cdcN82ppzPK4XwWt9,,6sB7wdaoWGIy44R
Supplier#000295931|HUjkWV4gRiJZRS 5Cd79txf75 amYLNhI7Zkqm3
Supplier#000295954|lXiLW6BwZ7JZMxLj2dcSdRjOAcqZw52ab
Supplier#000296020|LHOZfKeGVR16FJFG1fL2 5ZU8CX
Supplier#000296022| MSAsjsSptCVBJOjWBIkuuq9lo0R7rGfpSDs
Supplier#000296103|mo47gSjhfLTHOaVbqdfHSihaeh3J
Supplier#000296135|5ozrga 4COoxLvpEmb,yaFz
Supplier#000296208|BUa68uSoocpYcFoesaMNp5THc0,dXsNdoX9hj
Supplier#000296232|ogRW0X92A kOZoUlTikfWJ4FqmWX0vKa
Supplier#000296265|Q7JKrW 8UgkxmWbnw4nffkcwOdij2bhCfm9fMe
Supplier#000296344|aay3YLZm,Fa4TG Ly8gZGCtOZt7r
Supplier#000296443|fviQ5wx4aIROTEKo8R5xeng
Supplier#000296453|P,MHkzkEYW3GiJUYjBEGre1cU
Supplier#000296489|iTQMOBycXAIOf1zGKf
Supplier#000296504|sj8il83A2ci,lfUOZqnHOqwJVhX
Supplier#000296577|3Ny2Qmr4XJqbDJwHoaUP2Pomfrl6e0jvvxR9z
Supplier#000296620|Nuy,qzg0TzEtTb8b4HoDhPVrGTJL
Supplier#000296716|4SnN778WnYUweDlwZrWRUN
Supplier#000296770|eNABh3ozcIYh
Supplier#000296799|JWW5cz2ZYFT6cKScbxk9Q8
Supplier#000296881|oI5zffmdL7t6615nI4EyORyjgWAw
Supplier#000296940|NedgtUxx2bNf7O3Zn,OzFtH7FqgtIaxJYtCN
Supplier#000296971|GK6 4Z7dCAmM CqJWoE
Supplier#000296987|Dw28RPg3bUHUO55YoL0URHDzQc0mlx6d85HOU
Supplier#000297166|hk5bEydcxt,kPdS5nLDdrSTO9i wqpPzmu0nFk
Supplier#000297249|eSXEa6g7Je NhNKoCNtX550nOP6OltBV0w7
Supplier#000297325|De,HJB3ngD9XImw 
Supplier#000297367|DIT0zC iIYMQ9D0Rk4LLDhY,uGru
Supplier#000297418|WDS1S brVbNHQSr3M,R ajDzBBKW
Supplier#000297533|ijxZzvydrS0Bo0bitxVhr3f
Supplier#000297588|0BqxjtGIeHPwGYbXcPIN12KCtNaSK
Supplier#000297630|po2oq30ipuUe961HpzyP0nHZtdWaOVh81
Supplier#000297710|t,4iLsTNsrNN
Supplier#000297740|mrWM4WP7Ij
Supplier#000297769|HTUukfeiO,s1mRPU5hhGVdvv3eZVZ10cALNyQKQ
Supplier#000297784|w,KPX0BcC0F4bsQDoMvU3zUx6DKufLLdFiMN
Supplier#000297785|MbIF7,UD,vKdif1U
Supplier#000297798|l2NguigZ39hRzhNVaY
Supplier#000297804|wID1kik3FUZQ2diybCAv
Supplier#000297839|odrH51yjtl2q6
Supplier#000297922|I4ndmHKiBeuBC4F0w Wy4xcJ96NXo2Y
Supplier#000297924|RjEgOuHngoLDtZNfSQoMSyUDN7ZLviW25Qj2RZ
Supplier#000297962|aixHaKiAoMFmq
Supplier#000298010|PQ3vtAwAE7XwcU
Supplier#000298035|o5Z9WpkOeSYrI6gCa46iBEXKRTzcwE,ow26
Supplier#000298060|FUw7jeA1hqPJhRHqNr
Supplier#000298189|VYE0bEtZcp6CmCuSgMyLPW1SVR60t90v37v
Supplier#000298215|2rXoXxvszV
Supplier#000298249|ZlCnbwtRsB6aXxyUIWXZ
Supplier#000298296|VPAN6,QBGfZcCA4BLVpMWE
Supplier#000298313|QldhrY5u64,nE8,ksnES4Sbb
Supplier#000298342|HseTAfMeqgdQvsoNnbGz4efSvdSNYynWYS
Supplier#000298381|vrhQhT75PXjUkIgg8faKd,ZaE607z3EGC3Usa
Supplier#000298410|s2XPd9wy29rCyN
Supplier#000298507|9bOiPbdLXP
Supplier#000298585|jIRPAAvJar,xAStoxZwL 
Supplier#000298652|q88qmebkdCojbIpM
Supplier#000298693|Gf,0WHnFw0h
Supplier#000298820|Xo2w9t1vjXOrPSwW
Supplier#000298831|RA30z794KzijODsrjbTuw
Supplier#000298951| 0fzWP sVxZl6BWt0M
Supplier#000298964|9gUPcd,UBmIm163u6KdycOac5no4DZVUmmc51Yo
Supplier#000299021|6kSP0LJUEV,LxShLh54dLGR5GnvqrelGv9
Supplier#000299079|oJPz lDYFWWpEufqMkbUSkVWctbTh9qX5TQ5WUw
Supplier#000299151|RAxbiCBlyg6CanEWBtz2BekPJCR1HHRgEqu
Supplier#000299214|mPwOlzzeKaLblnTBq0XRhr5h81rUCZOwAovSF
Supplier#000299289|mYFCDtHi2aF1kWvOVY7hW6ql3cLbWF5Pq
Supplier#000299290|K,du6DpqIEmBXKkG2TiW w5WpxXBzGbkt8kIV
Supplier#000299362|lmwmxWA69ttxfy1e3mq7stAknC
Supplier#000299416|E7nk2sxl3Mqx,8zmPqxeBk 9FlqrxRnIuA4
Supplier#000299481|5g3aKcGLrTOctb2gB9xefeqvzFafvdZOQ763Dw4
Supplier#000299487|j8b8eZbHy4w9S1NzitU6THIVq3qySLOFAH8
Supplier#000299506|44Yex1PN5u3ITy3ONWoZNGoZ5swf42Im
Supplier#000299533|S8CDLH05ZTpkSlRrtbNCNGqvF3Ds
Supplier#000299579|qVDyFQl1BJjF8F2syn876KgtBYo
Supplier#000299623|0TkGbnpVRuJvmxBMPyq0qIcKV4XCN0tU9mJtae
Supplier#000299670|M2nW5rnjwCVYDYjIHlhw2pbpEzFnZi
Supplier#000299860|GFXuXHSCdzM8gxe3jFkZ6NI
Supplier#000300055|2xe9 5r33ObwUSBaQJtxtm8Q6p ZzFYM34eKzMXb
Supplier#000300114|GxvD MC0K51V6cXOkIEfUUJYhj9zDFsIrAZbhU
Supplier#000300291|C KBDNdRmmKHpS9AWLYO
Supplier#000300320|6uwkH,dXqYOiVWI2Ft9gLd5bAWYq61CcSjYYce4G
Supplier#000300455|DjigdZ1sSKps
Supplier#000300518|coWYACZ9PEY2mD,
Supplier#000300637|gHNNGjP1uCgSbKZb8qkp3Jk
Supplier#000300645|5HC345qBGiMR6OS3Indeo5Obp0i7kEac54xDm
Supplier#000300693|D8X8QOBVCZYkwf fBtN
Supplier#000300705|dUnO254G71LTSY5
Supplier#000300759|f3bA29qXTK9dN
Supplier#000300807|vIP9HTWhM7MW0tu3XdwlmtgH,uT7m,YcZKaDRSSW
Supplier#000300917|uN7gtHpjIPFqZ1AZg7
Supplier#000300921|A8RRROp62YHmuvN7xnsCB,Pzaez M69
Supplier#000300980|9iEaa3bpvMMvxbGReq9vx3K7wqa1mf2e
Supplier#000300985|XnX0SQSKJoKJHtsKKzdWQ
Supplier#000300989|1uyqTL5Rh1A,tj
Supplier#000301011|AVAulkOTRkHLEZpxxI8kP
Supplier#000301183|Y1nWXTO1t8b5s6, 
Supplier#000301262|Gb47Xf1lrzecPHtbFOYzUM49Xx 76OEW5JbKw
Supplier#000301300|TJexoQvPzZ3hgKLe8Fo9v ivFMsF5
Supplier#000301404|CXGw2k QPlGEhvB zjkvU,urd,
Supplier#000301422|zBlQwpMXWm08dkpm
Supplier#000301573|nsYHG5KvWGAt1blp4WH18ZUbXLrC
Supplier#000301631|Ug6JnOiVJaOxse
Supplier#000301674|0WUoc8jOiwylwtEcyOm3BYiSpWS
Supplier#000301692|U JbrVAmP iCUoLE4T1r9v9H945f
Supplier#000301937|zHFM0kmk3OD3KkH1lwhUxDH0 pQ09O q
Supplier#000301940|TUuwmI8IjHJQ5NFxntr8OA6YywTJdsNePiq8vki3
Supplier#000301944|kJEDIetZ eRuCdg
Supplier#000301967|9jCGUeghtHs UtVJEfU1DKi
Supplier#000301976|yUfHXX8d38Nh K1LxSvNgAYJeHC,I
Supplier#000302037|rwJGDkv12OBy5loukXx9yy
Supplier#000302044|QkJfEkTsew0b72Oq
Supplier#000302119|v,NkNR9YqOOBxMGBMiLqtyqi0FC9SzT
Supplier#000302131|oU31O0OfBr
Supplier#000302165|h0eu4XNzKrTs
Supplier#000302220|fT6H9rTl2uuMg0UXJJPOiNAss2cR6o
Supplier#000302245|Cira9ZbL4h
Supplier#000302253|qgW1Of1hLZB7r5QuN kz9BZ8LY hJ
Supplier#000302264|9grSGTZDlDBOmYa2g3LRgFBA4Sl
Supplier#000302301|061oT4nc7GiIUZI1Ix xTvMe,
Supplier#000302429|hje3WV7zwbF KCg
Supplier#000302491|MhILV8gk2d1UikrnFUHJfnwqhh1ND7KzDC
Supplier#000302642|ca0oXUdOh3SO0xS
Supplier#000302662|somB,gwG,KCAvUW
Supplier#000302664|EB1GKwS9Nb56
Supplier#000302676|QNl6A75m5 
Supplier#000302718|79sKXi3q7eD5iaWt13k9vRLAKW
Supplier#000302744|dVJieE2OspVdUvp4DKF6xUY030c9,N0RG5 L
Supplier#000302779|bMoOkNzlI2KxATfDnV6lpMgaavFmVcN6GlL3h,F
Supplier#000302836|aa9q96o8rLIKJP GqLvjVRFzTNBRbvRd,LxUxb
Supplier#000302880|4x8r4eCwpMiHo3
Supplier#000302948|3OmzlL1RSSig3dFYRAh9Vs
Supplier#000302957|4zAtSDqoKViLQPLRCpg4mrHT
Supplier#000303012|X25KO7Z3mgdWCHhDLDDtThTCqtXsHu3s4AGEFuL
Supplier#000303192|O0SJGd KLusa9rihug3m
Supplier#000303399|QmZsQGysWb5sh4DELx,UGiHVpN8o54g4B5w,
Supplier#000303411|2p2ftBhTXn00juP4Ayf0lSJ1M5d3VY
Supplier#000303503|e8IyrK98URZ2PbkBaPgFhh7OAke4Vhl47GCBM
Supplier#000303797|rFIAqIbuVAVwicu,pZhI09prbRK6C6boXs7I
Supplier#000303916|7LumPoBGAW
Supplier#000303924|cVTPVIqTcnJbGOSfcihzVT70g
Supplier#000303988|ZTCuffZvYNpVfnPozJj5VS
Supplier#000303992|nKGTlkCuBon  MwYj7VUHG8mcz2529h1sU0Bi
Supplier#000304081|xJzeuyj981s1 32GtMDQYMBlBei5W
Supplier#000304109|aPdpt7CVV8ZFLQCWax0n PS
Supplier#000304147|AEIzXcE,D6EonxSjy54rwsJ
Supplier#000304214|Gyf9Bblpg5U,2
Supplier#000304234|ehHVdv9q,KL7JGPKONs5y3JycRDtHM vgrj
Supplier#000304307|mTgiRb2VeRG2
Supplier#000304318|8PX5G,QrACk1YNnqlwR5zCjA
Supplier#000304383|N3IpbhgT7bALO52z5or3MFkianTB
Supplier#000304435|whsZBbSRNnWjf
Supplier#000304487|vtNov,PrGBtoRoo7jcMAaqGkptA
Supplier#000304526|OSFWikivSOjE1ULBt3vfl,c6 gC7YoFajqqb
Supplier#000304562|5yoXO1OqeRhP8v4Zuh4d,,n
Supplier#000304754|YX73r4DkthYizjGJB5qrZJUQvxmqc47Rasn4l6 B
Supplier#000304810|S5T6Jx68PfYtzW1
Supplier#000304930|3 QJxKhcPiYL3487IDTxvbt9wzTMdjtj
Supplier#000304975|bXxZqLw,2rsh
Supplier#000305131|NtvRIgg511flFa3mpHN iALDX5jeJO 
Supplier#000305222|D DbrRTDbcC2Bu4miOnZ5cmtsQDVIu1NR1HEW7pr
Supplier#000305314|5HUfR31BR9LbrUv6AChxl8WLp3M4TZy8HGSn4
Supplier#000305606|JQ,Jh8 NZcV4Eg
Supplier#000305772|AV4DGLwNyEcKQZJ6iThTQlnjvWaymmdOuCSK
Supplier#000305784|vkhMoq8pWN29J4bE,3M4uJWfLG
Supplier#000305871|pyLC1YfjWKdW1XYpbwtvv
Supplier#000305901|5S0acpkXCpdvbh8BsIvnMDHn8
Supplier#000305952|xQjQTquaHSOHRNJNxIVHlF1a
Supplier#000305978|me8O4FRFPeq
Supplier#000305991|85G6n,zdrpYyx6UJKvjw1oGQvlEHh9ypnz6
Supplier#000306003|xt7D5ndm,E ybxVpdvtvvtPJTHADifAuYwBhi
Supplier#000306086|zl3WuumeEAeFISH,nCSqela53 i8s0fBZ4rp
Supplier#000306138|2,zEe,0XD4kz
Supplier#000306152|9BSiWyTZ5oSmJ4bElME5,6Brs8ZL
Supplier#000306172|CEHUHimwXzrnViBrWptLhc14VcT
Supplier#000306223|NURKRczYVhN5yUiYLqC2XxEAYkbdYEZ3lf8p
Supplier#000306301|sZpSGM1r6zhHEzGrVBpvA5SUYYKnMA43Kj8c
Supplier#000306331|cZ7xkP oP65
Supplier#000306339|gsD,QfpilpxvthA,oXncbr1PzTG5yNwz43ms
Supplier#000306363|kLy8br UuLDebw2eHG fT
Supplier#000306467|ax oGPuZt16B93CuZMcHGfbogd0YLX,b
Supplier#000306483|qswLCPV0oOvgipCraB9xSQS4vZVv
Supplier#000306530|nwUWVEIwV7DOI
Supplier#000306536|VY37ATfOyxEXc0VHB88bm0Bb5KoyECHHc
Supplier#000306555|LRbPJ0kmlaVtsmHKZJdVup
Supplier#000306563|nR68yKkHZZgYRE1RPcvnO
Supplier#000306692|e3m8u3cBmxYD 6QQ
Supplier#000306744|eFoi,MYP9QCT7
Supplier#000306792|u5T0tx1z8hFtvArUQzE
Supplier#000306880|lSGLfQ8dfVva93KPH
Supplier#000306945|OgWiJMsS8HPrwpcQaBkZ
Supplier#000307069|3533wilxt0DCps864Mbq5RD18eDfdBkX73wEBJ
Supplier#000307094|9sarnXDwiuqvtUe70xK
Supplier#000307128|VrrZtzmXmQdD23sSw8CyffHHiVbh
Supplier#000307135|4jD8rwLyeSxhJ9cs3Rmdb6,cFH2GdTztcye
Supplier#000307186|YkmBfATkMv8SiziET8JNsTfvNmAI3HwbES2639
Supplier#000307242|,8Z44aqAqQ5vQloH8OgeNPH 
Supplier#000307260|xgI2DFl9WuK
Supplier#000307293|PioPWP9NnTKzHOIlBrVyQlGAut9JoTLbNZzML
Supplier#000307470|OgVrBl9exG
Supplier#000307505|yRY9GZKVh6497rbAdrL
Supplier#000307660|aJjz,c3Zfh6xOKTNvS1iaAUkDy
Supplier#000307752|YIaRcf5DT eGOAi59nA6Y6dwYL
Supplier#000307754|u3lAHtj1XZdvpV
Supplier#000307766|EFijk2oTamqvIq3 DgwrMS8LPvaFEdBGA,R
Supplier#000307926|athHoapXrikLJgDwzgB1bAm5BzRVH7yF6jAEc8
Supplier#000307945|GgmbbysL2hp4j0GSi
Supplier#000307969|ioKCTRfhbci0kuztXknI9VcY8 wR80WavykO
Supplier#000308013|oINfRkyCdIFbz9jiz6R
Supplier#000308085|aR9nHPjHqPDx4Fd6Doazw489Xj jB0dPssb7
Supplier#000308140|RECu7YKr,UzHbg1CqtK0HNNl
Supplier#000308252|Vp9xomYLHDCHXH34V SgLfaYNcDGdr
Supplier#000308308|qsjypXw7w,gDolbqiJRs
Supplier#000308376|TRLqq2vpkFsmxLigR964SD34Hknsnt9ZHpSzoL
Supplier#000308422|kkftY,avx9
Supplier#000308423|,,8SBx2osq4rWHhtoZDI127mzymvg3OVhpvc BL
Supplier#000308473|8oszN,Y0MUCul
Supplier#000308494|6Fnoh1JIHmTOdqT CMwHFO96juZqU
Supplier#000308581|oWPBuPjhlB28EPr0WVrt6RqefBYM
Supplier#000308596|TUJBgBXsCG3N
Supplier#000308648|3m,WHr3PSYOvH6cksefNFD
Supplier#000308653|rUGaFGPOdsvW9 J8BzGoeJKgmC5f 7Hd6R
Supplier#000308700|x1DOtFSyjwAQ4FH s
Supplier#000308797|mDGb4pGGJnkscg hfuOoYDU9QDh
Supplier#000308847|RN myN2xom63wd0Opa
Supplier#000308877|zlxBGcIuXgu6EzV8AxZAcvp 6wibx0Zbzr8uh
Supplier#000308930|fbaDtl698tYEpd5 pmc29ZgeUisHahUq
Supplier#000308932|,3T042nq22Obi
Supplier#000308976|pFKHj3IxobU2WVl7ILC OdjC5jka
Supplier#000309054|uEGUc9pjQ,aaKS6Bfg1nNHGgaeg
Supplier#000309128|EfZngiRWq7UXEqNT0
Supplier#000309168|93oqNkhuxHXKhka8401j
Supplier#000309225|3Oyz4Tu97i,A9bjsCk4lHeY1y24pRKN4KKPpf
Supplier#000309229|Kq1La6Xf49Y
Supplier#000309353|Sx3OlXrKzi
Supplier#000309434|XlEKduoZhrFv8ldmzIEDdOpUxbtk
Supplier#000309469|3HIVB5h7P4lWhwh7
Supplier#000309470|BGB0SJQ1J,a,, gPUwv YaGUfwR7TNiKRlLzX
Supplier#000309474|vsaanOUVXI4rvgpF TGUm1wlO8rZ
Supplier#000309482|uSeYmNf5bFpzLe4C,
Supplier#000309495|DwFUHd1tar
Supplier#000309514|j6pW KH1XDlW
Supplier#000309560|09npqzeUbVqYqx957NJCh0wEJu9zj
Supplier#000309577|PTW12 w2ma sMHxuL0I
Supplier#000309758|CrxmA6DoAYIV8B d7KKrzsbYk2jP8eD8J
Supplier#000309837|Ugq6muf6rIbE74CzkcOFR7CDEJ4VUCCqH1otyXR
Supplier#000309859|LUuOQmnfTynjTavGUy7yBak
Supplier#000309882|ZJFUcYNi5XRA0biBBe89ihQ
Supplier#000310002|qaR9WC  JmOA66wl
Supplier#000310059|Xu2fjK29liEzEUIS
Supplier#000310072|hb,K1mqzSwz7qPsSHLR6,BgKmsiFNkrue,3m9lNg
Supplier#000310142|mSo l4oFY68
Supplier#000310217|v WSqKXDXl41yACnf48Md,qhY2B96
Supplier#000310357|y5kIEHNQQV
Supplier#000310568|WJdiRJLqkEwhK,
Supplier#000310876|wbAuSJGHQ,qUaEJXOBHYz9
Supplier#000310879|LZ1BOwi3i8cvItX41pkumX QXDG
Supplier#000311040|CYEvPbQM4Abx,U9rtsn
Supplier#000311090|4JXjv5mxJKnmFRxbPkGp6BfC0kHoL1wTq 9yDCf
Supplier#000311121|oxhL32Fh9VVzNWpg6
Supplier#000311264|zrwJ4Kaw6h8pvE216YNt
Supplier#000311357| obEfsKrH6
Supplier#000311430|f2bYdb7PsW5d5UbRIE5WyN3
Supplier#000311445|05ytq0Rdw1vRrjOzEZRPbceZhiZs
Supplier#000311493|zOakgd7zxw3zQbarV4rF
Supplier#000311527|Vy57ZbBf1S,XJBC3fePHbNe
Supplier#000311788|Dca447uQhwc,PL
Supplier#000311808|MboVrQBT ,8 qdKse4WGAJDi qVs5qMLFGdlED
Supplier#000311828|1M7CWkMmDur
Supplier#000311834|VgsPinfoF9fJA3odjfCmJy
Supplier#000311870|eHAovDdZhNXzEDdXRoVIau0m0
Supplier#000311943|bYJ9GXD1a93PzPCfeTDrgSu4cVsW4I
Supplier#000312116|CTpLX83xtbNVShPs8IO1bJZgMbEc7yp
Supplier#000312119|remlmGWx,,UlWC4WMKgh5ttO4jfWWA
Supplier#000312158|tcM1aY WtmG
Supplier#000312162|aU6uco7a Rismshaop9H4ZjCnBUdIk2ectJfbTOO
Supplier#000312194|xCVox19s9mtc0Y8sv2Zbl7c0
Supplier#000312358|YpK Ly28t0nHeFwr8wTMca1ZHiJpyiqo5h8du8sZ
Supplier#000312451|P2bVf23eFQIEWeynG3j,iwI
Supplier#000312550|XE,TvH9tkLFxqObdJTVFHHH5e7I7tVUY
Supplier#000312612|J,83H7wkKHt
Supplier#000312631|36Sf634hdK5aWW4TIhHkiP wSger bcwUD
Supplier#000312667|N5mkvra7Qn3B0HXKj5g
Supplier#000312738|Y6KWN4v8gA sk
Supplier#000312740|dCNH2S5hv0eHn1j
Supplier#000312804|B7THHhxf5Y5JBJGaRbVr4NUXcqc6Fd oy0FQ
Supplier#000312814|raT4Do7TTopvno0JrN0,I7bXC49jcGLeLRFTOLOg
Supplier#000312907|WNdgwyvPm2Yn0OR0ZfCci5vin9zwwS4,G3VgCYju
Supplier#000312998|4mDUeqcRh08YMJewnC0v
Supplier#000313104|epqTU,ukrdEajw1Nkd99Dy8ahimW8XL5mp
Supplier#000313170|csntEMxDRuS6Vct8euKDbCeEaX8dXg1  uNTB
Supplier#000313271|LvWLdUbboHcVsx0NvLJgwyD1CZaUXtDmH9y9ADu
Supplier#000313289|1Twe0u8irzG3IRhfKrNPRMeiDYC0CbHoVkMJH
Supplier#000313296|yX7Z9TlCopVlw3fXdnyxM5a,6UhJNOIRrndg
Supplier#000313297|vcIXKZ,D0KDcPehsXtI9pFBi3pb2Caqx
Supplier#000313332|RrDDVVRCi4RZ1xRt
Supplier#000313493|1 kYp PXyRz6fikFSZW0WM5W7C6QFJV4
Supplier#000313503|izSNMQJhqALEvBnoEb2Zjms0KrMwk
Supplier#000313514|MRfN3l2Qx0AmPJOpQkRbX9dpC6U
Supplier#000313561|jlHxojs91TVIzmQd1FYR5CvAUU4fgATtcC
Supplier#000313652|AUoOHSTQfGY8BgdNvQf1r,DEAqlBbqY
Supplier#000313753|Td07uCCV91yJO0jr
Supplier#000313822|TbE bhLEW3850iB831j1XAnTD
Supplier#000313909|6XMNC0qro8V3757hXe1fTKNVclNT zvJCXGLAv 
Supplier#000313925|ZdSEamCOzS
Supplier#000313926|6f8po6sL1KR8
Supplier#000313949|w0QZtqajiuHHgBnD04G0t6ZE
Supplier#000313992|GIoznf 0KdJPCYO203AWa4YRYqmcuFomdYuRPI
Supplier#000314020|NmPfABI9Zs0bxD5YMbvjSJEey9IdM
Supplier#000314177|TDFc6zjihDmo8uj
Supplier#000314180|iuDJZ43B68MsHMWUWOfSNzPfpZfv
Supplier#000314211|dkB4qPg0FILuXFMSMJL4,DAcpNDHLTD
Supplier#000314374|IkCS1FNESOqnO,r,y6aggHbYcKMd9nxmX0Q
Supplier#000314553|4VZGvaJ0lnnIlLeHaSkTMllzJ5j6
Supplier#000314649|pj3Em5NlyREGh6Ph0pdsXBjx
Supplier#000314719|GZvDRHS0B50c
Supplier#000314744|Fipnpm4MNea
Supplier#000315001|Jd BMdacL6bz
Supplier#000315122|V6XDzbKT0k
Supplier#000315180|7rz37smybRWZMEfMk15AEoOu9Q388Ta3A
Supplier#000315182|15vj,U4s6muW4SPsHsKGd0noU35P0HyFm
Supplier#000315324|kuTmqZ8v8KTGEEtF
Supplier#000315386|TYzSUgIb6JJslHptACP9eLo7p
Supplier#000315394|udfZGUkncALdJ1iEmpf2,B4bpsnmCFUayy3
Supplier#000315403|SEP2ZxBshngd3JBULbc7ckiAg
Supplier#000315492|nKgzLlx41Xl6aaYGG1yRv
Supplier#000315530|AIaD0fa3lPVdNL3uWtj0jY
Supplier#000315647|37Nb,SvmkK0,5w9UAv3b8Kl
Supplier#000315671|Ss99qzuRgoPCeiMdCRYErmJgNZH,W5
Supplier#000315699|zBbtDKYPh7
Supplier#000315853|4,O4,gJOK86SNS2gbwdaqDDXvN
Supplier#000315862|niXZ9dCS9L7zlGKNxRCtYawwcfHowGOE
Supplier#000315864|Y4,Rq,yHJtN4kPhK7N
Supplier#000315891|9NLF6 wWL7Aq
Supplier#000315941|rPGR47AhIP7VCztjV95Rf,GI3u0EVivBRBALwOcZ
Supplier#000315961|eyxwsJ1w6xEny4NrOIt54XmCZjTPTh,BF6yME
Supplier#000315964|eKzLPbG2UW,9lI0g
Supplier#000316092|S,Zby34McUUxtD7O8Gyi
Supplier#000316157|5Cp0aZvx5K6Lhwj5pEl
Supplier#000316179|lC ppCHiuaY7,,obk0qbwAI
Supplier#000316201|N,lFy,ztRt2
Supplier#000316364|CLhAAArOqwtdc
Supplier#000316404|SNnZLIFHqbgwZ7gf 3KuBnthnCDt
Supplier#000316481|vKlQV0DBwd7Ie,HhyCJgpYlg2hJDRhpga0z
Supplier#000316498|bsPhQqOfyq,z3 nsytzYLuXxGYxH
Supplier#000316505|yAeAub,wp21wEAVxrmQPVshlBpbWp
Supplier#000316580|xdF1F2D2PpTmttMjJx8K,s4gDoLk1k6hDMC
Supplier#000316606|o6pZgR lMLG1ZoHGnB8h4Yg
Supplier#000316713|ZCCh9xqKXM,Kp76Ei6W1Ed7
Supplier#000316764|8 hZ0hHxRxxBJ9RCc2IPjWVrurNBfR9U0jXBv
Supplier#000316768|QCy7OAM6l1GC1Bd
Supplier#000316776|VRqnzjW5er
Supplier#000316835|BLp5,,5BKz8BFXC
Supplier#000316873|xjeZzC5BuE ma xw9F
Supplier#000316879|xE8tUHbeaiMMtiVaKS9
Supplier#000316899|yo ZBplA4UJ6iDyNtxF0yOhVuRxNpqu
Supplier#000316933|ID7ITuNhLg30pfRP,qJ32QEOj 5 IxwK
Supplier#000316961|yH,vsB84gmdqEIk8O
Supplier#000316986|HiNdZat9imxn6MS
Supplier#000316993|4rBKQ6vajC
Supplier#000317177|JLNz6camCx,mcHz1Y xFgygKna
Supplier#000317258| 71Xs1SC9lqct2igux03DZcmZHOfFTtlctuSIki
Supplier#000317343|NWvqr7U8TbmNbC3eLd8CdRJjuParOf
Supplier#000317382|DmGid3SZRzOSBQWfB4OVuykXUSCCQfJUiT
Supplier#000317391|b4zsxJypXfsWFnZJNuaV
Supplier#000317503|mbDd 62TMRLyIMz3JYJj1W5iiQAbhd
Supplier#000317507|X84SWMT4wUyZ
Supplier#000317530|ksHESMOXlBWgWje1gn
Supplier#000317553|ipZvfuyvVlXtjLOtuq8ihLKwvJYFsgbmNm
Supplier#000317610|dyJIaCmmnJiP8KQWd
Supplier#000317638|cTiMJGLukjfdXpCHGRhdM79KbmBi4
Supplier#000317652|zBz8CkZuYSIAYgO0KQtGAW6aEp,4ytePvcwi79
Supplier#000317688|,JVuaBP6iYBxtYt1UtkSPzC
Supplier#000317788|v,zu4NGNYQA
Supplier#000317789|ylGY,mgx,tEW9RjqMbFNb4pUz3GlAPq9
Supplier#000317812|qPBIstfbIcsv5zG782SagUtfVE9zOOGhRj
Supplier#000317820|nkNN29zXWB5tKp8HmUX
Supplier#000317896|YCozxJ5znjbkK,
Supplier#000317924|eAU4olFpIJ2aTIk8Se
Supplier#000318205|6YWaY EB63IHDfWogM87Gm
Supplier#000318213|tYGzHOymIfIo8WeLH
Supplier#000318276|FBnUjP1AAZvTXuZ
Supplier#000318321|5Kww7amEPFmIRlCQUX
Supplier#000318328|58bmpL9Q3eOQhWft15aoXk,
Supplier#000318339|BcyXhGLnTK9bJCXguIezK0
Supplier#000318533|wXcXOMuzG6hwyNnTY53pVETjWKP43zXzMCX
Supplier#000318561|foPsH3z7,3qF0nPGRY
Supplier#000318570|si7e 5ZUrR8XqkqAbyJDwJbikPWu5OdVHZ cM
Supplier#000318602|oeLK579dx,icj2ESrYYqzXtg5Pi5DCHze6fvj
Supplier#000318609|aazkFDr,sVImIljw xUESu
Supplier#000318663|5hI1kyqsmcMHU,pBBn9sC
Supplier#000318838|kVXauOkP1egOYj,mItakvi
Supplier#000318839|PomUCgedB5DglqPC
Supplier#000318868|HgaxFLBzdFgni1ee4
Supplier#000318966|lxrRRKWaQfxd9akbWVTO E6VDhV9DNDCx2f
Supplier#000319045|LYcdV4UE7x6a7ax5GDtBFU7 LX Q
Supplier#000319050|tMmHnHwhg1NZqBoEGrSh
Supplier#000319072|KMnrTPq31s 0ODoctnG1tVKsz7r
Supplier#000319089|8NC0oyYofbv,4 RffUqXwxdIVmcmVRuf1qkzN
Supplier#000319174|h5wz0UI2ZFBDwWaiB2ShkyhbdW98FbAUz3 WBy8z
Supplier#000319234|uw0ZfL3dS iSg6t4dy
Supplier#000319361|MWc7Keuylcz4HfH
Supplier#000319431|tNwNiW0w0ftxgn
Supplier#000319461|yniIlYawNCwCru,s3yBgx9MTRrBUNQe m
Supplier#000319482|s2GrNXCa317UUqBOD3pz6Gba9R0
Supplier#000319484|qz7adzox5sm2N1JzV4Wl
Supplier#000319523|N9MapwmXMq9xSvMK vHCN0Cnl1OX5GrtRw
Supplier#000319560|Jbp5jU0joIffcE7yTNcit7o6u8bcCsipXI
Supplier#000319620|jqeIrQAoz1TYMeOXyKzJv
Supplier#000319635|HaCSzOG exYuD3VHlmXfWKleMmdpMHF
Supplier#000319655|gAY6O0KZlEyVCdb87THBGek3j0ynQbG,tR
Supplier#000319700|8WUmogti5CluXMtBm,,BTx5mJCh06FyDdNetgbq 
Supplier#000319709|ixGgVdNLkN
Supplier#000319726|gJUXmfktqjGjG89FgU 5sa1UrH
Supplier#000319805|BdzHdFb3jJ,qCDcIEr
Supplier#000319907|SOICvNFaKRutDqsiDh
Supplier#000319958|JeZunWZ9D6YZBlrFRqL7ds5sXDiMoOdEfTItHak
Supplier#000320016|glfxMLWi1gxk5j4DGcqKmOjT8l
Supplier#000320144|  87DDQRrE6IWtiXxWENcTcgxfoRA
Supplier#000320248|rz6LO2GY8tqfHWsBEZu,7Usmw2pmYC
Supplier#000320256|6G80MBiFAq7EQ4o4oWyuwVDmBU
Supplier#000320282|tVtk29nvWcqgNDqdfMAcaNbAiC
Supplier#000320285|Alwy17 Zpc7YTXUSHSgAGD jMMiNU
Supplier#000320394|9CsRWGwDjnJDqO f
Supplier#000320425|MSzHdFY70MQ1gGnANeZuvb1uDD9J7zQDu
Supplier#000320543|a9EdR1dzKTKNJ5f0I93FGF5ExD06fIAubOm2N9b
Supplier#000320556|JA3nwQezK6y77dM
Supplier#000320601|4ux7XbxrBr25z49yvXn9FEVeKUJecRD
Supplier#000320666|ncDtmwj2BZkNcCRXeLeLVawsNzEf4rgn ESD
Supplier#000320668|PXTZuFPBtl2CaZhvscksH7bgWNBdokGS,syB
Supplier#000320678|PLYfbuWr dQrsyrcIcpNqeJnSRT6HRwmS4UjvQz
Supplier#000320722|KBW6OdBTexw
Supplier#000321025|Lt8XapWViQic2MW,Z R9kzmFrmbg8fRmfg08
Supplier#000321061|lJHVB3mSR0,DV,7w5v0yZos
Supplier#000321104|X9gnPIjxj6LkUfLXDSmuzvuI7RHHyS 7P8U I
Supplier#000321122|kQJFpg5KL  M
Supplier#000321170|kpokWi6tiAbFrnh2fuwwClXzK
Supplier#000321240|7SNHh,HywamzfUCYP9zE8
Supplier#000321368| 2HIPvxi8aoAlT6sc8HPSQUrLBuJNKCDxbN7VHIL
Supplier#000321378|k0 Ji1 aM1E,OcmWeaFZdAkAMm
Supplier#000321397|Y56kg3M1cdivOzhIgqBhWRkVYGWyWvrnzie
Supplier#000321399|7KMhPe,9sDd5T2
Supplier#000321405|nbHd1d4pcNCluakynU a8Pglv qAN8oKu,r
Supplier#000321477|y6YbnHOVq4AIp9Uw1g,jVsR87H
Supplier#000321490|ZRLvZIgOn7gAAmWW,mCDGGE8T5pbVCl
Supplier#000321503|7ndBn5pHZN2iGWIaBbz
Supplier#000321526|bmqIBQJOxvoqboC7yVsZ6pjfrgGxIfo
Supplier#000321572|LQoOOWO80XM2W98,rfL
Supplier#000321625|sEqwBM3SQaPbXd6RaZSRUkfC g9PEXBZBX8VT
Supplier#000321653|k5Xr7Rfj,UiuznuG0y WPfsvRc
Supplier#000321731|JFdM SqaXS,gjko,ZffWl5zJxpc9,6h4j7LNG4wc
Supplier#000321768|Pj71QaBzBSTVTdJmwFu19MhHr0DZI8BBToy75sTP
Supplier#000321886|Kx4Q503OSOQomZ1L3eEsrBSFcRf7
Supplier#000322034|1fYxP6TMn1TGYFbug
Supplier#000322052|ahM5GUFddTL
Supplier#000322218|vCYEGSg9PoQ7CHA2RQlBAi,JMilC
Supplier#000322235|Rtg4Ctpa0faFwFOvbsBw
Supplier#000322310|qnl3DrTNv32WVFiWEwn5Gcv0xlIQ07AIe
Supplier#000322385|mYH6,Aqx8Uap8,H6F5QRzSJwKdzVOX5
Supplier#000322496|nrd6snGaLy1E,
Supplier#000322516|8xLrPRw8yACeDEBMKj3Z 
Supplier#000322535|gQwC627ZuNc,A8z6IOKAOc6OIL,9x5Zq0863pD
Supplier#000322569|eI6VMlnaShREL
Supplier#000322670|hVvn,M1XXOReMS7MjKx6FKGe6M
Supplier#000322691|CJgslaEXHLqupEG6k,w4DUOiO
Supplier#000322701|GKgSFRpmemdurtiwa
Supplier#000322702|qYUK05QFt  WnqGqYn2
Supplier#000322726|zyLTu6eYibytZavo8XoWT9UmicLcW
Supplier#000322775|AlCrp8lgSyODoxsjw0d3Swv,c
Supplier#000322820|LMdd8O12t6JZx,
Supplier#000322843|Ik9xHaapnPWHSfGpfQHk7iph9HTu6ShlRo7WG6
Supplier#000322902|51t55Tb27rtjWekA7JSrsW6L5hWuGsBx
Supplier#000322936|GVyqKTcr7 Wc
Supplier#000322961|DZZNjHvJTM
Supplier#000323008|gZK4IDM1iVmLcgkF7F5FEU,SO7A
Supplier#000323050| 6D85TrfrsR2uNQFqVKo5WHleSPa8Ap
Supplier#000323102|J6A5QF37jcet
Supplier#000323225|F197 50fjf9Yr84GbjA3Y
Supplier#000323259|2rxWEYX06evd3 drw87RTVSabso2
Supplier#000323318|,ZkOZXfDbpW
Supplier#000323329|6zgQvnSHcrxIXp wXjmqhFOfp 3t7
Supplier#000323343|IJBV4VJJgVhNtw,ndWIBRrJnBldh
Supplier#000323377|NqNbOcBmAs
Supplier#000323455|h2oxPPBVJDYMAwTPVwxRYmNbrmu
Supplier#000323460|qW4OnombjBB0u9RY
Supplier#000323472|seuQnn5ukrMfgDsj4r2f9Q3i5JiPG9CZ
Supplier#000323491|zCDe 3sBc,cmf26pN9cR7KfuMuUrRYAIeoyvfw
Supplier#000323505|I9lZi3HA J5 
Supplier#000323573|c2Ho5MxJjm2NxvmMimwMQ
Supplier#000323606| ql1TAjNuBUx
Supplier#000323694|tkUdL0DC7hxPQRCAkMKNnAi1vnSfSb4ehCppF
Supplier#000323759|1,M6ddSpLKjiIngTpu
Supplier#000323788|c8UaUkUkwr1Ajf67OrutsH9mziNObeMJ
Supplier#000323815|gnNWAZMPBS
Supplier#000323866|FVG,V2uRAF0L53Vw0Zq1PfMhhR0Jrh52sg6iQxM
Supplier#000323867|XFNauSEB0 O
Supplier#000323878|nGs14ZEXhoj7LfhFJa ,Im
Supplier#000323895|T9p,F2BKBIcJEspWZsgOxqdGAOmGfR5nK2fkVhz
Supplier#000323915|aqEjV7EhvY8D2iww8PKxsd
Supplier#000324001|eEeaccMDbi1A9,In1lHyB,k4CIt
Supplier#000324058|zNtxYg05mvMB3XuK6Rm
Supplier#000324074|KCNKUxnumQZ1K0xVYFZ7rnA5rr Bnn6rAhSMNIVF
Supplier#000324126|VgcTCSYFslevpnssckB4Ufa1FEkiFmb6E
Supplier#000324173|7uf10IUC56CxwMJsApkbHHNaqV5N78qcEOOyzR6,
Supplier#000324217|RmTEPECReyC,wEFZJvnX2hAeZitpsCBKnxiS6i
Supplier#000324250|mfquLhSLX1LeY3XbnH4Oc
Supplier#000324251|BVH1StWcVvySdpIzrM8UgRTHJh0J4eX96d
Supplier#000324305|ytIw1e8y2Q
Supplier#000324384|Dsu58GpIZlIhI
Supplier#000324388|237kFsiF672,bbBgMkT37ydmXuhRWHb
Supplier#000324427|YoWQelmk,OS8MTTDhbL3
Supplier#000324474|nmbLLKisPW5HWM8twLMLt0
Supplier#000324632|r1yna8DvCEFrvy2wPlHK3udmAa
Supplier#000324643|M58aAOfxi6HzUoE868
Supplier#000324663|JlWZhD43h vGNYT
Supplier#000324805|61TlETs EKihozdvBwV5r
Supplier#000324817|0ApMz6E2P15COx9jypTcI2XUJnkE6Ma2vc8CtIE6
Supplier#000324821|Ulfgk,hXHPewma6T5Ar883DE2
Supplier#000324833|Urr iyTSwsWvtOX6QC7J
Supplier#000324843|,zzsNimXZDLx
Supplier#000324849|p7ZPWoF4 juEi4BNc5YLjXswTeiugip
Supplier#000324882|InrX8uUGSPtu0EbgBWWYyKUv5peIPXJ0ugQ0qeUS
Supplier#000324883|eOuew3tpVV6MoNYPm26WDCPkJ8lh6u2v,L0
Supplier#000324961|7H0O3MBYU8
Supplier#000324981|CgfiywMfAzdgfhaHnBX
Supplier#000325045|7et1X78 wyMEcKlaHFztsKLv1QxSTWTskZ
Supplier#000325059|Qf,9d,Zj0V6610
Supplier#000325148|rm ,R,UWyKlFQx,RKZifHB2s1u
Supplier#000325150|gEj4WEuQ2DzHZE05mwfg
Supplier#000325207|jRWG4BVGMIu
Supplier#000325346|rfKAP3 Voy5jfWXL,qJDdzoORLk2PK3DmeawYHn
Supplier#000325347|5mXpYrN7RCVu9SQgUgrAXuCMqUeFSr
Supplier#000325367|xlRwBQobtXKWypiNiM NXHVcmxCG
Supplier#000325447|RQql6jZIWyYO1BLh
Supplier#000325462|v71JzTzjC9znL1MD9S
Supplier#000325502|7GkXOfv2pBj lsU9HJ
Supplier#000325528|kEsg3A6zikA1h0jXWM
Supplier#000325546|uvSGaCeAU5h
Supplier#000325608|hA2cCat5Vab0FJrjZhoUIuX
Supplier#000325645|SrwMZ06PXVEvjkTfTpbsmuWTRJgt
Supplier#000325732|3QXMV8setjwtVV
Supplier#000325751|3O,7GIFO21he
Supplier#000325776|1LRESw5WDg2N
Supplier#000325831|i9XQpH7D5  VUF1M0ZeFVjTZ04zMQ
Supplier#000325853|bG0j8rz7mTLSBpTGeVJcJhvYNiHAwMgdfa
Supplier#000325926|fQ9lR0vT8IkikESLIie3
Supplier#000325940|9vBvLohUOVHC,4ijNbvtNk4gDtyFvj4fVrwHy8
Supplier#000325941|P3,VUWX,5M58ltuXgUmDM8cok4v
Supplier#000326052|296,CYVHAFgYHSibo7,xQKpF5Dftf2of
Supplier#000326155|QHR2Z,aPFv4 KF ouBLkCkK
Supplier#000326202|VvjC00OrMhbBHV
Supplier#000326216|tio8oUGky0f0eBQwatC7QAJraqjeDS
Supplier#000326268|scU4KmFL7JKi,WSOweFFj569Sq
Supplier#000326310|10YwgUxbOYWSJob1WtYbRoOXVz21rQEv3J9l
Supplier#000326321|UYn6HCnW,YnWN,ukh1n3Nu
Supplier#000326340|GXiKrPQUoxUG
Supplier#000326356|drVihOfVHYolaPs96L56HJqpg
Supplier#000326362|PZ8vcIszK5VQ46bPABxDf7htgjf
Supplier#000326452|3vn8q9,ofbgDG
Supplier#000326476|TrAIJGGV15WHupVaG dUb11qrE p1d
Supplier#000326491|HEA97cI ZBGOjpVJlBwc6RdP4fDRvH9j,2xHt
Supplier#000326679|6,zxzX2bM2XsJb,UeMjwJpX
Supplier#000326746|Xupok55acj88V
Supplier#000326818| CvnsRldLtmew,uHKlCR Tt,kItK0Cax
Supplier#000326879|IgkxLnRGfYocg4yW
Supplier#000326943|j9vR4fz0I0iRyGGi7scT
Supplier#000327001|iXnCGRIk0Maxi0c8rYZvUcrPeRCkj
Supplier#000327059|Mp6TU03mpWgDGHX,VmQUsBpmGIoXs7rtUQ
Supplier#000327180|mYjaeSNe,QGMb6LANwZChx1lhCn52DBhVfW
Supplier#000327209|MTgNRFQDL9lUw
Supplier#000327220|Kmf,gUHnpf29cvfp5kI7LPhQci0NrWjFADXH
Supplier#000327287|nHx1GHt5Stu4PWHbW0CfsyMzelZ6BkLzoMzmojDY
Supplier#000327404|qNPQBfmwU0HWHtYknH2388s
Supplier#000327426|76Mc XrTLk dIPLw62dxlZSy
Supplier#000327437|WXU4un Heqy6,p
Supplier#000327441|Bt0BWPpp3Vwq94iYCa4,h222vrSt e3J3va3DK9
Supplier#000327457|wqT8KWBRm5mkzuPu
Supplier#000327481|FqBdlxLuzBCNjyKHVcWqLH6YLpihFZ
Supplier#000327513|RLCR0nO948hF
Supplier#000327563|hmHaeQw74qbIVgK5ZED3VjEAE4OC3tLnh8yZ0O9
Supplier#000327576|quPFsnQrVL5cpz1DMJGQeFE
Supplier#000327633|upTvoX0Ajsm3otp2PinMdrtdsdBfFiC,
Supplier#000327704|IKSFoK1flyNwftRBjC
Supplier#000327864|VfSszuaKLL2IAMeX,g 
Supplier#000327899|Vx1X6ihIQXc4j3XWvJ
Supplier#000327910|DJKDfSzUdlsAP6QJ5jriyl1NZf
Supplier#000328081|LRvKEi6wmTihh7tq6g8wah,WmS4MzzT9LH
Supplier#000328116|E6S38W2IWIBGnNptRQDVGJJlWFkyy
Supplier#000328298|B8eXFF4LzHq6kAwplt1C0ArZKQZeXOhPi2fCPnrz
Supplier#000328368|7SzA7yrrHo5IpnWzNcvZWZGnO3uovhr
Supplier#000328420|HTMe RMseA,  
Supplier#000328439|AiJtCe0gCJ QBr5N8VOkTE
Supplier#000328511|mEjwCSqb7lf6
Supplier#000328529|T0KDgFdbiUx,HZjOoq
Supplier#000328532|VDc08u 8SGGluGrp1aHQNOLWuE
Supplier#000328571|Dk4xUN32RqXKGmzOVTVpYonU
Supplier#000328636|kgbq,,ND1Ouwy0
Supplier#000328683|Zfj9ult5usVHnGw6OgttvymBKgp
Supplier#000328724|B7YxaarhUqZiMeRL3HOwYJ9SAzv8tRLck
Supplier#000328789|Yfba6xA8gqoHLZ29ihAKwkLt 1CmX1j
Supplier#000328855|qRQN 2JxrzCkZOh1KkOCGV3an7
Supplier#000328862|tnxdGJijQGF4otVf
Supplier#000328898|y2lQ5pS9DSMMJRhUobRWWkOD
Supplier#000328917|y,ewEh8b1gW5Bh 5gsF8yv0x1fmk83YXmn
Supplier#000328952|uTky2UcQp4bf8yrB35xveFKRC
Supplier#000328953|IqIx4qAYtL,J
Supplier#000328972|bZqo9FaWiHTK
Supplier#000329069|LhIiChudLx014yWRtycJ5D8KuPPj2Hs
Supplier#000329343|rCVZB9L5jkyJxbxcw,5qzxsCrH
Supplier#000329352|AV8 SXQcxOZ5DOjPZOAqXXNQ,gLwn8k4rqmTa8V
Supplier#000329380|RzmVFFeuV1WPmo
Supplier#000329528|rsw5qGD6bsIFxWC3uk61N sEyga
Supplier#000329529|EmpXlIi7BCn
Supplier#000329563|AcGCq TL0Ev3jA7RaPJj6ga6GuE5Ju11cdpJqr
Supplier#000329635|2Zf,hxtCVTARSgEV,sWdDMgXSzGlpN8l
Supplier#000329675|4zRKtTAJt1yhoR
Supplier#000329747|idvuJJaml8Q3nLt3dIS6D
Supplier#000329754|D9nWrotvX1ka
Supplier#000329807|gGLspn FNf8ML82FELZaQ
Supplier#000329853|lotRrlAstVsyeYagVOPkTz2HTQPokQ5Mm3Y0
Supplier#000329875|xsB7 W 918ObWUAz8
Supplier#000329907|HYPsnlnLojZHV4aavQ
Supplier#000329972|5QLqBhX,cZodEG76BQimOozTH e2lSRVWWP
Supplier#000330205|AoDNskkdbPXSgmGU,eEz nGxxr
Supplier#000330276|xopc9GhOtm0u 4HPA,4 q1ynrI7u
Supplier#000330280|jYZMqeXhcXJTsWXKMNuw
Supplier#000330354|ApmkSLMm61VKu7
Supplier#000330383|8ghc0Zxv6mQag23
Supplier#000330521|2jML5LVVxag
Supplier#000330527|sk6AL8yuuu7ui lVAt
Supplier#000330597|5ZZcCTstH2nT7FETJuWPrtC3LtUsK5
Supplier#000330610|twglujnSxw1Z5itpMv
Supplier#000330619|zTPphscFel1
Supplier#000330806|V AegmpYIBfE7mK,,sMpGCzR9
Supplier#000330893|,MR3QY00C7vvTPieEiv
Supplier#000330919|SLoLoIC3SaqIIn0k4I jL14Sb,
Supplier#000330937|OOGsN,RHPa0FnLl2cj
Supplier#000330968|Q7cSv4FogmO
Supplier#000331062|62HEgxkoFO
Supplier#000331088|toXMJ31SCYFNMwJrcGOxe58k93Hem49adGEH
Supplier#000331157|hRNFsAu5fFBmuCvJiZjSesAbuRnilP
Supplier#000331252|Ajn1V,9kfXoP7RpnX9,jru
Supplier#000331372|ooaLn4P5RDEjDLkZnVDJbSGUUUpzIrjYyHnBNbg
Supplier#000331469|H71nSNu7CYAn tG78EUxxDfvDT1o2APxjPi0
Supplier#000331479|n3hMAdn8QHBK4CPOcJe1k w61RW
Supplier#000331534|eKcNJey3K0L8d95dULoPOEWfjhP
Supplier#000331545|JP63F0KYPlvi0080oPbU2qaCeB
Supplier#000331548|baLAifJW9T3lFyTySXpmpHp,T 7mPhUsos9Pc
Supplier#000331632| nWtDGZChbKuSp1e8BTKuOS S0VHV
Supplier#000331766|,qoEAlwlcm2lrz170JtZPCsrJ
Supplier#000331888|D IMkqDERaxjJJl6A32xQ7,UykLtKEezSJKag1
Supplier#000332066|BV4auKbRgDEK05wwRt64Cih9ZZWIrPLW
Supplier#000332089|I GuZ0vM4G5e3vN1 z6TrN6A16
Supplier#000332116|kVKSd3LR6GGQ0kllkbDVv85PcAoOK0NqUu
Supplier#000332131|YnWU3AlbnxIDeydBmvMnl,yw5OGy
Supplier#000332132|eVfVT0 1D86
Supplier#000332223|j9qK9ZEWV04k68P5eZMVmTya
Supplier#000332282|Wjhn9 S23ZE7bBhvY,M,9kEjzDcC6X5hyvH
Supplier#000332398|B4mpkIYeObl9HuWyw5rTTIv3h
Supplier#000332405|Csh11g1HcQBVWWmWXmOl5glg
Supplier#000332481|lhdHSLg1hVwxlyb Gc2BG53gb,N4rzM3D8rfIO
Supplier#000332523|x4IQqTEWed,8Ljc3G37nE9qlZhCn6DlL7zwiqz9
Supplier#000332608|s2l9mdMMOGdwIiF66xGnEW30Ajhw8OTRriZDD
Supplier#000332723|ML8VpJ5YiNDjBDfR6DzJ8GsUd6r,oEZi
Supplier#000332763|oOrPgy,cMUEEYaDOp,3n6ce
Supplier#000332771|,sG9Ygr6NTEPrQHGjst447LPfj5b6Bsbr8vEyn
Supplier#000332795|yPGiEQqIMEIBveYKIH
Supplier#000332800|Fjb,KLpmNS7T1p7QZMWYM8D2uUNiV3urLt
Supplier#000332881|KLR0P4JSHcU
Supplier#000332887|uDfCjW,8VBbD7hJlX5FhKf Z4g3swa1MnBcSg
Supplier#000332929|BzJDPzQ2qOctUuX7O
Supplier#000332987|lt8NrwGcba5NMJ2n1kjazdIJlCb,
Supplier#000333013|b 7Nvk,Dwypt7HEbvPq0ZWxd3
Supplier#000333028|jn4m8qc0kriMRZ
Supplier#000333052|uJfS6MfL2mvOTbI0DlNcDG
Supplier#000333149|P6UHCRfG8ZNBblo6
Supplier#000333168|MW2IQsDqt88vKX 5OjqbaV85F8GvBG2
Supplier#000333189|lSy9N5cIyDW4Z8Ny5ZAhe
Supplier#000333324|WliXSrDVPTLWchg2lrrlAA
Supplier#000333351|PcVt7qPRu,vjVd03Kga5P0KL9rDX9
Supplier#000333415|R H01osWUtHsnEnJgGcLD,NP
Supplier#000333510|ioSd8eE5aM6YaggqdJH6,IZqaudscO1Ck48S
Supplier#000333515|Fhglm7nbACbYwakNU
Supplier#000333600|mEweFLz8v84tw0DWg
Supplier#000333626|E8iYHDsoAhRE1SKO2jjrOj2JD13
Supplier#000333719|ZnaucMIoR4xAokB85x4O3q6bCVmx,jMW2hey
Supplier#000333842|CRPCujSKDH OvM0WIpn6JFDyGMDCA
Supplier#000333921|9SN8c6NH pxOjH
Supplier#000333930|GUFh0b5bpw 7THNnw75CB1
Supplier#000333981|dBCRbXPvoPKw6eduJ
Supplier#000333982|kDmVhlVLcOz6A0tg
Supplier#000334014|WjEU3nHFfn7QzkjjycdXOz2n
Supplier#000334032|aSGoSrhxBO2LAG8rD 6KOCNY
Supplier#000334039|7Hj42VvweUaC
Supplier#000334064|SVZrRVIiDJqOibn6tT
Supplier#000334076|AnpJag8Y7ugs06WHzVtBs3MXUnuWQ4mItlJb8JH
Supplier#000334093|20 pFVw3YuzrQAOTFkNku
Supplier#000334099|H3yb1DjNsW3 ,u4Klh6CgOvO
Supplier#000334194|,af03gEbgOCeYxuOr4mCwWuBkuSp46sLO J1
Supplier#000334219|Mi0wWlQYHhPZYxSkTUrUKZNXeI0QK
Supplier#000334456|6SUr,w7OSTUlRg5XKFJb27fsc9MW3bT5 4
Supplier#000334532|NxWSKpLzM8X3S
Supplier#000334573|Z41t3hRW5U
Supplier#000334595|P SZw4kzPt1tBAj
Supplier#000334626|IT xVUy t7LN4DBUzD2BvoDEYMH
Supplier#000334650|pt 3jKLureEtcGi0tVld53kEQwYMfP
Supplier#000334756|5FZ,CxipvisS9FNIZX4sreOEoK3
Supplier#000335024|8tRbX4oq9cLkxIWt0gaK8tBMHsTEElcFyQIL
Supplier#000335088|QyYS7ap33Uy
Supplier#000335142|Yatz88 z1nxpwypVm9FPNZr,CW71d
Supplier#000335319|RUGOow3yeI0y4h36JTXSapgjmgTVQqey6U5lj
Supplier#000335321|MWlXv6,0 v7ZSZFaQmsAkruKU3hk
Supplier#000335408|mOcg,Tk,hSgH2dlF2K
Supplier#000335438|rOCq3bWJa4F7MDuR
Supplier#000335483|cRY8twZtEtJW4,PsmuDwJilV aO
Supplier#000335508|qAlPhOHeg7Fgk4SiOx ehjuD
Supplier#000335642|SzdH8Lb0tiw9arZiK46eiRo6t
Supplier#000335735|CiGNrvQy6p6gaB5Rv6eDQEhcfSQWKwq
Supplier#000335790|9Ex2ZuRVg9,fPeV thW8
Supplier#000335914|PcJ vSAzw 8mFyx
Supplier#000335931|3ODb94AM6f8pV5XSWrEPfh4CI
Supplier#000335979|Vv0XW1LVBb
Supplier#000335991|roJwrjccPJ2GJIbFGyWl,8Og70 VAcf
Supplier#000335994|HCKcDHvsIFRH2m4eravTP
Supplier#000336015|xaPwcbOMyY
Supplier#000336060|Ei 150kpxu14gZjj8dH0pL
Supplier#000336065|hBI6tNNqLd6Z9cBqx
Supplier#000336153|Asig0uNasQkb9lTtxUsTcS,5Iy9Q52J0o89a
Supplier#000336206|o,cTKgjkrgaI9
Supplier#000336276|DgXZkQsJ2tinhPRQxRWoalHHdVd
Supplier#000336343|n3NlqM,ebemO7
Supplier#000336382|MpOMIbFLMMyhix2BUS5OocOqbL6QUFZW
Supplier#000336384|EjPEQtrfCTydN49KCWt7GOYj5wA8cZvKIy
Supplier#000336398|Hy48o1,KwKvVap1t
Supplier#000336401|2J OByrOKM
Supplier#000336428|2424lQdIUlX29hArwvuTJ,Tz
Supplier#000336434|0cOlhiPiQOI6twLEOaWqW7ZiDlBhTdZIBl
Supplier#000336457|YIfqIK4Fl7qu,r8z86VJhXIw
Supplier#000336483|hV sr4TYwIxXcpHUlCmeU5 Q
Supplier#000336571|AfD8Bv8i0 ubMp6PUR1pKR6
Supplier#000336685|ny9x,25ufqM2VzksQDvxvdDsWgWF3rZqHYwPc
Supplier#000336696|J9Uzs23 QlrDkdAcg0AdTnpALdgaFHXqyFOhEfQC
Supplier#000336756|CcLjNHUZlxDfsUjBO7Dh1xX
Supplier#000336844|BmxpOkWO5Oqzq7WyO5eoPgsmsg
Supplier#000336893|XiDa1F93seWer,CqOD81
Supplier#000336974|6o44U8ZgprNrES7kPXxBXWcFt
Supplier#000337089|kjhkBwPAblFCXTmhNgS
Supplier#000337118|PSgPHmhLVgx4nqQ6tww
Supplier#000337197|q viY,ufw3iRf28aZQf6CYjBFSw
Supplier#000337218|Q2CgMMalY0e5V1FuNKWqXkG20ml50,n2D
Supplier#000337226|xyfrCpiJdzcDu
Supplier#000337255|ApKR002 pCyr85FLgQDEo,0WxWU11h
Supplier#000337296|TS4717iGgEkVtmqYcW82hD4OQ8LC4S Nezuk7,0
Supplier#000337351|G0otCSEncjBe
Supplier#000337352|w9srLgf0YQ9u 9CxqB82U
Supplier#000337627|qwziup3gFqlaCtd8E
Supplier#000337641|gVsGkAz1Quc2zGRdajYAdzpN49JCjfBp4 EQoq,
Supplier#000337647|9ZBh9eY6hKV1PUQl
Supplier#000337712|KGy18wd7WcJADy
Supplier#000337720|dN4UN2prnFRK9qJxBLQlDdhJow
Supplier#000337924|jQmL0yb2XqpZuwbfDeB,lVCbgpW2usmpUimR
Supplier#000337997|mGzykX187,LMPdDa0Nu66c5tY9ODYvtWaAOdz2p
Supplier#000338090|zmyac,md3z0,dEvDmq
Supplier#000338121|vA69xiIqwtdbD5H5qlUUe7M ,GHutg
Supplier#000338168|cDEZqnrSAVW
Supplier#000338199|1,0A,tryAhaVj
Supplier#000338233|slNrVFwr,mau
Supplier#000338255|4LJ1eW3esDl7ALahGzyr NQ6gHEKnP
Supplier#000338330|hgF0JaTioKI 
Supplier#000338399|nHMUZu6RDRNpqnwhlAm
Supplier#000338636|RI7Qf6tmY6lqJjprM21bLXZZZbv35ejrIm
Supplier#000338668|XVvURBcHIQL
Supplier#000338867|wbpHnPIp8bf6cpbWtQS3jN
Supplier#000338879|itYHboOg,bWT
Supplier#000338921|tdgH533WkDho
Supplier#000338954|BYcmkCH1BiklB709P
Supplier#000338978|j,M,d0LzwDwsfcZOj5H0cPfBT9Hh34cMqqTLRF
Supplier#000339066|OcUXDOQehf70ggRZmaqAfYk
Supplier#000339072|QEx KjTH1xK2ML5bd3v9 gP2UocCEiiivOIEfU
Supplier#000339125|OoZLAY,ufw2GGl2ro
Supplier#000339153|fGRCI97h7Yh3Du,0xKC3Q7,JU9vu2y1S2k
Supplier#000339199|3Dv MfedIBY
Supplier#000339288|1MxBQ, cIov8125C8nSkixksmqAHgC6siHh
Supplier#000339290|CbsP,qJHk MMbISzBSKVgzENL vCY4xFd
Supplier#000339303|zzelVILoxsELs
Supplier#000339325|GHtlSsZYEAJ
Supplier#000339362|spcGe vD4Mk8TASXFeSW5FII 5f4MwGBgfQ
Supplier#000339385|ikdg4p87pXRlHvBiwpQc0JFXq,QkRMnmHrM9kzrv
Supplier#000339497|229PQl6PKfPhDql2kq744rZeR7wNFmbRaPZZXlc
Supplier#000339636|sJG8TXFKiL3fN aWG942UjGbgEWNqFqs9Q
Supplier#000339675|DU62XXG4yd2NHXJX44k6e
Supplier#000339911|XjD rQBamLc8qWczuqa5kY7KMXMQieiq9E
Supplier#000339987|VX5FrOoX0b59gN W
Supplier#000339993|D8zFQbGILTS6 F0Aj3LEVG9P9ctCru9NumB
Supplier#000340011|ZBsRCXJVibsyVYkNeDnfI8066DFGditg56
Supplier#000340034|Xyhzd4jHkFZi1Yv3mrvh7bS
Supplier#000340077|p89gFDLUdQYZdWlSJdlNbea9xqGerHpdBGyNw3,
Supplier#000340241|jq5LitjUshT1wc
Supplier#000340249|Wm2PV1ifnSBK1JSTfSbo9BBpj,
Supplier#000340261|optmvFFM13dWPp7PuApf,5Y18 LHi
Supplier#000340301|CyWqFd0W96YrJ
Supplier#000340452|z8O4xAs6gOquVc98a3gumNkI8GVH
Supplier#000340546|4CCGWA23KWPUp70l
Supplier#000340589|v3KWeftV1EJrguQ9PsIsNrYEzlI94w,wr
Supplier#000340647|rxbBgVkNrqZVcYRfthc2mfiX 
Supplier#000340651|ADRROEOp5aoA6Xg5x, n8l6 O4bjVcDuX0ySsd
Supplier#000340691|NhDtmY8iXZI5G,8AW c981
Supplier#000340749|AdMPaa,wCC
Supplier#000340833|n2k622CQS7M7pvo
Supplier#000340865|Bk3dg7AjzjNN
Supplier#000340880|lsu9wtdwposEGphalblKViwiy6Y1vE
Supplier#000340944|Z8U1Bdpv4Wxnhgoh
Supplier#000341025|FSP3nCy2MI47ciEyUf
Supplier#000341046|SDDNanm0eSIsIYZ0DaF,0kccqsZmQS1n
Supplier#000341086|auGLAhuWCihA7OOlVacQDar5f2F1xpZw1
Supplier#000341135|VKp8HB,Nxi OmmEu4ZZIlY6uOOTgQCd L
Supplier#000341165|Oi fcBx04cCnPALS
Supplier#000341180|u8OQ3 ,L6Auc1Hj5XIIcyoTVUYTKHl61ikq3Zp
Supplier#000341242|ADkrA2mG7FmVA76nITPOLmdo5HrdrolGu hgQ0P
Supplier#000341322|EEmBgsEd68o5WEnSe,q2cflj
Supplier#000341365|ZaRl9mHR48GiQ
Supplier#000341418|3bXKB2dTySAOzlDI5WIQ2kkTJONlu
Supplier#000341512|9L1 j1I58qWjKh22Ekv0D6vAxGL1bWkyk
Supplier#000341542|YVNHj,akLoTlf1TMkUzd5ATydzsfT3HHdwBdvfIl
Supplier#000341718|GZ9XJdGDwSxhEprJyOAG
Supplier#000341795|YgZbMN lc,Q4JQ0rQMm
Supplier#000341832|wCJ4JKv6Jr
Supplier#000341842|HykTvWewq,tzH693 guYFaFflA0ha3KSHTXYdu
Supplier#000341854|kYCBhIHi7RR5n,P1eY8GPYF4YHseKl7geW 
Supplier#000341895|l7Hz9ODPlWyv5Nv
Supplier#000341976|NM6ooTHSryvED05 fyN
Supplier#000341998|QUBjFwtpd3vZdpOKxhAz30Kth4MM
Supplier#000342066|YSHTckbogZkF0YZL
Supplier#000342142|ktuk91,xaw0rDy
Supplier#000342143|QJMvxJx,XvjQJeaZuFHynHC8,gaNKLad
Supplier#000342200|D9i0,2yruzI05gch,Uji
Supplier#000342231|AsMG3PX56sKJx44pVOQ0FUDjO 
Supplier#000342328|Zi3Y3BsDHloDGMWF
Supplier#000342414|CAo12CAVvUsnFiHleJOopsOKR
Supplier#000342528|lTQZvPdoSKiJgTSk
Supplier#000342704| ohyTl373LNrTL0
Supplier#000342728|l4GQqhnV05
Supplier#000342777|xsXaeAPw7sXmeXTNkCufWN0ELt4XfymrNC7s
Supplier#000342789|4gflo4U1oM9DIotb95R4mJE0mhY7d5K2D UuS
Supplier#000342852|4WKU RvZnUlgst7w30C4Fel,tQMVvyulL4
Supplier#000342950|UfTBtcWjYcjwoWTMb7wNb
Supplier#000342997|9lb4aR,qWeXlLJmBC
Supplier#000343201|ElWFvG,J42SNehEAnb4HFcs5YkwYKv2yK0HVef2
Supplier#000343233|a5J2328aj,O3380K,lr1
Supplier#000343289|bnQFcqwmz4Ae
Supplier#000343330|LhhelcU8rm1EwXLKBN
Supplier#000343367|rSLjN4PC5 cdoq0 4GaftySPWPxR Ta
Supplier#000343562|qZvhxPuXzVfrYvQjCTWrB mgbYaynOYWCeEtxLp
Supplier#000343675|6OOPi,fIeFrUYcXGpNiMK9M
Supplier#000343700|d4NQe5dHJdCMqqwZS
Supplier#000343732|3ErZRl0Tc5Seq
Supplier#000343769|bb,eaq7dLAI3h4m65wrV
Supplier#000343795|X7,fVMhY9X,i4Wq2
Supplier#000343937|n3DfBco9vh
Supplier#000343941|0NXqoPcIfdh0XBncqBnNnE
Supplier#000343945|a1O6uhwM,akwcxMv
Supplier#000343949|zCzzMIVAuLisoSMGqDO6TsNVw4OUmJYSd 0K
Supplier#000343985|uczl6Hwrd5V6xO9SRoWSFhHXcS3f
Supplier#000344014|iKXwin,wJar0rpYPE93v6j2sPEMxvJMuL
Supplier#000344033|rvA,EkZteU0Akx6NEXyofQ
Supplier#000344084|wQqmU llxJNU
Supplier#000344093|yESMfOXUcMrja6PKWKW
Supplier#000344128|5XEEhZAu4igr1ZlyLpDimgk4LrtdzY8
Supplier#000344156|L,ruEK ,9T y7m8tB1mD9poZKCEMSB
Supplier#000344187|FK4ZphIWfXG
Supplier#000344331|zB8IxcO1JjbRAqsqRM8
Supplier#000344382|BFWcLL0J8khz5GYiYIZYQY
Supplier#000344412|cUzYYQRXsMtVxME5DX0ewi,L
Supplier#000344416|6kbLPip7GnfOZyW1v0qvsUdQB
Supplier#000344431|jPwCwdE4rDgxtw
Supplier#000344615|t24wqsYs4qgR8h7nKsFA,aoxJy2Hi,iIcG4Yk3mH
Supplier#000344631|o0W35JAtX8Nuo
Supplier#000344632|uVwb3dsmL4ow6lQKDvvTg,1ImKF5AbOIlOT1qGbN
Supplier#000344740|dxLHjKZrUeV3R
Supplier#000344771|GeQmP1ztPnc9lWhvcsIOH7i7ydOtCBzz
Supplier#000344813|di9J8ev78eVGjBQ1SJWuuwJeoIkfn3JQ1U
Supplier#000345016|aKiCbkXpEWhv
Supplier#000345049|T0xR6UXFnm24pgyUDJAZRdPVAqFuB
Supplier#000345058|2gVQ6F44kSuswUQ QjSgfwl
Supplier#000345068|9BQcrHRKe8q
Supplier#000345120|UYopF7kyGMUse0w6W3jrnpiGFiW0Hdt9c
Supplier#000345127|Y5iLOLUmvcA2mSZWXXXS9mwFC zlkbSmHD
Supplier#000345187| 98Kbru355h8BjNhc42T1PLqB8ZF8Z4zwcnrokS
Supplier#000345362|2oxwtuJHs7ZgrA1s61rbUOYYzf45OA6
Supplier#000345375|SU5p62xptCAuJnp0PsJAONog9MZ1vJXh91ncc2HI
Supplier#000345415|UQLsy7fnuKol0De2EEKGnvjwJ8
Supplier#000345427|eSTZT9KH6bZSdec gztEqHfm
Supplier#000345489|s5E8q5GftjG
Supplier#000345497|O9W k0n8FH1mdUGnSfvXPMi,M
Supplier#000345498|rQ85D5h2jtSLhTMgrO0NLBR0M
Supplier#000345519|3i9WRVWv2B67HgqXCSKkyxlTBULlsk5Hmnu
Supplier#000345539|oNwbKPmafTMxHDlYOl5NlTWyozZ
Supplier#000345580|Zsmdsnkg3RkcgNg1P
Supplier#000345663|vKxVaH5UNfC
Supplier#000345784|c,jEf75Q,E84gcUW2Ge0Qd8adHIzOuJUMCQs
Supplier#000346099|XvPdGWqJlVmLvhvhu
Supplier#000346161|N1bSypNYL6PdVM Rq0KJvS8nVlyypigrzXL  6W
Supplier#000346174|u1NnPslvhhV8OW711 ND0Z5gR
Supplier#000346256|0VZwRz2MCf5ii,jM48qgWVnZ
Supplier#000346270|KEw W HKVLI,s3jVypOK8ctUyT9ow
Supplier#000346334|vU4sT5Ehala8UuYXPcHWrHvsk7d
Supplier#000346360|Tg6dGuSTCX4tH6fQt04CRimmdHSFTCmi52jaOiV
Supplier#000346382|DIZdML1YfecZkz,6YkomitRBelU,B
Supplier#000346415|piD,K6,NHJbtm1RX
Supplier#000346452|nab61Fp9tXltLfax7 ZKgaMZmjoSvY9tb8W
Supplier#000346490|VLcZB0sZ9ohNEGzZgcFs,YT
Supplier#000346498|uc4nBHAAeOkD9MWdgSnDtl,JiPlpVMvFHk
Supplier#000346605|ogMRePE11h0O7p 49ve1FT2k36xF15GQm4TErB9
Supplier#000346675|vbfYCA8gt2,FTSfFzu3tVy dXiy8
Supplier#000346699|DOSBFcuj96DFqo
Supplier#000346712|w6cvuLTYygVz0FePGhUUSk6jLknfyCIf
Supplier#000346753|W0mtt6,a05D7Y4
Supplier#000346755|NM 2X3Ra88drQnpHzUe2OQ6Im4
Supplier#000346803|r56jqP RycQBUEk5c0n7zYvNEu1pCc 0dsXmzcsi
Supplier#000346851|tyoVF7,X1azovR66qAGfeSzHZSVUYCegfQMbHET
Supplier#000346886|3uaI7mNmoAwQW7vLvrNs1JIi,S3d bYPJxg
Supplier#000346911|yjV7acntwzSlOZwUuL
Supplier#000347007|2tum1pPlnQ8TJy4B,g4YRaFaGSX28X
Supplier#000347169|HNYHiAw6nuzf
Supplier#000347373|UxptJLrirF0JP5 s5pnQgByXhhlE
Supplier#000347388|cqf1LfxzQlmgE2zI2
Supplier#000347421|jp5iva6O66lQjkzFvm FlvgfLawgORffHNeU
Supplier#000347444|zUITXYfztitWJje
Supplier#000347630|vudoHmOYV9a NWr7POrN9WR3AWYxco0X8H2Wy0vl
Supplier#000347777|73JsTugL0ZdNP0TzzGAwBT0h7uba
Supplier#000347853|cA81ywMqPn5TWy6TK
Supplier#000347926|INxF3Eb8gli CkZyKDyoMToUKQFyR77hra4
Supplier#000348000|SRVVk9drRXJHlyTKkiL1E
Supplier#000348017|,x1Elwg2h8SdSCMJ5mlr
Supplier#000348057|HZf ZAelwxH
Supplier#000348067|dyYxTCPwBu
Supplier#000348125|AWZ9qVzeIO8WRaF65wt
Supplier#000348413|2CVggjsufa,fl3BaPn1QAn1lWGDkqd
Supplier#000348476|R17 MjJPM1X,
Supplier#000348503|l1ZUSUtceo8iXGSQxWzPyaJ
Supplier#000348518|AlSpZZw1jV6JTNp,ndd2kvhOqTLPQeit
Supplier#000348569|nRXTVf4AO1z,TagduRXrZt
Supplier#000348583|kN6Ohq35W3BA,Gf3W
Supplier#000348585|eOruSLcAmpFZO2UlUawhqqj
Supplier#000348601|y S4Ph4qtFTsjDgEh0c8vOms8WvDDeomj
Supplier#000348752|2K85VNBPTq25MZ,TcuaXh
Supplier#000348780|u7875uuv i5WT5IhSxCAXnQIKSDurI8q
Supplier#000348810|0KpYe612Mub7F8ufk0GOzi,vyPDuAZvEIg ,
Supplier#000348856|K7QkaemZ9 qYWjS2AVBkUjfxSmcLWUFlS
Supplier#000349018|Q5oZJ4WvDZEkfnYiiO
Supplier#000349043|IvKDQS9Hguj5gWLFxuXnranPambLJXISNIpUW0a
Supplier#000349128|DhbhOY1,CzZ,oppiw3Pq
Supplier#000349141|v,vJrboljgSeYi5Nh5eQ48Zb5vmOCa5Rhuq4e
Supplier#000349209|PFSFgBsa1FMeounrfaIFuclsUy9W1,sV1ki2Jl2a
Supplier#000349264|8ODJRSB9sh0mVuSf5AGm5
Supplier#000349440|d4,P28M tDiTtyJarBktFkyRcnQqK5wOLKCs
Supplier#000349490|15Jec6szBIW5B CyjqfWZWZ4cYDN
Supplier#000349513|ehhcemd,aTnX8td1hvnv
Supplier#000349555|Xa3HOkUHPPYoXUWNNXxIi,TzJUDK
Supplier#000349592|uVPIffU ybezJ6A4SvF9F8MkSOWnOJOFniQ
Supplier#000349594|mWNiUmYWWRP9FZQ9yRKpInXpASOOX,rLS9VaO
Supplier#000349610|6HV61lndu,r7C7mfFaMDcmmB7jNoRC2F,BWe
Supplier#000349693|8hFYvaaRBUHSyo8qeaIAV
Supplier#000349773|J6LB5fyNy37lV4A2F
Supplier#000349825|4HXiwqdm,f31nx4P0izkgWffYN
Supplier#000349868|vrSUqOthbiMq ne3kKsfWTQc4ijQr8GBma
Supplier#000349935|ziZlgg0QoVguk7e7igh 5L0bKebfNPyNaK
Supplier#000349948|,gqxaHywTbBy
Supplier#000350029|,p5Qq9zEuF2x8MmE,oO02zHDSM
Supplier#000350132|tFXQakQHdtQfzTTqlfLakJVa234k31pGJ9dC
Supplier#000350147|ksfuPfIhEMIwYDeSwj
Supplier#000350272|oPsEUBYYeP2JUM6ym
Supplier#000350285|Z1TSBX9arretP7UrU wPU9zUm70SZyKNXtErBJ7
Supplier#000350289|F0lgArrsYyTj PQg2vG,OO5
Supplier#000350346|KLYUeDu5aom5F 0,etCqpN6JKRxqTPOhGZak
Supplier#000350373|hKoI9GBwWI91bKBnGlRIvXFRoitJ
Supplier#000350375|GHjoufbSs1QfAt2LArwBFDjIeb5m,ryZ ,n
Supplier#000350403|TAD1ylkKarfb2gx4hjGUbxzgqZZov
Supplier#000350406|4L7IHS2ueYyLZOyzMSA0XoLppoAzNVXRGu
Supplier#000350424|CW,AdnnYSQX0,jVV0f9mbBO
Supplier#000350452|AVKpfzzXQN2uoMPc8RgkBIuRjiTjW
Supplier#000350498|VchU9m ikuk85oy7X6Gx3
Supplier#000350569|0yvCE60p92tAz4L020tXr3bOzC
Supplier#000350628|CGPB9bvBkNFA370eNh,X4MondgBT
Supplier#000350711|tH5,V6BqLdi76oA
Supplier#000350744|lCWH0ERgrnsNUBTV7HhLNHdqQLDF3SC
Supplier#000350832|UL3UZu6sbV3x 0ibUuQj7tR32Umih13i
Supplier#000350949|DA0ujJclHIbrXNk5d2
Supplier#000350975|X6uTxNTJFPWSZZ1KCdM2JBUK9KaA0
Supplier#000351040|9m,JUl5dYyeiMRRu4A8EoOSZbV
Supplier#000351041|RejA5Mbrt6xSFdpfDl
Supplier#000351045|z7JJWAK,gFFI j
Supplier#000351107|v0IW0wboDZIYOAtyFdMPoH
Supplier#000351120| qwjXnsvABTCf ,gyL
Supplier#000351142|wF5d5AYnaLLrEqPw2RR1Iu6EE dD DAQZ
Supplier#000351291|7MwMy0BYjTfV5k2BVYrF
Supplier#000351320|6CYoLlQyrGCOxoeGtPlbbrq4fl1kSfLbAF6l
Supplier#000351322|3xYdKqTLlW,
Supplier#000351354|pZDn3Rqm9QE4zuFQZmcXw8dCh2EKEe,BZtP
Supplier#000351377|kMwGrGLPF,yGp57YTPqr8gnSx4CaWhCEkv8Ue
Supplier#000351413|ozvkvAL1FZO1XOebjVoE1X
Supplier#000351434|yCubzBmulrX9Zl QNyQ5Z4g4L6l8qHuNq12
Supplier#000351461|BtU210A80wn
Supplier#000351599|,cS7Fx7NMRUkhwb3p3B7PGy4qAj
Supplier#000351609|k9hJUkm oABCuMm
Supplier#000351624|FS2Jc6ayOfv75fBKAI82JqeXYPxaJiO1Pe
Supplier#000351649|T6HZG4O0MrOhu
Supplier#000351682|F ASQxUVGoaQiTQ2Y2piFVCmK96qcu9w1pcjJ
Supplier#000351718|O7sPoIh25OCyPoKHdHdv qYl4gB6OyzPz9q
Supplier#000351797|WrAppMj6RdZ
Supplier#000351839|kuM3yMoeQcU
Supplier#000351892|QDg265XdvWwTp53fr0g03V
Supplier#000351893|r7HHDFjgQK8mnda
Supplier#000351894|ipcrYpY0kLLcS7os,OLTe3oAqN4Ped1WfdI
Supplier#000351945|pz8Aam92EtDBwN2whWfuYxImDGEJe X
Supplier#000351979|VfTlFComBnUmn0opYTQ7JU
Supplier#000352059|SuBeluyJrIUarqcVk7lKRA0ShgEgX4BKZ
Supplier#000352095|3drHVE0YrDFuN
Supplier#000352126|99pp3SqGp1NtmpZcNBqOdg3,f7wgKRhWvmPul4
Supplier#000352136|wZ1XVPS1GFXcCT9zMPZMhZXkER
Supplier#000352187|dSfZveQDSj0lJ3TqvaWpKmX,
Supplier#000352288|PUc1m LwzlSBKKwqQ4,p Ixe3Y80Sr21J
Supplier#000352317|b8Ci87bfxfPSHnxzRM8nwdFr2cgYEIH
Supplier#000352361|vZLZ0CYBKytdVw4lYumuMgVryeS7xfMmNn3vx
Supplier#000352393|NjOMUqvdp5CHLAviOhnQRyK3PrVBV2Q7P0Im8OSL
Supplier#000352412|mxA,09nlmVU
Supplier#000352438|slspnMo0wqXuB5bIJ2YGj2RnGhx
Supplier#000352452|VRR9,kPaAQx
Supplier#000352513|xf3qhy3u9ggLI
Supplier#000352576|J5UmX GcFvBT2D2g5qdylHlXJPrG Ci,
Supplier#000352632|gPOJdkGqE,ug sl,uvQ0PL,uvH
Supplier#000352724|SpyusEMOsnONKwez93CUeU,GYO6boIAhzc
Supplier#000352739|Zg,Ya,s,Ls7sjC5vVT
Supplier#000352840|LfEIeQtzFP3N
Supplier#000352871|zJ8 ,sDSKFuArV0SCayLvUBjsGN0cxHSSzp
Supplier#000352890|wikV9yy4BMbM7N4e60m6
Supplier#000352901|079JwydaqQH2AKD
Supplier#000352939|MiLL1b2eqFrFrrbjEtYg5s
Supplier#000352968|kZ5pOlsJK29hfd3uiq 
Supplier#000352969|qKaK9eyzI1LaIeyT2vS3M4FUvIq6
Supplier#000353012|H5WkXiuiEqmXcNgfhS K
Supplier#000353112|,H4wI9GZN1T8MDNqbf0L2TWheeKQ28Ki1JxxRt
Supplier#000353122|VTxdJSyBZyGq9XALsVcmdDg9pVqFIefg
Supplier#000353159|pguVED vvVNQ8s Dxwlp40tgvZjTKp0
Supplier#000353176| 235y ZkxrOhRbdQ,UqyDVCP7QCguciy7vuew
Supplier#000353225|mnrGtH8cvSn9YGv
Supplier#000353254|sr37MxSplO8x1XUtKxN1KALVWih5J3
Supplier#000353318|DdWtLxzRD2eMBeRv,6CQAg9tMJ6wFsfe1lt1Z,OV
Supplier#000353372|AOyKQx mtoH1ci4kfdk4sfHwmYH82zt8iW5fYA
Supplier#000353379|DBCQTH3gO8ABRYase9eUadJoM8v
Supplier#000353386|P3ky2jbM115B9pSppJBIwedykl
Supplier#000353449|TvNxB OdkOWovQ1rJ766FYIm
Supplier#000353477|I4JfIEricW8yoXnIgDeNTUS
Supplier#000353509|fbPIqm0KwQUW2oCe3YFr07n6
Supplier#000353519|dieN9pxa5 ZN5e8328
Supplier#000353604|7mA7VVTewthYZAWlNaTODc ozGxJ98DLa
Supplier#000353613|ahTxwflu,wejnRX5WSwD FTYgtOKGGHnJ
Supplier#000353692|ZN3FM4nWasDeyFUptJ2hBH RynOUuEQJttN
Supplier#000353836|eZzb7Fm jIg9UKI0wE7X3oizXtMBJ
Supplier#000354031|WOIkWn1uaYdURh8CiBB
Supplier#000354042|6gIJN9UqI7IOfMDuWfJsCS6pQI9Oqk1KSJ9i0qJ
Supplier#000354056|HmmxViJtQbFaxg5NvMQPiEeplhrSk
Supplier#000354103|nCFbxv63 ZYOrFHdIAIW
Supplier#000354147|dVBaeH5YK3dFujBe7so5ZMCZkyT
Supplier#000354164|xws,DC7snIfEfpBCIkrKMVksLYUjUuYVkq
Supplier#000354185|eQNbgsdPh9O3OAAVfE3EZld5XL44OWldUN
Supplier#000354225|1mNpGnRNO0ogvJxxg4iSfTcsE
Supplier#000354306|HkYhQQo3,ZW0GiwC1Xt7vM6Z6UeG veoiloR
Supplier#000354307|CgXqWoDI6wdQ4U2gDGzq
Supplier#000354389|o6rpmZKzrJLu997jnBo
Supplier#000354432|HztYFFc6tNwaz6Sg7qXoDF I
Supplier#000354438|Kjlxjp0LymcgQH,qW
Supplier#000354439|hYN8xLTOYcgpT4XqIHQATd5LTYqX
Supplier#000354589|vWYVaIpct3VTIzCdlVCkXKk7YmH
Supplier#000354666|DA8DW7veCD,O8dlBda5Imf
Supplier#000354674|y2LDBpSAvnQKMgEFo6TPu
Supplier#000354691|lRr I,undW D9iOSGVvzLVgHi0OLeBQcuLJWeV
Supplier#000354720|ANWR,hivfOUgOwDgQlRY3Qgv9HOmXLW8v9VYMvg
Supplier#000354778|8YtYnKIt5fjIj
Supplier#000354836|4tX7IrrMk1 
Supplier#000355057|m7Bo8kLg1OhRXmgk5b5W7YvxbkaAe
Supplier#000355153|Y58jQWXgNMw9H17kVJLc5MhKhR
Supplier#000355224|gd2tWsrAJ5er4CcOc4WCHOWb8k
Supplier#000355226|BabpNgAa3MNFUfRbpfM99An1y,wpnlWDzIOL4fF0
Supplier#000355268|EQhvEPOs5lm1Cga
Supplier#000355296|YZOkS5LmvVtyEf0ACiAdPVjXW4
Supplier#000355310|4O4xwzrVNdltmeQIvKGbOOF5ciD4I Gj
Supplier#000355387|yOPwHLY7bwF3Bo9zq8NpWeN,WLvHwGW835n
Supplier#000355399|GDL0jVn7 Hvomc0HJO9GLRBKsDGL
Supplier#000355446|6vAhiz,4b8OdaclgPGeHdIAk4cOYUV 6bkcV
Supplier#000355455|aBzSS7TR uIM77xLtablpg9EBexJYZ7
Supplier#000355536|14s51yxwcWTt5MhZV iMC
Supplier#000355571|WK6GKudiUwbZ
Supplier#000355718|bbz,jrr9JlJTZI9G8v
Supplier#000355784|k4zpRc9,7KIb5nqV
Supplier#000355975|OTraJvPvxRtAfGmUdO9Rzv4E7qEPq
Supplier#000356119|CQUYRXZFvVZK
Supplier#000356129|UOdyrWNPoRfgDgMVPZV5dPQ84P3
Supplier#000356168|2MnNUvSc,qF
Supplier#000356227|hDxNBmhitujw5EsKhx EDvSuQOG
Supplier#000356237|L1HCoujZqu6
Supplier#000356391|E3jw5,bvH 5i1NuBnKJx4ZrpUBW407e3Xe
Supplier#000356394|89b 76w7FH,vXnDDALgDoSA792fKDDjB
Supplier#000356550|DOY0I8zYBo4UhIvc7vQGYRnYFIu
Supplier#000356606|osv5b5Ri4fnOOLLtVMOxKnHT 10cc  dnzX uD F
Supplier#000356634|yvhksedHYfHM,zhgSd14pc vrmJLpZQc
Supplier#000356722|B,lUdoIIZdIfzlgEgKqb7jULqT68nu8n4ibr6hS
Supplier#000356822|zYjKS5u5zE,4tMXNQ7bvQmUSxcSmStiFQkP25
Supplier#000356984|wlmulYG WkP7hv
Supplier#000357116|Bj19vspYQUsWye9I5ARa6XT53pbEG,BhJaut9bZh
Supplier#000357131|V6xE4iHoQNFciCxhGTrjEuB00
Supplier#000357242|jP3aUgooL0Ic4ix7WwcfR3,pvKj7,w1seou
Supplier#000357245|ZYOHPCdm3 80dZFK9r8Qm,oiS
Supplier#000357279|YDlYbq0PYoMrl gz,HTQAGzKYWX83
Supplier#000357536|pvQBRZa6EgDZDjoYDkJdJ0bJ,uKEdRVn
Supplier#000357548|k,l9xBqyIstAND
Supplier#000357573|8e H4etSrjODm0WRuOTprAAnkET2fZ4gBZw
Supplier#000357584|5  HLFYYQ8sK8zkW8wcngF5ck NmyNlLSes8e
Supplier#000357591|PgZaxt8L 8F2TrGqU0qAj yxi,oBXAEfD5dz
Supplier#000357594|WBcxgfGYQYJG nBt8kyT4AQkWzLl2tC
Supplier#000357599|Xleq544vHEo5xhxBy97,2 pqJ9A4
Supplier#000357751|sLxhOYJRS,Wk 6AunKIv35WM ,uEhNfm7ATWI
Supplier#000357818|iEZbSUzaLFaymAeq7w
Supplier#000357921|ZnCr9yC31ONO,sqs2R
Supplier#000358092|ROaE7,NLlcqkr1CC4bICDD R7cIBec70zmfa7J1F
Supplier#000358113|2wsk2HJt87RHbS,llGxPYyGVSBLC1jUJ8LeIlg
Supplier#000358116|7mnQCHmJ5K8q7g8xTr90PriUIgc3ovxS2J 930O
Supplier#000358131|BzgjyfjNwK1
Supplier#000358252|mU7g c4x96lMeaIRnUHpmnzetM74Eo84iU7uq
Supplier#000358272|YA99tGJcRd1PL8
Supplier#000358274| NzbhADKzN,L8N8PWOrBXstzhiMobSAoOlfrQSD
Supplier#000358304|af,VgxFzPNNxK18mrcD19GsnyHb4G
Supplier#000358463|W6Czo2v9OK
Supplier#000358561|,Wa0k83dTThrKFKS
Supplier#000358570|iE599r5qEM1o51MAczFjjFT0bAOC
Supplier#000358651|CmtoUUaq46U7
Supplier#000358982|UuS7y9aeW,2Z63pkK
Supplier#000359028|2aZn,EeV3L,coLiA
Supplier#000359138|x8YamjX5Xmmds
Supplier#000359255|5896frM 6mdgGyoGMDcV04a
Supplier#000359386|xEvXrRbcrGp SsMp3Q4k80c80R
Supplier#000359437| 95Cn5VgUnM 27,
Supplier#000359457|odsSTH7VgC51Te9pkv
Supplier#000359650|ViNckvz1HE8PccDKH9Urht,
Supplier#000359728|VeuVkY8rp73naBAGuEF8oUMNSOX
Supplier#000359747|w1mitiOylXtP8BY
Supplier#000359788|XPI8rXHCVdPp8gtqvMeS fHB8,1CHDB
Supplier#000359814|YVgMtEvBiPZKZ
Supplier#000359831|kw0QDmMynTLT
Supplier#000360078|Sd,s56Gct,zO8Gc23nlkEDrnQTdbqsPwA
Supplier#000360143|o69a98oCr6uzH1ZXjkrKhcYNJMttz74
Supplier#000360205|tieX5 6eca
Supplier#000360292|aMpp2JVUYsSVCP478gvnaj0
Supplier#000360309|USO2bOEm4fpD
Supplier#000360313|sIxdWX6xfthKz,lT,d2BSl0FgpYF,6iWtFV
Supplier#000360356|y9BExaZdxN9lWrMkdF
Supplier#000360397|6H2I3Fs5tE3DA1lngP,jLINOrIa
Supplier#000360415|MzDrZFl8Tak
Supplier#000360429|g6lTS63sHEVJKUkDA3B8J
Supplier#000360495|rusaU8ORWAq4GO9Gog
Supplier#000360506|c3LPP6FiR8
Supplier#000360523|Lcyd8Ou0gqElmJxA0aHijkqT9gn47YyxOab
Supplier#000360560|OUVVtbVu2sD
Supplier#000360615|WI6oWbk3cSl,zVYes91u
Supplier#000360641|rjj6zSoeSb DwzjtCTeiNi,Q20br0LccAv,iy
Supplier#000360773|IkqcJUgNkYgzMrtRSuMDYioyqk4oq
Supplier#000360814|G0j1Rs4jCesHJ0NognBtL4aA5qx
Supplier#000360821| Zr,w1t7cOlnkUNWLUiF8Br,95gSCLdJ
Supplier#000360859|ehzTYUGXQdRu
Supplier#000360909|dHx1ThRsRoLmGh3
Supplier#000361101|5uLfBeZE1PGNfQuSN06MECEVxZZA7M
Supplier#000361156|WVDkSS676dNEmP,O5PDdMHs7pN H1OSGJw2oV
Supplier#000361224|1XT42hDk4i8Fo5I5Ptex
Supplier#000361301|l,PbcwUw8RYF
Supplier#000361310|c6XVynVUWz9M9A8O06DkOPS2IUi7idHeLU
Supplier#000361461|CZ3u9U3IBQroo37lyMS8p4FMJVtBuNk
Supplier#000361486|H3vShTQYX1
Supplier#000361520|tcr1imQxcPdc,86WKpaysJPKpBHd,t5BRA38K7 9
Supplier#000361522|7na3QwlTlhN
Supplier#000361539|zrLqdgpe IXi
Supplier#000361713|, 19LSWmYh4a0i88JgCKhl0
Supplier#000361860|aoj,2DEDUYM,8yFQLwDGe1P
Supplier#000362037|e6Jddmux4e,XAN5G9JcE89GGbzDCeVcL6al
Supplier#000362178|CKHQ9FW8UPxTCo9MJBhxy30imQXrch
Supplier#000362189|zWufR1dA3s PUuL7Vpy3f8
Supplier#000362225|7kphHweIec,7
Supplier#000362258|37Zvu7wGKtH4V8kQ 
Supplier#000362301|MtwTHm4BlGJ,W,O
Supplier#000362362|iWycZiLYCguyeaKKhYKBRpW4X DYbN
Supplier#000362379|W65CuaDpJD3CYbM9zmw
Supplier#000362391|ySFFvp,rvZRSxKMnAdDTBDb78wwf0mmtuDpIIFmk
Supplier#000362392|gXO93WghC5bZLBbefl6MF3
Supplier#000362405|mHu JmucTIfZOj0viqQiXFDa8JXvZw5h
Supplier#000362491|oN1XdWliUeekU,AUKE JHV
Supplier#000362555|95H,f0sTguOZ,kzY
Supplier#000362576|V7ml ikO x 
Supplier#000362582|XI6dDLR8v9r7weg9uUjgFGo
Supplier#000362655|qW JoZkEzK
Supplier#000362656|o6V0Xt0wpi8yl BqGMigGjVONRy1luQd 8z5
Supplier#000362724|X09bz8eiH26pU WBIHrmAYQV3j4XLhrS8J
Supplier#000362730|HKUBuk7p6VN5dI vlD8rYLuoSwh9SYPyg s0Y P
Supplier#000362739|2DG,vhwqpcczb,AYJ4NNLR3UWQJuz5
Supplier#000362796|bxgAbb QkAHaGZ2lD,UojfP
Supplier#000363059|4Ebb nwbuP4tsvxS6jE8FwFolTqy30Ex
Supplier#000363109|AA6N8hBPvtAOGI
Supplier#000363169|RFN9X13hpKzpJbks
Supplier#000363301|B2ItO9H1vY2CHPuSRVJw5yp
Supplier#000363381|UCq7VnqvwMj
Supplier#000363405|SKbGVj63qy CC
Supplier#000363421|oq KgGO83X7pUYr3LIFr,l
Supplier#000363427|Xnfu0X7jn5Zx5vEjKoAy
Supplier#000363551|yyJxXB7J4Ya6cGyXKzQWJE,ZI5a YUnngymY3AS
Supplier#000363596|5AW7Ksx5KbyhcjV2H
Supplier#000363692|daP7SJ9ziAXkadFzDYiBBaySYOXbI2
Supplier#000363712|H8B,xhtNS3IsvzKp8DnhhVKGjtGHN5Yh3
Supplier#000363752|gp8ruTOtUBl0v3
Supplier#000363792|dY8SP5a0hX6sk0lagqS6
Supplier#000363799|Dj9ULpe0WJVw0T8YFYeHldoAd4rgTiTqMwO
Supplier#000363852|KDgkNhKRsBY
Supplier#000363855|PBL1NJ1u3H8Jk23wRofnUUe7aTQ0rMeC3
Supplier#000363866|4Ak807Sck9NroYn1i rT6QRkfwjIa
Supplier#000364074|Vi8HGogqRhYK0ECV6J331Ej16
Supplier#000364084|21L0zLTt1qmSwfS9tz,aKUSSSZ
Supplier#000364110|8dBJokv,NPVyQZVLvvvbya9
Supplier#000364181|KMkRdL6faQ
Supplier#000364225|JKBa9zDW40UTg8fbp
Supplier#000364291|G9 l94bB8Zk0xw368nWfKUaRI6YXDHXafvR4,09
Supplier#000364352|zPZUGPBmw7vFBg1bNspKF4Wl4V
Supplier#000364366|6yeOgQPpIXg0ZoSNkM2Zui8C9qhBM2X1x
Supplier#000364434| gnSWulZX703Plt
Supplier#000364435|o1fEBChMCmT36YAIMy2fGTBV EHGUqT
Supplier#000364605|CuLKj,TPzyHDtmJCmC0daOwuseZoSgRIUZ1oY
Supplier#000364824|J7B5dAoOtT6dWwqLlFrXXDQb4SEfO0 AQjhRIn
Supplier#000364884|OY ,csOu4cyjkQH6riCAye8nL
Supplier#000364908|EN90BmPebN3xjwzow
Supplier#000364920|UcnvqN,T5y7BPVTLE3avAQ55aDlQ,Z
Supplier#000364955|V9g1Pu2nUPdV
Supplier#000364981|9Y5NFZqVU8trXswFoa1
Supplier#000365020|4yXsUISiswH9xvBcaPVu9esn
Supplier#000365037|lbfazlU nlmy9qyq,mZ0f0x7TZi4HY3jhs,pP
Supplier#000365038|sAHq7G nNOa,ucLoSot
Supplier#000365067|tp2Z WjCCveAt
Supplier#000365153|pUgeDawcSUdiePdZHcjdMA
Supplier#000365179|TkrwE,f6D2vGd1LPQjKel2l3FuDj9g7XB2XR6
Supplier#000365180|qY16N1nyHdqw8OFnwQZpJB1l4C,soIAP3B
Supplier#000365351|cmzOJ36n7 l1N19JYRRNMs7s lfiDju
Supplier#000365360|TA3FIwKel,Q
Supplier#000365362|nbNKgMw1yPmc3WiD5r3h4GwZpspbR
Supplier#000365572|YUMWnGHBJj
Supplier#000365582|tMb7,zMA S3dRWEhupnzk4oyl59juRdENPe3Lwv9
Supplier#000365596|sbgEIq0GnHA3SuX2vaccXrpleo0Pa
Supplier#000365620|U3OCvkG1ic6CjRhGRWncjHgCxXKtgdudm
Supplier#000365717|JkEQhltZRuP
Supplier#000365746|6RfEtTn30WAALQacCoFGjjoA
Supplier#000365944|LEKBcPiWGiKT7wdKj0SJvTYMJhJ
Supplier#000365963|XAfHlMoNNlil4ecsXHj2wuM,3qFZpwKdK
Supplier#000366128|wKKZXkRyG1mZyci9yuPs1
Supplier#000366156|etkg3Va3HN3F
Supplier#000366238|LxOmfatwQIy46uZi
Supplier#000366260|mARMkKr7QKuN
Supplier#000366364|YUVo3y25l5
Supplier#000366395|cdINdkzwYZMjnKajT
Supplier#000366522|b3Yko1E8HBpe8hg1yS62lN1xpRp6sL,jH
Supplier#000366531|jzOoEc U9MSH
Supplier#000366600|wITKJP7NlxvButv9kbfRaLj byB9,GnZy
Supplier#000366701|NiYAwK4c3ghLInQ FtLBSshZ0VFIox
Supplier#000366772|mh4,PPhBVtMDeq7MCMUT0z,lc
Supplier#000366787|e6n9egwwgX52Q7j,iOSHROW,McdGOcjxinmSGy0
Supplier#000366789|ezQIUE O9PHNq6WuONAiQFB
Supplier#000366810|deU7 KZ,3l gNmdKNnDq,7b0wtHqEd49cxS3DvWH
Supplier#000366836|EzfSDyPnm3,
Supplier#000366872|Cf2XUmZgM4B6wwAwGweVFk,CTui9BdTsfhsQHBLO
Supplier#000366889|btfvh,gNjzfi7QwUt2cshqRrt
Supplier#000366907|zGlKWjDsBcQDmD4wXUg1ORXwZK4od,Jd1Ih4c
Supplier#000367095|1 3jgstzcXhs7P4XVdeiF4KEjkjH8QBf1FYn,AHA
Supplier#000367117|,04fByGtCYRDiz6
Supplier#000367234|KUhgTtiedWzLdzdyc4Nq4AOGhru8R6dfGGM
Supplier#000367245|FjZjr2HofqtLfs
Supplier#000367281|LRaW2FRGv01aqQ0J7TC9vhM27KGyp
Supplier#000367306|rrIbeYAT6AIWOS
Supplier#000367424|Ya8,iQXNV,QZ1qE
Supplier#000367439|lCPWP7A3R9Su2BiowPl3TZtfnxgEavt3Io
Supplier#000367453|W6UfGp58uqXnXstH6MNry2iYLSfmcIXduB5Lfs
Supplier#000367557|tIVtRP3P FKwkzEBDvvV 4rH De8
Supplier#000367606|I4KvankT2kz6Cj0n
Supplier#000367609|qghqmy6FEc5ulKfKcaKn3TkvxXp7zEdFEI4j2
Supplier#000367663|BqZ,6WTQvaUsO0LEoA7zsTBFshQG8UiQLJnnS
Supplier#000367678|DhRk2ztaUL2LiFOV33yCa2R
Supplier#000367727|8rqft a8 VODds
Supplier#000367740|FyzamuFuWIV3wMucLwqpScbf1tWp6TbE93qzRnpM
Supplier#000367749|0lmGU2B PB zZQSdNHZ,UOOyFreYjrU5jOlSxH
Supplier#000367750|wNbr5lUTPA74m9 Qd
Supplier#000367775|8O2o3dVW6v9AJumk9qqv2t08g0m
Supplier#000367784|8XisIwKDMxwZg2NzAaTLkG9 I4DaELXiuAa,sYRR
Supplier#000367787|tsw 8Fec4Gm9
Supplier#000367952|RZL4FXE6r9joG
Supplier#000367960|X f6wP3F 7WodxGX3b3uWWQdj
Supplier#000368007|a4oDOJ4G7LtGz0KPECpWhdlX4UJaA,TUvAU
Supplier#000368029|FJqVyDof1rdx8KyUw6B71AATB6RqkmR
Supplier#000368034|CtWnz3Nr0xXJL,Td0
Supplier#000368039|gDYIgtthjmQhaevLJcI,mW6FR
Supplier#000368262|OAL TR lkYqrZIC2neAqt11uAgLzu
Supplier#000368265|He12OVBQgnNQVI6F YR4Ykxz
Supplier#000368276|KqIxEfW4ujN4
Supplier#000368418|vO PVZ3aI49lmIJJ7737U8T22EM  
Supplier#000368472|gBRuEg2PjA01V5Rofq6
Supplier#000368500|F9bxIobiSySfD6 ,SpO8agWfOEkdhrlc 14Lzv
Supplier#000368515|cq3C5ydgLiBWdMYiLq188kWoHFox06k3e,
Supplier#000368628|7zlyi0BQ8SxPbNMYD
Supplier#000368668|Hj6lOxFpGEliGw4
Supplier#000368671|KR0H1PLzkdrXzWhEPcsLMn
Supplier#000368704|E6g,Lcq,tN EQRxOGN28iG9cl9H3
Supplier#000368740|2Ri0oSMCkQCcmqVka9WsWZKyKdm
Supplier#000368868|dbGPQLF8RrNlfuAL3ueDbZCSKCpSxTt1Br5e
Supplier#000369002|RQrISVBoFXd,e u2CPrYFQ
Supplier#000369234|NJCM DkITy
Supplier#000369374|RysJXU80a9e0tFxjuzBjwPCIM
Supplier#000369379|8q6m2pHPHU1
Supplier#000369464|iMiTh3c89mYhi5SUnD3dWdmvP3Bv3ko0Yt
Supplier#000369517|Aog i2XyaKHe2tV9RsPu7Ja3wJJhPv1L2spd4
Supplier#000369522|99YipN7DR0Wphy9eAH87TawOXhJ55Ub TxCdfw
Supplier#000369607|Z57MFWIIY6XGPLTJaZrt8KKys9l,ADbW5qgMw
Supplier#000369620|dxjINnZMwnFOGzxRo75yecanIjaeQssWLpsKE50
Supplier#000369655|6yszPTVVp85mU,eejhHIGobO4LaVNr,Tr9
Supplier#000369659|3KXJcmgzfY
Supplier#000369679|sAsYVKhGtuz5Wf3pFEAaFtUvAfaqGrlrNy bHz
Supplier#000369693|AcJS29bC4STisbsmzt
Supplier#000369793|Jc0G7uga1JphFHNY
Supplier#000370010|yqHdgoMCaXMdni
Supplier#000370162|zRo4skkpq4XlzJKcul3F,LCWhUhK70o9,g
Supplier#000370217|NoRU,iNAULHNP
Supplier#000370287|nKrSQWDKlLQYyhu
Supplier#000370302|ZXn TfG9eoyuS
Supplier#000370335|nuT 94SDFPUwhgEM
Supplier#000370362|Z7cye02YtP3Ol6Bpwd6bIoO4cVBqi1p5r9b
Supplier#000370468|U5Z7ckhW212qYqCOgZOoHLGzTgwXTyK
Supplier#000370475|40AFky1NqUeVK6Dx1xf4x6jE6tein7bFdOOHlY
Supplier#000370622|jap9zp8uJSZ8
Supplier#000370770|4YLJpXmNU7bLxnoq7LwaPbAW
Supplier#000370786|HTM9it9qb63DB,t4BtTE4SQzFt
Supplier#000370837|orIY27WG rftHa,99Kwh
Supplier#000370852|f7WbxXPCg2BRVarCElAgcsuoYEaVxBKw,MiTU
Supplier#000370859|WzF9MwXZ7xSPZyST2E
Supplier#000370961|si4hu J2Yjiien3hQuD7JfPTnLBaw99
Supplier#000371001|,0sDXcm4lv,yrDluSZpH6
Supplier#000371029|pXuzkOH1jNZDqzyoQWD2LOWTb3kfykn3mzGM
Supplier#000371035|EKdJGpeprQgJfYHp1TG7qlM4jo,DS9A8pIN,dp
Supplier#000371105|XkzA7yxbwmiffNsKSP,cIGkldvev
Supplier#000371165|Sngq04FC1Kkqkliws8zsNeOZdz2G,
Supplier#000371221|,EDwJxWDkXhcz8gayDhQ6
Supplier#000371258|46Y33r71x3o72HjrhrvgH TNH7PCBBbB x
Supplier#000371288|mn0kKTHKGJj,JWxVo
Supplier#000371320|ul6wHihKvxpfyRlMnRp gcql09W4hRex4 Z
Supplier#000371404|Fs 27sxtMOHzQ,1kQF9zIojf0CeVGNt8i8EL
Supplier#000371429|jmNUXWdWkGzm
Supplier#000371441|qS Vs 1fCqf8yqQs5wTaNbLMWPJA 6T
Supplier#000371449|mmxfWmuLZDcPKGT0EKpDBeSI0
Supplier#000371545|0n9KTOJP2ANrHA8OQMSy1Az1BlPcBybS
Supplier#000371705|IKDTl2X5kcT3kzLs75E9zqyZ29wC,PC1CuJx1l
Supplier#000371764|vwbXHv2YMKDUmkCs1P9j4
Supplier#000372164|86hngaYtaezzz0vFTaUa
Supplier#000372433|h244YmTJ,QA1cLOr2NAO0CpS6NWeBZ
Supplier#000372472|v0hBWS3mXYjsf5N2AfqZFE3MtneKQYBQz4GWvcvV
Supplier#000372551|g,N,ho ZB8,D0UO van05xy433Gq4t
Supplier#000372626|tMT43HU0pTVZFWL9fGk6SahBvKG
Supplier#000372629|HhjSvUS8CO1YabGUBsE2T4CnidII
Supplier#000372686|ZpcA6HKOsh1EHo F94OhPl27U
Supplier#000372744|E6rPl9vEUU,CLYhEKgH
Supplier#000372892| vavP1c Xz
Supplier#000372970|EUMtchkmrwiTw1J6
Supplier#000372987|1UWW NVRHStf6aAje1IZWshswe91Gw
Supplier#000373091|DBH6bSAhGbbzGoh5Zvk
Supplier#000373136|RxPIwKGyYwG08v1Fo
Supplier#000373161|UN7ftrf48JvjGh8A,73qpX5DF6qOL6W 5cV
Supplier#000373226|q3YE6UC5wO6gJ 
Supplier#000373269|pDPY9pep8arleoypAos7Vg,WJ
Supplier#000373297|QrPVSJFSvSB4O
Supplier#000373390|3v803HffPnopvfn1q,Y S16mjCOe9ff
Supplier#000373450|qA,AYC6Rs4BM,3ODnTwuo11OcAsehEW9NDFQQ8bX
Supplier#000373453|eGykdhZ,tdpS
Supplier#000373512|Y5ThnE2yxnE6wNBh5KcoIxewT3xP6nX
Supplier#000373541|DB4PSiZT brYEI4Q3,AMsN3jJLNM
Supplier#000373552|kDYZF5M FXVd
Supplier#000373618|f1AppYVA8cMZqu pYn,LthVHisRUV
Supplier#000373634|N02uHqyqy2Lr,BrBffssdW6CWW9
Supplier#000373663|TeB2hvL861RrNAN6zGvx5ZbA
Supplier#000373750|NX6hFAZ0TNDbM8kpryGaRk5uK0f 8
Supplier#000373772|GvuhGoCcvVl4TEmGeQ2fMpuDLmO,7l9W04Cl5F
Supplier#000373814|c3O6D0g78hycSCEP6Wfz
Supplier#000373816|C9dlp9ejLfdSy7lYu
Supplier#000373865|LDfMMLPj1W3v1YkeMXgA
Supplier#000373882|W6ycMie5hiaWCN3h0siztQ8TZogdo8xs51dxQ1Y
Supplier#000373890|RkC5ZHEgqPK6Mas9nuAfSlb8VbfnqUU0fcVx
Supplier#000373942|AH2QMb86nwO,aah,9Rd6R8R8usn
Supplier#000374013|rDRJq0ZKc6rW09ZmD
Supplier#000374079|SsVqZiHLGdL3W,ugGiJ vWoFTRVH
Supplier#000374085|ED,qb8W7YtKDPGu07Nb66n8k0Iy v
Supplier#000374115|dbSozW4s1mRbfPjYOG,VVdoaFzdGtbzRLZtzr
Supplier#000374137|1j9F4TMuKnfjTWQcL0Z,gvJSQZdghYcf4VYJgJJ
Supplier#000374174|x6V8PvD2ifEYhMaNH
Supplier#000374187|slAGiNbtpODt
Supplier#000374242|clpnHKm8YODP7tV0EcMQ1F
Supplier#000374260|rejC2ejHEuPUCLm5NYZVMPEiIb
Supplier#000374262|cTV9y6qT4rCe9UuzsoBLs8JtKRbCYAcp
Supplier#000374267|xRXyAyqdqYqhNTIHtTpr
Supplier#000374272|i7sbplTV3bcBsrNvYKN5
Supplier#000374281|MtVIj1ktkZSbM
Supplier#000374339|Z9VBWuHdNB 6oFckG
Supplier#000374403|Htoz1paoINZfg FPRgC
Supplier#000374407|TBb,rgNc1Ixtt4mNGJkIaMFKuTPh8THai16 J
Supplier#000374451|tKffUPqRJixISkdadgNzV,GYxKqqIee
Supplier#000374469|dra6b53Fr,Uke,S0MdbXSGX
Supplier#000374503|5F,6s7V,RLdAP8WYJlD9EAr
Supplier#000374530|wTwAzVtiugR8F32QtRJee hxMQV
Supplier#000374632|1t1WKDgFVPExOKot564N6B1qhMeSo9QQ4
Supplier#000374646|1jEwtS ,XCUNAr28ljyrMpd2djFCd,
Supplier#000374664|NI7M9VN3x2dvGGSSYeEKZk
Supplier#000374704|1JvM0B3E06cUHtiUwsTQ
Supplier#000374746|uleCOAsAA1dQKcQufV BQnMVBzDAWjDx
Supplier#000374791|qJYydm6 ,o5DVwsgLM38,6PZnjTkBLHy9Qw dM
Supplier#000374941|hZHf5xBfGuLva
Supplier#000375073|tqEyfhiwEj4gptTZV8iKwdQ 
Supplier#000375078|JkQcyVZi7oes2a 7 Y68CSjhsbmIT5
Supplier#000375152|SohjrW4kWxh nlv3BMv 7yWokw,RUujAq
Supplier#000375159|ockptEGX5zotA2KRB4WfZ8MRxXjEyQ7sNet
Supplier#000375196|A71zOIDFVLbv iZdZQGZW1wFGf3o1BRyTiOR
Supplier#000375199|86fLQ 6fcetJ0iK5s
Supplier#000375226|e8MXSJ0z9SAqf9HxZ9KJpAY xQ9ADMysQ
Supplier#000375275|fYfd9rVlpRLPw9Udr
Supplier#000375411|gzw,ju 7YatlTeTLy9HbDX0ZRSpLFnu jdtVVce
Supplier#000375420|HDj49P6u0aWidy1O3yhZz2j7Jld,oZ
Supplier#000375447|Ul7ySoq5Rvnfe7Pl5xHkYPXzRPGQVqDo3Dh
Supplier#000375478|Glz15emeCqyBED
Supplier#000375563|Bz8qACpVXMELocOJ4dVUfXf,zGdiORm44P
Supplier#000375584|kSXQpVmw2C9Bu,2l8LWGlmosoF
Supplier#000375654| wKfQAPd5U4fDL8
Supplier#000375684|ICIu0Pkhu1
Supplier#000375795|472ZhI99sUGSgCdyi8,1wvT
Supplier#000375880|Tf9HbPfBLQo80cI2LmRFQMugDB 
Supplier#000375893|BIWtAKv1HnEp
Supplier#000375934|5d yH8PAhEhNqxamt21eSlBHNf3R8uof8
Supplier#000375961|sgHvl edvQ5SDamWDkL3ny4X
Supplier#000376013|Rlq96exs hi4mYU
Supplier#000376029|AEb94tQfi71rqX8FNFZLNksnpe7kfrPu
Supplier#000376031|fXZek3FTNFleEXoHsLItbtVdrgD1N
Supplier#000376049|UIybqa60adv0dvYs4Tgd,Hj
Supplier#000376085|NkjKrN8OWyz34N5BxW6ulUKUIohQgoOwylHL8iqc
Supplier#000376146|gYqaCO1aIxXUs prEKyOBk eEsor Lq1
Supplier#000376152|0,9uPn1,frlLVJ2OpA7
Supplier#000376178|DOhyyXgbNn
Supplier#000376313|bZbhiUsNuvJRYie44GMmTxRzepgR4EdB94TFff
Supplier#000376314|Pif2bJAhZTD4
Supplier#000376320|J Apnslaq0CE1gmPCixaZqj
Supplier#000376399|WqHh0eUfDBvnVAjON
Supplier#000376409|J5j,WwC0JGUq4 ,RIM4p3LXrQae
Supplier#000376435|AZYvphkUcqxGQvL04P9UZd670qeVM7x
Supplier#000376525|EtXRpsD80HK LqnpvY
Supplier#000376630|Povvi2vEGbAngrOLrvCVefLKoIhE  S4AjjxDrI
Supplier#000376636|FBWLBxDxPWz
Supplier#000376638|49VN7Q2u2aBYRveCwCqgRXwYYr18oARyHyybjKv
Supplier#000376641|YLM9usqGGpatDlt
Supplier#000376654|Ap KDygR,zinJ1ktqwRgYk1VpJ
Supplier#000376873|5U0h1mfb1rzeEJh6CCcLgTaR1
Supplier#000376946|tTojpiTfGNEz4nWbnEICAk194L51V
Supplier#000376980|MB57KVC4hJ
Supplier#000377081|QwTHxRXMHhDBtM6Gp6lCjQX3
Supplier#000377114|NdQ20h2P CY8XsPcLgQrPhr20uGw9Y9
Supplier#000377117|nN9Dgyh4ywSOkgiGiY8Y2hLnWKq84r
Supplier#000377145|WJUVWB,gfEayESC
Supplier#000377177|uurMIBKrBf YG,Q7xMMCA3I20mB466kxI
Supplier#000377189|LyGKnnlKjFxuhOAnRzNWp9o q9P617AN  O4U
Supplier#000377242|M4avXFoEeq7L8mXuOfk
Supplier#000377365|3m6kH925ei GObKtoPL5UHYbn1pmT68t,
Supplier#000377508|Xp d7LzjjXGahQMR17KrdZMuL6D5l
Supplier#000377536|7FRHAkuG5B2x rtjdtiO
Supplier#000377540|VGO5Emte8P4 WcsI9TI7FhTPwmExBuB8I
Supplier#000377570|mjDJAdYHpTmhXHAaKG7YUxFJHVkCy
Supplier#000377689|dMg5kQNCRMZ
Supplier#000377744|1XwbnTmKRg7DsenkKA,iSgF
Supplier#000377747|jYWPT RrIlchkIeUYEAuUWTKNgnQgZUz
Supplier#000377781|ir9v5Don RKp1U7f
Supplier#000377786|F8cU0Q8MxFYB2K9zF,lw59W1Ljvci923G
Supplier#000378000|b9KpzKEeGWuEKklKIMHVu3vO4R16wHCwbfwjttnN
Supplier#000378023|rB97B346FvbFduCpXXkKKzkgCAlM6KB1n6r
Supplier#000378039|T7o4xG3Wq4Zm,aVQCD4sB5N75n5p
Supplier#000378078|phFFaQeW29gcKgvBVTo elwa4uhwLyjxaGKNvGnL
Supplier#000378086|hwpc1dc Yu9B,FUxTTy9
Supplier#000378088|fdoFrBjVVlQ9JAxVZlWTRyV9
Supplier#000378128|1KVgL2ceLFlNRttYxpubrJx2soCyBrY4hcBfV
Supplier#000378171|72E5gZpCqUirkyX 96yoZWSXx9p 5U0U
Supplier#000378408|lKW4kpm6 rcMu, Cb4EqQu19m8n3
Supplier#000378591|iRCJuqEsyA PXgUQ8dkihQ56TaOBA74g0L 
Supplier#000378602|ldtIHWqkhlj D9S8 hX2COzDyya5j9cOcMM
Supplier#000378679|jERZiewl0T9H,ew1GtS19k9hcnt6AFMj53Qpi9
Supplier#000378682|2x6pZDdaZMjzYGVo4ZLJhnJWY8IvcfLG1qq8
Supplier#000378734|gusEWyK9P0N4tF,NAiUAWSZ0DtNc,
Supplier#000378744|EfFGUJ7KyTKMj4FF0EAh5OCP
Supplier#000378768|,mTqYOMp6uy2zrz7PHenD6Cql1rWi,TuMN3
Supplier#000378809|qmgqePsDWgQSyWr0NK2N4ZLhK9FUiygxBzhbeyos
Supplier#000378833|UzsxqzYhj5VUSha906L
Supplier#000378951|BFL4PI818eOSgyriCGX2rCkxdBTTHE7ijeb00SE
Supplier#000378966|EzaPaTRj09jWIuLLqJJi5jK
Supplier#000378983|mBHleeN5OzG06P
Supplier#000379042|kjrOL1aH6hqHTQOC3jWbE8l91K2c
Supplier#000379114|TKJoBizrsDmob
Supplier#000379121|,AvwLkwI8ANEYAi1EzxKxwAmlkvVju5TO
Supplier#000379286|DQAYmc7 r8kJpDZ50fWztCswoFvWVLnHOt3Q
Supplier#000379324|KK,uDqKfRzNnCvVc0m
Supplier#000379369|qtNcdDJ6np7WXC2nI4L9r0w KtdchqZEtton4
Supplier#000379383|z,zniqv1IE7StyJ9DLftccXFlucz ,qpvm
Supplier#000379427|fN7plrBlbTqHslEmMgy,t7eyZ
Supplier#000379485|GMcmTd06Qd0KtWMQ8vY
Supplier#000379690|CaM3qDRl jeCVBHLAgFvVtDFi
Supplier#000379721|NDtsj47,FnIomzpz2LbimnGPb4 WCRV
Supplier#000379726|v oJajohRq4m0ey3PuXbKhN,SWUcHfRhY
Supplier#000379729|TJJI8I2mbxcTu9FvFPbwDM,N0JYZ9gAlZ
Supplier#000379845|9i9zQ3 Vqw3ff9XDhR,tkmb6FgMfeX1pef1
Supplier#000379877|csPu2OhitGXYZFnQ4VYoeF8u
Supplier#000379909|qpWM7d49A8f0IKhY0lj6wpEOYIqAX5lD56EwLu
Supplier#000379915|4onJi AJXdYB6J6FCt9QmLo18hGWb 01s Uxm8U
Supplier#000379916|QmOfN6sKSjQdSaj2
Supplier#000379982|XTyEP,Uj9aCtsajvdwTrwVM
Supplier#000379990|gYkZrRFvMcPxFOpmgkAeJo
Supplier#000380020|67Zjbh9QrEMthxbd3
Supplier#000380252|ZmLW06KrocMBFr 0iChtMRByXuOQ9 S
Supplier#000380367|,gb9IqBmI4dXY9yI
Supplier#000380385|SMAn yB52KC47dd Q9XIBoeWffYoZ90XPbvHwSV
Supplier#000380392|DWwBSaP9izTKsfP1
Supplier#000380399|yoJcN7EEDGc0Df0xc7i7LUAv
Supplier#000380437|cAmSa02XaeNCKqq4GPfA LnhusQeRzkiNMRZG cc
Supplier#000380488|zpGGpr ZhtWzb
Supplier#000380622|k3j4cmb7CXaPMd3pMQknO8XPxT7CslQG3BcR1E
Supplier#000380706|ME1M9BjYDEjNzW
Supplier#000380778|iZq eg0mCZWBr
Supplier#000380782|SR9Z9GRzex5nEER bEHNF,qNEJY,eT7GD,FTcei
Supplier#000380869|aiiRPWArWrFr0bkolrumsX8sgwWQLd9Boyl4
Supplier#000380898|28VLYE0jLRJTag5x,NqpF
Supplier#000380967|9QS87ymwYFgcVVYvUB7UNI1TXMr
Supplier#000380981|iqcL4rO7bc8dfJXaE,qiBzf,JYE9ey5lC9NESf
Supplier#000381016|iXyp9FC0CjeDFjE,5CvG1RhjVWP,NsK
Supplier#000381025|PpOiNh7YTCVfZTt4,,ysIF8hGU 5W
Supplier#000381049|O1Lc,sRCoITc89tDZG88u47lx4wzOJ
Supplier#000381095|hT4Le1gghOwst
Supplier#000381122|mE50ZkcHa9
Supplier#000381149|z0RZyOG8pAwC SGVnZLe2o
Supplier#000381181|T0s9uHHDr06hGsp KkBUP
Supplier#000381228|1Jt6UuVuBgKS8
Supplier#000381288|pBO3z LzzXA
Supplier#000381330|nZGcreW1Lw8mz9Avk4xK
Supplier#000381344|PUjQmfNMY9iiYsZOMbyBRj13rO
Supplier#000381586|5FXy KedCloZk3GFA7URC
Supplier#000381608|8ssu1CTrZxT8HcjVabrE2nsiv7bzl 
Supplier#000381788|gDi0,J,7sAffGSXKA
Supplier#000381823|vbBhkcwg1pmvO
Supplier#000381866|gGj,ZHP28z
Supplier#000381928|ADrMLkIXf5FBtfvpshCliiQlXbFhs
Supplier#000381987|zaBqb9ZnsQQn,qJfW9TMb3yRh2vIC7 i
Supplier#000381990|SQpTZWTcaeICRZooaOUxUBDFhowUdjL
Supplier#000382005|ZBD6TBjhimi
Supplier#000382006|YacesNffuiMNQQ2p  19tLeFWu3k9f4np
Supplier#000382113|DLE3tHgvbF3B
Supplier#000382124|bHw0onCH8J4xhX
Supplier#000382148|ZQN4ztMU30dLAT09xh2dDmi6g7
Supplier#000382220|OvBiy9dCW2UQCPPPPTaCtdN
Supplier#000382222|6RLjZUqb0T2r0SRbkTfCDuRdWhdy
Supplier#000382317|CpjSuOcE7dpUrkixRVEPRX1uHztei2rgIj0
Supplier#000382350|zpY7zNSXc,REs5yfzI
Supplier#000382474|9r2g3zoxHDyvPN3Vq0Sm
Supplier#000382501|y2kbgk9xWa1OgYjYI16YV 8I
Supplier#000382567|IxTVLceoiS9sOmWFN
Supplier#000382579|xSG8C78,SpLkCyYV0T4dTmPhW9,w
Supplier#000382590|yDoft7JTdOLiiF3aXQElef7kvvyHTqtGgTur50
Supplier#000382653|AiN0 QQEmag3Q53vu J
Supplier#000382669|YFtayZWUQE2BL1bfCf0W
Supplier#000382716|ORUILrDyPBOm NKQ9uE8LbAI2eEH,fLQT 
Supplier#000382749|Y7zbvRwXPhcBj,BI
Supplier#000382783|XvskLqA689Zq5UJpEFZgu0oMTaPwnJD6u
Supplier#000382818|UPeVhc6ybj4q3CU20KKZm7KvEgPLd
Supplier#000382832|H dXTmgtgcY
Supplier#000382863|UEQS7B4aGob3UxIP
Supplier#000382931|SHBh mzbabIRFvup
Supplier#000382970|oAH6uNT7BLTNfxGPyR
Supplier#000383084|OKJrWqI7hKx  ,TK7MsZu4BCPE7tZ9RIY
Supplier#000383107|anQeBXahv11fbmVJ0iw
Supplier#000383112|5B6tPojUJ6Raba5U
Supplier#000383150|3n,U3zpWIMKlK9kpcMJ9B6EToWk
Supplier#000383211|XuassCl15DH3hyZPk
Supplier#000383267|Prvw08KXukC4VvbLJcbDoe8XkiDQjVj3
Supplier#000383425|KMm0ScrutZaEQwJ
Supplier#000383499|enDddmQCyRIdCaZn
Supplier#000383575|pno,SPlBnALgCloUruUjYSFCq
Supplier#000383607|0Pa99uWrR6Kaqw1sXR
Supplier#000383629|cSgZJ5aaZwpCrtzHr4,5O81AQqLFdcjeanpkgKYg
Supplier#000383655|C3kg0HLW2XqCHrB6AtxOMIQu
Supplier#000383679|Jthd3kuhAi1UIfVwBlsQR7MH VY1
Supplier#000383874|2PdZhvnntEFvnzuG6SJpISS8xP728x
Supplier#000383919|WrOZdmXCQCy0lcOt6ZwFjVdkTx06h5
Supplier#000383928|f G7ePTR13Cy,Psk 
Supplier#000383941|vXnOS5wclkuCV
Supplier#000383975|hqL3Ylw1uAoPftKpA0AEXm
Supplier#000384002|KRs6DkXB3RvgBCIcn
Supplier#000384127|,BYUPEj8yxcNqO9QVIZtdGLc15yv2Z2bJB0aTgCT
Supplier#000384128|o1XqXjZc86zQS6kiwdMov6nhzYWB9 3n9gnXY
Supplier#000384170|IehLw18EXz45SjajKgAA5I
Supplier#000384205|zVp,U0MtJU9FJapxeUygLqhyW6
Supplier#000384220|LNoQGAJP1hcmNYQrhuLPpNLtAOc
Supplier#000384222|lAiwuNA5LMXc2cbePhm5dgBwtb,C
Supplier#000384299|AEITOIq1sNj09Tsy
Supplier#000384354|bAtPIq6c4HYHA5034ZKW7CojNb36 
Supplier#000384457|QP9wzRffPgP96g6VXR,HnXOSQgC
Supplier#000384505|3XHuW JcGWMzlrd7MxV57JAUc84HwC
Supplier#000384557|GUYnzbdM0GFoUUm,ARcZqX
Supplier#000384643|Mk6Ry3kRRH T9MSLxyqdusb
Supplier#000384690|g6RSDk yvxjZFJxvMcnC3ekrYgINqg9z
Supplier#000384693|YCIdC2ek82,H
Supplier#000384790|GjrIIHrauPS F5tUvPKVZBy3 aC Qt
Supplier#000384792|ccac3gz28J6qRl1PpV2h43dSj
Supplier#000384822|S3eRauOlB 5jZCgzx0pMngEou436Vp,YaaCs
Supplier#000384828|Seb69ApCKPaEGj4E63Fcmc1lR
Supplier#000384867|6t5RFYzoixbE8Lyq8MIesWi1lBqOh7vU8
Supplier#000384876|DwsA5fISxHUi5HNsrzymIYR5cX94AmijaBvwpc
Supplier#000384888|4sLxT7fpSDP7e4GsVyoxggvTPY2 nuTo
Supplier#000384890|e5cDMLZGXL5dE1hoTAG62MQDxX5u,GezBSDNZ
Supplier#000384990|7obwLbOAbiIKvOxvkClql8M
Supplier#000385127|HBlAAkOvcLMDrOxWtIu9OY8Rv8qrH2OEAhx3h2S
Supplier#000385150|qSfO,99tbGuH8idfikElga
Supplier#000385193|xtC9,o3TpREXWe5rVKwljMl6bL41,I,L3O,,K
Supplier#000385225|CeZyz6BG3QVnuIpOMm3QlJHi40fRuadrr
Supplier#000385249|a4dbS0cZjvEdZKQFMIV8B
Supplier#000385282|nZbIUPUyz9HjTylJL
Supplier#000385419|j0zX1ZVuc33Odc3MokWX AOBYK8bQp2tv
Supplier#000385430|noh9iYxiO0ele7tF
Supplier#000385436|TvxzzuIRM5REsmC2JIZSMZioR8ywwBAJw,y3
Supplier#000385573|pFvwI0yNqLKaXbbjgAAHt2oq1hdF
Supplier#000385638|rr56LQJzWdAUs jq8jx9NL0C7vz6
Supplier#000385665|NMB 5C9p3g6WB
Supplier#000385804|7fiqDA3WFe31AVEeaOemRc,s
Supplier#000385837|ieSdalC3xZtQaXqE6
Supplier#000385891|N,bb3HBoWJv6lVHKfpW9
Supplier#000385913|dbpJPwDal3KGdrG8mlBSEY KOR0S
Supplier#000385962|BDyQIBFfq74IT7Y
Supplier#000385970|IUjh9R i1x3u6QpynWQ7d
Supplier#000385984|NOWxSOVoxL24Rmgb4pfv
Supplier#000385993|hQwcMHx12dg1PueaGNJYtazYa la
Supplier#000385999|E95rkihzAjSNdhFEp Ye5R5yanIVHZ4IrI
Supplier#000386089|n0Dpv9lQo26L0t
Supplier#000386121|ZJAiWQefOe
Supplier#000386182| HxTWcmWoUMr,81BsgawRY3AAqRyPCXLVGnS98l
Supplier#000386213|XJXbA n9V 4P
Supplier#000386240|nXo9AX4iQ4TGau40568eHs9PKk2at
Supplier#000386291|9gKgw5CPDblzZfdoPGOuy66T
Supplier#000386420|cbDU0SVfAtVVDSw
Supplier#000386545|0M5hpf 31n4bvfmMMg3YPPX
Supplier#000386553|Kx,GETfOSvVQaORu,h S,dNLoUaQj
Supplier#000386565|vS,Zem92R1BIvIk3VVySclvrOeAN0
Supplier#000386610|3Nu,Hy7BHiNk2eY
Supplier#000386746|3fNkIxRckINI,Vj3beNEYfPC3kw
Supplier#000386756|LB3W30cOK9I iGCeLxqpotXl
Supplier#000386762|DkZB6EuoT 3Bj iD0
Supplier#000386797|iv16lEkVLwV
Supplier#000386823|45cHChD2o56gqqHbHQzb8hxDL3ElTw,idWF
Supplier#000386880|EmePHlZoA617m
Supplier#000387005|Iy7gUA9FHSx2ULLS83jSne9
Supplier#000387044|3XHzUDFcJe,5a067EAqjwebjGK7aETgQNw0wVW
Supplier#000387109|JL9CHhooPtXe9JBqSJVvJ7lETYMtEIexBb u
Supplier#000387110|xkW9kac7UVDb9fHy9
Supplier#000387257|G9,LAp54ozeFwo4W4GD0Yvn8U
Supplier#000387313|IudOvoUTo1T9v5K8GnT9RiX
Supplier#000387339|AiEHcj9cfwrrsZPyQyrVjDnpni2mc7rgKJV
Supplier#000387427|BLmH8pmKcTXGuBpv7x48aGNkqwZv7aYmkuSHr
Supplier#000387465|EwSX1HKqlnpTvyUHsfyif6O6uC7EkbIBbVpZxtY
Supplier#000387488|5YsKTatGsQtnQnZ2Vv
Supplier#000387502|P22jV0qLYrMDTNR,8pSHRI3G607Tslq
Supplier#000387610|LmeHHmHQIhazc
Supplier#000387635|z0jDmtiOnLCtNtVrxYJ e
Supplier#000387732|KEAKKjkN8VgVIlpsLqbmhO vg
Supplier#000387828|MVLgHoMnuBYt PM6
Supplier#000387880|UKy7viudRQRL8cK8fghshMLZRSkpUrtIOEY izaJ
Supplier#000388019|XrotLH9gXONAtQ
Supplier#000388036|CKNFjxcMOa
Supplier#000388250|dmS4pMs ycjuXha4uPvJy82cBM
Supplier#000388290|xVdEXWA,4H60,njO
Supplier#000388306|0dLdxRW IyQAu
Supplier#000388383|wPoQPjA09LL
Supplier#000388396|0xUkJLy8cNDbrngmg6z
Supplier#000388431|BHBuupF74SCQaTqk51BkRFmBb7s9b5iRLrNRhXTo
Supplier#000388447|VYxkCJn7 0UJzbcrgIkKg0OTBXN3qdu,MqRl8gZ
Supplier#000388513|XPAc eXIxBic
Supplier#000388516|93JLco7Ucea6XFr xObE96N7ry
Supplier#000388602|iCcZy7EsyW8 KfjMhPjbuGx51Veqfiu3,Mc
Supplier#000388723|6EieI90A14s
Supplier#000388915|j4BlgwPJ,m5DpwVvFEEizigXSOkRpL6Ye9kplaR
Supplier#000388925|zDP,meG2niB8w,wzOKf4LM
Supplier#000388987|tArgutt7XHh05bv1I7fmXbYKsXI6IQti9,
Supplier#000389065|XU44Cq8a vkx wgtB mppVHARD n
Supplier#000389114|3kdb3Kv7lPInuzlmjxXmcytdK n
Supplier#000389122|3HJjB8jL97gAHFiLK
Supplier#000389213|mDXrvCB5f wfr8Rh83FuFwHrP qM5lVbQOugD8k
Supplier#000389230|d8gTFBypjqQraosWJesdWs0x
Supplier#000389362|EloyGIkoAhdmzmKuapsbuwakd0Wgj
Supplier#000389366|lrlzYvvUfa
Supplier#000389557|fw6NjsDU9ajv
Supplier#000389629|Oi8,4IiXquyyifQFTEd2y
Supplier#000389746|O6v3vwSLtc
Supplier#000389793|O8TlqxTa9C8KZ8pSa6j5NQ9Upjf97LHy
Supplier#000389829|TBkXnYEG7yAhjpfy EkYWjRLU
Supplier#000390036|zShFNFEfVXhe4 
Supplier#000390048|HCyWFiAx0VHd5OvtoauvExoTE
Supplier#000390069|skvc8ifHP7
Supplier#000390088|afq1FIq,goVdXYl7
Supplier#000390115|FJsMjSXuKujb,D
Supplier#000390134|YKDHpBI71pc
Supplier#000390190|H5rNVQnLCfLTYfh2yZ4TZFq
Supplier#000390195|xVsCo1s7qww6bnFPdl GuAr,hUabADHeooV
Supplier#000390297|6Ln8ZyLkl8eWgZn74Hew69FlMiASIJeOsvfJ
Supplier#000390337|wtKXY0SEjqogClvk8VS z4
Supplier#000390352|BmE0PhUEGlf5V
Supplier#000390441|QO7ZX6tWPtg
Supplier#000390541|Ziyvt0hyC4TpqnFshZmFGzkWRjrxjkEY
Supplier#000390586|mGv cVPIV3NHsoL8rMo fp9rAkTZ,W,3
Supplier#000390704|Q0uDtvkDxJ3Qqz1JBuqXoK7rdTvDdd
Supplier#000390734|FDATXdCnzLfCSdoy
Supplier#000390755|sMUxeh7yaExix4dDK32uHGeAJ5cNNNYp1q
Supplier#000390776|4igxf,PQVAAjFd,XnWw
Supplier#000390814|isvSb1gVxpHC28o123DC
Supplier#000390935|neLINMuajdRIjA
Supplier#000390984| kiKOvtjP6A2yyhfzhp3PWUf
Supplier#000390986|24QQ4zHM1k81DxuVjXjgd,b3AES11D
Supplier#000391074|GBioYytCYQQOU58C
Supplier#000391266|LLexRwRxGgrHI6n iG9 wKk7E d5o2eCD023bfE
Supplier#000391322|Gy8W7Sj50VV0wNGUldQqcsH2bnzq LndWTFJCL4b
Supplier#000391328|oi7P13tDAscRyyuo11I1x2cCk6fCa,
Supplier#000391441|U7wSNOJSkd8GwSzS4qA6KhLy9DqYO5I
Supplier#000391473|VwoYj05DLsqSQHABjBQy2xwuEJy,HapINyI5
Supplier#000391644|C3ivkdqJZy6dwd6ODa448J
Supplier#000391684|Ytpp6087KSLz3TP8TuJHml Jy35u7OqXZ
Supplier#000391693|i s9N mWHewvumTxUvxmJLQ,RhFa,R
Supplier#000391696|PKfH,LXirXWpfd Xrv8hr9wScgA6r3vgut2mWRP
Supplier#000391715|3v2YJSEBnv
Supplier#000391889|tQ 2MHLenrm gAMQKSxKxALRCi89htr 
Supplier#000391903|DWO84 aIYAyZKvK IbLVTVCj3Cbko
Supplier#000392091|LutOAxpQ2IWZXk3
Supplier#000392095|Nb5rTD mJfmxFEleZmtLFJHWIf
Supplier#000392139|vxFwP1UXZI
Supplier#000392226|fq4H,dl3VdayO08fYctbm2z
Supplier#000392352|6EMwLA3scK57KrG 4EL0U4EMAXu
Supplier#000392497|pYMNEo,ItmrysomM7gJIoKBbd4svFyhy1
Supplier#000392578|aZERxYNZ7o4sOWngcd1q
Supplier#000392585|j6J8JX2S1PIZxuk92oItQ,m2SW jAc
Supplier#000392596|17,QbCH9geIfwyOSoW1FtBXiwl5jDf FqGvE
Supplier#000392631|5pIcIb6i  rVhcPfL4P
Supplier#000392700|hLLLy51gjOIF8j4Eh29YQs
Supplier#000392703|g487cjrinzQvYCTb8M66X9nfrRsK9vxAZ
Supplier#000392714|gOAK5XOMKkyQV1fYbX11,Z  
Supplier#000392854|gIwPuH0aUKuZSOaabPLXtDtl
Supplier#000392911|Jn9Z76ZMehqRA 0JzLf9IkNo9
Supplier#000392917|5W0 ,SpoJaW9Gaq2kSaEpFH3 CeI571KlDGx2
Supplier#000392974|PIFQHpb  1S
Supplier#000393130| OVzexdUCVN6ax2mR
Supplier#000393143|AOYB1zUMLvdkZ,2uxC5JzD5e
Supplier#000393327|8pudfvskDrZ21hUZpNEzDJ0PNlKjGTuxK
Supplier#000393398|uJTw168Mgzqx1l8lYC293AobgJkCztoQLGO4l
Supplier#000393433|XJexgSE4 6oM82GCFtdZ7 wE13C
Supplier#000393452|wzkC6NNP606y,h0Dfe3QWVDhxDp6hvWg
Supplier#000393504|orDPBG4F 7s4K GaGQ4X37oGqhox8QM
Supplier#000393521|x1BbdzlkJv7
Supplier#000393539|8nkE2IP0yLpNd6PxCEec
Supplier#000393542|SDGCyX3PPyJ5Qjrt IqPWz,Pi,VJvqaB0r3xcw
Supplier#000393583|DO8AKIGHG1hO4zVcFN
Supplier#000393668|dS1p9U66TbOSU
Supplier#000393673|D1aIUbvJz1jZS
Supplier#000393728|UyLQDeSpvYpTO024JrTyIwsShNFewSKr2HLfP0
Supplier#000393736|GmguG6cMomjBtt226L77f,WB40,mjdHIR
Supplier#000393880|ZqRiEdxzhlh5z
Supplier#000393913|xlwhVo1N2bHl3u7yuL
Supplier#000394026|SrfsMmCqpKmwh
Supplier#000394033|WpM3PaUbzas3d8uAD0sX
Supplier#000394072|IjCS6epAORol,w Xl3oj1 PlhUys
Supplier#000394102|Z,DUDp3RYTPbPYTY
Supplier#000394112|yfam HIMrSXDisvMxWyZU7wZ6thPA7Evf2
Supplier#000394201|HDvriltPgNkm,,uvqWkR3KCZM4wOPOuxD0LbEF
Supplier#000394216|3tX0dfmJ3Ojve0nbvUsX8SBX8X
Supplier#000394289|ntZNx45fLhhWR7iXb2EdgibYimb u
Supplier#000394344|5,1JKForbx4W 40
Supplier#000394353|ZfLR8mJITyHn Kr8m5TDsvP3wzLFdb
Supplier#000394365|W79tu9iZ6S
Supplier#000394424|xi7mAsxeki2vGMYG1yi1g,wA
Supplier#000394545|ll9QjczZAE3O7
Supplier#000394546|pCUJCaxksd5ubg8oY3PgQ8EWnO0aLK
Supplier#000394632|pnN3Mi4qvpZ3pR6ypvK
Supplier#000394729|TOItaj9gE1FsSeTn6438ffwEskwYgnDgK7C22P
Supplier#000394816|u8Vozi03ayLUYqXCx6RdTxyGVVFGT,7AgkZ
Supplier#000394821|dGlMJA,3Ous9HtO3
Supplier#000394828|tP9NE6ZHLMtXAMHXTzzj5RUAv oC
Supplier#000394885|CAvOUMkbH1JcRhTdP5Lm0Fc7K4
Supplier#000394921|OYio5PzwsKKasFCq74bVULPAK5
Supplier#000395034|lIlB4DDJeL20JTGFw7TWREeXdV
Supplier#000395130|uIZEw,wljLUs6SAP3a,DbqHFxv
Supplier#000395236|3pLwoQh042WN5AEZQZkbrYa3OBv5O5tUCCFx,tub
Supplier#000395332|ZYAkG4SMZH8hLnqoWt4kw1ifxpW66P
Supplier#000395337|WPEHwKM7sJD9lZq7of B6y32SY,GIXs
Supplier#000395433|cAcIUqAU2c
Supplier#000395470|tYCLm4RUdW
Supplier#000395490|3O9LSC4Vs6ICe
Supplier#000395593|q5uIugCqSRJ4SIi
Supplier#000395640|wAhXAKYbJSGL082ZEE,5
Supplier#000395657|I3WlJUR68,YLT0FMNX
Supplier#000395659|w,vq0LBo7KkxAeXa0dvqQMwfTp5YDMu7g1V1bpKu
Supplier#000395688|Oyx,iLyS1DNR3x223zWSnJJLR47g
Supplier#000395699|1XB9ubApgI
Supplier#000395787|IdSfP19IHMZ4o2jzp,0lRqa9S
Supplier#000395793|x9EUKNk, aT
Supplier#000395807|RijWWgnS7iEcUrf3X
Supplier#000396006|lXN5nTq,4OkaDFz4gGofIB56pCzQEdvKoKAJXqa,
Supplier#000396072|ZgUGDYpmbvRuT
Supplier#000396161|4VH,,8I1FMtNL
Supplier#000396225|e7ALYXDayw1 3oH3n fxKlvl,, 2p twWOGYN4gi
Supplier#000396245|tUZEes9w4OzYdmzgPqHvbgcR9C9EbRl9ozGzXRpn
Supplier#000396437|ZIuTWmHUaIvrEP9sSHGwPph
Supplier#000396461|jhp3nA0cxX7FEoKTJJzN on55MpK,3
Supplier#000396529|arWj2ywmq,x,Tc
Supplier#000396551|SYNsjPnfcKdRQoSh
Supplier#000396592|l7cqSbaozZKbntXpsaO2oDxW9I7LXJ
Supplier#000396725|neyWmtyAoHs5VEH5hCkMEm
Supplier#000396727|QdFG4jshrA4bt1tH,2kEZ9wufflo
Supplier#000396749|7xoqfierspT92MSXXHHIJ7PgRLEkCUaKvw56OmJ
Supplier#000396832|HTvdRKmvLiQO9VWCn
Supplier#000396913|So2riINagVEW82HJv
Supplier#000397023|1yqI,JLoiKtqv 5wVnQM991rSB559o5EXmTog7f
Supplier#000397026|WvtcrtODmAIatQrfA ZN8DGTd4BP8w5zRGH8bO1
Supplier#000397032|gM4,5rBtYRWEkD6Yb987wbw GijEZZTp6gQ5GP1
Supplier#000397107|SBZ8YFKeM0TX2n0
Supplier#000397172|VxHABeiWgQd1G0L8
Supplier#000397205|brFxT5j3cg
Supplier#000397380|fwVi9Cfz16Qjme1x2K4vhxVskJqNbQzc4AF5cTLG
Supplier#000397396|gw0clDJho4McCn3bo5SIc8cAsFZTjFOnbodfFk
Supplier#000397472|C9tVScg6YnSE1QIX1l50sLIlS0P8zCyRcvXx
Supplier#000397528|57 ch2iYuVCX7KnSfVfoZ
Supplier#000397888|g1VTGc rcIK WqrBCFiYCB3RLoEdH3VxFOf
Supplier#000397987|yXjUmpLW  ,Xv8v
Supplier#000398013|taYoPSI3B5IeZpdlw3Av, rWWKgb7Phenu
Supplier#000398053|F3s3RdR3Y0ibbYy5AX1KfxHbD
Supplier#000398072|lqQ32rZg,X,qR2ap  xNB5gaeVnG6BebiDzlf,X
Supplier#000398080|9 dqC35dwkj
Supplier#000398089|70J3 YPtAcpiUW2YAa1,bPP4bQ4I9wFQb
Supplier#000398100|ylrwQdZNFmQKEK0y5dXxLy g9YV
Supplier#000398146|YApSt9LXx,ya6pHcWPxNHLyhhFfs,l75gi7WXGX
Supplier#000398219|UO4yKYrmttkE5K6IdyOSCjXtZDz1
Supplier#000398282|l,PKfP0x4px4pUL8nLBKgk8BFz6Wh3thLSn
Supplier#000398338|KDLBHSBoJRcv
Supplier#000398387|xs1pjB2Bag2
Supplier#000398418|q6nRX5chHCc3VlqLOn,Jnvm546m
Supplier#000398470|qUnEvuoz2Ff1Jp4Tf44ZSOyStcCt
Supplier#000398486|  6SbGWCuOeX 8KDq,sQLDDhg3
Supplier#000398577|K5r7ejjYq,qxmo01Iq2WsnzNSWAtAXF
Supplier#000398609|fn7Z7dM ,8MoMgKy9uptsQlXbZt0ajv
Supplier#000398710|Wdz6H9osaHvS4yFS16H
Supplier#000398791|GZbDMrIPxLrF1p2LmC3V4b7kbn
Supplier#000398865|kEB9JAuF3sxU0865fXzynFovc3h
Supplier#000398947|3uHrME44WvcEtFfRCCeok4f7C9IP5t bSj 9yX
Supplier#000398998|eoo2XqX,fl9TexsIVS9ryLlWYbEUeFLnD
Supplier#000399013|Ovz2n3RMSvWbC2MZgE0A7f kcgdV
Supplier#000399030|miJWOnOgT8DDr4KEY8QP53O4K2LFU
Supplier#000399157|Io,njTQJ61644SeRudcuzM
Supplier#000399168|OPoCtfOdDi4b80,62fyV9CHpPIkqi
Supplier#000399182|ah0TdYJleJILsISrDUr038 Wu,
Supplier#000399196|kY6TQrVeGxgafpwCG9s3yipN
Supplier#000399214|HGc9qayzxAvRrVeUuYCjpHS2
Supplier#000399259|eGoaJE1WlEd4E,WqBcU5E
Supplier#000399265|WQ139eDQoVJAiGgYMIuoOQl
Supplier#000399293|Rt67Vy05OujpbD
Supplier#000399338|K9zknc2grlZ5IfC0FUadJY2GEfdtnCkDWR0mn
Supplier#000399361|vMpEubXeKa8XnXUtcJNtwd71O LCcEaf1tMgINK
Supplier#000399478|8dU5hmcyMy9BkaZJ1HB8pAQO
Supplier#000399506|SX,x00a3xwr5R37mY5L2trHHzkvq7JdliYsKYVoy
Supplier#000399608|pKJaFtxuTCUhwnwReUtXnXBwevmOilifkGX
Supplier#000399653|Ce2kA1I9lLu1cC
Supplier#000399701|YHABj6HZRVPdG8Xu7RcaCAvnO
Supplier#000399823|mj4oDE2Mh8
Supplier#000399838|G0LDY4kZnoRh3I,0T0T
Supplier#000399848|nXpVx,VRNLdnWPW4b8h
Supplier#000399962|3imeUD0rYB1l00cDbbmlTtoiNHYanUdw
Supplier#000399986|3QrI zG4Cnbu4Zlb1c8vhH6cv3xhMzWwXJwxyBl
Supplier#000400028|AwPRGWCkn9T6ZDbqIW
Supplier#000400041|06qL6 PrkieX6mPDDKTpcikA4rjN
Supplier#000400278|io7jeIQQRYKPCPcmR56f5C0F8xwk6gy
Supplier#000400296|deYgVaHsYVMGfUuE9G5bs1K6,XqwB
Supplier#000400343|5SOlO5D4B Q0T8aOKv
Supplier#000400371|K x7OVkO1Yg5Sd LO2XOxEz5tceDkuWDyeWSgB
Supplier#000400407|bDxx5KDV5CzruE2u6iRpIutbZHSEF
Supplier#000400408|vpdBjwYr8nn7LBDJQpAobND 6ULdi,Z3ws8PsLC
Supplier#000400544|RlOzaZBE,,uwR
Supplier#000400591|8VlfQwMg2g7DQ22S3PgSjbvnwoBcXS6oMgxBgImW
Supplier#000400727|oroiyGZWc9Nt5r VXeT4LBoubwrBfoErXPD9UWE
Supplier#000400728|,meROauOP msOTBUxndfEr3u,BC
Supplier#000400754|dGdEauQa6dzIr7f3ukZDjOrM5P7TWT
Supplier#000400772|4DAjec9TYUEuNyD I9R7KlqLtpz0lkE
Supplier#000400815|0ZLEKbdCV0,ZKdwTd2PVvy9NR,CZBG CQ79n
Supplier#000400851|LziaawwBfksmt9dsCGVJJ3,jPL9CkHUO
Supplier#000400862|B8WbrECcmolGVbIdM7
Supplier#000400916|,QbAGw9d9N5mUrfrnjLBnXDImkC1rG,aV4
Supplier#000400951|IM7q7lHbLscOyeMINIkyzat5Ji5VIqcFYKd
Supplier#000401099|D6ebZlGG Pn0,9dI
Supplier#000401100|WYvWTt2Z7hxIPP3nR
Supplier#000401206|Dm70EdO5btbg6wb0d,9qn
Supplier#000401233|sdQ GS6phlSYmoax8dS2HkQpKu992
Supplier#000401250|BVZ2GTyaosLj9UdaTt
Supplier#000401267|rdVxc 0nYsLyhAQAiVxf7fziiwpjz5iC9WUxrF
Supplier#000401283|dqWtr,0tsgyWE7w1p
Supplier#000401317|sJI23IVUQYIS XmUNsRYliT3BBjkN4ozxN
Supplier#000401355|9p92nsRCLP1
Supplier#000401396|lfRd0XgMuPX mrXXYW5ONU37sRKU
Supplier#000401549|H17KZf7cu5MTWZVhZQwA2HMYjAzu34 efdIpETpK
Supplier#000401628|BbXtgE67CBV4wVDHDAYqyGs
Supplier#000401735|CxNBuh4nusb0
Supplier#000401764|fVow sYxIQFGaM7fKcH0ha65n7
Supplier#000401774|HhNn8H71kuIJ
Supplier#000401775|iz9ktx1domrD54JnyS
Supplier#000401927|M,AGfsR871K
Supplier#000401964|,U2tUFZ6BVxXKNItlVc
Supplier#000401981|cqeO71iYcteY4MQziDcGnSrD1MQ
Supplier#000401998|nDZMJp9mR6,eVMEPkPOMi33Nux f,DV
Supplier#000402022|HzZnAc1dIWxINQrDCbo
Supplier#000402073|nddelYSGJ5DXL3C
Supplier#000402172|SnL,byZ5TjUP EKd3Y5fizgz FjwfCP79I
Supplier#000402200|NXy7BoU6G75q3w9X
Supplier#000402227|TdX7Gj2vmNAKjLJbVNggMX8EF3XcIphEGwIs9xAx
Supplier#000402304|MrQJPs6ciSchJC9LRxCuMNKGuxtWjNK
Supplier#000402340|08D532WaHVl,jDAIIqpYNWlRtq15VEyAOXi0 1
Supplier#000402427|ySZg5e9CIJ5oA2c9riAVodl9mM3FwHAd05POjGVd
Supplier#000402433|CZMraA2Ix5i7XVlEMq0E
Supplier#000402533|wuLM FIoM6cWWgjzLND4fVBEPSx6EqT
Supplier#000402590|z2Uc3jQ7nJ6EV9Vo
Supplier#000402634|XhfkvxwJTWoJqYIkT5Qr,16rjXGMcLaU8cG
Supplier#000402667|kQH,7,wwmEXhQPl
Supplier#000402747|rueXA0fmYFyqVpkiYbWwe291ntm GH3N3
Supplier#000402843|pG9jSpwxi6Re,sFqngxy4IKgbg9
Supplier#000402901|t9trZtrt3sXijA
Supplier#000402990|dZu9fIzv 3t2nr P
Supplier#000402995|BucDZ37P IKWzLu9HoHynOJ7RL8MjDF4Lcv0Gj d
Supplier#000403003|HAeGcxs94HeQucQ4mCPwvPh8pRAF,chvR9zc
Supplier#000403015|EKlNg8ngHj,qCXagBrkPvonrx
Supplier#000403053|MOxrebzvbv5naa3WxJBxCed51ov
Supplier#000403083|MZRw5TYq6TDEHjuYZzN6PfC78LFAj7EGU8
Supplier#000403142|Lucdn Wt8arX2HQk19U1uDOK4J 6wB
Supplier#000403184|hu6N7JbN1RA8zxe37whcJVo785gwwcqCsQG
Supplier#000403243|GfdX8XLaVV8iUw1HN4
Supplier#000403269|TBhPJToSWxts eL1wE42 CkJi42wD2fCUO
Supplier#000403310|PQVGHM,6E1XshHikL2rDxwqLltz
Supplier#000403334|a4xmwbt95Udy9RRaMP16SZk89
Supplier#000403398|eS0 zU,xu6JrfNWp4TN6Tb7yqhiZcPS
Supplier#000403426|0,jVOVX2mmAa5xSaEsjgXrT6zjJKe k3 msLHu
Supplier#000403681|8h8cSPU8fiwA2G5RZ3PE6
Supplier#000403736|RvmyLcZ32dLoZwogkk
Supplier#000403747|yZ67iAPdU8wKDsEX
Supplier#000403828|VxqjgcxVrqg9
Supplier#000403922|30ZEfFLXomWcaXM7Y6rIajp,EYUPc7ma
Supplier#000404040|yagIBQNXKQiC763JCoUW
Supplier#000404044|Nb05d0fkOsO0J6DLsgtX,UIaCtsltKsuwF08
Supplier#000404106|9vwUZfNh2L6tscBrqp4eJ
Supplier#000404172|,zD39G40hpKD9F,YdD8m,P UOhLjRk
Supplier#000404244| dQBdgZTvgjVxFBCv
Supplier#000404316|b9c1MZ8XrKPKmeiuvySSCJQ2qBNvGvSmuEnsK1zc
Supplier#000404343|z0,sW0uDBTQ2udEzY
Supplier#000404344|Iv8 8ILWN8S4KGStR nZlRnexG5Wo5Fza
Supplier#000404354|gtbeJ,HGydAEJ2fP
Supplier#000404370|YOiyE6F8VHczzSmXfHon
Supplier#000404380|6xbFBGVuReod0M5
Supplier#000404382|L71IcJxm12AP
Supplier#000404400|WnU9yK9TUkWU09GbaF
Supplier#000404403|diTxEyyM30f8v6vFnFowsiCuHJbovrQeF
Supplier#000404425|9mEFgoPOfKhDZLw,4
Supplier#000404476|O32lkvHMfvIYn3D00aaetm28d0JixUqMGVl
Supplier#000404535|h7YBk3AWV1
Supplier#000404554|ANd8a2 rtOcHg
Supplier#000404611|pXvMJByEW8cTUpD
Supplier#000404633|YgSyviY1vXMV3WT3
Supplier#000404674| 67BOwZbjt1W6JpNMLrraOtBnVLxrRJWM,Rh
Supplier#000404725|sDWQlAVRZ5xjf7ZgWd4vUv, cX4cv6ANy
Supplier#000404755|y3w37UwYmDfD7PAr5m,pvCD0aQblFHlw
Supplier#000404867|hitzh5fBvRgj,Mz hlBs1U
Supplier#000405053|LxhQs7XPdFiyi9lL9AyVLdx
Supplier#000405140|QkcZ2OEImqz,SJ
Supplier#000405315|uHEcvHOppOFai8kB1GqbiRIo9
Supplier#000405344|FZE2B3f2u3mtUs4g
Supplier#000405375|qxWJvFL0ht2r
Supplier#000405444|G3fMIPGcEsSo227mra1DVUfp9lZIv5u17y
Supplier#000405486|KgjhWXsfpXb9TD88RJKB5W
Supplier#000405500|dUMDlJFx683wlOEj6ijDFOLQ
Supplier#000405540| 0nmNXhkPdCXLUAfLW  A
Supplier#000405617|HUQct87YuntKm22zE5yT1nxU,74xCqhVVr,d5
Supplier#000405626|aRYdtKPnHZZvp R9Xn gTVJa0b5AC2N
Supplier#000405636|hYyPjKw58cWDjvvYnsum,ZkIkAUBxbUSoJBUAX5
Supplier#000405648|pw2KpKR6Wf1ee5GpV,oDOaZSXGg
Supplier#000405707|yfvtpnn SeWLJJyCmJVtziLy
Supplier#000405759|eyb4e6 5MGRR6HC2IGX
Supplier#000405762|RhMFDK82OSPt3RV8T98909JpXlkWz6Ftj
Supplier#000405844|Z,7yYrFIycUJt5LNm23GvUGv
Supplier#000405897|toSzVxsR wEtUlIJjmAhw
Supplier#000405905|CoN06ONqKTcwhAHv7rnLxV7inAsmsopCEaYrgCRS
Supplier#000405936|2wE2eK6pwpoePw9zdCN
Supplier#000406040|X1orct6x3ECV EqR7otsHELEBPIiCwjNWz
Supplier#000406164|gv,lqwlBj56emTtn0cjTW4LQRSbq tUhvo48if
Supplier#000406363|g7C1b5ev6kH
Supplier#000406450|PsForAgOOEJO3qylT1uEixH,
Supplier#000406458|KbQCrIlp,T3eing7kAMicq0
Supplier#000406462|vdbgI8u,KNI
Supplier#000406508|7b2m yyNkmeU8 IJAErIEE
Supplier#000406514|Nhn5fPUVz90ny1TEL5BrjkCNKlD2OkbaGSCVpU
Supplier#000406621|y9H,7x9SyBU4z0d8HnWa0X2aI3Vn9EES9AslC
Supplier#000406629|x3xmIzAv2POMXPVbVR4C
Supplier#000406656|7YraiWn9ONTGDyl1DoFVGjPDgKsm0f8mi7AJnK
Supplier#000406669|vP9jQXyQSTYGEef
Supplier#000406706|,l1QvphOOs3PqtCca
Supplier#000406748|rgMn8lLd8q7dd
Supplier#000406825|g11hNiMHyiqdZqm
Supplier#000406857|nc5EEaZKizVQDOgeJwFDFJ8S
Supplier#000406891|hMqP0syWx57KeqhHSOj,6,yqGsmBp8HtaBVK2V5
Supplier#000406928|djfXGueUloWm5Ctqp5L2cY
Supplier#000407006|sqii16GoxEz6smZEaUIRY1p,digc62G 3XCzzge
Supplier#000407015|cC,ZNCAbOXdu1D MKxqaWZ4kXpLCDXmJkwfCH
Supplier#000407034| vLJdwXH0NPq3rm6
Supplier#000407050|y7D,v4Lg0Z3zWJRxiJnu8j,XCgA
Supplier#000407102|zmmcquLS1xsjmpNa2aLuUbWqTUiIHB
Supplier#000407137|U6NUPG8IlNTPY,xAw75AltWRyJRfT6zMBbtBjqO
Supplier#000407151|Auk k9FBYdQV2OHVcB3
Supplier#000407270|rdpY55OfCYStHAdOGh0BtA1 ia2fs
Supplier#000407271|TvmO3DKapyEPvk,jRRLv9NEjn06I1FWX1E
Supplier#000407322|rgtQhL32mIG8 RPmYwbA5yaX
Supplier#000407352|32ff5iEwPzST
Supplier#000407509|XwSpMDeF108C TO2d
Supplier#000407531|2,szQOgHgMzvHnmD7dAD2Bao2Oo76oeC,YIfA
Supplier#000407551|hLPxJepH POgg6gwrCoqlzA
Supplier#000407559|GKWFE6kxK9m4ylumDxADoUDymA
Supplier#000407623|ixVT5L6TfAoLOmH23y
Supplier#000407710|9F0aYnoTNfPp1PV3sxsO5Zb
Supplier#000407760|TRVKpmqt9SgQLalT JtYXDlN9
Supplier#000408044|USkwu1lw9WFKJ8YJT G,pSFzcppPdG
Supplier#000408071|gWK7mydIVcWNVRc2WgaFrtYxIhPRiMUVk
Supplier#000408188|cOlFMBON2BVaaHCujQyYgBbs6GYCEiS6MYLGR
Supplier#000408244|bVo2fgVirXrTZ2 71ifb2Ev4q7Wchi9aOozO6
Supplier#000408263|2nyKry0bDwnwSylWwhuSahq9KyReh
Supplier#000408325|Fe4ZQ1z 8ZNnCQX,4
Supplier#000408372|HprAmRsQZZQBE6CWMgo3B0 uoNBk223igMKfIL
Supplier#000408391|OeY HfbTbtJ8ddqwq
Supplier#000408428|X,vVGnXeEfPobjl6DvjviUmmTZiqm
Supplier#000408478|C6oPG4,HA7I,y8ZBZ6uRCpvVsO8Yb44bd vV4j
Supplier#000408655|J1wFlc0y0cmxrxvNlg24t26hHU
Supplier#000408723|6vJBGQRBU6Sv4b2oy6aEuqFVrYJ9oabC7 cTcXa
Supplier#000408764|,Q 41,JoCoBhpgfaJptq5SBdvN
Supplier#000408765|LXbm7JEVrjCjw788PW
Supplier#000408857|Om2kMF9JR4YSAhZ
Supplier#000409083|YERRLPK0blxA8MZBVO
Supplier#000409095|hYzRdbhFsOY53wG8HfcI,Z9HFGBVM
Supplier#000409097|84drDetO3031VYBv7Debl
Supplier#000409115|bzXp7jBPGJ
Supplier#000409182|A1Z nD8fsI0nvaiZyfM046BE3D80jwm,n8
Supplier#000409428|0mQ4aoGykWKu
Supplier#000409528|HQNzw1NIWn7fBO2JU7ZWMm6dSQb40h
Supplier#000409575|ovsTOMZN1HUc
Supplier#000409618|KOLdbnfwcbpMtB0SmhkQCK9quzyNP
Supplier#000409641|W8JSooFAQgTzpQDjkpbvg6wAE
Supplier#000409646|ephIhh9NN7LoreEfOYUbZUlkz
Supplier#000409711|XW0tqfUTwUy1XXGBuQRfpFOl96r,MY70 6j
Supplier#000409713|rJINTGAU5ePoimKytMR5sk0SNPBP
Supplier#000409793|iqGFQuk0JqO5ZlCwxz V4cLHlFnJyrOb5,WRQsFN
Supplier#000409921|7d4yZYycZzG7JgydLv,k
Supplier#000409936|XJOc fiDAvmr9RiNhFA9zJv11Q PNKLQL
Supplier#000409992|pjABlhO5e7AYll5U3qVC1ULhriFbZls39D
Supplier#000410021|S0MEei6n6V hLrsZWiy
Supplier#000410093|FzoRuizTFrs1TDqrj0g erE,Bf6F
Supplier#000410129|nDvYzwRuYE,sSLgv3rNg2xJuE2Bz
Supplier#000410212|tLxnItEVxYkRpLle
Supplier#000410244|eXmBoqHsi1UrdIj Sjz52nyRWq
Supplier#000410315|ATDgFEcvwS hLwPoIjA5N1Kq8s,VO iqD8,dG
Supplier#000410349|ESJ5mIminWCR5lwOV
Supplier#000410392|noo aqizZnskO GSnUwdX4CVU6s1Hec3QIa
Supplier#000410426|sVHpe0Byx,29E316G0EzbSMKBVQefdVBF2reV
Supplier#000410433|Jqk3upwOBUP
Supplier#000410490|Bdlos5IzFU4Ki6neH1yQ4W2FVb9yAStmmEx6o
Supplier#000410523|aMpnlDxVKPjTjNiQDz2q8AOsliYmI,5ZPC
Supplier#000410551|tQO3jbOmxd9BmFN8
Supplier#000410558|8wlhh1QAAvPj2M8obvl5ijyJdyMMMSz
Supplier#000410678|2mhuxjAIskX3q60bWWAigAHrD7pCo1w
Supplier#000410728|0cnKcyCcNE9 wf
Supplier#000410736|bA2lokqJoYQP,3Dcp9JM21
Supplier#000410745|0 63y ZmLslk4yvckQrG8M7e
Supplier#000410768|ChWRPCZa84XTYVY0dMi8J8bST6msd
Supplier#000410890|1quHiGv0AtibV x ACEzvjRq6tTNF
Supplier#000410910|jGoTUKVfo68j5X9ZFvj1a,ayBSB
Supplier#000410911|9fRa7BcZDMpJqAZm cdkhLovlR
Supplier#000410948|jzO7EmwSN0KKce
Supplier#000411020|BuuE6wnN2RNXR
Supplier#000411060|cZ3JsEQXk4h BPpKqVW4uO0FhdHaUKUDtB
Supplier#000411144|kXJg8yNsnyW1p9X4A7c6y3iqow4sWtCEw8 j4c
Supplier#000411233|MaWitn,4LkjopJtZrTa3
Supplier#000411251|rJ,9CcZPYMexPxz8E
Supplier#000411280|0yJF52OuxnTWCup6wr9UCU8lrfydk
Supplier#000411430|aP1LXsCCHDYRynt86c3iC0rt3 5WvzuRLlkJ
Supplier#000411501|l9JhW7wjIFByksv4z5m6aUTai5jDyEGkC45kKzNZ
Supplier#000411513|2zlu5RBuHxKLEpCckXA1,nl2j
Supplier#000411532|t,uB5SwCkY26BkMPlSvnjPYYLs7JPw7ayVPe
Supplier#000411571|Jnns dQiYkkdesH4n9nCUD6rKKJrHRgyb
Supplier#000411718|nZhFnhSdmw8dEiF30O26
Supplier#000411727|kHPowmSvQmF
Supplier#000411779|NuwT86DKpKkq7FhPnb0bZGoFrXo,TnZuFeSOpFRG
Supplier#000411796| n661AFhNDWF3YFN0Xe84oKMagl
Supplier#000411808|1g0PmPuFIN8b,JQQc2g6xTNMsSp
Supplier#000411866|5Aq46U9WvM,UxCRaX1
Supplier#000411899|v6yOzLUh0NfcitCO4akWbwKxFnUB13D6tdrBzOlF
Supplier#000411914| Q0x3z1Jyi5
Supplier#000411955|D6UTgKhUrczwsuMyEB
Supplier#000411994|kNHP1lvctRWHPVHxfZAbjPoXw Bapio
Supplier#000412168|g3oAIGQVeNFfyYGvQX
Supplier#000412230|miUkwse,ffLO 
Supplier#000412334|imLgqg0D8BpMm1zvt13U
Supplier#000412343|bZDQaEdtqcawCISOdGwHOwMPT4vpRFL EuOhs
Supplier#000412359|LL8hUt,Uj3So2ywZidxaMBHFmMQPCB
Supplier#000412491|zhbR2 YDaxHUYaM6LQ5
Supplier#000412543|JCjRM04zqHQOJIKBZEviwcM8S1i7Kvr
Supplier#000412565|l2T9KXNDqaE
Supplier#000412604|00Pq1kXCdD6PcPhCM0hzxVwy8lZ MvHVF k
Supplier#000412710|wh GYsyI2XYuJ4H0U,adr3eg3QFyqo6Or6
Supplier#000412837|deKk RWSX1Cy25pW
Supplier#000412909|OOLTXIfNpudFRp5q01x81VffmX6b
Supplier#000412931|iM16ykIMVsenMjfEU68hQt9cDa
Supplier#000412973|2dBqJa CBagd4wz,BLL
Supplier#000413028|wLFEkAaAram9UXgUf33Cgb,9ipQvIXwMY2
Supplier#000413115|5VfvVsDqa YnLnGSExwGbYPAFNC
Supplier#000413121|k23tKgLj8QawxWoEe0
Supplier#000413237|43n3qiZxpD TED8311f
Supplier#000413245|gjQEToXfHMiASerfbsBtA99MpP
Supplier#000413251|G1vVFEkIE Uy6Y4jFL1aSPMhkxVHO8U
Supplier#000413278|qunLH4jK hdwQ07IY
Supplier#000413297|QqtfOQRIRw7lm41SsY3ty yZVriCDY
Supplier#000413470|L9B2p197MTNmgaEkNbd4xC7iyaepe4aBg1wvaj
Supplier#000413499|rOIormHp SPL9n
Supplier#000413503|XChlk,zd7vDJxVud3oKrfYIkR,mELVE
Supplier#000413522|4hEuyTPZBtAnJXCV0KPWvOkBlCSox3pzK9QHwP
Supplier#000413524|nWJvsT8zshDaJfwX9A 09Bgp60ccljnTxOx5ym6z
Supplier#000413563|,y4PVM3,l0ZNMydZcX2
Supplier#000413580|P3ydkzKjGILFFd8wIX
Supplier#000413754|ad4b3k0pYeistMrmIFFpMtDQjhkvlE 
Supplier#000413774|rwnmjzO,RmXnTI4EgiKHbkd Q0XE Sqf
Supplier#000413800|mWeZfTG02wzY02Lhewax7j1kd,CYw43kb
Supplier#000413824|FZtps ZKf Izj0 H12gcFv746sk6
Supplier#000413844|VR1zH9eSXyBuv9tn2oE
Supplier#000413962|AvX8DjU565KO7R2cZwXiAxCRhTsx5uzL 
Supplier#000413963|VB7L3saRthBvIVPrt31BaDyOuHisaMo2KbI
Supplier#000413978|w3Tjp8UtANn84ddPCISx
Supplier#000414001|KiW1aW5OU,t5mozZ
Supplier#000414006|1V2gnI5eGRjpW0g9FJIza USYsR3JyHO
Supplier#000414057|hbUdlB5XxOixuFlPzNP
Supplier#000414100|YbTXpPJ772Jqk,rasOah1BAaHWCx
Supplier#000414122|PyDJtp,cp1wVmy13BoKAYCJzZe1ZDoNNLRJj5
Supplier#000414124|6Sj1C7iB69EWrKz1iagZKYZW5e72kbs1PRUujAn
Supplier#000414205|FXhqIagdvgDgchOYqvFCgnux7UREHCAYa 
Supplier#000414346|cf,SfAQG,S8S2hQS,p6fdwflrpCe
Supplier#000414498|zlGK0glztDuHwED57W8I48Yq2OgcFPPEeVOU
Supplier#000414530|,G55Tatxo0iCGUCfOlHsqsZg06IjZEbi D
Supplier#000414543|Yc7vM66osxZiCWya
Supplier#000414597|aMAVFRdfk0htVC29qnD,sIfr1pgxVpO
Supplier#000414647|PogPgUuyWaStsspr7 SXKUmIzjDgpsy
Supplier#000414691| 1I9BCsNeZRZPxtUcwwuJ4mDE
Supplier#000414795|bBiahCN pAdEAcvle MyzIGv6392gFe6lyo
Supplier#000414810|igWqGLXKZGcTU
Supplier#000414990|Q9HKgns7PrveA
Supplier#000415127|hjh1OsSnBiDU
Supplier#000415139|gABLYa80 BV5ttT
Supplier#000415149|pIEySUJeSHbgUYrNJ4
Supplier#000415198| FSvhzP8j8LtrMp
Supplier#000415290|pheoUnGRb8dKL3xt,VOyvpF8MqY9RphApMs6b8QL
Supplier#000415379|Acd87 gu1XNlfMBJ9wOc
Supplier#000415460|SJLsYjDx1cECpB 
Supplier#000415609|KJy9XsIs,I8KvcMd
Supplier#000415649|HkKHk,lw,LjMF6Qf
Supplier#000415730|6tRJ7evguwSkQWEY6R
Supplier#000415801|lG3hscb s360Pv2bB0hLsNCO2em
Supplier#000415805|UQa6x29b9rCwKc6cGqgXl
Supplier#000415824|l9OhOqcke7482p0
Supplier#000415854|JIuSxedSyLyPIfjCI
Supplier#000415880|5Lu8VJxx3903qpXCI9
Supplier#000416011|GqHSVo4eMSLEuAuqPyk47q
Supplier#000416032|L4Yk8KzBNRtQKGyfjWuegvPBr6oUx
Supplier#000416084|4K7SkECkgn6ENm,2y3dVlKtqVmDSSWEt1NcVgdu 
Supplier#000416154|zYWLIWcvieZOT,oMemwM88,
Supplier#000416180|SefgReR4gywpUDGKTmU0cYaEmb
Supplier#000416211|yysJwhbI85jxAfM0z86PAXuJR
Supplier#000416326|Jbx2oL79oYA5g3fQfAQuZvs89W
Supplier#000416404|5QeHvMMjFoaFLKe33djwO7q7j06PsZyzhP0
Supplier#000416405|J5 qnNvoW0MZYtFH9I,zn8aFJtHoa1tKYqeZ2Sbb
Supplier#000416412|FXwQiXsnvz5mK726XcyZF8
Supplier#000416493|DfP28AuMArSWj sys9K3NAvpiWfUR Zj
Supplier#000416519|eGslEKSmt,fj4xRp
Supplier#000416525|CoBMPsf6ndbqZCHYmaRQm
Supplier#000416541|q23LxvTEIgUOJh5Y1UrOqwKtxV9 B9sGx
Supplier#000416558|a5z0FGksXQAjTMjQZrUfCIezPi5GHfTmRAsv3L
Supplier#000416643|J3mdjR5CrlidHR5oSfjtsTlGEhjn,PNZ30H9gpl
Supplier#000416656|On0aaDzCC9xFT43P,wXSbwlYPLeM
Supplier#000416731|5uCvlzo8Rxbezjet1r6LL2oyB1nUndLv9oZDK
Supplier#000416766|vnNpJOEPUQ4T9Nz
Supplier#000416778|DMiBbTj cQFYsjSMe3rldbnINFCZwBkiv
Supplier#000416808|s0asc,bQ7RQQrw2
Supplier#000416863|4AliwoXRwKPwDXtyJYNtgp3LN
Supplier#000416916|jbK32dDWpzYKSU
Supplier#000416917|,XwejzDIK8GaKTEyMoFN
Supplier#000416978|b qwaZmfw6xVkxX,DiWjGq5sSmYsiLT
Supplier#000417176|hmzq7imFTdSBYTq5B V vOawhwNkQm3toBd
Supplier#000417178|SKYXKBOyWNmAqMNip4Xe1u7B0ympOpnHF6
Supplier#000417198|Ku YhUB,R,a,WU2tq2
Supplier#000417210|32Dn12uIhzj DW,9Rhq5iYu4TIMJtxNxYB6K
Supplier#000417243|JmVkAkjzDmlkzeOjUHsNvdThfEwp0w3F7G8
Supplier#000417260|gij93BCpC,oGHT3jLLsuL8q7j
Supplier#000417341|jtXIb1VIve3SsgGiaWaI3j6RfKiLK7f16O
Supplier#000417389|GaDZzrA7Bj3SLh,nO7Rh2WX
Supplier#000417437|078lMVNA4z0yqxaj0lZcBh
Supplier#000417471|avuZUsG5T5Qegrccjy39B3r ,ZGaYQciw1iHG
Supplier#000417552|SCuMnH6Nw2GeT5KeoiML,xjhv
Supplier#000417741|Z2bJtauQm8Xx0
Supplier#000417780|CHT2WjD8SNDVdWHgSt3OUHl
Supplier#000417883|O8wOHIxAX8v,OyuYtx38q
Supplier#000417903|3M3k58f1Em2EE3J7 jH0pDI5Otv7ixnRhIsk6nFR
Supplier#000417914|7AfOK2Lp0VWgkF,hQCK1E3j51V2vfmGS
Supplier#000417916|6wVFp2U0EkZvYDu3bjJmRDRHoiHu0GV,Y
Supplier#000417919|zMtw52zVFgPY1QQQdfnUp8Rs5Pxhbq6h5D6Y8a,
Supplier#000417977|lvC89XfgVQ Y61lMwfbmLa
Supplier#000418113|kAHto5mUBuzRjtT en8pUXIbzDxggqEZFzzl
Supplier#000418130|tu3BL5NMqp
Supplier#000418157|q3Ns8AGosZ4WplgmNxaAnTFJKmWOZ8
Supplier#000418173|2fB3KuOPIpsUP5hQ7m6h5fwrpWqmJ5q4R1f5wWtI
Supplier#000418210|ywr1qwKTuIxm17az5ZOUEty
Supplier#000418243|S5qdO,gRZ54mysWOCd
Supplier#000418464|d9FuTwAmdWoEfBKG
Supplier#000418509|ISMObnvpIapwR0oVKLE7sML0
Supplier#000418534|ZqTptP8MKSt
Supplier#000418570|PK4cnZHBNzCgDhZXFvz7tW0iVYLXMg0,ncI8
Supplier#000418588|GTtE7BLbCqtZ41Du0H1OGGJ
Supplier#000418685|lIpaPxdeAnc2ZRKd
Supplier#000418711|ucIiUycAqv JVtYLFpEW1nCjQGMc5NFR
Supplier#000418810|Bbrd4cFYsxERg4YZ2YAFTWl
Supplier#000418917|Fy eZZ,8u 0SjdC9JfqohHsmkPaG8jF1
Supplier#000418962|26lR4TYwtnFBlX7BHodRMn gQQJs,
Supplier#000419009|IZclM2Vz3SAdqa
Supplier#000419136|EVDxsesZ,5fBwBzUN
Supplier#000419149|ztLmjKRtgY1GggKhMfanigfO3bDTF4HzU
Supplier#000419203|tj7zGrS2jipN l7,eGKNdCG261g2b
Supplier#000419242|XJpSW66Q6i
Supplier#000419247|U DX8v0H3GXxNplTTF CJ4WVe3 gKjJMBBvA 9h
Supplier#000419286|PqfHmXT85XycwxEk3TdtyJFVBYGuFT8hDwr11
Supplier#000419317|O6tPffoy7olU8lzHW3j42yGIEdaO2rOcU8XbtfA
Supplier#000419377|XhHxSciqOLRFrWcQucvb 4N6Iczb7gMZ1F
Supplier#000419391|YHNkZL3We6sThST8KUT
Supplier#000419404|0jDc2eBjF2
Supplier#000419425|,J8ORecDVJcaugBdt2wK
Supplier#000419450|Yr1J2tNhW3symX3zDE
Supplier#000419499|fmCo4y,W4s2LCBkU0OgFR8H4xaq3
Supplier#000419581|Hw5uBseaUB CkHH2PuqGHbKhSDVzYi
Supplier#000419627|LCfCIy8fSsEg8CIYl7FZr3mJAzMrxIrTK4Cl79V
Supplier#000419798|FEMWhNNJGDETo
Supplier#000419826|yuUKttH,ud3cM
Supplier#000419846|yJ1ty7BxLPVts6OAcKtxV9f
Supplier#000419899|qT7cpe HEZMlrRS9BL5RaM
Supplier#000419968|lR2KiXC7l0XV65FB
Supplier#000420055|7tM8Q,2jOiGhOetADyWp9Wa4z8YKgs RrxN,
Supplier#000420071|HCnzeoJQfF
Supplier#000420114|yS6oLGxwOa5RDy
Supplier#000420115|6IAkcEozUNPopWC0b08v E7AJV5MWlLD2p2zj
Supplier#000420265|2EOuOfKpbvP82kGYxlYpQ84xVL7D51cd9
Supplier#000420277|SJsoncqkxlbJCRww7bUC3Otmns57Gc
Supplier#000420325|zKfgXm5dmezJP5E2SDpTlr9UknfBqGORaL
Supplier#000420332|,2ph97Zs8R2
Supplier#000420370|8uVusIVUcVyOBYil9ApLw6NEdVi5 npFBF4
Supplier#000420415|H4STJJrK6mNOki4ZkDmDZ
Supplier#000420496|uBeBnpYm4TZvjE0PgJ,uG0ZdLQWxn C
Supplier#000420788|,MWkffL,u2XPhTpnFzhaOf7H8CD3zTb7rfZ7
Supplier#000421000|WRYpYEVx3JTXG,wejXJP8Cotjd7
Supplier#000421063|DUW GbanJLoKK3vL0,
Supplier#000421194|EbGjwGSVLeUkJOgWzJ
Supplier#000421197|yL4zgofzRFXTnwrI9DxiQC8SX 
Supplier#000421239|Bd,qP7r8erxX36s9M5RWZ
Supplier#000421297|d964H2cqECYGasG0RrVMOp
Supplier#000421308|vzug2WvP7QmADGoswzJFrIqJCFrdDekdovx
Supplier#000421324|yxC5LN3kejkwEQji6xBIfWSYt1
Supplier#000421341|45jLysxlyUPN,1De1Rn z7SFMX
Supplier#000421356|1WNQ022BfKRTucD5Xw3BxcZZ HR7,kA
Supplier#000421421|RL38ZMIdkR
Supplier#000421492|zQ,D d26kaNQFXyTxgmFq9IeWMYZMiOJae49l3  
Supplier#000421502|e8jD1AkhSYSTLAYAJz98Z3r
Supplier#000421566|g,Qj4,4M6SaFj2iw6wTr7L7RiluCI24v
Supplier#000421627|9KquXYpf,n6gCBwXjLdXPE3a0qgl
Supplier#000421677|HqXf5iw23ukhF6LAVC6Aoj7s
Supplier#000421737|n089TB4kl qu1apS
Supplier#000421750|jrLEHUNfH9lC
Supplier#000421763|Rar3XPyXjC3jp0Cg2mOomCCvj
Supplier#000421797|7IErUOW4AcB MNsDGYSpa7aCSU1tgcAQpSPJL4y
Supplier#000421895|82,fBLa4NKHuw 4BSmdfLPtLXCy7DrRx
Supplier#000422018|A1W8XEjr4b64,uSUJ93FqaRLxxL
Supplier#000422053|DgRE,oP5D6DhUfaOI,9k9iiWcqdmZ 6Hn
Supplier#000422089|ZwgD0NS,8cNYdYezInuJouU 
Supplier#000422114|muIs5iGUEROLkEQRbqbSxXp9lUyvX
Supplier#000422187|u7FJsWeeRw3DKj,7CW,pkhq,zruQbxf5
Supplier#000422278|mcmTynB0cWa
Supplier#000422282|7F3dfaLAWI
Supplier#000422385|MYXTL HYhX1n,whX MuJD
Supplier#000422388|LuyrL1HRWfIktmKZfAJ
Supplier#000422451|4OmqfMWUoi,vVlakGzQ
Supplier#000422456|ZWkBiEUe4fBp1AwI9CiqMSxCddVSK7eQh3In5H,S
Supplier#000422496|b11KM9foPM6 I8NW3vQdKgWKo8mBOhPHTq5dg
Supplier#000422541|fqXyvhjaBhSN5rXT
Supplier#000422551|mBoR2FqUQnVQ3UapA,veHyNNOuPLRuiJ
Supplier#000422558|bKEs01Huk Q1T6Z7ZAz,nvp8ss
Supplier#000422565|oJ8,qHk9cVVyn buZbzWaK1ulRj5
Supplier#000422636|DD8l7PDwe,OFWsWLIzUFZH2iMiHH3UKswdVuGn
Supplier#000422659|DcLyWfj3vzEd
Supplier#000422794|BazsseTMmdEXw4pPvhDLaMT
Supplier#000422807|jlOxGA6tKUJhF3
Supplier#000422977|D9NvQQhYFIIfk2Hb
Supplier#000423026|PG242DAYsO
Supplier#000423080|Vp82h0J9I6a9bjWakf
Supplier#000423233|UFTn20t3zez5OvnfnPwvwx0nzssqaKyqxBnz0W
Supplier#000423297|kfCyOEOAJ6croaQNi9
Supplier#000423347|o3DHhlMaauo
Supplier#000423387|Oxi9RT3Ew1DzPZyzuPrveOZM2XzVyjn6N0RyIz
Supplier#000423441|o02TEfMKmUxcFq4TOVZPeta6
Supplier#000423447|eZn94KjiRU2fX1vifcM
Supplier#000423608|aJCnJDs70YW2HzEWAN3rTp1r0pWIdTZe5
Supplier#000424050|,LOLrLy1FJo4aWtrM,gqKo8
Supplier#000424066|LgszhFaKiNv,mwmud
Supplier#000424073|WMUNGdgyz4ZbbTf4 N1
Supplier#000424137|lcwDKWU2uQ3sRc
Supplier#000424202|,NcM5D3tnWALwfc4nMzY8jtSXtj9K7gMh
Supplier#000424494|1I0o,2tGwVFEiOrlaTBVK5wBSrD1Qva
Supplier#000424502|fsqojCbG7LUaOs
Supplier#000424528|R y,aSLQgP9wKmNcXukNgnf9xtGxx1
Supplier#000424589|F14qOuvcn1uWnhN8C1zLT27XYBT1u
Supplier#000424657|w,5KFT0BeQ
Supplier#000424738|Dh,MNh4IvAHiTODXIL3ge5JJb0Mo7q,ADT94hb
Supplier#000424744|Gq6VI6I5GP8D2
Supplier#000424840|5oLv1P81pVc4MU,PC
Supplier#000424911|rogLYziWtb U1Yv
Supplier#000424950|l Z,cSqN7QdbG
Supplier#000424964|fm6UXMRTMRYFQ9CV2wI8
Supplier#000425007|6hmqf,qxdg3MM3frB52Em
Supplier#000425019|B2xSxmbK5V,J9DTZffkTJfDLaPbRo
Supplier#000425029|S2N9JChaQapDitejkE7JBxeOpOOmGrh8UNmygB
Supplier#000425279|Lc5Vu4akGBcErVTuXqMTtrYqVfhPUYzNndqwPny
Supplier#000425330|I6TB6HtBnbyuVQyVRBfXmJqABZrYcHSaUp,jL
Supplier#000425350|HJ 7G,UvZhGILHOGqCHKtIazIQPAhJEyh 
Supplier#000425359|5aAtxqDT8v8YSfmeFjKyw6OjQACKgyfA,8
Supplier#000425481|YcM0,aA0Uy5Bq7EOT2pqWbg5CR
Supplier#000425501|NT0fA rZM9IrR1z,a YV4s0BYdm7Y7
Supplier#000425525|MnL03s4IuWv8BdX8Y
Supplier#000425567|HvM36ExPV8, HSeCSyr4gAQxt26
Supplier#000425625|zXoBdXz2xsulDCD16rh,PG6yTolr94Rm8E7
Supplier#000425652|clq7FrlMj0OyJ08V8LZRR N
Supplier#000425722|X0e8 pjnoFAqyf CMLmHbdMydUoRCAlC,W3hYHZ
Supplier#000425777| YTISE H9PHN9ouyTqOokoNoCpRbmudqS1kqJZ
Supplier#000425830|PLnPTZojc1DYYS58s0MHrhpFUaUGi
Supplier#000425877|7PAnILLkbeKzaU,88H3Yzz7
Supplier#000425903|WGqQAit3OJoWWgxAs
Supplier#000425965|sVaLP0TS1mBJfT5W5jFQsLQWR
Supplier#000425969|AUm0F8OCY3IZwuGlMMBqNMdoYOT9ay ovFo
Supplier#000425972|RvC2aVGniQ4O8aGHPocOfMMaVceTj
Supplier#000426026|XUWKqRGDsy,Me0exI EuHLGCSD
Supplier#000426041|fSt0EGhhyUEyQBm4
Supplier#000426056|4SJr15WWJpzfmVPimaC6frvems
Supplier#000426063|xLxuCPSaO1
Supplier#000426245|Aq GK59,Cq4LARVUvLOlTn35b 6
Supplier#000426260|t Y8GTgKwZ5vTr70BC
Supplier#000426292|0x1BgLA,nMYZfXj
Supplier#000426369|QdmOMTT6fzPWZ
Supplier#000426421|lpuaKYOaPC Bg3QbuXXFyKmHFIqp8BnFN
Supplier#000426462|YIBwIX4GndI0sM3 FTNGcCJZ,ZXN2
Supplier#000426486|jXEKdvVnKtkpXL3kkn4F
Supplier#000426515|cCoiIDmoYRycr6MSiQfe90DPv
Supplier#000426547|T5iOEi42kq
Supplier#000426563|XyekAQ3TSyfkNy,
Supplier#000426723| EK5AsN8 7,vM,yBq3wpTu
Supplier#000427101|tS7SzEzLNwZzuIMbeQPtjxp4
Supplier#000427107|bCLMrpKYkDGtCxpiTv2b1fM1Ye6sDrDTxFooXpD8
Supplier#000427190|02K SrUOVfxWDitC
Supplier#000427200|5GkPTkvXwPDA2ISnqB2lUQiQtm23Cmc7peDzKI r
Supplier#000427257|hVbXOlFKr2cKg14hYliCn5942YrsId09K6p
Supplier#000427263|NkNRpW4Hp2iwX5DDy
Supplier#000427307|Ig6T7,y8PsV2oLZw7xVhF
Supplier#000427347|cnF0etBGPfRBYAjwgwlm2JbaE4tybMKzW4db
Supplier#000427351|XsWvqD3GQRBF4Z8YH9W DfWLEMz3mKpOy09rUzO
Supplier#000427386|Z,2oxFLEWMs5BjDa8rRMMpTdbABPmFRe
Supplier#000427389|DZk9W8I7 eaCnz
Supplier#000427425|t8tjs9Gj7U4Sz,Idje
Supplier#000427429|ENdR4DOGvU202EKGGlc00zWhD2xxH
Supplier#000427442|rkrDtEPcuzu0jUfjwsJffSx,
Supplier#000427560|7Nus6UiQnxBPLH
Supplier#000427676|H4KA4D1PHhpglifjM1cnSwS niQiJi5I jWr
Supplier#000427751|VeiEQ7c8OHAnxGBjZO7KYcHxHf,Xu3HX
Supplier#000427761|6q LhOZZDEV
Supplier#000427765|EgtvjGzWXEZ3kX,GeuTSgFsaf GpH04U
Supplier#000427792|hYj2kbxX6GzxDZH04,3Px3OA28hu2kHMxqlt2Z
Supplier#000427813|S4SBfXwp9BePlbJZz3e O
Supplier#000427820|w7hXhI25OET98M hpo
Supplier#000427827|J,OqkDKwcda9UFgHXf4L8B9TGB
Supplier#000427939|dSY9XKGEktwXqeq1F461gDMLxJ30Ufm2fZ
Supplier#000427983|2szRac kkXt0E XET
Supplier#000428023|jl9nbi1PjGyOW1wQwm0stP5
Supplier#000428051|dqbOwC8bUvVS0rvdqm2K8EVaiSl4JLTW5Rh
Supplier#000428106|uLxhOTTXS, RUmZA CNL3ePQX3Hi oXRGCy,6A
Supplier#000428133|V,bx9hASlFXBqSkMVzH Rxsc
Supplier#000428163|WWS,joAlVFnm9VYKIeILZJ9OQ 3b1c0QgZ7
Supplier#000428302|MLlbTx0S,EGEA61b
Supplier#000428323|1hhA3nu7pLI6OU
Supplier#000428360|xzQp5VR,Z3WVCOk30vT02f1lM8ThS6F7DSuDyM
Supplier#000428611|QdZA7iytQ4iDhvOkQDeqp655V63hZbWM
Supplier#000428646|StI5uYgWBI9qul9m1x BX0Ar,68nlzR dHZfu
Supplier#000428654|QvQr5RrQYgrxxruiMc0eq7wpmd Q03whNN
Supplier#000428673|8Ao SA6YNOx5acaJJHHZ4Humcv 3lzMa
Supplier#000428725|9Z1e0EFzC xUf7g z5wvh0Yi
Supplier#000428768|HC9Ni3SjXKUjs37
Supplier#000428937|Q4PRoHBsAyuLNVn44
Supplier#000429278|jge6BsTo9HmocAl5v9mqOc,kJQ0U
Supplier#000429571|l6NLNEprPDsJE7wnRuuUl1jSO
Supplier#000429572|u hG1r2ZiblkHxylqdYYCXX
Supplier#000429676|QlCY12ijBrfYwhCrWKAD8XqdhUTxtruNvJCv
Supplier#000429708|3T104stxHzIBR61
Supplier#000429751|h6g2QT3thyRBxBlDks3T
Supplier#000429843|A3TeRdiMyXRczXeZgZ,Zs4oTh9OMTGfnH
Supplier#000429853|XAJTDa0Hj9Bep8hIU
Supplier#000429870| DwMn7LTLa3hw7
Supplier#000429905|DENWWKWeNiUmCK5WnD8r1TuyShY7q0
Supplier#000429976|jWzjMssD,7ba2mn0TUgrlUte
Supplier#000430008|kM6rXSO,eN,g9n0ya72ZpvsCs
Supplier#000430011|IuRdsIJQtU
Supplier#000430078|3VD8ey3yJZPfbMI,Sy0dNo
Supplier#000430179|jvs O5tuQCvqAgcslahnwo2MrbMJDFAgLh
Supplier#000430210|HF3JEOnX4Z9eda4JyVlku4N0
Supplier#000430373|Fs6dgzSdowa
Supplier#000430388|tBJvsR0O6gm,uZDbWbXLPBvvd5V7A964
Supplier#000430419|zHlcC9AylpSb4HCEB5
Supplier#000430500|zXF66ghZS1j1y1ih61dg0Qgra6AcwY
Supplier#000430511|C1pixtBNE AhfCqzWdsRrdeeHA1 QavJo7Tr
Supplier#000430518|NiFkxf6CJTWVjtoQalqUNmeIM
Supplier#000430579|QDV33ZQOrUkvxbR3EA7cpDX
Supplier#000430657|C5LRkgHfeRI9I
Supplier#000430689|vsjtGtzqts
Supplier#000430693|9fwfHYrCqr8AsFFODmSL2aOpo,1e9v,3F3J
Supplier#000430712|4dZ9YCfoJ5ejEwm7ENYm5p8ZXREMdwqvwF1F
Supplier#000430799|O6ypZwP bz51kNPLI B8jz
Supplier#000430838|FIKmaf,VbrDLNKnw2X
Supplier#000430866|f b8HoRnlog77FkQx,MZOyc
Supplier#000431038|ZYWqBkLdVGGC7N4Jj1
Supplier#000431047|,Xjg4Q9NCnaCKzgMhiHqleROzGKE 4,7yeQ
Supplier#000431192|dOSuveoBf i8vCX2DSv
Supplier#000431303|s,NpwXdJtmnNckngvUEU
Supplier#000431316|nC3bJt kypuEI7497x 5khmOT89qtPVTfXmPKA
Supplier#000431387|QjGnRzKzJ3GkpHSbn3JGOsSPa0DEd1U
Supplier#000431431|e,hrC83LgI902V9d9KzBK0pMNdodv82cdN
Supplier#000431535|,zpQSE TbD9qtQ81YSYeJEPLqmvPibZqfmWg6OG
Supplier#000431624|2PdWF,dqD gzdYKyqxMOEYYYhzW4rDZOLGu8
Supplier#000431690|Gskh2 xOgi
Supplier#000431712|i8jb1NFvcZuEpg3G8n,70uykgUHLC1t
Supplier#000431750|busU6gyOznN4BNWRtMHzzihN2LCrqv6DwbmS
Supplier#000431776|Q1QjjCEMaXVTAPMhF2aFgBB0OOl4oz
Supplier#000431787|ysAbb4Qzmfl60rIHeYRdYtq9rhKH55wwJ
Supplier#000431842|uD 7Z8nY Rgv1Jzs
Supplier#000431945|1s56Wz00ZV1tfPK7da60bBR
Supplier#000432008|TSzD55oy uu4w,cEUOZ
Supplier#000432129|mmyiGW0pVgnA,ZlxxDGh62TuplzFc
Supplier#000432234|lp9cnM2nSR8,m44WipLkfGR2Muhj  Ixd1
Supplier#000432268|MRGztVOSh6Dasn,N9DA XItjlGc7x
Supplier#000432342|I Eo34EzdZNlPaq H0SeQUNngiDHToKZ4ghs5Obl
Supplier#000432363|4N5Z4m,rwdx,jm1ANasaG BlGxFA4RsDY
Supplier#000432444|k4 Z33ABMyTV9ag,A2OqMO1JhWE,se0sm
Supplier#000432454|BpUhprSHTFR begAWP1XqE9O3mKmFIvhDUd7Y5,o
Supplier#000432486|7dmPzaH9O7w,BQ95VEitRKhWdcCEM
Supplier#000432502|g 1mo6hjQ,1WGm6mdlDKQFyp8firvGMOe
Supplier#000432560|QediFtgJgjBgvzckZVAWR
Supplier#000432605|6LDe HZHK,
Supplier#000432713|XhU,4xFjrCId19PO8OtHIt8w5
Supplier#000432801|TdOdz5N,4YLQQ9GvAQpAlU57
Supplier#000432972|sZLCC3UrJW4VxuvJIlqa6tnXaPAnONks8Tfu
Supplier#000433046|ew0SufQ9A,iQVTQfQYxRrv Phr9
Supplier#000433066|lti5UCCjNruD5ZSPd6Uh6PjfEZ ksOJTQviHq00D
Supplier#000433184|iVcvWJ3tSZqvUKk7cAyJtuekWM4tAX lcRfRVJx
Supplier#000433197|CHtzlHuHbkWqIdbFfSiY3pLE KF0zh3Vi41rA51
Supplier#000433220|zcl91oVftUdCFYK2Bs1GUD4X8usaBnp
Supplier#000433239|2ljM,tXQaHHSjsjqD3BKUuA3OTHgDNIaTUFR00
Supplier#000433249|bOETpx,WDH68yyNL
Supplier#000433285|inWqWiGsrsHSB7H2rEL1yFSdeBw0lsG
Supplier#000433349|yvkxB9yxcTvpcVwPoQditu3,JMJMELoBK2G
Supplier#000433409|6p vltvTdlVwaJLIX4bGpvu0
Supplier#000433472|esHbrIhz3soOV DAO
Supplier#000433476|NDN1NP5OoP ,TgsDYVBnx0c6J5NoWq0O5Exr3hMI
Supplier#000433562|wsfdpW74j QqU
Supplier#000433590|88bpRTl0UcZTH8evWy4fxAMLNFuLI
Supplier#000433596|1qKnbmdly7hlv
Supplier#000433634|Ckk9sV0ISiMy7eyuMSuENb
Supplier#000433670|cTQj2tlNEDu,sx
Supplier#000433676|h4sl51kyY0,dNYvomOeqRCQe
Supplier#000433754|FhbYf2a8sa
Supplier#000433836|eDpPeEffRyToht
Supplier#000433876|a05KcWoFavBFQ1E2N3PxjI6d
Supplier#000433897|AmPAA4linJhEoeA8QUE NfIhTl091NPFNz90e7
Supplier#000433931|roU2E4DUFS3u53zsFkh,hqi9uVwJ1
Supplier#000433945|X6f7ZpK gu19owii8BzPck6N
Supplier#000434036|hL fzo5ZXeIUMjINJAlAuitC8F
Supplier#000434058|kW9M8AcOA 1dEC2H3nQTP57V
Supplier#000434070|Unpn9m6d8vZSWCzA0Bscv7u1EtGXb1PbQGD h
Supplier#000434151|MuFvzprPcgTs1sm t21pF5uIvnmuTtJDZEpoUQ,u
Supplier#000434194|gByt8xZBD54hCjG,6
Supplier#000434300|8f7aHblkNj0x2U2E9B3hoaFn7tL8
Supplier#000434338|5j8bxw37LMiGCchFwj79H1xktG21IRQjyHC
Supplier#000434359|WZ8hJig1en0gnGyROEBEZWHIA tQO4d
Supplier#000434439|zV4LhtuEqD,tU1JyBLqPF
Supplier#000434597|XFUuNyjTVg9AfomO5vzTw1EUJrn84z6TY
Supplier#000434624|I4XhckrQRVEmn8m6jUHJTA2WfcK Ap
Supplier#000434634|GGphPahrK5huNxEhkEdDh86tnThxPpO
Supplier#000434637|eSLVV7OPQtc
Supplier#000434674| ,3rTqSDQavsFZbSyqXPR2TuAdUKffVwl
Supplier#000434685|jGRw6mhwRt3vCkkeO8d
Supplier#000434793|2ExzdK snH47Lg1KFcamw3C4gbB6HF,BhTzIL
Supplier#000434799|bH4sHihEj008QVBg15lzDi8pP JigOOl1BWK
Supplier#000434818|jDU3hiQ3jnuRrjelqWRh9
Supplier#000434823|1FeKOagUMSXt,Mf
Supplier#000434830|zbgUZ4i88IJMZRM2aN
Supplier#000434893|moQb4pW7K,puWaLMmE86aCn 8
Supplier#000434992|QDtuD36cUngD4nG7kz0TABOUo2GkuP
Supplier#000435027|HqXM5ox2MZO
Supplier#000435061|Dt9mZ,K2fFLs6rkz  Vo9
Supplier#000435073|0c3Rx9m3,TO3E7RxJxKgSSV1Mw
Supplier#000435095|wczSysD WEvwPgryxYcu5vILtPjWTyGYcvjA8k5
Supplier#000435149|EbJm7N7MUvkmKiWykcgRKozjmO5MM
Supplier#000435270|lMf,QhIy6PFKq4yUYlbRiHIQsRy6Ntq9Akg2
Supplier#000435285|YjJnx2RR2tx,Agplw7EkRhUMUaKXTtPx0mmf9
Supplier#000435302|u7diRn3 NB0mGpDiBr5KhuxiWITikYDDBGsCkOJ
Supplier#000435383|SdjSLb4qnaoOUY8rKumTu8Qyn,C,JWm5r6NB
Supplier#000435410|fcZc6hYVvTGDHO6TZFeNA4z
Supplier#000435595|iUib89LXee
Supplier#000435613|cxS0yOoGOhkqW6qtHUrh9k7cRnO
Supplier#000435615|z2OmevfwQ4xs0BZWnZZJ3 WIr
Supplier#000435629|kqMzZXON4 ZkyWBnNKOsxFeapsLYgdGtS9y,9g4d
Supplier#000435644|xa,1m1axNzsfaxCycp8QruEg
Supplier#000435869| bvpPR,ibhzqTEIpP0uhNMXDwQYMLxhGyhhwte
Supplier#000436072|idhoVsBReWiUC UOoOD0NOLer34IO1X
Supplier#000436075|D2hUPB,7FFoDcpsAIY3
Supplier#000436152|iyRVPge 7bYrmUK9f
Supplier#000436171|u quA 8sjmqgb1bRGYNxY
Supplier#000436216|rYs5Jql3TpldCOeTwrYjNSk4E8U15KSYYOhM
Supplier#000436228|NogTQJtrn8BAlI0ks10209LVjh18TEGB
Supplier#000436284|udZnCMe2i8zOM7TbsnD
Supplier#000436303|Thhc48bEdNj2BSsd0yAbpFx4Iq 2 ,Fz uh
Supplier#000436387|qur,TbHb8pFEUQ
Supplier#000436448|m1jLgvn4jWY0MvcdBI0FPNa6xjR XqhDG
Supplier#000436485|UYRnOQERzZmqyAUgVOKLuw5Erp
Supplier#000436500|lFUHPkmoqWNkbLc
Supplier#000436522|9WhRrlJ0tbHt2EKhH
Supplier#000436555|exCCkf71WKSfg
Supplier#000436567|0YygCgo0bFGxtgLC,NUN
Supplier#000436668|,NW4dDi6OaWl1UL
Supplier#000436670|wLonHWSABM86Zzd6PR7xkkEbmq
Supplier#000436698|zzJsWHKR5QsQ
Supplier#000436727|56P4DZpCc8jRi0Eq8LlcSUIi GxPkK01RI4oIZ3
Supplier#000436755|TaDhhZkXbHQUzfPcQBtyrym0dyPAunBU4uy
Supplier#000436787|ho2LcWGJ0rM3d sbLmxCcz1uDKL
Supplier#000436817|nWvvkMWrUrwODm
Supplier#000436878|6UuZTY4xywlGos8QAok
Supplier#000436898|XWQ6QWKcZnypU5fpbu 
Supplier#000436932|pSH 8yk42uKzDXLuEYZ2O4hK 
Supplier#000436959|nWuz3IlNer0hw58,wcstwUDqnXGgFkF014
Supplier#000436982| ,XaSQPnntg3MM Cz989Uyy5WnpRNGhVVFRWKok1
Supplier#000437045|VvlDTWAGADWTNq,Mc2Fl01AChz4BELywMcWTRl
Supplier#000437081|gNZwWgWW7iE8
Supplier#000437187|RHTNIhL58eKm2v
Supplier#000437197|t,I4LIPK9C9vRIL9l
Supplier#000437283|iwCAJYKbEo8DqcC,pu IB9UH5gv2kgW0rpZ
Supplier#000437381|APvfOo6DIFYsxYOv
Supplier#000437409|0nx4qcOtkpZ4HtdOa9yKjQMlKqJyh0
Supplier#000437430|,d35F8GagkQ ,yxxotAHiqg7x
Supplier#000437627|3q3IzvcFpcKOLnBM3viF19jqsBs
Supplier#000437632|nkZ2efVgWJPiFldLILlOiZYGnhmIvru,
Supplier#000437669|Y9TNTpzYTTFGoHRdcJ5
Supplier#000437685|0GseKBFvbWZjDD79biNZ0BG27al66h
Supplier#000437846|2WYv36enZ,C9R3ix2k1Ll7wQDiHz4V
Supplier#000437851|QmxWvdOJP7GC6JDttrcziHg,krfpTLsswHEkfbX
Supplier#000438028|6CN3XidRv7LVlkXq8Q
Supplier#000438063|KiK1rODvFALKfqVvn2t2Dfzon3ZqfLwA
Supplier#000438071|Ddh0DaigDulTcctp
Supplier#000438103|JbpYVIikwgH2TLmVo6dYCxR8WOZOBh
Supplier#000438104|r59KHEaHVf2Kq YfMPDB7BHUF,cbJlFtY,gbwQAc
Supplier#000438131|kHT 4iZVzN6aSjSRrWU0a
Supplier#000438150|v8YoePrWtW6D2zLFsH
Supplier#000438160|aa7NgWzTQnA8wo76QDuOGt
Supplier#000438183|k,DlYrk8,YlVFxdgUUb56wCgUyRqQVQc
Supplier#000438253|kCxHLOlqKX6VfJ6a8vjrxGjjqum5l4SAdLXS7h1p
Supplier#000438449|jyWoIq5GVIt6m8bVUPzX
Supplier#000438577|uJnM3r9DdqD0
Supplier#000438631|B9bGuvi1YrX0stQYRUC5
Supplier#000438636|aT,2K1 MkXMSBzOmbZPb
Supplier#000438658|VAhyrfkRU5YSUBquCjDuxKuSFMnfFfpuBFt
Supplier#000438659|VX 77FJPTmY,4v rLOptvWKB peGPWo
Supplier#000438771|ePEZFqtfnGxHNs j
Supplier#000438772|OTMrXueT9zOEscS1ZzTA23NIDtiUMeIorWg
Supplier#000438805| fceI7d8MEFW
Supplier#000438839|MjlHUWrUfEiP
Supplier#000438906|V7JuOnOry8fG
Supplier#000438960|nl5ehLCDq9ZVqxMNeM
Supplier#000438966|plFGbVHlVRq
Supplier#000439059|vJdThZHBs1tdESZ4Q9C6qP96kuVtXrki j
Supplier#000439128|Oa1sc0FRRh24cbsJvQcZmAsPsfHhZgGRQnijQ ,
Supplier#000439171|cdZu ThTx1F5q2DsC2hg9816Gj5ZhUwKu6
Supplier#000439189|q0ii4mMBRs0Y ,77od19byNvs FDfwOi00FEu5dC
Supplier#000439209|Ya62RK4BywOeyXsbGq1tEaX
Supplier#000439307|TCyhnAfkr,5U
Supplier#000439413|jdSTh,p3FGn2q L43vMDvsqgrx5IgO
Supplier#000439480|e1dCt,XUbyf7Yv rTOE3
Supplier#000439719|DyHJlFvSNpe0pbYsj6jVoiqsIgO
Supplier#000439902|ZO20HtNqy,rpQDCvfBukjUDcK7au7
Supplier#000439927|XJ1tMJLcNYwWdQ94u0tRSomBWc7o1k666zQWT
Supplier#000439938|vCDlsKPntQJ9nrP,ORsYbwdZ YITbdW5F
Supplier#000439958|TIzGkYLwLV8llHp,lrl9gzD,pvIY
Supplier#000440081|LCYObT,dWVJ01plDoyos0 IIKBq8odj9Z9XIk
Supplier#000440145|ysyO05zLquSI835ha,AViGwIdwp2
Supplier#000440153|vJF0UgYikuFK
Supplier#000440225|4CcFh4Eylwvo
Supplier#000440620|tKWoNLcFLM3PUpxMYftpvXxbgOe
Supplier#000440632|y1f8I1xqxd
Supplier#000440646|pLZ,XNGjU5hwcwcJBGOqrF10VacGPsDa2Vc
Supplier#000440718|pKI73mhRXujx1gYXZe,ViPMSO6ao
Supplier#000440775|aFXfbTWw29oZ9
Supplier#000440825|ThOmJX qPAzfnKC ZN
Supplier#000440876|Fjm,nxD2WXwDrLP
Supplier#000440880|wTuircg6Hiny3uVoSMNFPg25Y
Supplier#000440895|48EcvRb14MZKajmXESG3xcy QJo4gdWKQK
Supplier#000440926|RFKuUfVpTT
Supplier#000441003|WlEO3uYUIKAHVf0MAe,jh9sg1Ee3f4
Supplier#000441088|ZnrV3dsKF Sxmg
Supplier#000441104|eB7Iy8C2BRAiLS,jNuFaSFBVp50Z0I7V5q
Supplier#000441114|b8OqowKADAr6sf6Fyms0d1AzlRA
Supplier#000441117|sz9RL,JT6stlSsk
Supplier#000441205|,tmNgyFqFmWMl0tSMAn
Supplier#000441555|t6QNIl4Mm,byAKO
Supplier#000441645|bBz9BoqVynlZwphdtey3A1j2hUS,hNBYIskPH8F1
Supplier#000441735|3DRdcB1d4axOrTlq5NdnTnBr hS4VbwBbj
Supplier#000441799|ShKSZd0WwvijMBZPlXsSSQ1Fh9sz9PTz
Supplier#000441816|aaXkWdWc2TB2fgaBnJtIQiOWoackr0Gj2j5
Supplier#000441850|iK,wnWco2qM8BxBC77B0pdrnoDbmFK g4C
Supplier#000441931|Ag3Igx3QNBqrIaJYw
Supplier#000441993|80 3WKFsz m pYo1Vj5 2
Supplier#000442040|KxUZyPZ6QOrImX,3aLK2SoqfafAPql
Supplier#000442263|8LuyJ4xKUwmugIrFld1azmJl3T4x,Y1a77OTJk
Supplier#000442278|9tzpMf5SIIlYXrBnxcARp8aW
Supplier#000442566|hOnDj2nk2fMEFLEflYgGCGiqNBKSvmJbLCbhJh
Supplier#000442612|HqyJLcRbgdVt,ml f3Q8L5FBz06bSXhwi2Y,6
Supplier#000442657|3SA,2oPmK90oghOUdezTaxvFEZnUVlt44
Supplier#000442829|Zf8trPnoxZn
Supplier#000442889|BpjOGrtzGIAP0I8OGGN hBUIUbFIL4bQ
Supplier#000442993|6m0sMvwCuMOb1pvcW,5zIddmXXs9DGuzbaX7gdw
Supplier#000443057|RwQsR1J1Eemzp2T5mg4ZNOjwf,G1NIJ43pH
Supplier#000443182|ebTC8Wn8hwS51JNZfCwit5hzN6CJrbxE
Supplier#000443234|rgvE2ixdftFRtC5PnVg
Supplier#000443245|4102ORBmiiQdKJh5SkM8sd8thAk,mT
Supplier#000443248|BRgCWSDJV3g8FIOz8sir1k7q7xunRq
Supplier#000443283|JHzLuysMJxDBVV11jOOm7n5 YZB
Supplier#000443617|AC6gyeA0VNoxGJv8w
Supplier#000443680|wzJxawSD8v
Supplier#000443729|hIwgEqpcYJAkx28LdxXdheuR
Supplier#000443778|QP9pUsUdzX0xBm4l9wsb,Y
Supplier#000443783|P,cjm9r8VcGKdVQdIvKaF3mKZ18q93M1I
Supplier#000443835|GjKen IlEv 6K4xwo
Supplier#000443877|cqfCfLuy,9atQScV0T
Supplier#000443887|tfZkuB3bAl9prVkNJzKWL3ig6vTiRtybHotq3
Supplier#000443941|UDUpE5vuKg6UMJzGs7Lh1ZRON tn
Supplier#000444019|8tXs9GH08gHFfKCKjgWCgFISUc3NSlAFvTGi
Supplier#000444043|WjvjOCdB33K,YCAyp
Supplier#000444092|AeLcYPg4dwa3oq703zxvoNCVyZ0t
Supplier#000444184|0ZthZuJ4ltSY3c9M2BAZGb
Supplier#000444294|0T,23F77k83MCppEW,pnIT5 Hz9I5VdVAjLK
Supplier#000444325|xTGy4Q 2NLNSi2ARLOEY6LvoJxjeVys3B2DCUdn1
Supplier#000444340|dpk7o6jAXErvTB YK0YuoTKfDUQXB,XaH
Supplier#000444343|PvNfUR20mxJLCAoTGC
Supplier#000444357|IAem5OgbhgSr  ePvcsAVmOlf
Supplier#000444488|gBF3jznxCCkR
Supplier#000444506|yGWgQIn DMF9aCkioFqS4acKVmi xZ59b0xt0XI
Supplier#000444606|QIE8Kqj,29OsYYKcPkkT GkBxhUT0n
Supplier#000444611|bOoQQzQz3nlB1TC
Supplier#000444617|yuLwxTLuqx50N
Supplier#000444715|,ohR2XaRgVw3L1uw,zNtl
Supplier#000444847|gC67oW8HpMIsomhJdoJcR1UoC
Supplier#000444849|VEzcU6IfCg9u7dNUIU igOZLoYq1XBMlcps
Supplier#000444894|lCT,ovDsHL
Supplier#000445019|TWxg2uLL,2Ql4tRrVYubqpQk
Supplier#000445073|2MwAOtCE,,nIQ9 UUpSjcdLOVG,mTHHaDu4
Supplier#000445167|qv3omtfGX6DjA,C8X3uFIHxsX9mylCBvxJ
Supplier#000445204|7fOknQz3rnLsN32b2qQLBSK7p
Supplier#000445239|s1Ucke6Ci5Naepql3Lnl3ARbgshSEo3X0
Supplier#000445400|6Z4A4LvcX KZ QW7w
Supplier#000445456|esPXG6PrKLnPcMTUM7t04FVAvYYVeuVo
Supplier#000445472|xSvSt6QFhpVCp6KGdZNUvaTKTJ07
Supplier#000445482|7We9S7p4JpsGq3h
Supplier#000445496|ZFSa,5ZPx,6
Supplier#000445689|kOX6bHs59eeYHQ
Supplier#000445771|SjkTFUxDtGj
Supplier#000445840|FpFkNf5Qag14LUbKSHXFaEt
Supplier#000445854|fEuuXWqu1Du7IrrZ81A8
Supplier#000445898|0 ozlCxi7,Y6T
Supplier#000445945|R0p1EMQGfHmJO1bszbR7 n3kAUPt0QUaFod
Supplier#000445956|u5DMPYJMlkCWvSyI,rysoRNAn
Supplier#000446038|vWZqi5EO3H9SCJr5i0BL9
Supplier#000446146|pLI3YdKZ q
Supplier#000446156|VH,1 GRB,70wr
Supplier#000446195|ndLqAvs3FkZSGJKqpR3d
Supplier#000446234|RlwQzQq50TB06fuBN2Od
Supplier#000446295|5RAhKKTrEPnCfqIAvBV6sTHi7Kcn80k4d4k
Supplier#000446316|3LQNNs5q15438EP9Tr0sEUNoRhFZuEb
Supplier#000446331|2vLCtpXxIOJHSHU7n0nRwr
Supplier#000446349|tHqxhlkeEu4fUJr2pxTSAbP8sGk9,eF3
Supplier#000446437|soKKE7LS3THFTA0r3e4tNvz6,E1
Supplier#000446459|ui9GWqWgk,tC
Supplier#000446470|I9mPpORaA1J7T58l
Supplier#000446588|qhKHIjt3N,9D2FMMNTnnebo3297B15
Supplier#000446595|hV56W0U5VXnAUwWxJ,MXdiemIFId1CmY
Supplier#000446700|DV84DZEo1nJ4PMHjx0yd3tBRtuQiHIKOm6
Supplier#000446743|rM 58sOFWK7tEAurhoELFB
Supplier#000446815|43PzPZSfUDpbNShjL9qgYGDS3xxFt7PE3a,Zkp
Supplier#000446817|WkDOtPbdzxW2mr 6omV8mrdaj7f4cuVMqH
Supplier#000446854|F6Khx 0XDTRuSB6b13P8cW 4sj,KXQZ1nu 15
Supplier#000446883|CeoaI8Yzw0DY62CSsuNqTvEqYyyK7x4cilT
Supplier#000446969|VmA2lVYuwpoWh x
Supplier#000446987|QqGeB8sfHofDxaaIcb5iWrM,c1S
Supplier#000447097|fXZolrHTTjYboL,G,FvUS
Supplier#000447107|D37wNpu6teiejfXhhb1mXI
Supplier#000447222|HRBQuNoyJfsfo86mbXl2W,
Supplier#000447249|QpBh4uK4XEJZa1vourFHF53lVF90uIAeC
Supplier#000447250|IxTf6XUo5QbAmfqfuVN
Supplier#000447294|bPhgjVoqRn,k1ci7bFLiaW7jDbbY5R5uZ3m1
Supplier#000447305|hRolkNghLXxL
Supplier#000447320|m2 9Y pzmqIKcFoJ12UMNRe3TbPjNoYw
Supplier#000447367|YB8PS59G0seRr
Supplier#000447379|,3og7GtVutp
Supplier#000447386|xbr1qdUG8HToTZs,e9a5G9XZF6gfBR419
Supplier#000447466|KUkD wI49qyt5P4jic6a
Supplier#000447506|gC6qvAkFZ,
Supplier#000447544|tBcWuQ55FbCNUunEc
Supplier#000447695|nvG5B oQvtSb2XiMTPxjDLA7o 63d
Supplier#000447745|tfoDf9yZQPjfQTaDp2AiURjpX3DMIq
Supplier#000447769|Bry xKpWd2U6xFn,fnsuz AtF9SvQ,as9
Supplier#000447797|t,xVQ,3uPthfC2ZmQpewez
Supplier#000447815|HU0P,shIoPXPWo4hZ87LM1n5zzKfykSOb
Supplier#000447937|BjpFlj9CrLEXU4
Supplier#000448041|0Lqu86uM2HrdjdcU,AKTS2IzqqE6amIhw
Supplier#000448042|co4IHKfGoKgqJ4Uz
Supplier#000448102|xMMag,J0lZFrLO,dNJOLMk13x4dMg
Supplier#000448109|JNw,EAt XA7Fib5ioHgotdrR7b4BzAtJgxBq
Supplier#000448217|iBkKjbBfaLVJ
Supplier#000448265|iq19CZUrhNDHjS0RVElXqOrOqfx
Supplier#000448312|p1A0wCafVSTOD ugKbpCZ
Supplier#000448333|Yd8NYl66cSrvAl9kWsD3m5q4PDTJtM
Supplier#000448411|cm1LDkRBMqQM,gpy2OsZfDrvXYOygySnRA
Supplier#000448475|5p3eyYNIso2wuZ
Supplier#000448499|485ZJdH5PLuCo2,1N
Supplier#000448505|baKOXa8oARNB5zhbQ9llb4E8BmH3oC
Supplier#000448548|ICNmm,4n7WoNt
Supplier#000448638|kmpKc2QLENy1PlQSMYgO
Supplier#000448671|8W,T0qLYqT0ELfMsts
Supplier#000448711|ns39stibCdjmp5GGHI3maVHlECEr42J1a
Supplier#000448728|pcCgMIn  13C8bFLk32iYFXRoAAL
Supplier#000448749|yizRz, mIaMG64c1zbS9fEkUUDlo
Supplier#000448752|sefO ZvlzbTzVyHevy05xsN
Supplier#000449042|6toU,ti05R1BG
Supplier#000449070|gH4u9AFXxTW7f2r8bDh
Supplier#000449079|faSX67PuUoL6
Supplier#000449152|pY7pProaUMxYilqRnnBegYN3YJJ
Supplier#000449205|yN6Rm,BXLq0uwXGSDANup,bVRiDMyFYy8niz
Supplier#000449238|BniQSqGMFasbXrCoLs
Supplier#000449283|jbbeDwR0pytdAJm0BJIyWdXBm3HFfcmqhj
Supplier#000449307|jY1PjXI6J4EF5BCW20q3E
Supplier#000449355|b82LOACKZaNT0bz2kX
Supplier#000449483|Ge2BldCpjS6Q5G7O3R7
Supplier#000449607|LsFzxO2zwshmNiCGnPzRR
Supplier#000449613|ZyVktmYMqv pzQMUvdzBeVJIDM2VU1uiF
Supplier#000449657|OOJv4IowYDSuP3LxphbWWr16deS7zD8aOAv5
Supplier#000449672|OCup4w4xTZVEyPGYkFTNZ0yOY,hFE
Supplier#000449710|PLD58,PDj0J9L6ASn7fgya9pMt5FQ193XZMKjs
Supplier#000449728|xaDQ8XJv6Wx4v
Supplier#000449870|MJQFE3ob4Mdtn70 VMwe7r6k2JcSyHPoFdS
Supplier#000449898|l1SaFJ1WR9F X6R
Supplier#000449954|ei00iSTHa,xJ5
Supplier#000449996|HjEoj,DI7In
Supplier#000450030|y3NRjaWWin
Supplier#000450131|D7UbA4vZ4msYdQPSEZ 3gGu
Supplier#000450198|tIXhL8S1uUb5MVXp55KHqY7w,QQead09o,UofxsN
Supplier#000450236|MPzIkLjNq8eLuhNog8zc5A
Supplier#000450321|AGGZ1k2,0PjRQ
Supplier#000450335|2USRBE8xfkeIy6
Supplier#000450566|Kce,V4YKELF2aLzmBXsWNeSI
Supplier#000450594|4 zbGKGiDCmeo26
Supplier#000450607|ZfOOhJ0znVbxfGYXagTB2vCu
Supplier#000450625|mtZPL,p9ZCOV3oMN53IAekw6pKosgWChxerldm4
Supplier#000450698|zsbRWxvOSg8KlOJjS7hHON7D
Supplier#000450732|giGfY7y5LvPmYXcF5Jksqfej
Supplier#000450860|N7zphTWemcS1aHy5jGYUG
Supplier#000450898|zCtFyRoU7YI3EK xBa7
Supplier#000451028|qU8EY1mrvZeqL5KzHNGgYRcesN
Supplier#000451076|CiV63z,DQb1i4wOGCk4FVsW2leGyaPgh3oX
Supplier#000451119|FQ8qfV417p bJG16rsH0N2dsnh
Supplier#000451160| X66p829ajUBbac5leJ5vs
Supplier#000451178|Wb0GJ7cTYudWLJbp 7NAaDyxccIrcXdvQ, 
Supplier#000451186|2,vupUjuxos9RuZ
Supplier#000451251|sx3tAj6,7M49ebD 8IJqvpyevn
Supplier#000451369|vvHZjAGZlQHGA,u7HN0d
Supplier#000451382|oiQQCMCEXEk
Supplier#000451412|S2BFoxAQHpzJdHdPZR8mPOCuLzUkDUZ
Supplier#000451436|FD8opnuG3hJ9Ldto45w6n
Supplier#000451501|9v1AQ7voEdZ,ftJwbAk3J0GKhQd68Zulp
Supplier#000451524|b,eEr8nJuEo4Tw3yZ2 JY
Supplier#000451535|S0GdVFvJqsj2TCJD wHEDmMtCKHEbWMwyOLp1
Supplier#000451627|kZsTNirK074vzBj3QJLMD9HpPichp6OkJ
Supplier#000451653|K0XHq8Fz3fuR99KqqXUcJQRC4e9jNZLQn
Supplier#000451692|,Dl6ssGVs4VbzQ5JM7GMm6
Supplier#000451723|CbSkZmG9Cojaiuh8 cOCf,xD
Supplier#000451795|zyx8Do Rvm
Supplier#000451842|VqMWGT8eKtRzWE
Supplier#000451853|up6Cl1W61f8vN0HA19a3rr
Supplier#000452044|TVm7OpFXjhtGuvd4AzM
Supplier#000452155|LWRC,bR2bXSVvoTBJnBEVbaxrduUUwQ 
Supplier#000452214|L3G849Pxz15 ,4pU9ogJmOcS
Supplier#000452433|gt rdIEU23oGPMJ05
Supplier#000452578|TlG92XyUkWGI3kITgerJMVJZJYR9js
Supplier#000452606|CFM0rAoENDXHPhc
Supplier#000452666|x1Wb7g97UbStc33bmMZWanOgx345w3qLAhtCP
Supplier#000452686|hW8WUBt1Apmn1z9pvlWbqO 8bp4RTTmKTZn
Supplier#000452832|s73toDQitPI30ZTIca1yCXatuYwMAZ
Supplier#000452857|qjG6O6ONluj 4
Supplier#000452884|,GRyOzgm76htfBOW1eA,ODo77oP,m Whih
Supplier#000452956|CTFX6JkRxBN7V03nufvzeHFoxKh1Ok
Supplier#000452985|,CIsX7avhoMymdofw2rqLNrJNJXE40Ug6 6BKUD
Supplier#000452990|mx8gOhZGIh60ERPOgn9UJKUW98FwUh0UiKl0lO9
Supplier#000453036|caBQZDfWSH9F3Cio4JMemiW
Supplier#000453079|2L09kX,1 aXSW8
Supplier#000453130|5n,Zwry4MYAoEuxDqN5S7HIVgoZmPFTxjYrUGx
Supplier#000453187|09FMyLvuMuNJw,i9LrH bgXGgmkSr3S
Supplier#000453254|ElLZnAH,7xdEiDVV92TF1ORYwE8c1
Supplier#000453270|lnf0Vw,R2loksSxPHEIBxkPxu9uPN2WflM
Supplier#000453290|xfvvTJjz5lH
Supplier#000453345|b2,ARq3jcMu2zvk2WrFD3nDawegUH72pgK
Supplier#000453363|GTPUgi0bK1fSP
Supplier#000453384|zDsXxoZo39BswjpNKOIheh5Lkwn
Supplier#000453411|6IyqotMJfylRU3hw DcoRY7
Supplier#000453546|fOLX FLtOgu1hcW8wmaiyOarsK
Supplier#000453560|rJoyNRo6b xgzVuf651yEfCx9W T8qi
Supplier#000453700|fIsQFJiF5VVxpA 7emjpAYfL
Supplier#000453783|pNspDPiPmOLWSZHfjG
Supplier#000453801|Ylis0N31l43569G3HmrxP56zmm2t
Supplier#000453836|oil,,kpaKgWJUih9DfSVF5PD
Supplier#000453847|0PfzyiHtdmflmLExDxTnwsj8YDhxFfVTn8Clk
Supplier#000453861|2E0DY34l0mGporLhbY BVAmYNj4VSdsKVMk
Supplier#000454077|1PbaP1n6 u
Supplier#000454149|sLV RsN32pP3KLGbzhmbHM
Supplier#000454188|IbkfcXD9Y9pNpJpqMXQDmOhFKBM,D7f
Supplier#000454225|50TXFTQrmovLtEGRK 5mDPcQhnicVEpABL
Supplier#000454227|6DPrNQzcpDT2k
Supplier#000454239|KF,rc KGHbmDjj3AE383FRpRTX0w,m8QiLYi3Ywl
Supplier#000454241|npAt5DGy7su8G 0STTVumHoMVHV b,QOIbUkl5
Supplier#000454264|aevfV,kXfUgrDG91k85xTfY
Supplier#000454301|o2dFOkjF5gU6PCZWvY 90c6i9LzSm
Supplier#000454374|W3altQOa5v
Supplier#000454609|QQKt,dLwZs5
Supplier#000454659|vRJ6Z13BUp9FuR
Supplier#000454916|oCLl28hNhwOaJCuCikdhusvb0n7GJ9
Supplier#000455034|RmKOLsslpzp2uei
Supplier#000455057|rqZA2vFaE2JMmK8nNm6czb1apm1XWlPu1fK04
Supplier#000455070|UtgZT1inmAXdWWjbI7Xtyq bnG,
Supplier#000455316|txxunfLkQgoi5tz4yrn
Supplier#000455390|MF29L26FrmEuibUHfFx
Supplier#000455491|DPn4rkAUbphkNZ3WYzftF9pJxcOOeuKb453FBz
Supplier#000455529|8t,4DOJTORf09SOX6qtljviOt8IlX7 pUCRI
Supplier#000455580|5TuVt8zn2Eun6RHH
Supplier#000455625|eaGgyyA7R8hfd2X
Supplier#000455645|FJU8u8iaLOLptsH9 kIA
Supplier#000455646|IHTgPm5zpZ8hgc
Supplier#000455686|FeWm9w74szCBaYuG4uGg8nrB7b2krX5c4FDS1
Supplier#000455744|uNyyEVNLtJ5
Supplier#000455827|eWFgqP8yTfGEPc7GBEm
Supplier#000455944|zT13MFgDzioDHxaD5rfntPuijYfv
Supplier#000455945|AKgMyiuWzRkNanlq7vhSYFh2
Supplier#000456022|9XtSdlQonxYurV4YGr7cKQMSOtIj1Y k5vy
Supplier#000456040|k2iiPaVsZH5MGp4uqxPPnAINcFeFwpEDI
Supplier#000456159|UEBVf6l1YBZz7DyyNQpl2 AXPgKmHiwNe7ZlFI
Supplier#000456191|sYJ8AF95 opwC4G0nDy9ihJkAXjU2AhVxor
Supplier#000456243|2XQ,ZSGAIK7nw3I65iCOghSXgfwhmvS
Supplier#000456320|LIDijyX423E7NwmTaO9WUFFsa Ix9Jl 
Supplier#000456358|U36JZPCAUVWVS6E0Ih7cg
Supplier#000456469|GCqqc4w 4ICjvdbuVko3Wv4s
Supplier#000456526|WJWXAxiuF 2wfTdp6zJHICy3PDZATd
Supplier#000456587|7bndtBgz0weBnGL77Q1
Supplier#000456668|TfPaQV PuGgh71
Supplier#000456712|NJdXtj3QUKgeNqWn2
Supplier#000456715|lCulfFkBqh22U5wtm14G
Supplier#000456835|rIarRxRrpo ,5x,F2QHb0Q8tEtxjUyF7
Supplier#000456840|BzidzNhZ3S9fKnPlEJQ5v
Supplier#000456930|qTSLH59Wym0GbpIQB88LK7ccDOm23pb
Supplier#000456954|LcUyVM21rxQfVJYmvg2Fm
Supplier#000457133|M6dM,pIGDibzrJUydK4gqU8accInB
Supplier#000457225|9vI4YvJc5wqd2
Supplier#000457321|2eQdpmsPi,Zj
Supplier#000457366|zIAGFBmrXsgd9O0NvNRRJLS6J2ootei
Supplier#000457405|Gdz9DiBqZzb4TVrHqep2
Supplier#000457461|ycUV6kX52k,dwBMSYSmR
Supplier#000457598|FMD790s6APAHyYVVqByS0 znvLQ,WyDkWU
Supplier#000457669|9SXSOC3PfF9avKuhYuv8c6CV3LV5MkgS39DP
Supplier#000457747|f oRSrejIFNDKju3qW2jCIOZA6 bZgT,KeU
Supplier#000457753|Kx1KiNw0VVJsu
Supplier#000457803|6K4W5xpEosLsDvcikiS6L
Supplier#000457906|qOlEZ5JJsqIi3MJ54 njcuC,gAY
Supplier#000457950|SdXY8DQpg2qpdMxyU7Q1TchIAUc90j
Supplier#000458007|oSrpGnlF  LieEnuDsDawI
Supplier#000458010|rlNw5aFj2ANLyT0,oRL
Supplier#000458135|znc aqSSGBClPrbW8ldRTE
Supplier#000458146|UUmKr3qUCM2E k sjiym0
Supplier#000458166|9phrgAAtPE3FR5gznqkMV6roCRRMR
Supplier#000458233|ULmk,m71BV1kIJlUWxYsSIQqyy6r
Supplier#000458274|q1KmidQomgb7ViCJzJqmKK T44zKU zPtQ
Supplier#000458304|IqBUT dHnuEwqrvbHLeoPCskcGupDd 
Supplier#000458311|Dfd1Wa72YUI6AQa3z,yXLxcu9pkMGo
Supplier#000458477|Kw00Cnzj6OgfDTX4EVeWncO9azYLyj8nMCeAgJ
Supplier#000458497|36pP8Dc1FRV5o
Supplier#000458655|rXaxkgY,0juoHrGN0b Q4QU7JM8tztdQCT9BR0 P
Supplier#000458674|w1FRwCVJlMpRuj2Gwr
Supplier#000458703|XOsP37m9V2D79HO80MedJcmBwC3AfRLymcQ5l,O
Supplier#000458891|KNsKJXIcNJY0ME0V
Supplier#000458980|10Uy8RkMB2YNmzj,ltSE,ASVyK7nth
Supplier#000459001|u FqCzccxbFfM9Uzg6zPR,y0IEjEB
Supplier#000459037|tO2RjNBiql6Y4cGZ77ELZ7WdX2zE
Supplier#000459053|CT,tfVyCOe8
Supplier#000459103|qoGOWgbm50Djy2XYxd,YLidVyhXOTzHqmg
Supplier#000459168|0oJ30xxs7i,2 jx8H8
Supplier#000459259|G4v4l9w2XcrK2QF2LN
Supplier#000459420|aQRRz4oZTq0Ot4DVjWHHMXCba9R2DN
Supplier#000459665|2AjxfMcwsOPVQb2 GzXOey4ZzKdOo1UI
Supplier#000459682|JGbzSpD3hToIz
Supplier#000459833|QfOAKl2,PKDSWl3XHatQ
Supplier#000459865|GoPgfewUH99dVLINd
Supplier#000459880|TbMJPI4zRANf
Supplier#000459927|SJT6CaSms1tvF
Supplier#000459989|j5cxBkc2Hl5ZGOuYeVvn5yGQX 
Supplier#000460006|bPqpoawSgW5lrvaiBV13A0n3HDbofBy0kng
Supplier#000460012|jKXFhf4APA96TMiq5h2DHYxkG60czsDrE sIskX
Supplier#000460078|j4LVKiQQ Ib VPA1fL,FexPjcvUY4ETc2rnAK
Supplier#000460080|TcMYCQkG3ey0CBCGJWdcZOr0v6rG
Supplier#000460124|EW7lmdOWl5iv,a3bOIBWH4p5PoBt
Supplier#000460149|EcSoJSZn73
Supplier#000460305|UATiyOuAbd
Supplier#000460326|RQBeQxu3Ve64,BKKu9WB
Supplier#000460341|bSJpRJioxv6DoNRMH8xE
Supplier#000460376|bw,ANddp7n3YoHm6a6dziK1c4
Supplier#000460423| zEOMQAUANvyVRZ TQ6
Supplier#000460501|lko,DBC1bsFy3mj,C0X4eo28
Supplier#000460508|CyWXmgoVSqB
Supplier#000460520|2XDDm4pEma5TLf1kDkHiXWytQELC1y
Supplier#000460565|k9NGMQ5GYwlu4,z2wQK7xRFazFlfW6wj
Supplier#000460592|keKXPxfnlVwnGa0fe 2P
Supplier#000460604|9VzAOJPRTcbOc5CBqh 62Tqpv2fIwcBH47xv
Supplier#000460677|Pt2,ksFxwRBbfDnmlHF7ydl
Supplier#000460735|AaEgXTNoFRZXnlQ
Supplier#000460804|rWRBzdQIyMhbJMjE2flB2AWwiCfRY
Supplier#000460830|gDj9CMeJ1YusAjf5zjewSPvKcnJLedSMst
Supplier#000460846|Lx6kB f8ZDp4HBjaBOZkROCvUhptfvSTiLkw
Supplier#000460875|N4R0yYDwTbg0x3A
Supplier#000461000|LHg6ONmnbM46vyvR1LjpyXNEhEAP1Si
Supplier#000461010|naxqdXNzVJe4j
Supplier#000461211|Cty9mCjaUyLCw1hT
Supplier#000461231| J3LxAJQyjmrpbyfMq2
Supplier#000461430|kz,LQd4i1ltmaK3Kqa7mImM0OND0xf0,j
Supplier#000461524|KxrdOqzSSbVlMtXOCI8J8qG4Nkep
Supplier#000461569|Ov4wPwNUXhKfUGghrf6S7W0Y7,PuYCNnEF2m
Supplier#000461606|mc0SH9ZDjwuH
Supplier#000461613|zJVmu1xiokPLoBRqkVLq
Supplier#000461645|EswkLxKZkpNOJDkdOssk 19fWbbUa5
Supplier#000461695|ebhQ,c9pMYLEW1Rw eoQqRgqIJ,ZZb1rbh9
Supplier#000461769|vRTvyoaGa eDJcK4i3ESj7Xs
Supplier#000461859|rkGxOT ,Rg7aEMpRAsKWb,lYDsN,o5Quk
Supplier#000461873|g IQOPcahuczCdHrT6dHze8
Supplier#000461874|FUv0AW9rUA
Supplier#000461881|UqA9hDeS1H7ZuetDl5C6E5LF17inV1UHiT5wQ8S1
Supplier#000461948|VnJtb k6YFMe17jM9bkothLXpk5PDxB5s5
Supplier#000462005|cqb0Jpw9PL6BoHed9TJEX
Supplier#000462098|wxSTAX YXTPRHehsJFAGUd6SLohC1lut
Supplier#000462131|Lmudru8AuKpsiE7DQrFGnJsPk8Z
Supplier#000462137|hCAeu5sES8YOazdoIdHeah34Y5je
Supplier#000462139|nBS9X9qVC3kNyrBKI9cbjA7b wCiPzo
Supplier#000462234|kUHisXEYbO,IdHaJaz6xERiYZS6byiXPNic
Supplier#000462257|Cyodt6AACAfhIYZJP6WZymXXj
Supplier#000462292|dhkTsAxJi918LSkQy5,XP2W
Supplier#000462382|wa2v46sfMMueqdV7pby
Supplier#000462384|W8oAAM7eBVv6n6b47 sOpeTei3B
Supplier#000462438|UTXEtiVZPOILTPu4NVAiirKKz1q fefjDxqYSf
Supplier#000462656|XXj U4wAOJbn6YHlvHhxM4mVILVX
Supplier#000462677|qFyC7TqF,weAPsJfonPi9GpCQcOf7Z9d
Supplier#000462682|UU6WKt3aiby
Supplier#000462709|XxwRGWBIoSiZ7MVfuP V1FKfrex1H3w R2uy
Supplier#000462747|boURuJHUlyUzbzAbkWLU
Supplier#000462792|ONJOUpyt50PcJfqXqzIm FOLkXSFftYy44ZdYR5v
Supplier#000462860|C9zJMc0JgS6VLw7u6 bIo6sQSAPbBNL1qF9N
Supplier#000462941|SkxmbxbG97bfpFYWcv984 RwOQXSoTp
Supplier#000463039|RbkHyviKDzqdsqvHw1BoZMImElysgcEe
Supplier#000463097|Ef6 qcbPzY1Pzq8hYH
Supplier#000463167|5ca7HgcE4cejetnnJnmW
Supplier#000463178|P79M QLxiAdPqw e60yYbZu7HCemmxU l
Supplier#000463234|oustphuEw3Y27GNR5o7nKgz7id
Supplier#000463316|cchxi16mEuTD2E
Supplier#000463321|b TuSfOyofq4WqRUL,do8
Supplier#000463358|WuCnzetD1f4zfCQQmZzkcvrcOLFo657CZS
Supplier#000463371|XdvQZT13pgtSvFxsyqmv5 8jSdbVI
Supplier#000463568|0r7BAQB2CXmxytLyTxktAx
Supplier#000463770|IxtPkykVQsB  BhZn4eD0FMu60La2X 
Supplier#000463817|HdnYgkY9ryef1k92N,gDyVFt7K2KL0V2Q
Supplier#000463837|iizJ9D5kPvn9g7ztT6x5Hfh
Supplier#000463873|bYDPLAPnKffVHoxmVKUtau,kDfw5Dwu,gYZa
Supplier#000463908|RQWNCY2R0M8,ZLk
Supplier#000463933|YR KCqrqTZ 6j glOskH8 D
Supplier#000463938|PQxB0DDT06rENoiAgosH8
Supplier#000463954|r5F,i8pP4bjnLquHUPi4lnn2Hzv
Supplier#000464026|0,17Rq15qLSN
Supplier#000464042|sPlbDULVeVCUVEzkOG
Supplier#000464046|18kR,kZ4vgqh4jh2zQ6B7I1od7uECwBXuWb
Supplier#000464086|3Csb7hgg6fKTrmOpxdQ84WUMd7I1yH2uFIruhM
Supplier#000464199|3zUszYFvcVhI8hCDoB55xSa
Supplier#000464341|10VfGKon8ua
Supplier#000464461|1,0hGNMxp1KYjQmcISda,WUv0PnOCVnaLzFKJ
Supplier#000464555|qu,dFbh9o0TpTE4o7hri8iBGRMvxiOvvqq5
Supplier#000464573|5LN1b51HR3n9bxede3RE
Supplier#000464592|fGGlIS9B0pyVAzGv9GUfV54NNfCFgU13zB7V7GYr
Supplier#000464659|PJtVGvLKl6BBzLTkRGlnuC0J,qOVzbh5gC5AWk
Supplier#000464679|J8BaHm,V iedf,tMhnN9mDRZ8
Supplier#000464754|a9loHRTmoEwZDyWnXPR5K4l91HhcYToGTydP03i4
Supplier#000464803|tJVJcclU,PLGFDSOQ4xoNf8ZlXU CJVnF
Supplier#000464815|VZyhy4MNUI1EK2 Y8UHcXxshxehhrHob0kIjAFV
Supplier#000464959|DljUWFKh55J5TRHMbA3,DGNp5atscT6
Supplier#000465009|tT01fczCeja56PzibOD5XDjntdqwBjRL,8AwVL
Supplier#000465121|aHFIntzLAp
Supplier#000465124|91MxZbswflHM2g
Supplier#000465208|m5LUL9N82eGKzgjrEVqxrKgvzFtiABtcEjaxA3CH
Supplier#000465229|k9WKItV7l4Yn3h7Nv5dfnvruQsW75a
Supplier#000465313|lryEL05PfHvqcQHhoXe5Ov6inzR6Dig4tvyV
Supplier#000465432|3D1MbnYSxSEhiJwQAl1r8NY
Supplier#000465466|xlf3a8rnLoo1jn52aa4ETwd73VhLIqS
Supplier#000465554|sC5MploPUEb2uFecJ8QN
Supplier#000465559|GKR6LC wio0EFC y3NJHUFVq
Supplier#000465616|Ji5eA6SQflYLl9Ow5DNp7
Supplier#000465627|NxUmhNMktk9DrWwLj9knvbuoGjcntCXrrQft
Supplier#000465799|kWu2vAYD75t3,lp4ywxsF
Supplier#000465800|zFCi7HliJFSBVhx
Supplier#000465808|Mc76jKWCcFW
Supplier#000465838|ZqRYO6SzuSbSorViu0uJIxdea62c2qMCTAPu
Supplier#000465856|5hNzWXJyAN3Oj4xop1GN,eHW,YZgtkRG2nh
Supplier#000465923|AjwdikTMuoPSSXV2GvP7ZBrEFGPjhBrjHHbaH
Supplier#000465963|EWvHaDuAQG1Mc55K4qrou1gs5RMI
Supplier#000466242|QZkdB5oX0R PmKMHX4
Supplier#000466286|QeGYoeL1 Hn1r8EOc,Ky5ETYCsGDAHguB
Supplier#000466432|,Os11c lQzyhhNbBch
Supplier#000466464|S7v3P1 8y,nZCRsCZAWc0brNQL
Supplier#000466546|ZKOl2,0R8IpRUwIkUUSr5ET4Rp8ERX
Supplier#000466599|7fJF7p0Zj sHn0TnpkeEjTeeKSvvA2yBAN3UGALp
Supplier#000466605|L3KZZbL1TcxHdkd8BzoSdILGhVhI3
Supplier#000466665|EL1sL4,bigzhs9oAH2wnai5 vzY
Supplier#000466687|VFsSxe 4aDDC2QHLeM2tfkl
Supplier#000466727|irboYjbCwohm4gsJYKA,URRmi6l
Supplier#000466814|zT,Rn,sp2H9T7FEmiAVPGTOl4P
Supplier#000466823|2OHTMhQcXwE3SdxQ4sQZWSSv3yCV9Ct
Supplier#000466847|UCOE6NLHOctMXKs3Gr0Pf85ztahNnCABRhnI
Supplier#000466927|sEIWMVnqgTaIUYtin0YFv9vFVYwOpGD5gC5j
Supplier#000466945|Pb6gqgS68UnUk20v0v
Supplier#000466989|ksU8kdJT H5LHGaG34QpB,sXYEcZ
Supplier#000467054|bU9oANY1eFOD
Supplier#000467133|tGZrphV1E2b5DP YjA9TM
Supplier#000467183|uq0lvhUAv52 toGDruW
Supplier#000467214|XZiBJTqd3bcT8USH6raZL5
Supplier#000467252|htT61lqbkRXHJ0IkmoDqee8i
Supplier#000467345|do2vJHmvEo5HYDSV32wBKXcYAVxu
Supplier#000467401|wP KRxHmJ7Fq2aub6A0uGEPdFeGDYjUbF4v
Supplier#000467404|8Vmb,U5TH,QSgZxpZM0BWxR3nZT4AP
Supplier#000467405|Hg ffOJoW0oeArGsmxco7Z7a0,p3Oy
Supplier#000467415|1HXAKFl8 miLG9Faqj1lDsR
Supplier#000467442|UMXANXgfXbteAcTGhR
Supplier#000467446|TeTL0pi8,zMEkpn KyZVl9RlZqBbZqAB
Supplier#000467482|CibzqEK0Fbj9rE5T  n1lFb6lNonwaJ4GtUDZzq
Supplier#000467533|0iyNpCKz8BIQFyh7tWvC0CoRM,jET0C0WD
Supplier#000467575|IEVgFRWsq0asz yr6PmIVN,b2yufusREpN9
Supplier#000467733|oGctiUafHM
Supplier#000467860|Z9WqtzJO 9oR0cx7
Supplier#000467868|sjWJ4u Gn,01RNzQEY6Yon
Supplier#000467995|0zWdbqAwgSWXZsg75InGE3m,teZkUAGls
Supplier#000468107|KaO5M4u70F1X E4zI8z2h4K4pdU5 FElJ7Hd
Supplier#000468171|YrwZEH,9TtPQN86,OfvKe0qM
Supplier#000468242|Z13GvuZTDxHRpaUOeDbrg 2NahQU,qtShH
Supplier#000468263|HUQzHXE,vTTTr5qmHOu9 l0pU5gsCl6V0HDQdn
Supplier#000468357|SgLuIyQqkCNYsjzCqzr9x4tMyRR99E1
Supplier#000468372|nzXs7IQAx2kZSn3wR8HNdNv
Supplier#000468446| ynmuVmP,3guEeHUf4IV
Supplier#000468486|4xED 0BBJJhz2pg
Supplier#000468758|byPoY3JSb1ZkrlkV8sW6
Supplier#000468833|TeEg,Ci1XGCmYRuNn
Supplier#000468860|q,YmvAZiM8gQIJ97aS5bJ7ZnL,wsVBD
Supplier#000468937|JEVUkDmwpQl9j,Xlw
Supplier#000468968|WF0GPrh5YalpuOJeOaOfFZep67e Hc1COrbMb9
Supplier#000469033|FSx6BaZrDXc
Supplier#000469082|Kl8CbSV,Zg4xT3g6,LJGNj626gQL6hgpH17 0
Supplier#000469090|cxDx66tvnFiBg5,NWN9ZH3MuZqhY 1v,xmgR0
Supplier#000469109|DrB7KL2wYPkMKE22VV,w
Supplier#000469169|wOsGcVGkpBQnl749xwYx 1sBvbfr9Cr
Supplier#000469264|AQtNAueuUCRRDLANAnU74
Supplier#000469308|CWkwu3VLoWowrj w2gsFiQ,SwP6Zrh
Supplier#000469400|j0s84M2gN32j2j1iJf0JLg0x27KHbEtD6h,bmE  
Supplier#000469472|0x03WzUnXiB
Supplier#000469509|7qg4FiSSL36piunewTKipshvspwQtoQL9e3CMOA
Supplier#000469586|rI3G0f89rGDIeV OGJIS6dKZ9yLjuV5yG
Supplier#000469607|CRmwg2nrhxTbVCC8I3xx2eXjL3f8G4Pvz,p
Supplier#000469615|3nP6ahBew4j0xpGkjkFUcsrUn316lF5bVu9VqKZ
Supplier#000469670| pVdlbAdzT8pq3CpdU7MJ1G0gAPe
Supplier#000469759|zEGj eFDGHBn 2SNEKs3g
Supplier#000469841|U64iImXHPygRn6ZzsAwW8yG9FLNb7ke
Supplier#000469867|LdD,jZtMpFvoPdmTr6S6BmZV
Supplier#000470006|O2lYnD9exFkW0bVXMlwyL3FSq5BY5eF4pN,b
Supplier#000470018|gVTsUlN8Ahh6lB
Supplier#000470045|m23DYzqsQv3oXTbDdbSmGGzxOCfxxM5I
Supplier#000470098|RWJCKk0AmGymNfRqzTKGjnpHGWkPTnG,wQ9N2IG4
Supplier#000470108|jqjStgFraBsnMAY8Q17akp MWyaOcmFdfgWS6
Supplier#000470156|6RWWVZjTwhrv2 hU86aff95i ,5U48nIe
Supplier#000470310|5ChJhPKEiftp7hG9 HIr3I5iY
Supplier#000470321|1DOsUbhhUWinPAX,LdqK4bTkdbstGAImg
Supplier#000470368|uAxDLM9RbypyWUkQV22UIy c8X jg
Supplier#000470429|szBQl SyvK5I
Supplier#000470467|Ze3v4oZbaRsXDeI Rmyv2yfvSMEMCISpcwD17o
Supplier#000470491|LSg3XRiu3YTsB8r
Supplier#000470501|h8kOtVu3GeRDAvcfj7lW ZbLA6Fpph3
Supplier#000470510|KjWyg,RS44tv6Er6JHC6
Supplier#000470620|2kpQt8jqaMsWj0AHZsMPvVfMBQG4af67gku OQi
Supplier#000470645|mZkloKJXR8e4h6mhvCG7QQ1ffY9rHODlgfnLCtbC
Supplier#000470665|TtrulA2,ZEplYs
Supplier#000470797|28s8z0a0iY8Y,B2X1bAfWcBOFvJaQjZLMjKz7
Supplier#000470921|wHo4AYcbMyVCOPv
Supplier#000470946|8LFapeQ2x0,ExJAwEn8tG7
Supplier#000470974|CuCBWt7l9q
Supplier#000470985|fEOJ,jufXsn4q3gmeG
Supplier#000471039|239HZy,VWUiI11CJupCZUWf
Supplier#000471065|TRPd6iNNOoh1Kt9vCOB
Supplier#000471112|exxBQVaoHnnKk,6L8tvv NzsYq3
Supplier#000471135|VYWCEssYPRgFROdNDfnHcVtbc0WprnMEj
Supplier#000471188|tPNn2XEDyRSPqy1onINQ
Supplier#000471233|t4e5khZKMBDJ7IiaFx878L1,foy3
Supplier#000471348|FqdoV40jGGLLPaSQSGA
Supplier#000471501|w7GPJZYWBaXOaeS
Supplier#000471554|G5DGWmmEHYHB
Supplier#000471578|4CQ3zMcyO4ru4qUDOedIQBmGIq,GYjwFmGHShNcI
Supplier#000471592|Cwot8xHnfsL4Fn8
Supplier#000471619|yhcnKBlfoOZgIzy5a04fF2l5 1CEoOKt4neP
Supplier#000471646|Faka7HzRQARZiaxEnPZ
Supplier#000471689|STLByeSyLM1tgj35QM
Supplier#000471775|Y2W9G7O1MVfAifxK3Io
Supplier#000471973|yxRCxqEuvDkS8EyZDPmx
Supplier#000471985|L4hJ0snP5RsyPVMT6YVdpQm5QzusKh8nmv2HSgE
Supplier#000472021|3ijOBQqAcFACCR
Supplier#000472050|bpGVKJRupqBpLQp TdUO7t0I
Supplier#000472061|JATuVJ7Uu4X6oFcX92xcX1ZXR1xJ55ths
Supplier#000472120|n6dlJNt0z26P8fSoZAjD
Supplier#000472126|MdwIW4RZBF DB1zc7z8VikPXqZRTepY0DQkl
Supplier#000472166|rjJlehJFNFS6r
Supplier#000472243|KJmH4GW65sectv1
Supplier#000472368|ZvwjgDICWNA8ZU67PVGx5s9ykTbGsjK3Vg
Supplier#000472610|oxQijC6cASdnp
Supplier#000472621|8Q43BEiqEMfHiSM9VtdK3KeEUvHys
Supplier#000472633|6rxK8,feNSzo7XA mXRd5x7znMhXa7ZypraTpH
Supplier#000472752|aH8NEe518IxQZjkcgkqb8gzXGsTsdF4hBrNji8
Supplier#000472771|2gyEqjIsxhWQSUBuAL
Supplier#000472795|PQHFev5BAKWFCPU,rRtESbH2uSitxk1d0kuwX
Supplier#000472931|f4xEVbPuFHK9k28Qy6Vn3VycrluTy
Supplier#000473108|sSAf,xo1xn4KbNw60MCq,qeQ0whcupao4E7u
Supplier#000473120|NfbRCDuq346ssusuviZZc
Supplier#000473221|BMkB5mVEpjVbndRhoS3KkN24wotC
Supplier#000473225|Gzw7qvzRREuPvL3HR9
Supplier#000473226|7ZaQDKLWjzObVN7u7HdaXD
Supplier#000473388|UqXj DNRvMD8DI q8L6aZM
Supplier#000473427|t9UYc,QvFh
Supplier#000473446|d4ie9z1cF5EmDW
Supplier#000473466|sD9Z3VlojRtuwtrJ6sWx3
Supplier#000473490|ibKGbmQSMaWOlYJH OFJhWBdGr,iE2ia9VF
Supplier#000473582|KT1CH jnwYxag8ZisUcE
Supplier#000473597|oO9kXMogqgfam5vkymZPhoagy
Supplier#000473616|zKyWE4zOwj
Supplier#000473621|8xuNLopaHnDnaueMz
Supplier#000473636|wwxqqpBslGR4A9dBopCezV5Wbcf
Supplier#000473669|pVgQP2xjHfPI3UWZBMZ4q
Supplier#000473709|SmGYWXUY42yXSsB0dRC
Supplier#000473755|86x N20dKj7
Supplier#000473932|qeiiItC4LsnDjck9maSGb
Supplier#000474012|KqiH8TSBoBiro883uw6hD5MT3LcTyL
Supplier#000474072|RHC5kQZKXfrFosq78Egkf9dwu8
Supplier#000474092|qoLQ11hlPb NAXrGZ
Supplier#000474103|JhWhV0TCAUzSwa7KjpYpjaa1aQkkjRqmE
Supplier#000474146|AgY 4EFaj5 X1mHk
Supplier#000474233|4MmOjMRHvj ywXEpGh5h,hoA0jQobo
Supplier#000474381|EsSTdcH0EgSugP1E
Supplier#000474437|mrKHa41PqGWj0ieF1HfqRGzNdB7bU
Supplier#000474459|M19LTHoHiFiu66jRHTdC4B7AKL2sIXx4mv0xLSsC
Supplier#000474492|KOh,6o3AtjgT
Supplier#000474508|3eGQuOMPDxO90XCqW9cZ9Af3FaJvLU,
Supplier#000474592|zSz,1P5c qUd9zlF
Supplier#000474684|lpBKxro2crXeq5
Supplier#000474694|j6NmwFBiZZwtA7ooEyZKMXuXg14 zWwpqjTqf
Supplier#000474797|xIPg6FZq2HEuWVK00GpsZRbGpa5fSrZVhp6jRg
Supplier#000474826|OdJo0A9CgsW61peca,MbTB81PzzoWl1BtIthaERd
Supplier#000474841|Dt iLajvAs9rsZTN6pqmRr0S
Supplier#000474859|Dh7y31wx O7dupXUx4b5L3siuNEp
Supplier#000474996|H1EO8AoTqMEZYcaDibDj3D4Ir4uIppg
Supplier#000475160|YgOM0u1Cdm nM2gg9vN7slPgrptBv
Supplier#000475319|bkamSY2SJsQoCUlDHAmdukD5CbvmvSgLjaajby9p
Supplier#000475334|KrA7oQ1lSKUwgOFgIHQVSRsKGYW93VZ3v
Supplier#000475365|VYweh5CtOVp71
Supplier#000475460|x4G,4LUF7Ix5zjUofYyXzwg0034hK3ULUEMkGl
Supplier#000475471|OpinrDhMx0Sp7j p
Supplier#000475554|UPGe94ManKkKpcIk3lWjurll1JyuJ9
Supplier#000475645|6Ml4BaBcLYc4RWWGv3OwclMq,81Ogf
Supplier#000475693|Yfj39tG0P1O9fu1wHhtG4qVhlwQ
Supplier#000475709|6IcGN1 jlJoum4tFA,ExmVTUqkrwgoncx
Supplier#000475767|xn3V6GygaS5T0ZBpN3oCJgAavGs8,jV5w3
Supplier#000475839|dnWWehN8yrz37MxkuOOC
Supplier#000475843|,l,gjDS Fi498TF7e3yUI,GW
Supplier#000475940|y zRzGvbSbgFDG7VoG2kbdogbckC4VafBL
Supplier#000475948|hBoTzoYA3HqYlA
Supplier#000475951|DUHHPUse37V738wFbeHx71k0 Rr
Supplier#000476046|D7zY7qBAhPO
Supplier#000476082|ChD65Es Vf2IpUthy,cdRN
Supplier#000476119|6al6SqrduvP2loRFejZJnhGGFi3rLOS
Supplier#000476151|sOyE2d0LNGbE2sst
Supplier#000476208|rsXQjSrakWV
Supplier#000476287|XCRrA47MAQ6mQ3h
Supplier#000476348|gcyg868W2JyS7Q1TZ3AADF
Supplier#000476576|A66,p gDr8XGjEfnRQLDmyldN8zI
Supplier#000476683|yLiwrzy3uYRczOv OZw
Supplier#000476736|,3c D1yCrSK
Supplier#000476867|Zy v8VlpRq9B6U2P46OxKQo0MAC
Supplier#000476975|zwzKMNBQl,
Supplier#000477075|PSZ57E0K1P8OewOXshelPT49n 8wyg
Supplier#000477123|3qArgX nXWXXyjF44L,NuoTB35Ktwn,RPwe Mfpe
Supplier#000477126|P0DgxllFWk9y3F,vAT5YDBUe
Supplier#000477130|p XwdGUR171jvT
Supplier#000477146|xQNXTmr1aAmSNXFW3xh3oZa1IpB,DeG6SlKKwRU
Supplier#000477244|oAFXyJ2ViE
Supplier#000477250|y HOvHqHY0ck
Supplier#000477270|m43Y,kIELTmgVoL5unFtCHqUwFNQh6b
Supplier#000477271|eQtMdv81hU5Sq0 D8QdF
Supplier#000477286|YYVx5eBx4fa2ViIrB960nU63fivY
Supplier#000477344|dsjdBIxgHKZe2DfzoCyqb,rkTYhF1,T e6
Supplier#000477354|nqdX9Pr1By4QG2Km7U3F
Supplier#000477433|1auqaGumAIr8gNG,0jFpKhBCNcNVPXP
Supplier#000477503|40,KWreC9RY
Supplier#000477510|sL6bV7YprVRIZXNRxRUGo,Ju
Supplier#000477516|xiWcjdXUAC
Supplier#000477607|sKmtWtl1,p
Supplier#000477657|AntD7V1pThK72QKbzV,fW
Supplier#000477684|mvvvOLLv6j9MUZeWdmPDqhxRawiurOJSbKOAP
Supplier#000477866|j5FWcxkhD67IusUxTl3BTHGCSXkl5mA2Hzi
Supplier#000477893|6sWfa5Va2tkKoZ LQKiWj3ahTrvABxOEr,rV2
Supplier#000477991|1yDhslGWFqW7Ht0jhgJPtYIN
Supplier#000478042|jmX9IDI07eJU9cj73jXs3oiJuhPArdkM
Supplier#000478194|mZcAC1e5NqYowTlM S1FOinEgDF5 uNEW
Supplier#000478219|f6Khd5AcCHissoEh94liGMrOpz1e3iMHPnbB8kg
Supplier#000478259|LjH0gwXNOAuZ
Supplier#000478268|RXHh7yksOU1wjiP
Supplier#000478310|4oADNJzfK,d1Guf5m5O,mSB00
Supplier#000478314|L5kB5s8LAgOfR2F3IIOhMcdCzlqgWcJkJityM,2
Supplier#000478515|PKNfkWBDn,G
Supplier#000478547|hC ke9T,qXRTIXlEmERWctRAb
Supplier#000478578|E5ExkwQ4Ie4ZUgvi9oCgMPGQk1kF7u
Supplier#000478757|NqPeBCb CYAByexr,,wMsFA4hOZEZb3lB2O
Supplier#000478790|5cpyBP0N4iuUMEAf,EJZf
Supplier#000478820|Ie83Z84bBCxrAzpX pVfVAMi
Supplier#000478828|NT1wUR1 fakqsZX,O1nNq9VsYD5XENIHByzKvywk
Supplier#000478850|XvLS CagxJCwfsuDpU
Supplier#000478967|O2tlvMo6ZVguf,9E9dTZpDs5qaHKxcc9
Supplier#000478979|qF74hgJdTg5bGrq
Supplier#000478991|Xw1 Kz7J9tyIXIzI1oySMW j L488hN
Supplier#000479000|iJ7LPVxaX85iaMKLYg
Supplier#000479028|nBsHfCWpaxw,OvOSiDeCpOISNkfit5N
Supplier#000479051|nGlUNQ6GGKQBd5
Supplier#000479083|mNomTJvc7,VzryV99NOCSDYPfHwO
Supplier#000479124|aVVigWNVGojjhtQYcyFpyoRWLx
Supplier#000479174|AQYuUTRZ0OwhXV66NjFwo57M6VDgWa
Supplier#000479184|PIAca01u4Ll6oBAmWy21X9ay3xKQo, Ze
Supplier#000479257|hQ1TLm aE9Bqamp ua9bdgsujiC
Supplier#000479425|, Yom27ViQY4aqTCvqct4Lv1CUO3UUdMKn
Supplier#000479467|FgTORsKrWMd56NJjNYqA4AyncdgKUUrU7DEgLQMC
Supplier#000479513|AwmXMqP2Wv3mfxaPXy4vQ
Supplier#000479529|QskYwDyt57kZGgGm8Rb
Supplier#000479556|L ULkzwwvQNM2iAn7snA5KdoJBy3,o8pL
Supplier#000479682|aSEqs6qiCr1j1jFNWAUD5oQoH
Supplier#000479702|CG2xh6H67XHjAII0viwtXJ7mactO8SQ O0
Supplier#000479707|EBQFjKVNymBSsEbLL9sNsMw7,
Supplier#000479740|0Fka8tOvRezsYp92Tfn0nf,9
Supplier#000479832|g,daJausvYFbMIc5mDe7A6X4jp2y3RyrvvpJJQR
Supplier#000479864|20q2ytcWUARq0DekN56H3RspO,OPAwF
Supplier#000479874|rIqglMQcmaODU5ciW4zxwQFy2r
Supplier#000479906|MzbRwYoslPXvqiG5rTHLnrclqKCzN
Supplier#000479928|MjYkPCdfLGfjZF8EmGedyY2r9tTDBtPY
Supplier#000480029|pmeLNMwn8mFaqmKsUzMAhN,9V
Supplier#000480030|Xngpk7PXqPe,lohBi9Rf4jJ1kfA
Supplier#000480087|EM3pjuFvJpMt8Y0xIZUQqwy3dlzFqsOmysugBf2
Supplier#000480157|ELSbYVl4wTZykkIauDvO9S4YSH8F78T bajQeYAm
Supplier#000480200|Kj,ZrtekzVdjtkgOlqqHV
Supplier#000480216|zoImHJz6D,h4eiXL42Hk6YE
Supplier#000480377|fvvEiOW,beUCJ2ML7Gx3ciZ207aoNcdb5B1
Supplier#000480396|00rN9NgrgoXDiC1A VfQcnpuBY
Supplier#000480527|o5ob4VBEx7ci QlxOwbBRBQjpfsDyDJObFulIS2
Supplier#000480628|8rKvekHVuMqqa7JaYr,qTYl69c9DNwjJ3cf9oKAC
Supplier#000480630|kLpAvHhtenbBeFlzT6v4XMC85
Supplier#000480633|2tNAbIc  Luq1uiTuc5axlZg
Supplier#000480690|Ds3j1KbgJNq8Urgh2
Supplier#000480728|u2f0dFGfITEjhMMwjVS1LQ
Supplier#000480753|hZLiLRZHVfZLCV04AD
Supplier#000480796|8h1ZAvmSZ1n IUz5n I8kI CRY
Supplier#000480830|0odZExSmFf
Supplier#000480928|vwbjGr2,NUK
Supplier#000480930|kRPcpBJxaSKCgvInZK5Hb
Supplier#000481040|pV0mK4pA9ZFAoV6b05feCyJF
Supplier#000481053|oeodoHGzkxTL Bt 
Supplier#000481056|3Iw6o,skRlCa4QGpuYoXyHQSZ7f,QUm
Supplier#000481161|zV64G5fRO3 JKC N
Supplier#000481218|AJbjqVAMHz, mj3Tv8efL3Cp8c08wYU6C
Supplier#000481257|EPZR9C8JG582lws4VvOIP760Kx2G
Supplier#000481376|UvGESkt1uyjKQ
Supplier#000481396|Ev3B3L8BvZb
Supplier#000481430|ezunftaKnuH0xyGyQTaQwtMjZ2W
Supplier#000481490|f8QBKxU4aZ22qc
Supplier#000481512|Xz9uYosXwTij,wjqYsfXQG,YY9
Supplier#000481524|ybRIMrLdKZ X 5xxirE,pnrYn6kqt4xUgE
Supplier#000481528|mB8HsGfa6akOlHnwRkhYC4NVgTU
Supplier#000481534|vM7BlVHi3eA9b 2d
Supplier#000481615|iLl,bhsTEBo
Supplier#000481620|wEbPY2e,uizeVG7wiZ7sB4ERM9VPr4ine
Supplier#000481696|YUEQx01KfhN3H3W2N
Supplier#000481723|wrI4cG2dRDqSQqNHIBSBY6AnkFz3iXZy8 EMpm0g
Supplier#000481798|7gLWtoolXR3POiuHVC tTJxJXrIssu
Supplier#000481843|NyuWewgXhAp9eCaqj0P1hhBW,W3ZZWrKQrlQ0Q
Supplier#000481870|gSMj7tmybrQ
Supplier#000482004|Mnz8MnBQ0YUrHWBkyfi6
Supplier#000482030|o25UEZWKpcWHGWYJQxh4w8wdnQ
Supplier#000482072|m I2liQxcWPXH8nSCkkJXPHOqhH01,3
Supplier#000482128|aEtBuiUvN6jISlSx3mog
Supplier#000482135|JI,iInxXpnKbr u
Supplier#000482215|7BDSETaK5hAkdBUrOmPwcPmglkwvn
Supplier#000482309|JvvnYEz2g L
Supplier#000482311|ThWsYB0hjSkENn x
Supplier#000482323|9RB8M0njhbxhUNHJ9B
Supplier#000482409|lRMKqoTLbUmlyh0G1hfYfVb0PywESsFTsQp0cv
Supplier#000482454|pjT7uK4GiCYvCIoAWRvOBkliO5IitjG
Supplier#000482480|aqr,0QRKRgASAhp76AKqy8 R4ovValM,36Any
Supplier#000482493|qBBr2ySIQuHYgwH
Supplier#000482564|c4f6pwrjuPSo
Supplier#000482612|UFeFjM3wNRZAX08
Supplier#000482621|04K7VEc1o5JFsyB
Supplier#000482624|J2EXgwt7Z 37jpP2dvEvz2k18v2CQg9VW
Supplier#000482681|gxYtXdB 6wvuGPtNoh5Q
Supplier#000482751|HhSVP6z5ae6j,RV72KDZuUi
Supplier#000482791|TMinuPw 4SoA ghKxhSmg
Supplier#000482811|ltwC1xNMXINf6SOhSn9aTyLpzuAlr
Supplier#000482847|RMEJbGLut8hVYTQlJda3GcYpKbea
Supplier#000482904|AVOWh3HqZM
Supplier#000482959|YdAqw5aLz tGzWD3qAmLrBoUV,MhGO7ZsaF
Supplier#000483083|58tOhiVNAvb7 sZxmnf, NpYrIZE,p
Supplier#000483207|iRizULzHFz
Supplier#000483214|X sKhGEBU2zq5l
Supplier#000483281|He3M5md47koNaybHdKZUbeMwaG
Supplier#000483292|miPBa uUHnhI7FfcDZd
Supplier#000483399|D8TAroNtTS,Gnmdb2
Supplier#000483402|hmqtTBSaNO
Supplier#000483472|8mC8oNUvkZ2RZ5ULQsVhIMAGc9StdbcLUsYNmr2M
Supplier#000483539|mUbpl0EZ29he,fIB
Supplier#000483547|j g0hbpFZqt
Supplier#000483741|OYUy1Yrh Qun1v8plTvauFS2V5wMC75ar
Supplier#000483827|P,pga8,0rqN00wHuycz7u0JMG
Supplier#000483884|plwdok3eB2WS3P28BeAQdBW
Supplier#000484081|jV0H0pe9zBJfvbnjAnV9kJ,6,41p86Ja x54
Supplier#000484083|Eim7nPQQJa7V2
Supplier#000484099|Ntnjbn9cSa0aHmzfbQArt5o
Supplier#000484155|kvP2wlT7B4WonvSwshSd
Supplier#000484178|3YtDctQ8inRW9esdl,i9IonQpQ,kg
Supplier#000484238|YueB FEvANNQMqkM0vm4c6ZEHle8N1aIDdje1E
Supplier#000484251|fjzStPZcnC9n2iZZTa
Supplier#000484355|43goa8uguBximSjhVkZGZpeAXNx5FjdOBhhMS
Supplier#000484393|chB53mEE4OUQCkaCtSFI
Supplier#000484488|9IZnX3f0kYlnK9glBjQIyKQI9nqjX d
Supplier#000484567|CIMlptd,MAU4A
Supplier#000484580|otfupiSCIk
Supplier#000484594|mbf8wJUD9j23
Supplier#000484601|pgxkNTQkEF1mdwaSNegg Cctm
Supplier#000484632|EMyj6DfohR8VHQdGwg hEpLG8wHrOqcW1JToY
Supplier#000484650|9zlGFL ZCqhExx
Supplier#000484743|XPLZvAOq8rCFr
Supplier#000484761|TVhqf9xTnZRW4WM25,cheL09El
Supplier#000484819|4BFHYrsKAswFdeWIKjBhfOibzIE9RF2YAwNgUWed
Supplier#000484859|weOOYIIyhJ4wf
Supplier#000485065|hiTfdg6365BnqnStFEdArG8Tzt20KF3y3OsCUw z
Supplier#000485078|FkGa6ECURtXUnlX3PKTgbvbkB1dBkYPTxXGzRdC
Supplier#000485253|l ESroU,4OPKMCAAa2ULgoAChBN19NK
Supplier#000485345|hL Rwu0ZIrzTER4,QZLHXbi7OQrVTYGOvUHJRSf
Supplier#000485374|ynsJNw6Cr2UWnUwDNIXVJo
Supplier#000485377|Sbx3cEFI,KakoM4BkjD3081FcGeqdJqm0z3Q9
Supplier#000485384|2bX85u1OMJF64enDDH
Supplier#000485474|f7SN 2U9CDX8tm266kZmcV8f6PJBHM3UcKTDLmy
Supplier#000485563|NohQQCt2ETGtI5xO7aByty2Hi
Supplier#000485589|goftaCwAM4Y i
Supplier#000485693|tPcVLJcyX3Q8TTdwK
Supplier#000485775|H5FOOw9UM2VPGmX wgfEgvmTASEApM cjKRXJ
Supplier#000485879|rEPoudEBE84wazAb4EqQ0f6mC8ja,rHcxE
Supplier#000485895|NB n0Wh2eJvTKTC8wnBCxvNAcEELJnoW
Supplier#000485905|IvB5PH6d0GsukM2td3TAN1,iyfMEACM YWg0s
Supplier#000486096|6hxmYWQdV oxa9Pkd2FiSuNEs0Q48
Supplier#000486194|FqwpSYUSfbYliyQqI0,Zu1ijloiXxVqhY
Supplier#000486424|1cKUnm8WmWU,b21 gQsAb dBR7JjPHW8MBs3N
Supplier#000486431|3qSUDtqo5PWp8e
Supplier#000486461|xkh0qSkv4YdJsZAyyDDNkO
Supplier#000486494|xwyVRb 6X6Ef3
Supplier#000486506| hpGeLvhVAK0D8Fv6m3,FMZw7qlu5BHE6
Supplier#000486533|5Y2HcN2PW2cr4wE
Supplier#000486534|pQurkRulZXILmWl7zemmPI 6CC,UjKyTJy
Supplier#000486545|g 88BoI 1yQT4fb3VAc
Supplier#000486603|VfT5DjnoRvDXcT1XH2ge
Supplier#000486642|uScqdcXRDrJDRO6I
Supplier#000486667|m6hADoboIiqGfDanbeIeBs5B52
Supplier#000486721|ST3Y 2X78vNI seP,LIM5g3uEQyNCidKmafKq
Supplier#000486743|GFKqWPTJrHg
Supplier#000486819|8u860N3tqafe85EQifN1npleLn3Pk4
Supplier#000486890|26oCLnklDPp9jRbgp5uwMPBqXdAD9Knm1
Supplier#000486958|93NELIdkmHPTnmo3b5rrvNkG RNkwIG
Supplier#000487050|Uo4wDyLzwYkDreMAVPU4kh
Supplier#000487122|ot6WA9kbt3Z7i6zwKE17k4QT2PyYSpu
Supplier#000487124|34dn5fPtCgDFX6HA5tAkbrwUS6l,MudjUI
Supplier#000487178|P7kU9pRbjFrKQckjZPPSxrh3izld
Supplier#000487197|R9KrrUT0Xgcwqd0tHTF2zNtec7r3MFIv3VSQ
Supplier#000487209|wZygp2R9h8Ah8LgDFZcf
Supplier#000487218|eRQ8A8sJPPFupf2
Supplier#000487272|JkYAQHBbb32Lqk
Supplier#000487347|mdLLq10,3U5Qql5HWBTWon4TeRVk2B
Supplier#000487622|,S8Un7K 9uQhee 1UD7jfmh3WHKz
Supplier#000487680|qT6KNEo6TLFkJk
Supplier#000487763|I22S1XShUqsx
Supplier#000487910|THZV4DERCswWE0BTn53RJu0Tz25069AvCZ6 TjQ
Supplier#000487955|eAjXkdChVDgkbCvkOMcE7nnFqGyP
Supplier#000487961|1BOs7Bs2MtW
Supplier#000487978|ZhAmT6xhoNJi9w4ZOgDlS7Zm0YU,jgm
Supplier#000487981|TkHA02XrrFZ4M5bf9ernVJpv
Supplier#000488106|rDwpD3qm83F9eP5WU5LkfsHuxfACD307v
Supplier#000488112|W13ooGrH3jIpj9Kzi06PC94RkX4
Supplier#000488150|Z8Alz,mlcT5C4YJNGK5D7zfIXxXcedXlB
Supplier#000488160|oKTrVVTuhM9EM6B42DmYJvOF0OzaUDG
Supplier#000488277|SfR8HNbZt7c04Qf
Supplier#000488308|OivrHDzZRBOEXAKrJ3rmaviKrILNvvLRibm
Supplier#000488310|y3w,YjeYVJzXP
Supplier#000488361|TE6LD8ZrzLc7n6Fp
Supplier#000488389|6xd3rzvFiDHK1lY
Supplier#000488403|aZPE3,PFlti5,xAG33Y,PdSITt
Supplier#000488410|3hbxoymBlLin aTVCtjvZEn8LWPbXAwXQ5
Supplier#000488453|AaKbELb2f9BRn6bD8
Supplier#000488477|2h7fHoT6YPGcX
Supplier#000488681|y5REhE4AV3JKztcjK6mBYMI3SyPmGL,EVQ9iLAZ
Supplier#000488856| bQS9UGIJ OdwvCwm452uJ
Supplier#000488934|ZCmDYD2odLHNm 8Oblt3AZ8BbKSA,c0KdNf66L
Supplier#000488966|YAB6KdgR0K5zoC7o2yvSTnrzUCyoE6OR GtG4Mr
Supplier#000488967|tKEZlafE3TPVa25qMm1YKs
Supplier#000488977|dWoGGXAwufJ871lzc,Tm0CRrf4aTxr
Supplier#000489004|  Etixc,fDpYJsZLEUKGIi2dL
Supplier#000489096|qidgYe shGIFD NTOA
Supplier#000489114|dMUG BhAf5kmG5,1pJVGrHF
Supplier#000489128|z MkUElPAZOWsjYg5pj,1DKvYvpQjrkd
Supplier#000489142|v7GpSY8T9SKQPQ
Supplier#000489205|aIu0b5Iw,FFd
Supplier#000489231|9TqLeuubydtIFOagF2l68mxI,j
Supplier#000489315|1Tal5XiTqV8,PQD4rFIfokCvw0
Supplier#000489325|gC8ys0iV38X79ZVYf1el711Fk3U6MAJ9H83SeD2
Supplier#000489350|oZTI8Vr0db2LuI4BzlB3XgNB8W
Supplier#000489355|f l1gJXs6f
Supplier#000489391|2KQCo9yeg6JKzof,M4jVI
Supplier#000489580|imjLXka0ELHFjEv93HGoxs
Supplier#000489811|StL1Y8dKuowrs
Supplier#000489826|jmNG0oiUNF8M7y
Supplier#000489933|jfF 8Tklgj2vpgB7exksM3
Supplier#000489961|LJS8uNUkzGyfh6aQS1
Supplier#000490137|VeYcN35l DtztrsIb8JKJMRBVZrVVMVp68BZlV9
Supplier#000490291|lnNjjPH8fM6FIQYf99E J6lwLXRk6VuVBfj
Supplier#000490397|sLkkaXqVmvjXP7Vei4wtMjb5gg3
Supplier#000490498|ttDzfj7dmmQQOdxRJUDM96VgH0Yx8cBwocki1mT
Supplier#000490511|PBIaGFODea,DhZ9g6ua1R
Supplier#000490545|8t3Z rDkYzWg2QXtKEAbaYFPcOwuXr7CQLB
Supplier#000490547|TVVbAPdTttRbNlhcN2JKC87t
Supplier#000490548|9awxCif64fhoj2
Supplier#000490627|HythbE Z m1R6H8
Supplier#000490633|7Jth8XYQjyFqr19PqO6msP2Ek7cnzB4
Supplier#000490644|g7nS1ZSHmMLst
Supplier#000490648|1xP3b0x8koBQg8fBBBY2X7v ,pprE6hW pE0,
Supplier#000490650|Zx,WXwqMDJUAA8lw0Z72ghMHVUQDZ2gbsnfG
Supplier#000490811|dBX0iA1jERn833n0X6GxNAQF,OH
Supplier#000490849|,ywbmjQ,fD s241xImubn99
Supplier#000490870|y3ae3JlxNVmoehENaqnFNw2pE
Supplier#000490930|sm4PkaSsyQEdo9FSpzQ4RYn b21
Supplier#000491146|DdqMc,mHq3O
Supplier#000491198|ZjwbIboriD40Dj,JlBIVUkfKs6UOxU56k2uo57GM
Supplier#000491256|k91al,7MNUG C23RnbB pF
Supplier#000491351|PiZ5MPOWEnD
Supplier#000491367|eWya2onEpvtpRY7roio3Nq73vTX8hGjDC5y
Supplier#000491560|9w7WewO5K61zl
Supplier#000491564|,LhrXMAkmvAw6UuldisA
Supplier#000491621|m79JHSVBr9 hE9MvB2Rrr95AcF E
Supplier#000491678|1TnrwyaPqPZeUTIlj7ZS2syKooYGXGw
Supplier#000491912|eSjWezl6tUVc4G8RxnsA8NQBXC8XQWgMT
Supplier#000491945|Gkd94qII9eAwI2pD45Ymbg0,1vUk
Supplier#000491959|Ywb5xsLSin QfLslQSe25
Supplier#000492014|KlrJ3HF dlKI2ovqbQLyTs5t5JVt2pON
Supplier#000492090|mXZvOuomak3hLWEhV90blmwFlYd6ldWy
Supplier#000492105|PmO2YDGGXFc
Supplier#000492168|uD6KGJPHRuKk5QJ7s59R3uoObLVTuypj
Supplier#000492230|ocWIsgFIjwsbKWoCixyK0utkiiPK6W
Supplier#000492254|4K3rsaSTM5mDobL
Supplier#000492275|g7CoUcIw7Jl2TtRX1EBv7MVwsbpOD8Qyjgj
Supplier#000492289|maYNc4Gzrp1lZPjHrYrXdQKxiEb
Supplier#000492325|QfxG3gD,CpJKvRl 2GaqlJHHDHpSk
Supplier#000492388|0vxwUpDhUb2f25JtMTdH6e2TNsG0fpfObW
Supplier#000492435|eQEkt6AjQq7WJD QKxV45elPAmdzLhfF1J bhUQN
Supplier#000492498|kwNA8xN1NWaHROech4vjH7Vp3w
Supplier#000492635|E9TGLhbEBif0c7yyye
Supplier#000492644|OSgHG75F2QOqzTcVqetnbyV
Supplier#000492714|4UqM6KgWcsVp u6
Supplier#000492719|VAvn40DpEQM2n8bqAlr089e1bTzVDIuxyFj
Supplier#000492826|NqDmNv gglUIpKwCjxa0PzyLaaXB3
Supplier#000492932|hM8fI YZ7yFWnCuOaLY
Supplier#000493003|yyE8nUVEkwtaAcgjwoOn7b8DR38tVzVeERbnR
Supplier#000493060|3g2QbOo2ykVvXwRBxsK5l7RGJiTYfX,O
Supplier#000493306|2Uys432Ie  AMjhRIW2wnZ2gyH93YzZ4y6Q
Supplier#000493319|ixJCdCm EWRiI9xDzJlX ibQIG6SC
Supplier#000493398|b2VE1Ome7 TM3bANJ
Supplier#000493402|M6ByKO8T4BBgbNa,YLFZ
Supplier#000493458|JRzq7YQPYfl010QXLV7nq
Supplier#000493470|J7tvbklkoMUlB3EGXY9Lqs5G96Y
Supplier#000493610|Umo5OgTy,9F,tweL5P LCwhGjR6939Tqwcoaj
Supplier#000493612|oo6pY,YDqaaVEXp2aBx7nviG7ut
Supplier#000493615|WS9Li8aWLzY0v,47qM
Supplier#000493734|QCbTlUT6PkQ 2Y,dqlK
Supplier#000493735|zLEULnob5Ph CKWlwy,lDkmZwrh,nl1N
Supplier#000493760|qqHwhu29Kw9kBJWKZNfa4SPkVwHA5
Supplier#000493886|MXAqSYiRzDNtD7uZKzjBMa7hqtXqM37DSqCRj
Supplier#000494098|dliCxBaYZjz
Supplier#000494105|JrHYXP6zvIrofXSD6kGHs7lHyEah
Supplier#000494114|xLxvef18qUDXWKWnwGCEO6XhO,ws,GmnppyGl0k
Supplier#000494121|qyuSLOVsPTnokmmhC52
Supplier#000494213|pYhSO2kedVmdJEB7lKAm19dLgo1Sazva9STY0u7p
Supplier#000494415|oiRpbJLh,LfxghUms79zVmx1KeO3vT
Supplier#000494436| 4EnqKXGyRg7q3f2jyZ7i,MwS ZwC1Yvb5Lx
Supplier#000494450|wdEWI9Bl3awjfsNHs9Slogbi5SiQ9DBTFaJAu
Supplier#000494462|BkfakWEAYcYowG11TP68XrwCTrq8SeE
Supplier#000494473|XXj0cU5BSA86kPFrOj9gi
Supplier#000494701|NQDHkl10pmssrk,oT6OdlXVjDdZSr7T
Supplier#000494790|6Lsf914m7T9fRNgmwZ
Supplier#000494829|Ry7N5bobrHg5R8lxhpN5HU4bQjT6PKo EVsFieV
Supplier#000494956|7R0cYwy1NtjW9NWXMNcLRvlGKrXsqtwfZBd8
Supplier#000495111|,evACkgnIAYVUQGxXAYo2JQSmzS
Supplier#000495215|,nGAdZUAxxhapEXcHkeqxNsrCq2j
Supplier#000495252|DnOPfzB,tOlkxE9,ztHRkyk7m
Supplier#000495316|XTnOcfDA6773A3j47iRgIaWdvbHRH1
Supplier#000495344|ms1YsxdU5tca9ORs2iFLBCYBKya
Supplier#000495418|BIbuDByKleZ,xSKHhA1weT6 ,mwjazXNf8C
Supplier#000495419|YxpnHBJwMPQyE9ROPRXv2TvxBFtLUBP9UA9M
Supplier#000495421|eHwlgLJVW0TY8XRfCJmGOE
Supplier#000495542|1OyCmqO,yF
Supplier#000495544|DJ 2SIPdW4Wo7GqoxwxLT5szKpjaB3keD
Supplier#000495838|UO,s7r6gUfMU4
Supplier#000495988|dOMPfNPU1I fjTeSeo5zdiAupB1chJvVO
Supplier#000496090|uFGfWfvrjj9YznjWFbzgCaOd7hjASTK6B c9SL
Supplier#000496102|B1G5 VDJAdDHPV
Supplier#000496212|oFqJzk7GrNnUcn1x6EWO3DGBOqix
Supplier#000496213|eOKwKqXLD0Sd5dhe
Supplier#000496237|MVrkzJryKbQxrWL53eV6Ww8,ysFXkMFYE6Pc8
Supplier#000496262|RtIlS9ZSmBUTu41l
Supplier#000496265|YR9T2ucV DfFvJPJJ9XtSD8vvxYulEkOE
Supplier#000496347|2wst7WQrC5bxG0ShYj
Supplier#000496360|q8tNwxw70yhUDOcmRk
Supplier#000496365|d y23Skf3ga
Supplier#000496399|Er r sOlX3z,N1rvPcRPJ
Supplier#000496523|hlilhk0b1IgtZ
Supplier#000496613|RJVZ5UKxMdpSzl96mAYX8Taqggrnu8yhMpuON
Supplier#000496657|oA,QSVLKc4nhgjKt9
Supplier#000496692|kzq3UXaKMKiMwqJU9IjPL,,RyuqYv
Supplier#000496827|2gZS0qTvXFF8loQxPhm8EgNxipuHlBB2wib1t7sC
Supplier#000496876|b vL115iMAwgw2MxxaA87HzJnFfju38vLfajXU5L
Supplier#000496948|U24NvE4i4kSg,AL
Supplier#000497145|0bUZPqmSnLvyq8bsekMeMNnRTUfiyehs9BdF
Supplier#000497219|tbZ AuRL4gZtJTiW XNJGu325WM
Supplier#000497307|Nap6B2orWo4A
Supplier#000497328|ALEcy74hFD5nbCOE8poQV
Supplier#000497386|Nt,erKByXYsXEzAxzWr
Supplier#000497393|lgNGE1dtqEij4GywswRrmdr27znbSdu1jalqlA9
Supplier#000497450|P0eEFADPuJkA9gwLyy
Supplier#000497487|4uAKJK5Soi4s
Supplier#000497651|gmSwNN MBktIL ibVHOOI
Supplier#000497673|q9dWsU2wU,
Supplier#000497754|K1TvPL2dNuP3a,h,FGFw76 NDF
Supplier#000497792|5VrHZ5MJk7uwm5lfeCpL9AabmH8u7eb
Supplier#000497796|gbspATsbRWkF9Ugg63og
Supplier#000497869|Ku TzFb0PsqVOrsUTItbFhOYD2Vu YfupLSf i
Supplier#000497877|2cD1FRLHwhfibbyFwu
Supplier#000497960| Sxg0S82JPoc O RVHAxeUdSOlKFxEI5Nu8
Supplier#000498077|LnVLotFKLkZcPPcO4T
Supplier#000498229|j2K7pxT0hZgrSZAohkdwq
Supplier#000498318|Obm0,3XO1PZrrJ7
Supplier#000498385|ak2e7CpU1S4WM8jqWbJBHMqZFoGGEI,5bdt1s
Supplier#000498395|a6AMVoxO4N491RbseMAm765yoj76Dt4
Supplier#000498532|kW3RIEoa1gzkbex
Supplier#000498538|Lp0Gx2eER ySy2a1jziyFJlOQG2ffYz 6
Supplier#000498555|gPGkQzXzZazuK
Supplier#000498604|uhRFJKU iRreO
Supplier#000498650|6ahAFJ1MXwln
Supplier#000498677|CkpHxjcLIhlKEa6RU7nny0BsUijl14WwT0Vomb
Supplier#000498720|kyIQM9ld9gkcEbyJntJvxGXyxED6IwvznE u
Supplier#000498721| OPR,FNgAmlrzs
Supplier#000498767|YUHkYHXBs7Oi
Supplier#000498780|D37uxLZ7fFj,HTEeExJEyFc5UyTP04FIC,PJ
Supplier#000498827|RujU1cP4GKQp YoVpSyg,HN3PVW2TfkmZa7CE
Supplier#000498844|Q,59V,CV5F9xnBSg
Supplier#000498947|0JQgh8y1bt8oA,UgdwLD5Q
Supplier#000498961|AHdZ5wMOZkgNaeVBTfNu1,lEt9pmckkIwcS
Supplier#000499033|D0KbgZy9BUFVYkhz8Of
Supplier#000499034|AJPoPKuOZyP991rxCHa9DqWaonE9Ut
Supplier#000499143|idSm,nIZWcY6RgrPMqM yjcKIYsq84msCqY7g4H
Supplier#000499169|xQCTXrzkAU,RvTSL
Supplier#000499194|cikiMQGMc1uFFb2aFNL5DLq7gRNj4c4l9F,s9TS
Supplier#000499213|QYUZD5VqDvEP8NKJpSFn
Supplier#000499281|GQKBALQPsyDjeT,9I3Q5Rr,vLPu
Supplier#000499356|QvWDg9RxwHdaeoi2
Supplier#000499390|D0OcHtsBCkGFTw
Supplier#000499393|F36K3FbBv4x8Y
Supplier#000499417|7aGkhxkFhcHTI
Supplier#000499429|7Qyr4L3AntdGV4rbnB
Supplier#000499450|zvZSF0QdXhdMljsH3GUqIbkqv jcFSQ1A5Ejm
Supplier#000499561|yFJaTnOw 93F
Supplier#000499574|aFZJjidK8m
Supplier#000499902|xlJQmGTirRhdu
Supplier#000499920|1x4twB9ScNzVQ
Supplier#000499974|NXSCFk,SldhQhyG5mTTR4AG
Supplier#000499981|VlL0q7x5nXwFSEiu
Supplier#000499992|bB1d2WjduFOZEUy54C,iJwu
Supplier#000500037|4DKCJvb,b7m5vXsc9M6g4cyjxbHaSgIoio7
Supplier#000500057|ECVzNr ,RQmmOKXK LlIncZ6Ih5vR1SOtsbI4so
Supplier#000500083|uOFEqnWJCPoVzk
Supplier#000500122|spY9QQMyqa4 7z0
Supplier#000500143|UmHgbzBILcV4yncrMPQSrlsQnLfVzj5
Supplier#000500169|v9QhXYwbsJafVjFjrvyikYSFvSc5dP
Supplier#000500342|7bQks5iSnyhyGRDTJNyKoiOTp9br 
Supplier#000500389|OWVnu69HQruX6rLlaMXu0deiD37
Supplier#000500454|NFKN5LQ74hZKNBhjwfpyRwERijDJfdaF
Supplier#000500478|Qd,6CfB73s
Supplier#000500618|w,qHPklp YVJETwdZpnYy2uAd
Supplier#000500641|JBhmP9yeE5uJ
Supplier#000500671| aPEcBa02USNtUXa3n,mZyXYoqP
Supplier#000500700|uubZ72yFSp0Id2EBDxs4GlC4vFbGRPsD,5
Supplier#000500751|k2FFIAH45tVwlkvjsOtllFaL50RI,GF
Supplier#000500875|LwysdfN2G1i1kDeoQoxXwFD0 NXIRyo
Supplier#000500894|54h8YbS5U5cKnNjC
Supplier#000500939|CyiRHv8ZZ bazJkDN0jckXHPkkcf6sfbC,E
Supplier#000501027| 4Xi0X3etIyrG
Supplier#000501071|CQ8NyylOJs48oG6RsGc
Supplier#000501114|VzVwtBdFNJSinGUgp
Supplier#000501211|rckHe0u6GnZWHKSz2R1gWilmk6CoNPF12tr
Supplier#000501274|xR7fKrJVmHS8NnRucNKvPkABYurVjvew2lBT
Supplier#000501280|QCGCHf ALDuKdpKW9FC6XGfKo
Supplier#000501289|jE3gc7feIc2ewQSvu4w3uvt
Supplier#000501316|xLqqK68VD2uuvT40vT
Supplier#000501343|JydiyMtlys7BVNXpJGUulzy
Supplier#000501357|gp3FXBJpx7j9pGkq0lofO4qPYk
Supplier#000501414|gY8UaO7bvzBC
Supplier#000501434|mNKTveFadK5wkFFilOI
Supplier#000501455|mSrIwVJvLWETmtXKfP 1hXbkGXEZb2t9ONnU
Supplier#000501650|V4Jgf3P6PKDudEsRh iaJ
Supplier#000501651|orQk,XRAqT1SYbfb0SxfZxaO42 qiot
Supplier#000501658|iP8QbXSnuKG
Supplier#000501706|kYYKqM2KSFxBZyiS6OAv2jdg,pIZjUeK,
Supplier#000501749|iADDavHkUP7FIEUg7dlUMEDBKf
Supplier#000501786|N4WpeJ0zDU,yh27emRdBE14WZvL8
Supplier#000501799|Pi64dcIPgK,761G33oKH1u5kdDLbDlt1dDGA
Supplier#000501982|9x,d,U0ozOVrfSe
Supplier#000502014|qhHrnDKd7E8,iFAzkXv64VOpJ29ieX
Supplier#000502052|gI3nPTHvejia0C3MY7rShYH8P2
Supplier#000502057|T hPh5cCORUuiTGauGYajCVyb
Supplier#000502107|e3tseTGRgi0uT886saAkA
Supplier#000502109|haoZAGYHVv5yPQLY
Supplier#000502140|B9MqAlwbxowmjkM5cSAav730tNivNSDS
Supplier#000502199|5XBpxi6F0c1OjK0y6RS7hkEwqt
Supplier#000502348|z3V1,3nSPdBF1RQ19mKZ2zpv35
Supplier#000502401|CnjZjtDrgekJo8Yk0FkAaaQyjUHXQvMFKnga86Cb
Supplier#000502412|ndiyDAvKr3jMblFQ4X5
Supplier#000502418|pbpXxAkYSVKN 8Y
Supplier#000502454|iycesArYYjVOh
Supplier#000502548|okEqId1zoLApekZ60vh
Supplier#000502602|0XOeIwYgEc9Q4AD
Supplier#000502613|J 7BvgBTejVn3MEKiVHgCj
Supplier#000502728|ZvK7vlfOaF1CYlVIDeBtRVxdyOYy6fMSg80
Supplier#000502794|FFDAqzGmqh
Supplier#000502805|XdmXuL3AJU5yU5SNXz7Jv6HM3mWoPIPA5Zo
Supplier#000502833|upNDf4NXaw9SYvrChqJCGz3RcY49w7hWMK94Z0w
Supplier#000502841|RUDT2ejFYCegsKMiKB xzx9UjRj7P
Supplier#000502874|XeuImzmxu,h0D8D6Xq1MXHq9Hykc3t1AyoMDb
Supplier#000502948|3eOVmzxHwGj4tcnT5iA75Z0Nf8LHsnHMgHMaUA
Supplier#000503080|ZJsan08M,TE
Supplier#000503166|ga6BSdrGrQgtPD
Supplier#000503192|zvZceSRaKMh8ccqvnb5SBW3HLLomX2,
Supplier#000503294|g,ngSxIwbIdbeWElit7,,6
Supplier#000503295|c3nDYt,5YMSWpLyyHQFlAVYV HfvpUiu
Supplier#000503308|mdWHkiLELxD53AKHEUdF8QM
Supplier#000503366|JsaPIKeWztHenn5xcglVvy6gzW,8ApQc7uD22UP
Supplier#000503407|HICEJWmcXOW3lh
Supplier#000503463|Wn0kP,J9JMO1fZewjvsULCSwD5ZBJfJHPWo
Supplier#000503492|e60VUKRuKJX9QfSkm2
Supplier#000503598|i6OlQO7PtKa0GyZ7,Qa3uaeCkiOt
Supplier#000503689|QPirByiHH9kKPySRrP7qdPVqWfQwbq
Supplier#000503737|bUPaLWjf8G90TH0DUFB8K51czfW5NDdI3NV
Supplier#000503823|W2ZLgLKIQGBUj0CAORE2HWwSYsrqEYghrr6m
Supplier#000503847|,cAWNApPBXBX
Supplier#000503852|ztEpAMrdnNA1P8ISP9mA
Supplier#000503886|LNy7IeMV1ofZfLvHftNSGn
Supplier#000503943|zjSatT4I1gIGp KJkzk0pUj8liX2xUGd bln,0
Supplier#000503960|ujZVgp7C,Jnj5U2mXqvs Hrs,wthI3P2o4BcI767
Supplier#000503972|t,sSxSqquE0L0
Supplier#000503991|KKE17tCNU2lOkrmxVMOxTJ
Supplier#000504089|ytZKqj,WWHuKF
Supplier#000504101|LJBw748Wq3SiZsjQa7GtAqEC 5K,HCVkx
Supplier#000504211|UY58WLU,maVViCt
Supplier#000504255|H4s0wcYhcj5Wn,YXprzdMLP
Supplier#000504295|bkPMtwesx5yYxWga
Supplier#000504311|PBirPY9eOFo3laMcQDufM
Supplier#000504464|mZrAP0Hglj4l
Supplier#000504484|zfHfM4iBGfkQfi2AoSW5rAldHSHlvyGvP
Supplier#000504516|jknMQjMgyRSt,xvVjUxnlhph64Dh32
Supplier#000504648|C346R9vdjNpoHVisIQsOlVJ
Supplier#000504654|pTIOe15LlK8 N4UGyHVo2V37upqUigoU,yi5ILU 
Supplier#000504658|TW84F82z6AIb2qq06cOFdWTHD8z2p fhlHGvg
Supplier#000504681|80Hgcr7hjNnCOOxN7ySGTJBx4
Supplier#000504728|e9e3xKTjSkaBm79coVZEaaA
Supplier#000504733|oVp7weOKAT2fMG0lkweBDuS8GiH8xAmMxMw35yr
Supplier#000504815|7tb5yAo63Zz
Supplier#000504835|KjRIhHXRgvF3Vd4Yfk9wxnB JnSDnd9hwH
Supplier#000504909|iJ 9wlPNaN8n9CL0j
Supplier#000504982|Jt6dPy,zssNL,KgyUxhHg
Supplier#000505073|Q0o84bwYpO b9BBQBVPF UCaJ3QVOCdQ
Supplier#000505080|K4vyCatheh8dZ9WXADJSBu2BSWWKk
Supplier#000505108|zNw12T2R9ryPGfRJTKXgdkk31Nw3c
Supplier#000505188|I8Ptj46oBV4Rt1P Tt4I7fL3
Supplier#000505358|IeZNaZq3PfWHtJJxm,UGUaMG9kfxY4MgTzSgv
Supplier#000505361|Hc0jprC2pd
Supplier#000505370|shIC9dtVxqLL7Z,U9hDiFVVLcv2003LtaaQ
Supplier#000505398|5qS4dhGtNTAJcfc39onGw8K48MovQjhhv
Supplier#000505705|g41fi  ,wAjLnmW34cTKtbTCch36i
Supplier#000505775|0Q3EGXAgHGB2oUOlLgowXp2o3Ur
Supplier#000505845|r86RymGa4HdNUfV8DJfB3oFtHtge
Supplier#000505863|,VE9j5nYvcp
Supplier#000505882|gg6qrobiwy8fD5c
Supplier#000505963|7qJFMT6a1b8Hf5tgxbrcE
Supplier#000505991|ThvvGLrcfqNcaac7PwX,aqkdHwfwFtMi3U
Supplier#000506037|Y5gy QtaLu65ucVtr9Kwfp5lYnEzWGRI1eA
Supplier#000506085|y6w3qTXhzdDJ
Supplier#000506115|d5zYJGND7AL,fETb7JCoC5qZBshRPeTCpoo
Supplier#000506164|gPZIa9A7bMMXCOuMz507WzMOClE
Supplier#000506242|e1MY3o8Qjhy
Supplier#000506324|vMuNDikkKwy,m0
Supplier#000506353|qXe7IOAmA6iZtfWeve8rB6AkdUUyrndhdG27Ku
Supplier#000506477|T2mBz 2aCFMc Yg4PgInuLkqKgP31FFDdhXEyIjc
Supplier#000506599|EqvzqbTbfu98
Supplier#000506642|FNhWEk6dYdy7OV3aOV56jg
Supplier#000506680| zSBfnso7DJCXzFLMv4
Supplier#000506748|I1fUD2x7pe9GK4BjjE3DuM9jloyqG
Supplier#000506798|mnvOhlLCMDaG3,ZJ9Ttx6dY4IyTR L5
Supplier#000506876|MCLzd5anQEhRkkXPyRJY
Supplier#000506936|mIui9bXjZj5frBgP8jVqj0HS3e205lvi5
Supplier#000507171|0Fk8Mw7xD0wyRgg vsyU
Supplier#000507284|dpqwwk fOv9Z7Y9kWbTik
Supplier#000507331|cqnZhBzqQg6HQgWEec33XOm0Wl7
Supplier#000507356|r3jC2eBzXtot6D9Nm8T1JxiqWkFiSPmjA5 9YU6R
Supplier#000507390|bmayis53b9i85nPO
Supplier#000507425|qJ 6q6wlmPMKuDlEieyUrXZmaqDGGpfQZe
Supplier#000507437|MRVUaDd0fL2zU0PE9u8oUoNAoUfAjG,jIqzt7
Supplier#000507474|QaIcfc0QEhWH0u,TTkayCUwO5oUR4rT1kHo
Supplier#000507742|0F xXArfxk3QfrA1I
Supplier#000507859|4mhe4wRPH,B9iGkZYhGNt9DW3sz8HvNbhVZXMFRS
Supplier#000508046|OqM7156N2wv9pMVbx931 e TxSeEMdbzU2D H2n
Supplier#000508058|LN8d9yC30pJ11RtFdC7kARMarHvL
Supplier#000508260|uO6IldMNlTeYm7zZ
Supplier#000508309|MdiPJCrsr dBl7zG 
Supplier#000508403|FSE0sMHlOKljs7jJjmp7V
Supplier#000508415|gGknZ6LCRuFO51qGc,
Supplier#000508495|3WOhDSskqt DALF4nXFYnjahoxGwD
Supplier#000508498|rbkpxGw22,WRfxLUstbG2idzeu
Supplier#000508509|kx,R,C73z2ph,72jYIT,35VH7lz18yxyzfE8m
Supplier#000508562|vclx8MGY4ERxKymzjtKYI7TTUBFHp7KExwIIfmA
Supplier#000508675|UUpePicKPNEH,kSUI
Supplier#000508725|mY490qp7QfJktE5l4FjamQicLG0PAHpPrYYL9pk
Supplier#000508741|4ojQyC6jOrduEtXotTQdrvBY08F3
Supplier#000508777|p5xknvhbXcRSoPeItIK
Supplier#000508917|idINwEJSYzvnTQcExrApT3svPecW1Hh43vI5
Supplier#000509058|4PDN2S8ZW,pz8WtlP4
Supplier#000509071|zEhFQ8hQ0MQEx h3ZI1fnx,
Supplier#000509150|H5uq8uLzjvejcj91e73fT0JsVLBCSb0p
Supplier#000509193|H0vsWupIjQn,VR
Supplier#000509230|lFTbusGNc326Eg
Supplier#000509299|Pa6s2pv,nw
Supplier#000509382|GFb8KBvNKd4d5Q0RjCEOhI9iQoQdOM
Supplier#000509404|PV3ifL983gARPhArPAeHUQD
Supplier#000509405|C1SbvtA6vzT iVXv f KcCQPmzD2GdNk
Supplier#000509476|U6SaLYZKdP0IXO6GAbaPWBh
Supplier#000509543|syPCa UYlvEmkN1nE
Supplier#000509586|A4imvhaIzkXpvDHyLhfYLCt0SPrMyq
Supplier#000509753|QKM0V1W68yl6Oh,1L02
Supplier#000509803|y0z,B7Ft2V38tVsz
Supplier#000509893|yPuNiZKOW6JdTi4fImDU5M0zkVZmuRwqvAu
Supplier#000509901|,EkiO12rJglLFXeSNQ,tM3Z7
Supplier#000509917|XuUi,8tGQW3kGBd9QpTC
Supplier#000510213|VCAKM7ji188t
Supplier#000510222|eXRAoHKZZY
Supplier#000510260|Kl3OKq80N7xLt0sZsH6ZBmE3gONFwIa916ufo8
Supplier#000510312|ziYIKD0fVdCxGWSeT6zpFl
Supplier#000510373|GYxTbiX8vFRJd
Supplier#000510393|bUIdbqb,e,incMTQAOA
Supplier#000510523|YXqHP,vXpYMgMuDC3EqDp
Supplier#000510539|ZrvuzZTBhsclSWjWCr,d4dd
Supplier#000510547|75L78DZbzGrgFuA3HYFm3OTIHZIyu6MZj
Supplier#000510591|BE,Yv9Q0mhMJ1PGtsvNGVmBvoj88i
Supplier#000510612|Cklt4kgjaOzmu6moGMcZE O9dovn6a
Supplier#000510707|Di5ZBJfrvUHGXGGR2NcyuN5FaRR6mO
Supplier#000510710|I60z1jjuLe YrArXF0i4LP7Jlef
Supplier#000510821|aZuAzwRhD8VrYC
Supplier#000510865|85dj,tRXfcdcXPLw7BFuPsT,3Bwk
Supplier#000510924|h6MpslhzHNx6ryhvx8WBtwgWNz1TGCt
Supplier#000510979|ick6rZWxwnq
Supplier#000511009|FFx,Bj88yPLqT4JveTW3GOxFxG
Supplier#000511019|cLVfVeg2eFzsJMbc09sKmIf07vSa
Supplier#000511034|lKlRCg2,6K7lCjji2l
Supplier#000511048|V QIz1ZGgqcGEakp2b6UNxuX
Supplier#000511089|y7Jcct7VywRcTbK7jNjoR1SYOWK2ZUivP3kQl
Supplier#000511112|J0LS4rO8xcRdR
Supplier#000511206|tC9wi2gkYTuGWgJVJjDwHY,lUSsug
Supplier#000511258|zmVCHimPcAHm479dcw8vwBzYMq
Supplier#000511409|dAwFfMl8i IV8clj H
Supplier#000511438|PuJZRcntwi,NNZ9AfEd9R9R9uuZhHGDeG 
Supplier#000511462|IqSGxfx4B6oPMHSjRJegAlOLcsZA
Supplier#000511522|SnZYwSHF6OM1DSrst LHjUGR63Pf13
Supplier#000511597|Me1yDJQbMYaW5s,EVKnFDTfD2bfrznrWE5o
Supplier#000511726|Zk8tqtlSQnjwxm2O
Supplier#000511767|MTbtzkhCs5MvKcta
Supplier#000511866|js71UYKl9kdyy
Supplier#000511896|zvr8HhPRGpMdm8c9hQ1 7pCbty
Supplier#000511899|8KrJFXJMQ73opnW1KS8YLE
Supplier#000511924|JqVLTcnZXPFUVsTP
Supplier#000511977|Mql8rWF LE2W0Ji1FaPM
Supplier#000512012|HbtJ61n MhuAk3L 8WiT9m5CMGPRHe
Supplier#000512052|ae2lX sjVSmxM8LTSF4gwIOmVD
Supplier#000512170|010 iN950Ht0b99QbwE7Hn03 uFb
Supplier#000512194|ErBIIu6 7y,Nt
Supplier#000512231|mZ,Fb4ob69weolQls5d1Gaegj73hT8TJ35Lujan0
Supplier#000512354|nY L1lzGUW6k8sD10ibOkH1 nWxoTQ
Supplier#000512366|Cfp5s61hDcZxNcymwOEc48Mk
Supplier#000512369|Ewq0nAnJMIb
Supplier#000512378|axrpzrev9GoB
Supplier#000512394|zY8kEO3qYCtho6K
Supplier#000512397|1Or1OHIKFYKQ4o GdTuJZKbXJvsvMZ5bKT
Supplier#000512462|SThLEU5FE5J0IHZoInwdKe9
Supplier#000512529|OAmWIIbtEYjeFJhF0f
Supplier#000512568|1kwcQtXCUBTHMDB6NZjuz0kchj7qqT1,M,uVrq
Supplier#000512618|,MzBtQgqZTBXRydmPubYlP1aitlhz
Supplier#000512688|VvMUOyvMQ8 DdoxP3k t36PfGhjvU5
Supplier#000512702|QIgjM9rNaUuaQ,,
Supplier#000512705|rZaF4qCaDupoMW5PiT j
Supplier#000512714|CddN3f1KGQ
Supplier#000512718|XYBEsKbgTNK8Uxi4exz25WKDYVl
Supplier#000512725|gOyH59SZBPP106EIfrMBnWQEYdgSgS
Supplier#000512787|dv7n8NshKJMC
Supplier#000512810|nQfWYMB5WhlK5YO6rfJKZvhko
Supplier#000512873|GQTWBNWlbUvU5IhCpS
Supplier#000512874|bNKc9ZNsoNRrcN
Supplier#000512881|2vPJQaM0pqXGGouCkuTzNgOy3sZU3DYU
Supplier#000512987|n8kzrX1sWm
Supplier#000513015|bDD7YOqdZvo5SQ9
Supplier#000513060|b2i 4NsRWjMLXnaRADlnvPDmNVsJU
Supplier#000513083|gGKZHKf6qh4wcusgJP YvzrhhJZ,qTviK
Supplier#000513213|LknhyY874Zd70KEgUy6R91BQLp3QiaLD
Supplier#000513270|aKVS4OMOxTtQn R2XjK9
Supplier#000513315|ZJMwmG6  UJQh5M8xKfxNXy7I
Supplier#000513316|OzR 38FLO22
Supplier#000513390|bseqHx 76rqa5JzyPHdqVWjQ3CYk
Supplier#000513391|80s0mrrxUcDBBUlITA8aW2clmbWfemHHTSS9
Supplier#000513418|JrHFbGxxVTohfVgJho
Supplier#000513478|Jd7htuwwYTRnJzwqARB53nn
Supplier#000513543|gduEiq4BW8Tmdaqc
Supplier#000513643|FGVUQAasxXrOtGMNmDvdzUNuIm
Supplier#000513716|teWMN 6gTkbXCc0PEDcO8UU7WAm6PoS
Supplier#000513730|bA8i2NElbDBoezUXlsmh
Supplier#000513773|rk7D1cW,pdx eyBTxmwBx1nXUHPe2qX0I2036dW5
Supplier#000513783|lrBM6qNgybVq
Supplier#000513859|XKYUcs9P6awEoD3FmTwyOK2
Supplier#000513895|bGc0GlCq01 Vbdk6FZOiYLubg418XRSJetCSSL
Supplier#000513941|BsbXxcZZx2d3WvFPu5cAHNtO8AfDk341hku
Supplier#000513953|Cdf98baYUMOMUGF3p1iKy0oGAJFNIxVn
Supplier#000513978|x4udeZfNjOt5YLguuvUCyzSTFqaj
Supplier#000514003|wcuNEXUzn5i32mJ
Supplier#000514069|tIZECKDhj11euXHe
Supplier#000514196|ZiPdVWbxw2OP,FEif1vqIKgZ7vvtvKJwPU
Supplier#000514197|PiwwNIRE0RXesKApQjvdCgDhplywz cYjQDOFDb8
Supplier#000514289|q2e2zrZoPrfqKariafDx
Supplier#000514312|YgDhgZtT 5D92EoljFO,7H
Supplier#000514490|DYbPkvSwMkV
Supplier#000514532|UZpGxfEfPdUShTiSUDtU7dNwmakfwWA
Supplier#000514642|,2bcb32WDEYOlBU3bZE325563hjFvMCSDt
Supplier#000514645|h6tyE,Dl7nexV
Supplier#000514669|OtFa1TSNlnqXGys77
Supplier#000514682|QM2eINJFW2Ubvi3TACWGYGaqQt
Supplier#000514706|0Qn4,6hvdlTB0e9Kbv1ZBv
Supplier#000514791|BBEbmoKkqdysxXWqsbO
Supplier#000514793|32fcdBUw,7gSNoT9Wa
Supplier#000514811|SRt81z KomFazPWJf1, C16wxdFfeOqu
Supplier#000514850|mD7j89SMTkK04Jam9rv68SJhBOtbEV6MY1kt4B
Supplier#000514893|1la,,iRiMz4SGcBd36idTyMNaZNWLrtI4Cf6PT5
Supplier#000515016|OXBkaF3 0FbqUXUjN78C DDP5ibLq
Supplier#000515139|i5lpCw7tKHHUp7yxkWy6XH48ZrUNaVci3X
Supplier#000515185|FDhe7PQ7UQFi2VG5C
Supplier#000515266|gkmWbD7sxe LivK5seS2k GLP9Ec1sn
Supplier#000515287|i7uh5cc6WJ,XCmxe2YlXKvffEEYjJxTr
Supplier#000515318|biS8ado3JtBS7UDLHn1MyiDRur
Supplier#000515321|U4GzYKfh5z11TOXMzgWqOcvU,
Supplier#000515589|OjoMx4TQBJMZkeq4AGCDbafAceARK65a
Supplier#000515633|xqCViDOy4vx6wgy67e
Supplier#000515648|Lq15H57lSqSAP8TpZ1GkmZAjLezmpE
Supplier#000515695|ljCwhrg3MbjSbeZDn
Supplier#000515699|xZPUue8c7 1o,1sQ VEeMMplxETo W
Supplier#000515718|AhKag7BI4PPvNx1edXjgIQMC Y0bha
Supplier#000515963|omK3An1s7UBIBfg
Supplier#000516100|CwQoavL2c0Gm6DqyEFsoAe,3gdPbh7ydTQMGZD
Supplier#000516149|LwOspSaqrrvB
Supplier#000516200|hZXOfw,1hkNi9y4uexRyvHtfrvQb,U
Supplier#000516235|8cuXBvl1si7vIyXbw4n,qCsv3qtHjSJ1s0lyW
Supplier#000516251|,Hcqn81TYwV
Supplier#000516346|3NMbQmobZCP4z
Supplier#000516437|7OkjwfNTVNkBfm6VnkqWXRhsXZW
Supplier#000516445|Z8zTtOb7kIs
Supplier#000516466|zEDuhB3O44WMLW7D627vVJoUK1t3e7
Supplier#000516563|DUJtC35u7M0QXGwtf,N
Supplier#000516576|Ilq8Q86UXOa6SQW zMnYzYMmJ9epqwopdlOEj2M6
Supplier#000516586|Nzt56nArl4kYGZnNUJ9
Supplier#000516589|C8RtqMHdOjctAiJHihFiw0,yqn3
Supplier#000516651|tVI4M4SgQdehD
Supplier#000516869|irbWVh6CQa0FqJ46E7
Supplier#000516922|0JidxQ2IJECZ0SCg2UxwUOV8 i1ec
Supplier#000516944|QziZyLSYWjS3VPDGI8WtjMgIkMr0fVKhUV
Supplier#000517014|fdY,46AsySjU
Supplier#000517040|7QMXr0PJ1RznpH0tBPUaLs
Supplier#000517057|RFKXDDrraDbMLEah
Supplier#000517081|ROCXYIAvVVHZzYm
Supplier#000517087|gteVxJjwF1aloa1TLnWcmpytW7nIO9
Supplier#000517189|3mYYBvVCTomfHUYO
Supplier#000517268|o34cxrkhXBL77Dts41BgwLL
Supplier#000517275|x,ocUaAfS 8FzsC
Supplier#000517314|1UpfxdO8oks1YJe
Supplier#000517331|rPT8U5dc1dtOXGOrGGHqDK
Supplier#000517459|LtMnXPwWZ6J2 ZSiF3GeuPg
Supplier#000517502|zEEPe9ZpA XMa7rUSZvS055TKDuxYKbRJy5N
Supplier#000517529|6Amz6OkAZI7TSWd fJ
Supplier#000517631|LYoO4wbXwjfAJrKa OAqm
Supplier#000517646|Ekk VzcRknA l zeRSsrzbZdWyaa4
Supplier#000517650|nPKzdystyBvLJyzxyY QrKLsYfmQ3
Supplier#000517712|UGUWf8zOEWZ0dwvPjRU1jYaAZo2Awj3ef
Supplier#000517740|u8RGDabCki5evWyq7E3Pm nyDit8rpyfZ9 
Supplier#000517956|sF17UDdI5 
Supplier#000517958|DJVDuE2CmbGIyBuHN6Br8RC1PkmR6mg8s
Supplier#000517978|EOWvbZ NiKxO9wKZUPJ 
Supplier#000517986|ufzEaQxMAA8KEMyDuj7twfccEJIUy0z
Supplier#000518019|e4YBzjZtJa,Ze1MnLW5WFqmfjuHJ7 NYsSE4Dznx
Supplier#000518137|qsAxTdt4LWeTgycESnZUDzkJFKMmoF,Yr5y2J
Supplier#000518146| ,B3INsWPeiB,CIirtJx i 
Supplier#000518169|2ktzGZGPBH0,5m7M xYVyQYWNDlNGxTU9LMV3Y
Supplier#000518194|K4xiPkSvGFtUQX4yQ0J5aXCtRf
Supplier#000518249|LBip5JbV Pj2pG
Supplier#000518250|q74VqLLOe6Km5WqA4kWh2NXjKH5PZvQwZwDPas0H
Supplier#000518366|ULS7MeF75aWjuu6EMY
Supplier#000518607|FSWK904hjbAHIALX8l30o1s FnmFV6VXj7nuf
Supplier#000518613|IkkDMEk6MicZkOr4Sl84kYF FXv8d4B7SNk
Supplier#000518628|wCGH4RagNMtadP3V6LH2iDxdRBSmVpJaub
Supplier#000518639|QryVejjRDJFW2cEOz,lqQogB
Supplier#000518671|Gc4hLDcpAhaY0XN0KUuJM
Supplier#000518799|DP3YEa7LRxYh kMM8 3gdmR6oNqYEJB
Supplier#000518849|caqpIaKD GUYP5y53BoDjyKKiKemHSC7S1vQbH
Supplier#000518881| JQM2mNkkJQ7Juro 8yw5q7T
Supplier#000518906|HNsuXBU2rw5BvmuJy53Aszt dCB3d
Supplier#000518934|4SI4rHKlCO7Kr,vjiIcbgfu8RxuRXFDY46id
Supplier#000519081|8BIfHnmReiPgByUsV8JHxCEB
Supplier#000519161|tvlYFxdRmh8NjR6lqc5w1XiZOEe
Supplier#000519222|cvUOXuZFYw
Supplier#000519290|C0ZyPZBfaboS09K3td2Dna4
Supplier#000519321|hkluHkkXKh0JR85g9DpodPhY
Supplier#000519414|FMCl9apt0dbA
Supplier#000519479|P 0y3En15oNVzFehWvZaiY0NyJ2qpXER,5P 
Supplier#000519524|xRSCyzkaXkHnmV2vB 8E,CQ3aKylSQzciVm
Supplier#000519546|Gvh4VK5ieTpBtLJ 8aITGjc0rkQ0wfpLHVv7Lk
Supplier#000519570|jOqy7LejHvGp3JFgX7,z,gsZlTRHL0pF
Supplier#000519610|OUr7JprBLyg6yW8NylS976
Supplier#000519686|Lq0wzNTKdFNACq02GLieXLLGwls2j41hpBz3w0Q
Supplier#000519808|DYJrPmTR9v2m5Gl5dp8AW Ti,x0D
Supplier#000519815|OhLCGZVeSkinuKPTwOevVeYUDGJi,b
Supplier#000519820|SMWqwKxx81GXvsAr6O9v5pqa66RGoo5
Supplier#000519918|6wICcYq3ugn nk4Apb
Supplier#000519969|hmOmaksq6FYnZ9Vc84rhMC0pqq
Supplier#000520024|nswzznuPs1HEeoS8gA
Supplier#000520123|n6vK0XXVfRhpm2
Supplier#000520148|vk2N7gyd, mwsWjHjJVv06OmRWiF3tZTboHfR
Supplier#000520156|CoC5gu7JENVWFdFmcn6HAXEPVXdzOp
Supplier#000520204|1UlJUKDKRT,,MnLl
Supplier#000520217|pVAAMoq677CsP pXR39kBHeknpotv1
Supplier#000520256|91tfABGldY8,DTUm1pj9U4Hf36oR,c2CKwjEvK
Supplier#000520266|EuYlsykR3b708Jv3HjS9MoijrA
Supplier#000520284|iE7ZpF B98JrwLhSFblpc2zG9TIhYak
Supplier#000520352|yx6PH4YctBKIPPZXbk,xHT7eVZuSTiX
Supplier#000520447|LOmJKSwKCRiTtJZ4U DsAY1LzB5hjqPLiHUL
Supplier#000520476|gwNmeVzMD2tmaKxBrd7
Supplier#000520594|Cke84Ef2EbhElc5
Supplier#000520604|9Cq5xMEpflQCzp,5eLpg6uY5rXIDhVQrSrI
Supplier#000520721|BmnJD7yGRCsC7y8ZP1ZS1N
Supplier#000520811|RBhpc35Ju1hjGmFFAd5Ei6pOndbY3UpM6RY
Supplier#000520834|CbaicG4IKPPtzAr,SD4z365an3FQ,nt MzYGR
Supplier#000520836|ePobt61TxpK,AYe3G25hhYN03gZ
Supplier#000520860|caCJUt8 I,
Supplier#000520874|HNTDM3w4qDs3Wjmfl0U99C
Supplier#000520962|7l8uypxstmJj1Ie
Supplier#000520999|h4YTY28GHScP9MPi C8oTtAe,zr8hfnwTXrMFRqh
Supplier#000521084|MDrsfXPFtORuOpP8vDu 7N2qDTrPgfRC0V9
Supplier#000521086|MOvcJ2xgQjCUg4
Supplier#000521105|WUQeK iYIy HiVis5O3aq
Supplier#000521169|2zkr8VHSLZxIKOj9nmRUTKm
Supplier#000521170|VzuTK,K xo7QMUoLIJcIHMK,EoEurzJv
Supplier#000521206|zT58m8m11Ckom8YkBaIrr0gVMzlu1TZ
Supplier#000521276| Itc0K2 e9ik8rf1s2AtH
Supplier#000521308|lLdYT39cCjMnqAo0PlL8GV8
Supplier#000521352|bAN8Nhf,qyHX0ltoXYGUHQ
Supplier#000521357|cXtlVp BErGmtfaC4EAxovT4 muReZvso
Supplier#000521373|uwu1,,wuNsSP GbTDM
Supplier#000521483|tCKAuQDuW9o7NFyaLGehRJK3CsLO
Supplier#000521500|YFs GYbhALzwp4bKqL6L2cXkZOtW9
Supplier#000521564|l18xh9fh1iSyrlbbFrPDRWsbxHyBr6qnrBVuuts1
Supplier#000521590|X,1lF7UX,TCbSfyrJ
Supplier#000521622| ycEq0c5sTc1gmmSwB8I
Supplier#000521625|Ij4SkDNec9DNc0GkW1v1DYVNWLa
Supplier#000521771|zxwLj j8IC6x8wXvCFsqSLAWtlNZUbDVenCyD2e6
Supplier#000521804|znPoRCkjwKXG8Nb9G67rwUCEBweHHXrG
Supplier#000521833|EgDRRWDC645zEjB2ZS3NDy2vnhzhkoEL0dP
Supplier#000521849|trqucGKrJ6qc0TbChRVvFj73nizSONCIf1
Supplier#000521862|MZQKOKsQ8pC
Supplier#000521959|JTApBe0fHaSGZnBY3KezR9PDNwD4oXMwADlYc
Supplier#000521995|H6Dl9opLmeu4k,UYlxKx78bt6VHVknVvA
Supplier#000522018|RHcqhlUiYRYzaIqno LaO
Supplier#000522145|QOQweuVUiixZCByPfhcdaQb5hyMLADICuG
Supplier#000522376|INLCcJqfZtWsJ24YeGPCh0x5Vf cuZIoYQ
Supplier#000522463|ywFCXvR2ck1IL0C3GVQTReX2
Supplier#000522506|dvwSqL2xPBjkmhEFnEWa
Supplier#000522581|Jyx1pMaxfvF6hf E6FkAh2QXjHwybb
Supplier#000522622|fnDvQBeIw5bAh5g66Qbp22i MkV
Supplier#000522632|JmMZ2Rc3jNO
Supplier#000522691|f1ad Pd72Ww8XPCVprr,bdLUWjWiyWr
Supplier#000522702|hIgZAZlul1
Supplier#000522722|8LM6UKRkOyLPLEk1dEkzN6og2OQqFqvn JUJYggP
Supplier#000522765|nCM5 MfmDDCp3FWS
Supplier#000522791|RuvM1gSq2HwuwsKf0CkCxLIeloiuibcICfwSA84
Supplier#000522949|GnYHZgnhDgh6IC,im6PjlR3K
Supplier#000523005|8d53RaoSbz
Supplier#000523007|Q9hhNQtEKk LmNHejDRroSd
Supplier#000523079|mDNtp3nYquXfJCUv8ryJMte3iBgEbdV230I4
Supplier#000523140|eEr3uUl gnaoKS,yB
Supplier#000523178|CKcDpLoCFbARgd
Supplier#000523343|4JWun16VkXNA,
Supplier#000523380|gzeKPFCamugZL
Supplier#000523406|KFm76UAJhQs2uy2Z8gZEB y0rhGRRF
Supplier#000523409|gLvpUVDQxmh28dgks9UBohCuEr73rB,ehf93iPR8
Supplier#000523439|LVIJ5qorsKAJzqi2prsXDh8tdHSaDsXSyZTavfT
Supplier#000523460|nRMMV04TpBwCxhlzE8jIFXj4XyMti
Supplier#000523501|8vt51PHm21e7en
Supplier#000523581|IQ,vVRIIQD6dvTMp2AaEp4m
Supplier#000523637|8osV 0y0NKKcwEQ7NI6BRj,wIHwMhNnzXwp4uD
Supplier#000523724|j4Iy6qw,D3JcjY1t1IX8rNkjYWa5Tt
Supplier#000523770|fCpKsPbdKzq7mK17YLoT
Supplier#000523840|FduiDYvjXalvF y846iaGyzRl
Supplier#000523939|2SZqBsRyMScy5SOr ke7GR W1Tmfb46eXIzl
Supplier#000524078|8m5TZh9O3Vb36HWSPFDTr8v604 op
Supplier#000524276|8MUSRapjziSOMUPtmC7
Supplier#000524290|,LdoXFAT6W JDRc17q1wIiAKhy8hFBsxkU
Supplier#000524292|1JlRC4nB1KDTM0du 9H7
Supplier#000524305|9cGwUTZZIOD7KRLkVVfRU2ASeEumxA
Supplier#000524369|sXlGp9bKf5YKkIC27VzKwXbMZGMVSBFv9HBGq
Supplier#000524373|uOQKjwLtqTEgEX
Supplier#000524435|k6A0Pjiqe4EYRo mxP9Xedu,RL1vlmNe37 YK
Supplier#000524448|kEOYskW 5Gjmj 5qs0l0WEvCcfoREnoTk7KH0uX
Supplier#000524453|I51HpxqYhRbXYm
Supplier#000524490|IC3WogaJOXdE5vNdU632Q5m7Z8q
Supplier#000524705|Z9iDFE9QST4sPBd4SOkdbgYZjquw7VvJex9PrdyQ
Supplier#000524718|E8QSO7JKyaB2Px
Supplier#000524741|BSJd2qt7f AqTKYXAb8EmYkszxuR3 
Supplier#000524756|uiOn8SeOtyDd0U,S,SBi6 vWuxsXtpM
Supplier#000524783|ywSsfPpXPA0MtyN5
Supplier#000524938|X 11uR2a5voKKg3
Supplier#000525054|YQVlg61GfH9BGE
Supplier#000525213|A5VjZ6PeWttafKIVs,
Supplier#000525286|516HEZm2wVwDtbOdhRi7BTt
Supplier#000525307|M JVfetSs7xjoCIqpHv0hQ,3
Supplier#000525358|w8xqvF8ZNHUygrYuxVl1s9CWx5n
Supplier#000525393|3B0vddR5laxu
Supplier#000525446|r,6UBEkRqvaoAK3bG
Supplier#000525471|VnqR0vWS7hJE LFt37EUECrWqDL3iI,
Supplier#000525601|4qw0mjVqZuyc0dqTznJcXtcI hX6Aov
Supplier#000525643|YC5jWyVZEhEnW8D3
Supplier#000525650|P8ogE2xMNb8EnE2INH,Y10Qbzc8kbSeQMiXD 
Supplier#000525720|2HG87g9P8UGVDQU A7cQMVos1ypJj64RJYAJr
Supplier#000525734|Wh7skB3NWyfMam1jm3B nvjU4Mne
Supplier#000525954|KzkVNvIMHM avNASVbmIgr
Supplier#000526003|IksVNAq0 hib2E6j
Supplier#000526014|U6tVstnUMVGNWf5oZOurq2ZyTgC
Supplier#000526016|01V7WIpqkpMAgx,Ay
Supplier#000526041|VtxxQSkPrRB
Supplier#000526075|ywVZ4E7ORAnFqFp4HB,h4LW8mhh734493Fdai
Supplier#000526089|JfI lHuSAq5Dqce ff umNZuZjHmVU6AatbS
Supplier#000526125|i 8WrFAH66Q1j
Supplier#000526177|dhwnruu2rUv7dCG5PCA4SfpVOrohXG0
Supplier#000526199|wLIdaSMnGnvczMZpuzh6wYYVGkQwAaCEeh150fuj
Supplier#000526323|HDQOGphfaVhLvLmtDTypv546oJ
Supplier#000526341|17wcybnf41j5au0XVLEK21
Supplier#000526485|p,iaCib411LyHKZHDpqvF
Supplier#000526555|ZGId0DwMoht5GM0FYwEPk9vf2v 4XL0F8
Supplier#000526559|xZd naUqiDt0nkYTRQAI43ryHe ZH3yplyotrwx
Supplier#000526689|5UXEzVlLQtZD5Ffjb6KQyl0,yUkjM
Supplier#000526758|imABPBUYp0HCtezNow4Gy7blHo9BqH9iAnX3NZ
Supplier#000526830| 4LMWi1Z66dC09gK Q,IJd1en4kRwyYEd
Supplier#000526951|TPPQK,XD3w ,zSrxU5dsoX,7NSy5EiuX3
Supplier#000527005|IBztvGL7Ma0,XHEYC13srVxvuq0N2FPZ7q0W3X
Supplier#000527016|Azv6eTvP8bGZsiUs0eTs1MjBKFoFgQ CLFFc
Supplier#000527055|sN8aexIM98f,zt,KSLlHkKWk7WT3
Supplier#000527066|X7aoFdMEaJmDSuKe41zjmtUH
Supplier#000527090|s8utLchUjbeVe lvrp7u5xYBDMPR 
Supplier#000527141|8VBcpZSBYYjOMGYQYlzOMfvt6PmzTEl4Wc
Supplier#000527150|NqPEotHx4eX9tH60Rqs4Q,od3iStvM
Supplier#000527152|tyOuNEeqLSNsTS98sa
Supplier#000527177|8JeT1sSLxlD,FClsaEbAL4MBkWXixgz
Supplier#000527319|3FOCiKsAJjPvrHJcIZDlqj
Supplier#000527552|evu U35m2qE54
Supplier#000527730|Spv7oIDZ7nhFKhLPN1W39S2k2DqqWtvT4mtwaasg
Supplier#000527759|Q93408V7oCnoL4LmvcYLzGVqm2v0DRHKin4uhCW
Supplier#000527821|4LcbSmox1uqLX x8V8fJ
Supplier#000527909|3FFQy0Z6lWrD3p PhG8L9eitRW9,r4t
Supplier#000527922|iN8ZjmS8QyhOVFLCiFSmpGW2OnkY
Supplier#000527948|N39QSJJ,t gR2b1SyNoWLcu1GeBAxf53moY
Supplier#000528206|VZJ4h5h8eNvoVssFDLCHR54lY8
Supplier#000528273|jnQJdtnS,5H9J 6I8Jjly6HTI AB52Whgod7Qgrs
Supplier#000528284|1 X EkhjsAq
Supplier#000528329|yHns28jGiDgEFD0tzNmSE,UQ1uDQgOS0kPa7WEO
Supplier#000528345|,bxwK GhG4f15L0p85RhgWqYgX2VEM9YoaPVF
Supplier#000528382|qnvz73UU1UfMM9zFrQHscFL32XN
Supplier#000528562|TyLQWBnmvyD,cGmj9lxGhKUSYIhErzx2AP
Supplier#000528596|fB8oa9,JU76u3yaZbiYPQH2O
Supplier#000528660|pvl6YjoBQaeQNM1AHMrWTrKnWE51FnWWH3r
Supplier#000528754|MaLkBUhoQjQMZVBzucXa
Supplier#000528880|T80H0fDoozs0IGo6AaTXh4jy1V81Yl6x8Rak
Supplier#000528892|Nk2,JhLsWGUj4X8uE,fmEKxj27Rx2mci76NvI
Supplier#000528903|bYqi8qxP t
Supplier#000528920|mE9W2Of4yWWgg9K5g9eCVqqvOHrfjZ2UIUJRlp2S
Supplier#000528961|zuq0TXDbEPZ9EKFT9Rw59ppIP1LmCYJhr7F
Supplier#000529128|7dFdLU8o6jkh3IKMURQvAIT Tl09
Supplier#000529140|xT,qKOXfZq8EAehDgf,duej0qm
Supplier#000529165|Szx,Iiod65
Supplier#000529196|V4U96oxOGfd,YBTu
Supplier#000529263|wiTZJBJ1L2w,LliQeNPh xiOXpJ
Supplier#000529271|,3Hstdb7SoDN
Supplier#000529277|c4Z5NvbWIYV
Supplier#000529386|1UUeAIZF4IjMQNAxWx6a
Supplier#000529436|7cuGfQrV4xSWwdhy864PXXCBvOFL5
Supplier#000529471|SzliYFSUrqfB3VlvjF61SLwfXxLX dn, fy
Supplier#000529540|J7euilw9eZRz6yQs JDeOfx
Supplier#000529578|qCHPn87tLfBvRHYtKyqdBYnpQ7IIzqaUt
Supplier#000529635|Jfd,lRypK9BzbtZH9J5xq2MqA10H3onMPnLZJ
Supplier#000529711|pybeDtyOSzZOr,jw4GwSNqDeAz9go
Supplier#000529729|Sdgye31Bg51,oK8gJaal gP5xerBu
Supplier#000529762|ku6IheS0,qjJxWpbJ1lvH73Sav3kkZtZ
Supplier#000529915|NRXO1A1iNMpZrrbpGrfi4hsIieh1qruDf3ewP8
Supplier#000530013|nbtp6zbeY60sRmSZJLMhYXX
Supplier#000530051|lnBouR6S2e8AylhRP,GK9Hb6bY2
Supplier#000530149|,DNpXJIB1pMSHtPddDNzLj
Supplier#000530159|iTFOMSxx1TSu0co
Supplier#000530162|V0rEKOtaQBt8
Supplier#000530279|zDKEXaQZrRv1UgJdcNJldj
Supplier#000530291|I4ZgmwH1t2
Supplier#000530302|,pIK5APZXOy4vlj6xtiK59r5pVHEqvwLeYfX0xJo
Supplier#000530456|GpHfwLB6lUAUEUkQ7cFLycpln,tBbO6MbzGIP8C 
Supplier#000530475|LnbY7ib8Qi047RYikETc7qbFKs,NpIWGLthcL
Supplier#000530562|sOjZ8bdC2zj8O53DT5RCxrm3JjijSMirC
Supplier#000530580|bmBIUPl8MQpNl5U3QzsE TZ4bo9Rt9sa
Supplier#000530659|fd2LBmFwjg leBOc4Z
Supplier#000530732|ahpbFlHComrEDvr
Supplier#000530752|0UMFHm7KjmTcLUoWQ3xBox2T
Supplier#000530830|CYudxCd4ZrzKe48AtBWeUVvM5,ju
Supplier#000530842|AqDlkZgqDXT2u9ooJ3Mu9p49ApjAwLaC
Supplier#000530858|Oedzl0sCCgwvBAj5JmvSBhu7bGA
Supplier#000530895|2Ay U2zFPFNRkhHH
Supplier#000530992|2QooGDNbwhH3oTqn8IQaYyH
Supplier#000531002|G8DJNGQVINYj RTxEOU1JppFOryJP2YyfE L5xM
Supplier#000531025|6QZ9FRdDiz1Aa,Lx7
Supplier#000531027|CHCD0MOMgGlug83Cs8uIMvgX3mZ1g5Ta
Supplier#000531066|wmsJuXAlnRworCFlcX7o0
Supplier#000531159|L9hl4yujbI7cRCOAAz7A6tuizM
Supplier#000531291|e7a5XwAIyJpfgMtI R
Supplier#000531295|opdVusB,j8Pg5zVxX1WiluSWb,MW mq22fYb
Supplier#000531430|7gWZjF00VMHTGoROjMHcy9291MZijG6
Supplier#000531561|gXlQT4,0l0xIH
Supplier#000531598|V8FNNYo6olrw,QG7EqTKV8vs842oQLl95Vgc9jt4
Supplier#000531749|72,5g,p1HjvkdAdtM
Supplier#000531825|IIYzJFwHzB6ZL
Supplier#000531875|cqIp309RzkA2Nuh7z1CFpnF7JgZx6uemx35
Supplier#000531897|vI1tQhifHpus2yLgC,KVHcqFhtkR
Supplier#000532176|EdqKQXPOcQqyiZRl79RvRpyj35PHK,ycwx7S0Ud
Supplier#000532344|w8Ir YiiECVrH3bKKiaSdaO0L8WWVxbPyeXGELof
Supplier#000532345|3fKe3awmmjw6lKimtqeb9ge6RTjJ8
Supplier#000532429|FpFWuMwRW5sEiDD
Supplier#000532517|6u33INij4Ya,BBPr0h87vV1FbdPxsa4kiP
Supplier#000532536|H9dRD1fDSNoMXBJEJ7xRyYDPOLiR
Supplier#000532647|DiOix54trgtroIp8egFs5bF9sd10yHHhUNk
Supplier#000532648|C 3vLEq0zGJn
Supplier#000532696|UxCwToLPHYCB9i6
Supplier#000532729|bt0E0rJDRgrgO0XiqtkRPl
Supplier#000532763|XIKawYy5UACbtvN4jjDyU,Kz5ymKhKro5FrB
Supplier#000532773|0ZsAAPWsqeZJ
Supplier#000532804|CwW7oFcIsaKW
Supplier#000532806|XH6tIxq2bRYW0CcLBZBpcQ
Supplier#000532938|EeB UOzeOUnpqPWtuU,08dDecn2bwlQenNO
Supplier#000533112|QP hUwXHtRXz36N35ihkPUCy6
Supplier#000533191|7eSGQ7WpNhucLQbZGm3hu6OV7fY
Supplier#000533203|VFEUrjr1J0tlzTQDqk
Supplier#000533338|foOElZLtOkSdzd
Supplier#000533400|CVIynM4U7unqhtF
Supplier#000533406|iLJb77f5zp5A
Supplier#000533411|6xJGco5O4KVZ73lfpnACLXwy5kEKVFXn9R
Supplier#000533420|v35,FNml8rQogwEaoCKl7gQdbGJlrt
Supplier#000533479|2JyTDOvAAoeU,pRSSaqAFigtWiajx,HTJJ14G
Supplier#000533525|S6TP6WsdVCflzyCFwqHyuUPAYmLvBo
Supplier#000533526|m,6 BfRzCkR0PRwJ
Supplier#000533538|PsgAAcyW2rwMdwuN511uL7k5tD6ZBuAFVZbyH
Supplier#000533655|yPpodAxJ 3iXKQxOpX0FGKnRt
Supplier#000533789|hvrCohlHzqgj1fjCKyud833RfN3BqVJLD0u0Seg
Supplier#000533863|CknmxUe 6T
Supplier#000533919| fk0Qpw24BJc5JJBwen7Fzdz iNdYq,8e
Supplier#000533956|eQjZQZqX9ZI8cqAACZD0hw7k9
Supplier#000534037|fETgNF2ibL93SJ
Supplier#000534084|NuYSIjStN2Itw0jPP
Supplier#000534137|mipatE4tRkafFcDhqMCkodCwok5Bos
Supplier#000534242|pSHit2,44qpo3U DlUB2rYrrPJAubh,N1etKO
Supplier#000534251|U8rLEO,TBGg0U1NO9Jweg7bTNysqJYLsTyC5
Supplier#000534279|1EFnhEyQZtdS
Supplier#000534283|PpsVCZMWT bpZqzNp1S0Dkl
Supplier#000534347|bKpwu0IM6fpOsBXZvUllZSRJEO9xcg1eim
Supplier#000534360|4DnOhGjo197dim99UJ6Wtwv
Supplier#000534361|eg,AHrxU5HkdQ416ZTLrlfU04
Supplier#000534392|bZzaBq2pHvhP3z2jug,4dj0,,UV
Supplier#000534449|3fTSKsTPgWmSgK,
Supplier#000534482|kgZhPasIOrz
Supplier#000534511|aI6DkP0UTKmO145cqeQ AdZq
Supplier#000534513|EXkVQ,qZiDMAv6fz2QhNTlI,CUOasbCeYqi
Supplier#000534555|UgkIa7Tr 2X
Supplier#000534816|7hr7S3OE9,Njq,,t
Supplier#000534877|NDaXwtvodoK
Supplier#000534950|NnDqKtEXvV6LCKrZE3LRP52g6e 2ls3cNkpvo
Supplier#000534961|mMZQbqteSc
Supplier#000534969|Zp0rU,nx7z9BwdcfrZFKEux
Supplier#000535065|5dp,gCWSOSGF4An,GuH8
Supplier#000535075|cfX64stRPVtpH9dnBeFH3STv5wUWc
Supplier#000535081|Jr 21 8CI9 RS,DLTo tCZt3,QM
Supplier#000535303|dvkOwWed95dK7NPWCXdmX
Supplier#000535345|ONP6Qsl5ij1dYRMC  2nsB6i V6l3eA
Supplier#000535391|irkw2wi4kQAWl
Supplier#000535407|3v J,iclKus39BviDyj
Supplier#000535462|hX8DB0t74SGog1qiRYQ,FLU4QU
Supplier#000535487|BKWszBEed3sYa27dfacbiKqkB,COUWH57 99R
Supplier#000535506|0sqgf0wIevNsIegbEt17xfzfhU,WKacx3QN
Supplier#000535523|3 ZtPTPEoHANUfZZehh2RUI45JnIN
Supplier#000535525|x7Rvct1JXZexYpWPm
Supplier#000535604|dXEzXSN0rSWSGImgiEsSemSt
Supplier#000535618|wItEFI2nUJ2h4ipOk
Supplier#000535642|RhJg I,cEzY4FjpvsSeU13p2Kxl ,s,
Supplier#000535868|OZFPyW3e3Rgz
Supplier#000535892|JXFZr9aJ0CWaBpJz
Supplier#000535911|O1yf0ZM1MJs
Supplier#000535924|w1p15w1niLhqasATKRM6KAkwe7P,Z99D
Supplier#000536044|Ut4hQra3HlmuyNy
Supplier#000536131|wogM0vRd57PerTFoeeS7aatTR6NjMzs852F04Fh
Supplier#000536146|mtDgBC7MLp112Ol2nnmc
Supplier#000536191|7DVbvE,SgNPbE
Supplier#000536197|vnYx9RquVPS0paDDVKJ0hp8EP4Dyrtx
Supplier#000536199|4DlWAFU8H1t1plJs2cuO4FhGXlRVE8Y
Supplier#000536203|avoNMXttXA72wuD1c9JxcpKJsY
Supplier#000536255|edzPCDyx9pGBa7kbcLMACz9BHFGznm
Supplier#000536341|H2lSy3QORKq2I yvYhK
Supplier#000536381|R2Ob39RI9fihzB0C8bTbybZOcI 
Supplier#000536414|yEuctkoG4TXrYrkUcLyVfZ6wXZd17kKVU
Supplier#000536436|vVL9lH7bcSsudXtc5ORJ9
Supplier#000536453|sXFtQa4zT2qtk0gpPPX3KiB
Supplier#000536492|eNe2hTmyTwj
Supplier#000536509|SXFsSGVhja3456d
Supplier#000536549|6Mobm 51l8rWng73WOWsB5k0vbS5rbyVnwSjAbD
Supplier#000536608|6x54gkcP4xLocBSJgQZebTQkmVSJgWljp5CoUvS
Supplier#000536719|BcurPrSXmqf6Y
Supplier#000536872|d lVqy2jQdO7XqCFKyyjpz
Supplier#000536881|PK7vPMAqGocm
Supplier#000536900|dtInuXWey Wdr0
Supplier#000536923|RMWwI,QtNzxUaWp0W4G19YvpnU
Supplier#000536940|2wSZen5Uwv4lGJRrVCP
Supplier#000536962|BpUGk0JHJjTzwxcxtGIOVGjLwgcJ1JAlg96SLgxD
Supplier#000536996|ydSVJoQ,TzZSo3dYeeUPpuT8vQ
Supplier#000537035|nwvTT7BDpWRJKO8oNNWcSj9m
Supplier#000537167|ai,Ci1zSr34s8obbKYfJjdJty
Supplier#000537169|3HddhQCD5A6oNJFJwiK
Supplier#000537172|tgmtUYuT,9
Supplier#000537254|ekSVU4sukhGZp5okXnEORev
Supplier#000537305|DQi1MFX,Uao9e85z1XVM9JSDH
Supplier#000537353|v 6oaTqlA,iC4sAbJ ,JPCo4UuVZtJlTG
Supplier#000537421|eCpEgpH85DS ZIs9v
Supplier#000537439|1t1aDI0F3wB rdwENz3CxR4Hn7Z4JS,b
Supplier#000537506|fhnyaucIc6pwxLN5F0K PbClQxGcAZVwQ 
Supplier#000537539|vM,FC,hrhchdejPnjYSzk3B3X7MK
Supplier#000537557|5fRNQPhK0XdzH,A
Supplier#000537627|v54jrj1UlGVR0M1nReoJTI zta38,D
Supplier#000537635|obOwvG5IvuuqG
Supplier#000537654|P ne0Rg2hYkflE48g 82Fy2DnuI
Supplier#000537699|PGxV8HORz1q WdKr5lmOdo0WHvjhwWoAhwngGF
Supplier#000537723|GcmDT6xptGe1,nQsFmBI1Rv9OYyv
Supplier#000537970|0NS25LxC6QBFdRs3pGZwUvWPG35MPou6z49jX
Supplier#000538025|w54DuKeY8GzFA7Y846P
Supplier#000538058|45,,R,aaetKr7hMrQ3S5be0gZ8C9Fs
Supplier#000538099|8Rq4H,5WAXqsw1ba
Supplier#000538174|hYG51,RxqX3jJMqaE8QSmLKLy8yYcK7Y9OPjyeWA
Supplier#000538214|z5hITor7ySYBzcwXr9r
Supplier#000538365|9oJdTeg3esQ,kTIQe3iz52DepxvTNfVHohWFE
Supplier#000538375|koYtC RTxHHXYoSa
Supplier#000538378|JZzdOO7GzJjZbhq
Supplier#000538397|6o9xs 3jA43EaKuibujP,b pAxj4JsKRv
Supplier#000538434|k5kPbQoW5noNOJlV
Supplier#000538452|LY,7m3KIJetkqHdbxIO9etuRFasaT7Ff YIjR8U2
Supplier#000538522|5YIG2YFZLB72,p8V6,SvsCItCKSeRG0G
Supplier#000538532|bELbo1RajTPLJ4N8bkkTPeOYu
Supplier#000538578|xp4Jqlp55Tg6Xb,Nebjo2rlF
Supplier#000538617|E7 I1UseD A44G,UfeV5
Supplier#000538706|qevgbmuXSmK
Supplier#000538734|E ctd,vBgJ0QoJ9Fz4VPyg
Supplier#000538823|,phqELYWgNMDiOYnnfzDCAXnZ9uR
Supplier#000539070|NeKC8SVg W8QenLw uS yk0Y fQevg
Supplier#000539116|CgTUFc3fA5uccjQ21sC2
Supplier#000539187|6ieoU5oMe8EmD8
Supplier#000539202|9oHlE0QRT,ufm6HtBSVR
Supplier#000539236|rvgk54OERaqNuqmyP5b4,h AX6IHqIfpOhZkGAf
Supplier#000539263|XRK0awk0oavM5XAse5g7mzecg
Supplier#000539280|G4QG, StZenFDlRdFbEGSeQPbvyf7v
Supplier#000539302|t55aTiKoYucsCGaXAp24gMQeiz,kaSdJ
Supplier#000539319|CA9i CDLjq99Q8WedMWbqE2SXq 7oqFqD
Supplier#000539516|L7jqt,3ljADu80SD4wN3zAq43l
Supplier#000539517|G2Dy6lPj1KGggW0
Supplier#000539586|cB0egjSFZeIRrFGI
Supplier#000539695|oS5bIIleMWsg
Supplier#000539790|4cKyowt7ma8dg1R7o 632mOVM
Supplier#000539809|eUdArxYEzauSnwpkoBr4,MTWGWFbX
Supplier#000539837|XW1HKO wLjkNtVCNL6 FcG
Supplier#000539929|Vty w BonrNHQYpsL1xZ26nkjgoIX7
Supplier#000540121|72,ebJc,acqmxqppO,
Supplier#000540204|M0n9jy 6VZvqzjcR
Supplier#000540230|QW8aLOVmLR
Supplier#000540233|o0k4pLeIxW5mXHg1q8raIeBXq
Supplier#000540288|HVby7Z4vCywUgiKewGjAu2n5j9T7A
Supplier#000540441|4uBSLqdwnpikt
Supplier#000540474|qicbVBqO7h,gb
Supplier#000540542|VBMaT,QtEldp8sXkqgw,
Supplier#000540678|k P7DVbEYtezNaC
Supplier#000540692|E9Ulkrkhj1QY7EGfXVFX1Yts
Supplier#000540722|RcqPy3YxcMaYzDhZIfV
Supplier#000540797|yhpnG6a8Jca1fwAsKQ7Pp
Supplier#000540864|Ql4MxZfYFskqGVkwu7uY1toY
Supplier#000540907|uCePNXosFMSjm519cQAzVh4OzcpSDSS9
Supplier#000541013|ZmG,hqlrjE,H
Supplier#000541019|TTmk0vSK6yhIg4qfVr,kVw
Supplier#000541129|zMcb4BzA7p
Supplier#000541173|Vnm,fzqsc5H YU6HEGovCrdKacJ9LOcT,
Supplier#000541241|VrxbU4bAU0H2TghDd6IBvfzVc6I
Supplier#000541288|4a970otKQjKG726r9FKmxUcAYR0iuPhdrcX
Supplier#000541325|yEC07wC7HOY
Supplier#000541332|4Mo0MHNWCsXPT6WfGjQdW5W1FAod5v1pLYg8Q
Supplier#000541512|wkk9oKdiSRVukgLLIYNdYIQH2rLPed0nk0LUsx
Supplier#000541553|qAL0dgBIm2
Supplier#000541573|L0FuCYaFFzLrvDn94Ima8Bmkg
Supplier#000541647|bYcjbBCiKvGBo2XNqhbmnCcbFgsOtySIX
Supplier#000541747|hVKIrDTF0bnwTYs9LT1,w9Fu8
Supplier#000541751|WhGqUtfKrcUu1j8al
Supplier#000541759|RxGOAbR3HBNe6BXcyhJT
Supplier#000541800|UGguO3HQKfy
Supplier#000541854|DBgL82xdoUE6
Supplier#000541889|XlY6b4jangqqghNo24IhFda,gRH
Supplier#000541943|Sn9wZ9BmYGosUTXYo8Q1lTcJCHtpTlqS1Cdu
Supplier#000542067|Eqf7Ayaqxg1
Supplier#000542123|ReeI177qPabi,P8eiUm
Supplier#000542125|c6pwMArCuMMOV4v12IK43
Supplier#000542131|ZatrU0fE9pjUwGOkjBbD1QmSYflXbkhX
Supplier#000542174|AR,W45NhYCraO8d7gPO1H
Supplier#000542225|3AZsWdFLQRQAoYv ,P
Supplier#000542238|,5PM73LdCFYS3cwVNpd,Kr7MoS,0nabjZ6y5I
Supplier#000542265|MOdl7Ckjtk9M5YqczDQw5xIG 1L8
Supplier#000542321|wmswsH nQbOOx1H
Supplier#000542456|KoiPzxxq8TZgnIE4sDT71Dt3EfHPoc
Supplier#000542474|5iTOP68j1 hBM5
Supplier#000542635|0UPMaP1zTyY2LRK40n3jWVddnh8G2gZ56cJgT8kF
Supplier#000542672|rVr,7gi7WzRF6RTfXsh8Pkc7vewHQ
Supplier#000542795|zK1rr,1FBmuNIC1k u
Supplier#000542818|CQyn0eiFYBbClGakcwTVpa,dc
Supplier#000542843|1gPDpVCoMIYanU3TtWOcPLu5pzkxhJZeq5WqJeH9
Supplier#000542849|XLjPuvonNVdFuq0uUqEEr7EmX,Wr7uAkyUNoy
Supplier#000542973|FTzydMNKYJWZWhpeA5vQFBJ
Supplier#000543101|3y XhmzCtU0pNYgxJ1XhkVqEF5G
Supplier#000543122|ZX65KMnN BIgZC6JzifG9nviXAMOErHtt
Supplier#000543154|1 JKkTENH1kMgFpyH4qEo
Supplier#000543181|sUbamfinVc2QMTN12r
Supplier#000543247|LIScvZkeWHmWxKPkSBRIZ
Supplier#000543262|euppj2jdLNLjZOhc0
Supplier#000543265|zVc03c0x,EbySOBJ,GX
Supplier#000543284|Xzl,kl9fS4vLoF5VxwbZk,Ab0hqjA PFjc
Supplier#000543288|elOBw8f8NIxoWg7qavqJMdAIImp18tSoABA
Supplier#000543295|aoXq1qBCAah8l2tEwHVe,6HZnjTsMfmv0n3Iaz1f
Supplier#000543332|M6gjEj,vFZzgARa0CoN3bNAs
Supplier#000543522|u c8PDBVsk2UOxQLB522P4,d
Supplier#000543541|gan0jtj324mBA
Supplier#000543577|WSaYaQRvN5TwQbg2Laiky3a5K1O jOhJe 
Supplier#000543683|4ohNlyD2M4d,vFFR,bRZzWF88JMU1tjvJGuWJ
Supplier#000543719|VAO3qxkBxt5sim
Supplier#000543815|L4K5gZR6diyN94LKqNBie
Supplier#000543873|uA7JzhK,9 fwk1Y2YsKAnyusgaxdnBdhW
Supplier#000543902|zHhhYKl9Z3vJD6QzT6Mx
Supplier#000543950|WjOOu zMCQmFK6w,Q
Supplier#000544069|IEDmjQcudtWFUQXv
Supplier#000544218|kjj tzyO8Do PmwJpW697b
Supplier#000544281|qaOleF8JJZ0bzlvHBq7kNi rC4m,nT
Supplier#000544283|vwSmBiTNa,hYpSG4
Supplier#000544359|D4ECX9qWiexbc
Supplier#000544471|yJpR8AM8u6yQhikKmY9ciBrfbKkw
Supplier#000544474|Y 4ZeBF2 esTWSqBMuenxuLOr uq,P3Bd2Uzf20P
Supplier#000544486|K6bgmH7ikMIlwy5cxv
Supplier#000544489|hsdxtkFRgXyyx2JABLQoVFv
Supplier#000544518|g7nv0aQHJGdDTZPln59JS
Supplier#000544585|XZvtsnN5V6BYC51N1s1Hv8nCIbvPGWSTA L gPpp
Supplier#000544647|DV9HeVQZvIpHYKEBGjNNLEqeU3G7UTgiU
Supplier#000544679|GlBBZ393uaI1UapM
Supplier#000544683|i5SCgNoaNjtkJ5qV
Supplier#000544753|yn7XZgsNNseylstE3crXnUdW
Supplier#000544801|snpIkgxowt,E27z8 uaeEavwx8jwoqIcY
Supplier#000544820|rYBnNwxbTlN07qk3MsCkyJgO3WzCIa
Supplier#000544987|zJ6k1rAAN66w4Hecv4in
Supplier#000545044|TQnYM1A20HA06AZEM1d,31
Supplier#000545098|0j8YdlZOdLrsPbWiEhUsFFH85y,
Supplier#000545118|l4R9HNVCldyTWAELVUgEC NpmsDFKeJ
Supplier#000545148|JZ4Rgj1MlEON8XilfgEJdLDCj
Supplier#000545239|cL8JuKnzXAd2IH0LupBr
Supplier#000545302|80jyXNI5Hid5RgT49gFfZiTPwykVGu5Aywt,UO
Supplier#000545321|w9Y4bD26m2UnpcTrBer,,S9n7U99yhqT2i
Supplier#000545341|CUpEb42 gBlLmB76CGxEgC 3ccLY3Z3oSd3QW
Supplier#000545481|TY2uhGt5tEFlL5lhI3pqVVwsFQAa9BY8hXL,D
Supplier#000545487|naYXJLSDx9cG4PwmsDSa7ACtnOVZ4zLG1CMrE
Supplier#000545540|QmfmJ6kOqiRiupXeo y5Bci,TN0E3ODH9713Tx3Y
Supplier#000545682|VYPlXR2I88j04IAE7ERsAkiDhrxozFaaJX
Supplier#000545715|qk3ys5KylN1JTk
Supplier#000545820|IuTjevl5l7DbbHM2opH7
Supplier#000545825|eOoGig1KY,odK6ITNwn4vicAVuX7ZX5 oo
Supplier#000545863|TXGxJ,JXsgzYihy2NtaHy2YiLdbxr1 23Ax
Supplier#000546036|LksvGTra7eNDs5W6lnzjbXw3Hv0n,emDZNwpEjtG
Supplier#000546067|yjsE2S7b8h3pUwUylw,I
Supplier#000546134|QQqe2hKEFon5T
Supplier#000546229|vJWHbjwDT4j SkPEx
Supplier#000546322|aXAn 7FlHKxKyG M7ELBNtOZKkhfYlE18Q4jUye
Supplier#000546334|9gpcjhcqWr4S7reri9IPip4yWPXa
Supplier#000546396|Dval2S2QR38Z,z
Supplier#000546426|I8Zwh42utEURHUUfB2OvNC3Kkqv
Supplier#000546468|tXtQKx2Ja2hEk0ds3
Supplier#000546494|H9YXoqJSuKF8UWjdOeple0AYkX0
Supplier#000546554|BOiWsVPC7nbkOGiKSPLHcLncaDIGMRadoeM
Supplier#000546604|AddB 2PAnIIf0beU8oIG776upeLOmJm8WL
Supplier#000546622|fNtjHslLNGk,aOtJjQaEdB
Supplier#000546660|lhws6JG uCKakOd
Supplier#000546757|eIzVaDaRRn2Xua4aOy2to,B07I2b,LDoNHt1Fv
Supplier#000546759|n12,iGyMGBZi5vMI
Supplier#000546779|ybcO9er 3y7XBintWKKnNByj
Supplier#000546804|S6o,pz7Ljij
Supplier#000547011|b7KPSD520V5,i
Supplier#000547053|QHR3NIQQhiDuDhbeJ0t3
Supplier#000547209|Z3p88bsvIjzJrrfo2peI76Z
Supplier#000547241|mSOjywQ9p01 ZAdUnwgLspxAZb5vAKKB45tIQk
Supplier#000547487|7HP026zEcBK7ZN3Q8tn
Supplier#000547579|Jiyafz6uOn W5Bdy3rveaLVUt
Supplier#000547587|YsMmWmaDkp48OZSHZ7 c
Supplier#000547600|wJhcQl,93GQTkP9ROjpcKXfxaWHkzxwWvh
Supplier#000547712|F,BUh1glKKglwQRY9
Supplier#000547766|sJHYLWokHq7upuHeoMNyk5c5
Supplier#000547787|12UAEEB,ztmiWjnDTaR
Supplier#000547871|8C7JswtNgjJyvOtTnl
Supplier#000547874|gAx82yaUFc7VT9kkFy,LqblCZI
Supplier#000547978|8Jo4oY SSCH
Supplier#000548001|0gNPV5y5TWB6TP5PI
Supplier#000548003|52hDOGlTgjrO1WQNyBmwzSRzfY
Supplier#000548031|cpR89tFc4O9
Supplier#000548056|vqRUEhiy0nZmCGdg9YHTvR5I
Supplier#000548093|n6fqmpEbO3KDwSQ RBr4rFZSIiO
Supplier#000548145|5inUkD6bh cRQVpUSAiGYGQnvXpB
Supplier#000548218|pty7UPZhFFWt5o5oQL3Tmxgd 6sxIl
Supplier#000548276|Io1KEswWkWvf3nQMX
Supplier#000548314|B3X,ynMgP4BlgwTNumyuQnHYepSxfGFro
Supplier#000548336|2kaL4Gvg 3epGCBuSFPYxvaAiXQoBtHlU5clGHkw
Supplier#000548357|QuVw,kKQts,wobw7,XidgvvdHSR48bKQuOQKPLCy
Supplier#000548363|JgTFuFrIseXcTulm9cUvfGB zQQyDxIKyl
Supplier#000548401|WlqfcMeMezRF
Supplier#000548413|XXwnEQZveu
Supplier#000548444|whUZZrDyNRhPy iSW7OVzqRD7
Supplier#000548468|PW7UvxfEiim5DcuMbgN58RYSf9cfiNnO
Supplier#000548483|7y sK0SRYSygAhlMQkfXRbMEs
Supplier#000548573|NgPwFpeyXfF K,xKg0BFKVEeyhcXxREIR5
Supplier#000548613|c3KPzxaIKInSxYadcf
Supplier#000548633|i6TqKYZT1W,Vrr
Supplier#000548648|ZlygTBUPFZsC0FwtBM7TxUD
Supplier#000548672|ryOxEnNjAHTabKUiGkujDDL70ltVPQ
Supplier#000548697|7YUItXNte2QGEN vOOwMTLi
Supplier#000548741| pb8r0JyE0KXp
Supplier#000548787|kk1fYxaYyO 
Supplier#000548934|ChxHSs4lmcOCXRWiRPEqn pQtDaodNNJb5n
Supplier#000549040|776XZ6YPDn
Supplier#000549041|YRp24SeFkj Jwumtnw Bd9HKXYF
Supplier#000549066|DPaGbJ5ZBQJtfWcgN3qpAT,nayex9 A9JP,
Supplier#000549070|aY7fX52bNC4VbKDJ0Xv,IGu8sRHAMRH2xzoBs
Supplier#000549102|ZDupeJ8lY4VJyU5aaagaymIrpjDPyW990G
Supplier#000549200|abreBWRb2m B0TnkybBQRsvvYMzfXoK8TpPzjW
Supplier#000549276|3TLC1zoakMdMONAbnYT1,6cVkHJV1YrrTA2u
Supplier#000549283|ynodgoX7VE0iYWubV0qje3G ksToA
Supplier#000549353|G,JHVlFiEUMzEzaeGI
Supplier#000549462|8ZeuznHrIo
Supplier#000549521|cZ8pXWU23JQcRKxXLv2svfEzjJVvzQ
Supplier#000549576|06JoRimELlkVoVp3cTzPngz
Supplier#000549580|IVmPq9OgJGUmAY1ujstjCcUOo42rMz
Supplier#000549640|kZks2VSQ7tvlEkR3H8OCTi 
Supplier#000549673|sefixLolsXFqkPPnMxtnzTAfb63zAGNN0nhN8mhN
Supplier#000549752|FGoRiZ5Kb8iF6X1mq5UeFy7
Supplier#000549785|yz0r6B,LJuVfb4bLrXAQB1px,cxMNpD4,E iH
Supplier#000549803|IpESsnLrppxlQ7B2o 7jRlvxDs
Supplier#000549809|omowYxOrq2MwOWGpSukB h
Supplier#000549917|hE5,hFdkzeaGchs
Supplier#000549934|1aKGesCIH,9Bd,R0Oqbi0C5FPsm2CoYZeqO3D
Supplier#000550031|iO4FesjOibXMOuRKHXKkVh6IWzd8c
Supplier#000550116|n0P4DXB9Q7lzeJm8buK53CSsQcKJfL0oEVNS
Supplier#000550216|02,dZnaBza5IBV9
Supplier#000550326|gj0I94sWE9EG2Txcuh
Supplier#000550384| hvC8kjW5V5tcoFpsAJSZk0GFKR,y3kMVJrN
Supplier#000550471|quZyacgx4CT8vTjkcgUmS3gblF8 BYH8trqsah
Supplier#000550504|pX,kCkj9 W6wJ6htCHtYbDFK1,wpzcRmz1 x53H
Supplier#000550529|E4bH2VEGfuOQ6hD6Lmr OWHO
Supplier#000550721|zUxkh RdiBcONOUk4uxg
Supplier#000550755|IbM12,jPqudYDvko4tX0Z
Supplier#000550824|rzVcDljE nSs
Supplier#000550836|34zMdO8VJeIwoA0l7N7pK8vUaI1I
Supplier#000550899| U1lnw9NAjpnrkCCOquA3d h
Supplier#000550910|y3nWE9AtzzQw1
Supplier#000550918|akUel3OoIV,d
Supplier#000550928|eoLx0k2BCwPhDQYYBr eMSge15 yL8rDH
Supplier#000550963| JfB4MN8HnbfaU7jriK
Supplier#000550972|6 WUh65294SK51wBfocZt0CN S7CxBY4ZD4pQ46z
Supplier#000551005|uk VE, VnjyY2oIx5HM5FAqLWUKmmCb
Supplier#000551031|x,F1 rRa1Oxen8TZG bsjtlfzAI,bgtIo8ZRm8h
Supplier#000551032|avM8NFuHWtIxAtC6ZPEaVDqlJ7OG6VT
Supplier#000551097|nx2XUBi6V5GZT9sG4hiE
Supplier#000551118|aK3 hQbjhk
Supplier#000551120|5WGf 7ABnjIQpkrbM dbqjGNpu2P9b  L0Z 
Supplier#000551207|XHmfz 5NillphvS
Supplier#000551248|OdavTnUFOZA
Supplier#000551316|wtmZdTnrXLXgoTcHj6HE3qrH
Supplier#000551341|Fuv5VaoEdT8q6I7pSPIk9FVlekTcvt52lKHz7k
Supplier#000551360| uM1aehfDnqtK181 hm
Supplier#000551363|ICt7XafzOb1wvFep1fRT YQyFWcU8 OwKArpBcwk
Supplier#000551470|fCsl1ig,cCO
Supplier#000551479|Y39rAmeFDV
Supplier#000551611|Cdw40CUjCuiHXqA9MdT
Supplier#000551626|7,mBNNGmuSH21n4
Supplier#000551682|hYSaomBRHflTdRbw ,Ravy8LKhmli9Pm6 I 8e
Supplier#000551833|I tmiu4eL8XLQ
Supplier#000551862|JElDgzaWdhnddHvsdH0iqiUpO1ggjlIrqgOiHwdr
Supplier#000551877|eh5R xTExRGeTY,9ZkUi
Supplier#000551913|i URj7lz7RH9VeUXO59Vg28lEX54MF0 NEV2M
Supplier#000552118|IKp8 YlWwqZQZ,
Supplier#000552195|SakhZGFI7QADuEXG5NGLN,JJUCm
Supplier#000552221|aOk7mbM4CtSQ9
Supplier#000552224|7ncy3WK4s8GU0z4XdA17ofGkLb4gC5DEOG6v
Supplier#000552251|lf92Fszl8p1W9ksqV
Supplier#000552324|x 3b7euBmD2Z8h7y7maBqUgRBgCifPl
Supplier#000552363|Zg9RbNu5WSVbmsYOze6vAyppsxp62iw7juA5JlJS
Supplier#000552415|qzVEu9U fhh7mxhIuaRbrg3VX7sdILUig L5
Supplier#000552418|,4VYgBoKuMo5zI,Ktmoi34pOT4xQV
Supplier#000552459|BLjLppUVkt7dPRw5Br7r5sEvX qaWqAk2
Supplier#000552476|AIl3Z bPVuMj5tCxR8t6Lqw,dFcfqwOD3d
Supplier#000552486|kcKfcIF6NTD0TPIOvEwoMQpMALtOTgB78jQdR1UM
Supplier#000552516|Kysrq n  tkDBaJjPxByhIGVOANWGScZsyNIA
Supplier#000552526|ykQWZzFyKicIfT2DEv 0X1DOKmiklumas
Supplier#000552563|pwUD8FjClH
Supplier#000552602|Ow1d2jN98FJJR13EMybswXoprqHRADQK6ZHYsSt
Supplier#000552677|RYwtuOCdXoYMctHNuf7DbDpN5ZA0DR ENO
Supplier#000552699|srKdxCjbyvSw778So465GqqFX48g,AN
Supplier#000552718|W2,,nBZk5 ALZ7O9F6NPb
Supplier#000552751| g4Da9IlRvehZYR1xrGc1xS6xfe
Supplier#000552768|hxJcpMCwctaFCa09AIP szMIeFAdLmGwo0fHn
Supplier#000552902|zbkj3Pnyo58tnFJkXwQS9kXt6thbaxqn
Supplier#000552928|I6I0MGPV4LzCtOrMaUBCQn
Supplier#000552993|UMeHPzoftbfwONGpmjOFtgqu6nRi1
Supplier#000553055|5NqbB5akB0, wSdfNccHwo
Supplier#000553063|JCA,FENuLwBE
Supplier#000553135|Qpi, UQWUC0n2ivTY EU7LPFl8 2
Supplier#000553161|Q6snCti2mXbRWNZf0f2Nw66ND aiwWJFj2rd
Supplier#000553210|pJLKb2X  Gk7gwiSSJCjb
Supplier#000553233|t2EhhxF,KKurOS D
Supplier#000553242|SKdXH7FgZTS5y8BaRILa bAn,
Supplier#000553264|DirPuk2SFpg0Y
Supplier#000553289|MnLcFQkJNWGxvz5jG1
Supplier#000553340|XQY8xYssDUP6Q7HCldbXDEzrzu95KpvjRL
Supplier#000553356|SM2,rllLN8zcKN8M64842OaJxOgslzi6Z
Supplier#000553427|nBA,QcaVFd4J7f,AnfPr1DQKOb2tGn,3 lkPW
Supplier#000553474|tfVkKuBKasN6uq9c13o6OXD0lApN1rISpqNgGL,
Supplier#000553491|Fgl3Yz,84RYGClUdf5EspmquDGbGpag
Supplier#000553668|yRn14GvKu46r aACd6zVi
Supplier#000553686|xTJy1GuS58wWlHXJ9XNw1frixCg3JIZ8XpogY
Supplier#000553715|2rz6G3Xc06R0G5vp
Supplier#000553745|i9FSEhADsnb0hAwY41kqzuTBZ
Supplier#000553763|X35iqcPbK1AWO7eebxmASi8
Supplier#000553794|tdBWlo lKlD0092u9yx9yQye5RSjuJFuGPpZlX5
Supplier#000553840|z5nk5EJIVAboLZtWFq
Supplier#000553895|tKWz6RNDt6 9X3hEH
Supplier#000553938|rJ85Fv7mRFwN6FAuWRskEBSsBhx1eCy
Supplier#000553981|n4a4goeWKOc 
Supplier#000553995|Jhq QlJwLHlAAxS7pGklJAdf
Supplier#000554016|Gfl5G0S3e57AsnKRGiiRG
Supplier#000554152|kBWnCGr9 YVL,DvZc317AQZK mcAuPuaaUal
Supplier#000554204|chaCdXZAUB5bNAud6Tq
Supplier#000554243|Ma55etzcgoQ,Jg5OZ
Supplier#000554265|1EgOl3K1n8o7B8nOrphiZcfJmOljq82
Supplier#000554277|HwVgZh,tQb3rdm6gSQuNJGYi1pXx4rv
Supplier#000554283|UhhIj MIklpdM0Oj2MVeAzezFztw39CxI1
Supplier#000554299|Q VISk9tMVblRshVoJ,Ja1
Supplier#000554354|eHugETxIGBc5q1xMi7DTsKejJtV84XjaH0z783
Supplier#000554401|lOUOaHykg4Xit2
Supplier#000554487|PyQM6jg7 9VY6I
Supplier#000554635| InMlkNX9o9dYUsvJ4TSfZaxB t
Supplier#000554671|zAGqVTZgHPXcKvk14G qy
Supplier#000554681|AvAok5k6u4C
Supplier#000554703|a7NOyVjNHc7W7g5sKKgdZUgE
Supplier#000554729|osNXtNsTy6jlamNhhsOp0UT4kUk,Sf
Supplier#000554752|JQxEi0BwQnjPn2AhNAXhT
Supplier#000554793|GKU6o4LiBXaw96HhUqE2wxNlbbGS6
Supplier#000554884|uz G2cqqc07,eGW6WsHmWfxv
Supplier#000554888|Ss8Rdl5fA2wcXr0OxN
Supplier#000554941|Ixhb,sGCCERkY zBRG ZfNdTjDB1HfhK4pN9V
Supplier#000555044|7r1SzzhQm6M4f0mI9GRn4R,Ymh0d9OHiZQQ
Supplier#000555189|br4Bjj7TjNwN3Q1YM0RkEMX6Pj
Supplier#000555318|ugTW0BMDNHLaSMAudCe9CdZqsNOB7KyEAwRgcY
Supplier#000555437|YHkX0P5CwxQo UVRWO2 gAAkuF7
Supplier#000555548|AL2SOmDwQW t0cxKpidoILwr
Supplier#000555578|sZ65PCiRFEYhgnOggqPvKnwqX,HRFkwWt32rhNDs
Supplier#000555613|mUDibZgCMbEunZh 
Supplier#000555731|R3rgjPVaNYRAoh2h9Tgz
Supplier#000555875|xTCe0,rBb0aSVqBDJEnCzk
Supplier#000555907|WbLZWqC8ws1kzRV48tOb3 HAQuVIpZ1plDjiSo
Supplier#000555918|baDazgg4TW0e5
Supplier#000555937|gIcZaZnYVj3Ytbwzt9Cz6oIAYq7gKU0L
Supplier#000555945|8ZQMtGwckcbimxb3rX
Supplier#000556050|BKZw5TD0YnGPFNm
Supplier#000556118|qHZa80FWlWtsiAXnUGe 3ezEcvcXvOY3L
Supplier#000556147|HRTRRM6vc85TAX6ILAZhInlJbb,1JP aP
Supplier#000556172|F9ikQHuAFxiOqoRX eB6Oi4ZwrfzpbzfAQydMi7
Supplier#000556244|mbtp220cYF
Supplier#000556251|06YnN3eNHLtm6T0TkJb
Supplier#000556277|G9R0HVezci50sTtLnl1gQreje2iFOq
Supplier#000556299|RVZBqdJdlOEVt680KeqqUrnjuj
Supplier#000556348|9tQpYStQ bZFNkREDK6elYl7d7Fon3 kmcNDtM
Supplier#000556482|GRNx7myMMWLRM7cQcvQe9
Supplier#000556504|1gmLYIJ5zz4MFQjyO
Supplier#000556536|YNyWH4aNJ8LGHQQ7NiED3p
Supplier#000556539|xH,MmgR,dz
Supplier#000556573|Y 1,SsWcS7B,8 MgO
Supplier#000556614|uA3ZphrzvS
Supplier#000556645|5UOQHsAfeCfEKudwVOM40
Supplier#000556764|xjHjVsOTn90ea6wgtvAMTOSCHofnMqgr5epdS
Supplier#000556854|SCeVcIO3mfCaY1F
Supplier#000556919|8MnBCxRyGdTHodBeMKh54r nS
Supplier#000556970|FXFMxiTr5WUPosg
Supplier#000557007|TV0qepyzChNLoAFfGK90aI07,Zng
Supplier#000557060|987bI 9DX0AbAjMq339dxTM03HxHG1ZE0V
Supplier#000557080|FzB6XjvrSEb9Sjrss8RXjOxzGllz1,OWQALuJER
Supplier#000557115|,IQhfsnYMltzkFN1RCW7iamsVhJz,
Supplier#000557119|3iGwVh3e6rFpVjZQtAd
Supplier#000557187|E75TaIKl8dMBu69Xpif4FtlFabjtFO6hjP
Supplier#000557248|jMorQBrS5GZEHvh5RY7r6c129Uad6MS
Supplier#000557296|zQdfN6uDVUcIRpkAdhIhid137QU2NErstolJr
Supplier#000557322|Vyca,DGy eZKHfuyYCL
Supplier#000557402|E8SAyn7WM4eH5ri2OtO7Xu2ms7
Supplier#000557442|wqOXU6YOxebdKihAwDFfpM1P4
Supplier#000557529|UfYIQEHnKS3Nb
Supplier#000557593|6KJDkpPd9khSSb0segWI,QZxz,ThZL 9bcOGNW3
Supplier#000557713|F5VkE5FyyMpEnWAtGOZ9
Supplier#000557922|BWFgsRJ6VtGtP
Supplier#000557979|wq4L2Rb9ntRa4ID8WVx
Supplier#000557991|coX24kXMYwyDk60kNrkX
Supplier#000558043|f4OZF2kskhaRcnf1luJlAvtuvQFejTdMeM1gdpt
Supplier#000558062|UOJOEegX9g5C3Jy
Supplier#000558140|kut1ucd0zhIC3b,KoKzLFW
Supplier#000558277|sBYDfSvS8eWVbBVAds42cIIcsTwPRe
Supplier#000558380|Ls2iCfb91NuO gaKp
Supplier#000558546|Wi4bYaZ4lApYtc29JwfoDDMphvYvU7wx7TckJ
Supplier#000558549|opRMcf1Z3SP
Supplier#000558657|62jTY1J8eb2pDjI N2kZv8HD1
Supplier#000558712|nJHwKUP,0PR8oUM,,UMikpeRK4NoZ8g4,tSY
Supplier#000558738|2ElvO N9HFWsVZLRCZCpc7gJh5Zb99dvnB
Supplier#000558835|bdX6FOmBH4rMFcsIslP2VKyHYkwgp
Supplier#000558877|IVSnVALmtjbEI32D8l7tPTa,KyWa4Rm
Supplier#000558958|3kkdttorhkZdMIHWE8oC9fR8OOB,qoU9 Qo
Supplier#000558983|GOq1 PCRBLPAeiGUcEQ,7
Supplier#000559001|2S0iGJ3Ov77MjpKd35mvX7b8vQmexraF91N78rf
Supplier#000559037|uJuQPpMXn8PBao
Supplier#000559093|PbpkxL5HxNkxn1IYwF72
Supplier#000559111|Y4lisCy4thZcpj
Supplier#000559126|806ZoP 9qqh3v89OPgijmxn
Supplier#000559197|TOtW2RUvheBFbhlc6
Supplier#000559210|6AKmNnGODNC9,qV2iNY4OepvYXIXq,5z1,
Supplier#000559256|,YTVPGkt6lUcsZi
Supplier#000559345|1T90HiyixscsCaFezoW9
Supplier#000559349|jOoXKEx6lr
Supplier#000559385|gNqoeYx0yJmRjU wgxb6T
Supplier#000559439|rpNs6pbLRMWMXAxhWmXPHmADmE AEW42U9BrO
Supplier#000559458|0oKg 6K69DJvT7
Supplier#000559469|alQdf1h5LUwdQR1IbDfBBxo1i
Supplier#000559618|jNpYuOnBZexIM
Supplier#000559709|fUSf8usjv0H4lGs3O
Supplier#000559712|4uPYYhD2uQMNr4 hAI
Supplier#000559717|rrPB,FediGO
Supplier#000559726|ucO0ZVid44p2u,HX83EfnxuS 3 7L XnaioNT
Supplier#000559992|ND7yUVh 3KiLnHhZC6irt,D9K
Supplier#000560101|z8phQ16hvF
Supplier#000560108|8hVY1CcAgE8Cho17yQTdaNcN8
Supplier#000560287|WEAfyV7zEGBBL6HmsB5
Supplier#000560298|eRxx Sqy,wV
Supplier#000560398|  p6eh0dANyhZU
Supplier#000560449|1mdtn8adrSjEts9n94Ih
Supplier#000560510|z2zTfkfJUagwQtXw2Dd,UvDdjSld6xPr
Supplier#000560588|VUfMxlLJ7coLj72nH0ld
Supplier#000560627|p6uYF5 vGPy2UI93X3uN5sdsP2a6
Supplier#000560770|Uor3FqLydFaflya7qWRYAs3Gz8W2m,yLP
Supplier#000560813|vV48cuTo2t 6kkuyf4GDTU9C52BUpI5
Supplier#000560920|pm SimvLFZo4Qze
Supplier#000560990|CKXqHj,S5pM6eNlYjfmS8zZeMiDSbk
Supplier#000561125|BQziw7de1FTThUBl3H8c6iqDYwt3e,CUQJ3QMC
Supplier#000561167|7f0cvFLXh92N9G8JUKlX
Supplier#000561191|110DGx08slw,WVcq0tw93XjxEJ9YVFvw0h
Supplier#000561345|BthBqrpMOTINaMzxd8954phbw
Supplier#000561419|vPYVkxww09j9Uo Ew
Supplier#000561429|AB4m x2HiwMz5GbdFK0wjVNzz
Supplier#000561447|i6WChQ1Igb7pUwfwmI,7jSGuGvP5h7w4ofp,v4V
Supplier#000561454|ew96uGODEwUworm
Supplier#000561566|S9NBQdQVXrGrBYqWEESB6
Supplier#000561616|jpRJfgBEeoayVdKGdv6K
Supplier#000561678|TEXUikhlCKiRN22 J8
Supplier#000561703|O137HZbaHJizcCemz1hnRiCJS
Supplier#000561780|X6BKWRIC0gaqPYiqoYdDLvhNEH8
Supplier#000561879|ykUK9rYXQ0UWzrogx1VIEb2AweTWvtLtCAIv2QuM
Supplier#000561932|aP8UgaaQUcZrVRBV,3HuIg0e5
Supplier#000562049|avTiJNmYKw4xBpiB0Mh1bSetw0EUEscO
Supplier#000562069|A,Zp2TbBIQ2aT6p80f5
Supplier#000562097|NTaXwLi4fpKGmL3L4Okf6NwLu
Supplier#000562194|xXw9kRwLFeIv,EZossx5nCrPhZBU,
Supplier#000562362|frpepBLYRjCLyk7cq7Pz
Supplier#000562452|dP8kcAk1nX6U2s10jrWGQWpY25uHAbe4b1oxB,0
Supplier#000562477|tW0TG6gVW25n
Supplier#000562497|5cEbcs7vI5vio6HMurk,bhFXdJQ,,Pb
Supplier#000562516|J6RPjq,sHqkTdMfgEYO55Jn1hn,1XZR
Supplier#000562614|xEgKHjJ3YJkpLs nn4
Supplier#000562675|lRTrJMw2JtytElA2l9WnIFJeI
Supplier#000562682|eRww6BwXh4mtfE4l,u
Supplier#000562714|8ODOMMs9vKHyuFs15 Vm
Supplier#000562726|6xl35rNx7KxFYUxo
Supplier#000562742|jeSCWCmbnxCprBdoEwABcBew4gv
Supplier#000562819|VGqp44iZJJ1QTAM4XEJknyo7D1lBX
Supplier#000562957|qicjBPMN,Uo2SKvuFfuhy9mztLQtdIqBbnGd8
Supplier#000563005|K9ADfrNtPEFvxV
Supplier#000563081|DvkBKKvXfTssKnzl2kHKmSJ1uJH6
Supplier#000563095|Wcl8L6RMSrznO2l
Supplier#000563108|WGCrfkKYiu3Dij6tQg0P4V45
Supplier#000563178|SCWfLdXvNCg8VxZKucDVDY
Supplier#000563267|ime9k0SWm2z
Supplier#000563314|dMxvYN70tySuV
Supplier#000563393|6RHWmqdLYnJkf,pLF6hJAW1Jd671YNBqGJQ
Supplier#000563430|g0U1MK7JwCqlLK18v3ZzoPx5Ym1,OR A
Supplier#000563497|jBhTLhAtlaZxxba4KrioZMyMgVKJ 21CyLWWJOg
Supplier#000563548|r,Li8Slr,S6e9AMNDhohx,D,
Supplier#000563658|,YHriVd8ZD7bWvjGXuH U
Supplier#000563674|hrkMSbU1GTGDcZG8bcDqVhVkLUNMk3hqEw54GHq0
Supplier#000563925|qOZdI17GCNSTXEgpiRPTe
Supplier#000564016| 9Re5ok7JYF
Supplier#000564043|WKptYsBQkP8G08cakUDbovozwPjkPG,fs
Supplier#000564109|HzPYM2r7Qx2E
Supplier#000564145|c9wdGn0aPBn zKatztAejK7PfK3k
Supplier#000564159|cAkz8 0LMO h
Supplier#000564190|MjnEzIJ6D3hHe,o2h7G4dC
Supplier#000564259|SY3NreHDKSjXMBZrrf5V10DmR
Supplier#000564280|XgdR8rbpljx037ne6W
Supplier#000564365|jAfipSd8V52HG3 V7S535gUeT8
Supplier#000564422|d8qxtc7vkLa0oRje dpH1IvUgGYyPF
Supplier#000564443|ZGkA0oxyr9GQD6vJGAe
Supplier#000564460|MyT3c04JQfdUqj O8xWCIncWZ
Supplier#000564491|9B8zWnXnB7k8FpJNkF6
Supplier#000564531|zrjt6ieApU
Supplier#000564576|8k42OiB0Wz442qtuK
Supplier#000564707|InCeNTa,4s8GYDxB37sco6,0Fyr
Supplier#000564754|PsmaFBGAd4danyc3KPKjKuG1P5Lj1AIUQEVaa
Supplier#000564807|Zed20 Tjx3 RB
Supplier#000564896|kEG3rqSHVzXf7
Supplier#000564936|l5VY5Lmbw4Up,
Supplier#000564955|OyjLYvVmsosel5,Ul09hj8MTj5rTIwTYdX
Supplier#000564979|wk6SDKHJsttwyGzAASNZNhGzwFt7VT3NXYArXU
Supplier#000564985|vJs4SAXNjM7S,C5xnvOaGFkNnIKghw
Supplier#000565113|eDEd eTYJXRtRWh6JjsXn
Supplier#000565134|orAdWPMSvHozSLAPYEc4I zwn3
Supplier#000565137|9N6gYSjpAgXGFpcIKRoD,xDg
Supplier#000565164|rAeUuzh4A6e5o5LUZ1SjTcCEoqQ Qn9E1s
Supplier#000565197|pXYnZV5Zb8Rf,u,zEnOysFu7wnqn5cd
Supplier#000565203|N59pKqGcyOZroKpjDnVEZ kj
Supplier#000565211|3m87lRlkw3O
Supplier#000565225|30RzTh14VczJBQzgH6diO,coK,75Y
Supplier#000565271|0HpWLNhKm,Rs pHI0iOJR2PZsM
Supplier#000565302|m3yCc0tqvx7ENr0SF7g
Supplier#000565358|WyKcz QTpCveUs
Supplier#000565360|pNMUu2X 1natfbvMEL71 ZzU
Supplier#000565383|XbcgxvVhLyUBkLPGGLOYqxqQ
Supplier#000565502|E3zz2D2db5ItFd1k
Supplier#000565555|AoyFkm0xGJAFuDAaxXcE2n D6fl
Supplier#000565588|, whXthe2qv56NY388sJw Rpsv
Supplier#000565627|SqBW1TujBaAmf6h1
Supplier#000565639|wl53zO7eJZuvxZr5Nbd0bX9h
Supplier#000565645|lmFE1Ax9LzB1glUvkizWuc,vK8QwcUWUu15Z
Supplier#000565651|yqpVdFH2Dymdss1M8LOjdxcBWBgxxGRY9AK
Supplier#000565657|reaG7BtdanoillVIda9T0hipIRLIbbg5Nu
Supplier#000565694|QiY,IoSqURFE1Z
Supplier#000565914|j3d64HSqdUANjbOg
Supplier#000565947|tvhYgSknXaGaAhNL2jSBp
Supplier#000566003|ANawy2mCMIR1aj0W5BJBPhqlmVlT
Supplier#000566155|Y3uKUmWv,wwbmp3S0yfQ
Supplier#000566218|ZIWrJLg vE5,EGwOUNuDQf
Supplier#000566268|PDowZlE3BFAqn7LZ94musLitP5JGDT
Supplier#000566324|IdReYtr6,5myfMYRV3CeiieROKowx iBZ,qMM
Supplier#000566565|9ELcpUF2VAVAajIHTA24wH5G4OdC f
Supplier#000566613|,SuTB aYOV0Bu3yh9an,La5Eq
Supplier#000566626|jUV4Siqs6IU2S
Supplier#000566643|3hRCQfiPrOo7w,dK5Iav,NU6PIyUO0vi4cYQ1
Supplier#000566726|zmvg6Taopko
Supplier#000566806|Wgu1,FLGNr1oO1rtv qR1A, W
Supplier#000566841| XmBgpIRj92g84YdSEi7A2uKOqERUR
Supplier#000566847|Vb2u,YC2gDtj9xc4WhiktV
Supplier#000566862|S,J,7Dh2fNR,vuaOcO fK1 19
Supplier#000566898|BrhJtyeyzyk6lMxbLGrx0qRZ
Supplier#000567058|pd0Kx9yWvZqB2bOyrOnorH13jfaSM,pAuc,i3GOA
Supplier#000567107|32A,uPqUlaCvJpX6LH0
Supplier#000567109|iXmyxvsKR5jmtAFFG9ZiV2 w,mcSp0Xy8
Supplier#000567113|PCtkKuB1KB
Supplier#000567186|7AJUJUFgSUReIVu33kXa
Supplier#000567193|ZClaun5NPHHOscpVk6
Supplier#000567280|E57LJCJplsjSrnTDbkmirkQdy3Z2I
Supplier#000567312|fSl1xB4rkCexgh EF2
Supplier#000567335|CCcsCp0QQtSrRNyj9bQn
Supplier#000567346|YkcRKKVfv0ma7degMGjlb9hb lGX2bSCicOXZu
Supplier#000567383|cAdCphwtv8br0YYxxvVv,rnHUaIOZM2YkX JwByu
Supplier#000567444|tJGi1JYKohqrSrV8VWTGDxsXPpQ,BIxit5s8bBet
Supplier#000567481|9aOCOO EGo7UVNJZUF7ZX4tkgs
Supplier#000567499|XnlOWY41NApUVTM,ONNq4pLYgY84K9zo7DBZnX
Supplier#000567520|RqXk1lqG6zx5eNJOU9h6
Supplier#000567712|ceFmMZfMEQgam4HS6tnE6COseIKrQJVG99ihJCex
Supplier#000567771|2esr54SBfEt93B1EuA4Kh
Supplier#000567794|wUjK7NbtipL YIYhMW4ML86H6G,x,AS,mTess
Supplier#000567958|sNHZCOALz2JNhIXi7urmHN818ZdQGyml   Q
Supplier#000567972|5o6VAxjswXYS8EG77rp0NXAu
Supplier#000567996|IhtcegqisEbJDB3OeOfnuvMmRwGZumlbguxb
Supplier#000568067|TKMBHmOiiWs9C714ntUQr3hd4vE
Supplier#000568079|wxrECzDUVL6t4QWO6
Supplier#000568134|,ul Gb5U5jAKWgLZU8
Supplier#000568242|abKmOShoZn6IRpZp,WHSV
Supplier#000568321|wukJkr9i3gNG ievMzvK2ynG8J9DLP,Sf0ex
Supplier#000568467|3kaOVblmphOoeSnszezCCoU2kjcFG4Ak,kAQ9P0
Supplier#000568504|mnN7PKRdWDk1wOmojQ
Supplier#000568516|901sVNH9bjdvbwlKSIDQp27Bn3t12pAGKbyo4s
Supplier#000568523|,BeJNSbtZ9oBhyLV8PWTzAcUz
Supplier#000568646|iW6jiViR,n
Supplier#000568678|VAiPfcXsZHjc1y4ik0C1G,9
Supplier#000568749|7NRJlgNtP3jcQU69pH,X11XyVryJZHsUgKcVZpZf
Supplier#000568851|F6Lbjmww5OWmdrGsNWgR63V4pPc1Dn
Supplier#000568869|IUpM3 pX8zsZpI1ZCn0WfYZWthD1iOZFNE2W1L
Supplier#000568972|hz1vSUOjgP
Supplier#000568975|wr3rcp3CxkLYCm6He5pvCZgHOxqEuI8FMdbiGEG
Supplier#000569065|kY4aHczZra8
Supplier#000569078|ZhMPuJH UOebrk
Supplier#000569148|ntUBcApbWV9
Supplier#000569175|5LYS 6RpU 4
Supplier#000569262|66zsmqXj4zwkrh1xrwt7P,lKl0qCU
Supplier#000569264|oJBKWVnsyiNv
Supplier#000569294|N59jw99aT2NpyKEPGvO29CD5x5IYGeAj
Supplier#000569349|YhweYcx8,GYE
Supplier#000569377|LeWcjm3tmCRjoCUxU0xkBHXNEC1yx2EFiJOPrWC1
Supplier#000569592|bExSslX,zUjuUHsS30Eiu
Supplier#000569666|jNmYovbMFodEYo7Nwd 
Supplier#000569865|rCWmE1QH15ltiz1oNf4qPJPdhqRIi5qI
Supplier#000569912|Bh27vobnBL2HG
Supplier#000569955|PeUcD 5u9iTi5XP9mtiedHtoh,B,s
Supplier#000569984|qwmx4Qhmti kw5p7
Supplier#000570006|GdiIy7r3ay3e39ZJJrHVRz7BF0elb04vdMvkhncP
Supplier#000570083|L,BYO YJbTCABphS1r qK54RiIpVGOSr
Supplier#000570086|cgl,o,GaBvCCx0w9MCXEX1
Supplier#000570107|ofQsuOynxAM8NIteNo9yjYFbf8x3Z1DXIdf,48t
Supplier#000570160|kLgikxVYI7mUduTGIbj7A,2EZu74hdUG1gX3ZHFk
Supplier#000570240|TphCcInwbt,yKxT4,bdAuXs6FnYar4ODQqWps
Supplier#000570254|PwnxzhYDAf3oKBAo2hzw7H5fd8V0vQ
Supplier#000570260|C7reLqNFOrB,pEtHdaE pydUPaU,hsx 
Supplier#000570264|skO1gFyVb9RfvVnooRz0b1St6GUirbmvA0I
Supplier#000570266|Fy1aHUqOqX6 oQyx G5MyS1QalhqYGHTWYb
Supplier#000570308|nAoBBV6V1FiXF2rRbUqqP4
Supplier#000570330|wa0gdpM3rAqysW kye3
Supplier#000570413|aM0RPeyH3k5Ia m3C2SODDpeWijUI2guP
Supplier#000570485|8425PrT8xlj
Supplier#000570499|yIfOOpvWymc9KPJ5bl8rq2fL
Supplier#000570518|XsxlyJjQ32Fi9 Xg904T
Supplier#000570606|lm32TahqYyeqcYHa
Supplier#000570628|47Je5 KXJsBeIhItOgX4d8PwI0Dlp4Jt
Supplier#000570699|EnWEl7UWAQW7ijY8esX
Supplier#000570791|2uJWdwTeD,Lqnsu7GJ9GddT,7Kq
Supplier#000570801|N2ipnb5nhL9Dc4vDcZf7E xmO3M
Supplier#000570827|50lIaJO5B5eYe
Supplier#000570975|BlcNU7uT5H8kDLXXRVF6EdI6MsGobo
Supplier#000571113|41KOzj4Y,BjBNY Pc Nu
Supplier#000571327|,PN76miPPDTvXe6kMiMZoQhT2XLjj93EkGIXE 
Supplier#000571376|9vM1 7WCFdI0gqPmeBy
Supplier#000571428|OCfHusVoVPlTp hfLj8KygvWJIIId8,hWv9i4H8
Supplier#000571569|oRa,5ku9VfeLOdK7aWhje
Supplier#000571604|mkUhrMeazTAmG
Supplier#000571610|ZmLre6euTqxY58 DDql9fLw5nVrnsDJ
Supplier#000571621|lLo,JVSVY7pIIKlzEEcAmK
Supplier#000571659|gckirsNrPB7wnIj
Supplier#000571682|2IM4UJmBoljKk0KJ3
Supplier#000571690|d0KnWscuTlnOg1xaqsziSqn
Supplier#000571709|MZ1I1LN5zokah6C7nF4
Supplier#000571729|iw35L0Ofr,Q3qhcbExiKrA21F
Supplier#000571909|mDgGN5eisZzXHPQtRf7zrZzj4HBpcIX2XnjIWzpO
Supplier#000571911|sYKBV0UJXlKoUY,ircEnTYcZ2W
Supplier#000571919|UzLFQzTwRKVavQkvEAcFbvLNfwr6rqrzuQ2G6
Supplier#000571991|bvzPlTCbjsAmhhMlL,zJ2SGWJV7ZVWG4
Supplier#000572003|wK HJ0pQ WX5T06jlragsePfy2uVrCyExnjS
Supplier#000572049|2W3Bry,1gD
Supplier#000572085|UgR36TMbvsZsje10tqmj
Supplier#000572113|Qiltm5723M5gevjrNsnHcDX826ApEWK1sXPF
Supplier#000572173|QA3EAfb2J01bgY
Supplier#000572274|ijBFYTjfLYyiH47DBNax8jXJol91tfV2Qn
Supplier#000572294|,FSuMCDTIxErKOoAr2IWK8opLEethocsHig9J
Supplier#000572405|uJF4zXcgLunsPJh6Y1eunIhzRlss,
Supplier#000572412|H1HS6CkIaalvY32K4H8uS9cJWL1MUu3t,
Supplier#000572415|,qYVftLQn4ml5Bg
Supplier#000572420|X,hsT4mIVay7Wp,wLROLm4
Supplier#000572433|P8UC5WnSdKy F8yasszhwzy
Supplier#000572524|6dxEbhSOe4sjNld9RcdkmoqDmfxGC
Supplier#000572527|matbwQi4nw6oED9QsN
Supplier#000572560|jZY,Fw4NG4PQUE5,N
Supplier#000572600|xNYb8C5rfZSYri41XfJ53OnrP
Supplier#000572629| oF92LjkpSjdc pKER1Kyf7SfF3XeiIHyYg
Supplier#000572645|uF85WUu6B1IaoLXN
Supplier#000572728|vylItfMfOHMN9N58C
Supplier#000572899|wnFNTr2,j0wVgf0pzJyD
Supplier#000572954|IUihxppJV4JS9Jpw26yCk
Supplier#000572982|AaUBTpG8JIs9TDJ9MOLLfjIFxC6jumAmGFJHCOu9
Supplier#000573023|z5xPSgmQs0o1 YjiGzZ
Supplier#000573150|eN1ed3fCRuQovUn2PKxVHF6jPPL
Supplier#000573184|TeqONLQQIqM3QlX4JIw8jCn67RUezp25SuOfO
Supplier#000573189|oS1E,BWNDKjjYm2PwiXqGGA
Supplier#000573311|8hTp6qil7R lkC,awFdJkV
Supplier#000573462|z4,rGRl0g2epB9UvtD1845l
Supplier#000573495|kbSSaU0TVjkuLbav  BlCJAd479MJc6 dG
Supplier#000573507|DAJuOpeosanpEtyrF1y
Supplier#000573574|DPpOw5M72rV8B5aL8Gy3W
Supplier#000573641|lUI5RbyCnn3wWeWLB
Supplier#000573669|pkWFigkB,6wYbCCbE0RzEaUyXBaniKTuu
Supplier#000573676|AlxtxVDDtfu
Supplier#000573754|4 TAeMI2EZ5s08cDVbGa,Le6jZ
Supplier#000573782|otfRxMbFlGv6ST4kV3eLPU5
Supplier#000573806|9OEskQzM LFjSi9na9VTuf,WHbDRsYv
Supplier#000573847|2zOtL3,MbzJMyOFgTGM5jVZUV99,SgwR
Supplier#000573892|B4 oq,9MDDufP4F0v7Omv sN9omIH
Supplier#000573911|ipzkX8W1rU5xbmEAUqF, v4ZsMrUdLv0FAhGIzVS
Supplier#000574028|yiHKuwqQnZS2
Supplier#000574033|xN8q8M26V7vrX8EHSiQGsqtJT9w
Supplier#000574144|jUbMHQ1MFD8ikMRYvz5hDDoI90MiwILd
Supplier#000574180|z7rmtgMpGGMOhXi8EIDj l7FDLI
Supplier#000574188|cSOOltmuTor9pFmFXSMmKxmr35ZLT3rkV3Ltq
Supplier#000574278|R2YlAWTNhD,p,apKv,glZnAixNr
Supplier#000574286|vGTwBCAy46WI
Supplier#000574356|CKSPskvPq0tS6e3Gw8IIGmWlCD
Supplier#000574360|B1VueAXRnmR,quj yN3q7e
Supplier#000574464|FUk0S9NLLRy6,q,z9cM7GfrI6oHHd3D
Supplier#000574484|S5YyZzGdpdd9z
Supplier#000574648|6jg6eiB4ycp
Supplier#000574821|RimtoveG934NBRxjSx2bDJX
Supplier#000574942|eCSJ50mqen334D9ipVZSeN2pFdehFm7
Supplier#000575000|aMUtxtVqIOuXGRsTuhetNX1hfwa,m1Hlq
Supplier#000575013|c2eiNTYtzeHnyi4
Supplier#000575032|E,bysfvPWlz2OkgeguC5MkOU07belbeK5YMrAL
Supplier#000575080|8CPtIS,dzNDAVLZzAHEvF4Q
Supplier#000575103|jXf ZEuzmx
Supplier#000575203|DhgMudr3Eo
Supplier#000575261| GoDQGAnE0fYzMK 9zp0a7wtQ
Supplier#000575354|mCC7WqTcPdB9Iy72zJZFOOJMZhgyWQIbtwA5wGfJ
Supplier#000575407| HiHhX2Ox6F 6 lyV2V
Supplier#000575473|5uxNd3cwOeB,S9S12tf2VlVgDF1e9MPqi2H
Supplier#000575477|ikc,tUUuWYcwNLf
Supplier#000575482|uikNXpVWI1uWwg6x9tSqXHH7pwI9
Supplier#000575492|7,KZ7mk GKDTneqT2myPCDcbCRBWy
Supplier#000575534|KClTIu2QQADuqWq1btB
Supplier#000575555|p3hhGqHel3ozI5XCG Y,pbRG
Supplier#000575633|twNaFAKAlSNb
Supplier#000575729|p2IN1kLahFk iv2HZU4C
Supplier#000575821|8Q2L3hcbSY,,1s zY6hYrEaWnfv2E
Supplier#000575823|1RTFtcVKQEzPmTxzl0Mms2nfvz0ZFVq
Supplier#000575840|hwo,OrPZW9zKRIBapY2kWRn8l1DmM93Hy
Supplier#000575850|UEgWxKRAihPg7jE8pfoqpObNjyfzUv  0m2tG,
Supplier#000575857|C69khH8zy0DoXTL5e UUfOFmXntN1AHbWETtYS
Supplier#000575908|TTIqr5KM85jh0Y36m
Supplier#000576001|fMMLv1oSt24I,TLt
Supplier#000576055|vql1TyNtuB47ZwaqVHmo
Supplier#000576074|dfhjF7KHjFuC49rnDlrG
Supplier#000576088|SysUaAH4SOmckN3TEOkirjT8mA1O
Supplier#000576090|ci2Y QlQyon0RAz
Supplier#000576098|FU3eXRXpygyCScWT7JxLpzlnCp4Zsx 
Supplier#000576102|mEnnHQ C2I7LQBardEIt7C2xYbqHPK
Supplier#000576156|7Hp 9jKamRuf8uSOY
Supplier#000576173|R3VtfmR5VR
Supplier#000576209| j90x3gIbIWpeotXdTJ4GagINE3wL9qhoNvt
Supplier#000576233|dA0cl6xDH40Q84AsojFxQyQ7HewaZY5QgT
Supplier#000576341|0O N8sg9tpHmTEPfybey3kaS
Supplier#000576353|31a2DG9oke,hgi9R3
Supplier#000576358| RNVk fl0sOEBard1C
Supplier#000576361|ufnyCOps5McZSAczkDdJybEnYl8j,b6o
Supplier#000576386|p1Rfj8IzOARmsA6P5KUibZtYSVBK9KN
Supplier#000576387|LkoTXz,JWUUOMMQuAKfz,FlpWYXaaWXEa
Supplier#000576414|o1kWgLxM68AhkTFewjkG7iMdxPE
Supplier#000576430|j91ujWYHZKNHRiWQPEqkAIHtz1lP8cVbSA
Supplier#000576582|oVdoIresIN
Supplier#000576626|g5 kLBcufD7rV2SVT XtcZoWempKqepS kg8x
Supplier#000576796|Pd7Zi0OToQf
Supplier#000576840|COBwN6GVJgHj9Ng
Supplier#000576888|0ETAE2hmYriqhybm1baletakyl7X5tckC
Supplier#000576921|gtP,N5VHDl9w6EOQZvFJKHG
Supplier#000576937|gRyx3HCi6uZaM36C
Supplier#000577004|Gh3Eoavir4T0NjqP 2O0Jed
Supplier#000577282|sdwD04NBycTezRjgRjuqMmaJdJRuxlBfLIbBlbo
Supplier#000577377|Hc3MJujTZiDbYO
Supplier#000577387|1 JZIEtOQO3xHtRZ3olLmGSxY3ml 
Supplier#000577490|BVJreuGrYk
Supplier#000577502|NDkvuJtw Oy1s
Supplier#000577608|3I262QK1L0z5
Supplier#000577616|egdBffEsyVEjegHb85toAKzIXwjx
Supplier#000577695|cBLPgyTV5fp4iFroOWJXXsLq9itWEhU25Yp
Supplier#000577734|V81 SKy7CjA9MI5Zr86
Supplier#000577750|q8x3R9c MlSTJmbx7kOZnA,ClNwDFUbqRPFhji
Supplier#000577777|zfeBwCHhBlurmMRng7UpyRlwAo
Supplier#000577795|Ex8MxZnUQIfN2J T5jtSjwE0KKVvjjEIQyAJ
Supplier#000577815|nobmh0tB6n7n8s6TQD
Supplier#000577875|2,fq5JFIrLONFQYmC,TobNO9vlzWY8BG
Supplier#000577897|p7Wp0MOfOnpR
Supplier#000577949|LfGwfNyOXdveK3r7z3CNw RkJXCD6Bs8f
Supplier#000578017|KlXWMv9IyPpklZ5cVrgPfddh
Supplier#000578112|WgSvkIsWEWx JV,
Supplier#000578198|XYQfBKyrAa4SXzGdet3J7jX
Supplier#000578293|8jGJ78zCHNB
Supplier#000578295|UeXfvznEijCcAI5cug35oDAqqxEcg
Supplier#000578313|vnU2e7 2Cqhqli2t wP
Supplier#000578335|OJ,zs57nQLEf18dkHJZPiuPn5HgVkNMROfhYt
Supplier#000578396|CMGdK2jJyNkj5HX6vg 
Supplier#000578434|Jy32exSgLYxRytd8EmG9s487oW,1oShdUP78T8
Supplier#000578465|krSvKm, kpLnOYF7jxYbdAtO8H7jt2 Q58s3PM
Supplier#000578741|v56p7Mr8dftUKx1xJmE56x
Supplier#000578851|4kiGWAtim xziapsvGetrC9,U8nfRROv,Wtd
Supplier#000578862|PBrm ZDHGZNGTn5dvKB3JfC0O5re2BN8DpiW o
Supplier#000578888|Qv4tzKs18CC7wPGoEIuD5F9ApWP5bGf7cCI8bY
Supplier#000578897|FLct5cFU1SCvOckVwLBJGWge4hry0ZZ5 g,h
Supplier#000578938|XKodnTxjuXUM qVi ELouyQ
Supplier#000579019|CFlYd71C4CQuhyG13PsQGy1DxB8QHl5pwQKBbndc
Supplier#000579062|JtpbcrI7c5whAXMoakwswoIeFR
Supplier#000579210|S0PfWMxd QtQtsTb30vWtP06aNUa1Msn9mF
Supplier#000579313|idRkYcEnCIjAZMY
Supplier#000579325|6RkcYBo7RK12bdH0
Supplier#000579395|GwzKrxJlmAsAEzdAP
Supplier#000579435|u3BMh9pl0S2TX
Supplier#000579463|LEr,tvRKRX9Yagdou
Supplier#000579598|PyX YJ0qnM1iNKUvPmYOUsJOQy yGyht 3o
Supplier#000579601|XQDczbxEUbQ 46gJPvrFvHa2rLM 6mju3 oGZ7
Supplier#000579627|D, rOj4ZffhNmPFCvCbrXGqL7Ty
Supplier#000579702|oS,Q7rcAmQkIu1YNlbCf
Supplier#000579749|PybBWFXyxCp7Bwq1BrUA4rr
Supplier#000579849|bLxCZ iKgZoDONttLJk9wvP2z6h
Supplier#000579899|cEw2kQLsavDCn7MRqBb6j hm
Supplier#000579995|ecgr6rVRTu
Supplier#000580020|hw5FOKOpbMftwBEcwsl,YI8
Supplier#000580038|xBVMSYfmklk1Puiwa1Kp0bGqa5,j,
Supplier#000580071|9x,ic7lkBfZYM nRh7ZWEOuEPIXa
Supplier#000580097|2byMwSRW4Lz
Supplier#000580104|vczASlcxYAoEGnZiqZ6Y3CCKNlBXaSH2QKrsBjiI
Supplier#000580164|5CXEFhBUGIvhIyzxE9vKXONutt7yM1IdfR
Supplier#000580186|23WRiCAnclYck6z
Supplier#000580243|qRTusGpkzOG
Supplier#000580390|C0sLZe,zbynT
Supplier#000580454|GUicb rzS9UrpUrn8D6Z
Supplier#000580556|1XI9HU1GZGGRXlnw,Qv5bMNrID
Supplier#000580570|,W5Ozfw8sZEX6YdkctGFtHb,U2
Supplier#000580612|T2fRkj TDJFi1vNTS9cLpKIP7,qRn JtCkOJY
Supplier#000580617|cDMhlGfK,J1,Uf
Supplier#000580646|4rPM9U4GYUn8hWNUMCfF73unHHS,j7xfSEk
Supplier#000580678|P2aPNEaDUu5h1zKjmGxls0GZZZR,fX6cXadoja4
Supplier#000580720|dOHwUCdVkV9Mb39tZh7z7O 1dHaDBo
Supplier#000580727|oIMSSFA0voe tjSI6iUnRYq14SP ghDSORn
Supplier#000580734|jXMQ00wfeGoQr8EJ2t5B 5NdyROhsh6729pE
Supplier#000580737|nvEoQXSCSrszh
Supplier#000580771|0AKhfKWpAXEHlY2L5XcVnP9T
Supplier#000580804|jMVE2KRA8e275dNW1UT8UWA8kLrhys
Supplier#000580820|nZY pUS,eW
Supplier#000580828|qu4XLYucWJRZhbWJ9cvfdD8L
Supplier#000580843|h249iiwI2aiDRWdY
Supplier#000580887|ejAY3n6oexU2
Supplier#000581002|DwXpjB9ox2K
Supplier#000581018|pClzQwYo1jf2Y1iyfi3,u FGS
Supplier#000581028|3i4TeLErHA,2JhSdpfjeFWvKuoeFFbYhxRK39
Supplier#000581037|CvtcL3nlloa0ksaWgM8hxif1
Supplier#000581077|0z 0,ZizYJQP90BZkfkNq695xrmLodkx
Supplier#000581099|lXOheO8BvCwjdoqlGVd
Supplier#000581198|DpRUAyu0YVoDh8Gx8,dauwhZuyy CO1NAH
Supplier#000581200|Jqa3jx6G zv6UNOStlMUs6iXaeRmQs6bQ209eLp
Supplier#000581221|qDCqilBytc4GYDxaERrcknLFBWdS2Bq8BNU
Supplier#000581232|23X4dLpZPbexqK4YE7t,4hq5TVtPPk
Supplier#000581246|Kp1McysbCtbuLJrjg2Wjaj4dPBb0 j0dzGjNsCEh
Supplier#000581275|S2 J2xTBWhj00wX6ObxShrmxG3wf83YRB
Supplier#000581279|TrIJYuaOtQGR1
Supplier#000581330|xLOI0iD7OYa7xoWl6svz1SZblucuDYslshf
Supplier#000581331|8NaliTMI2QFi44s 6X
Supplier#000581340|0qkScO9PfjZ
Supplier#000581388|rLqXtBXwmAcA5BW,AB3fGrYbWmKIM1tSCyB9Egje
Supplier#000581418|lclNfATkrFjgl9JF5DHktXxjj,79SIT8dYG
Supplier#000581455|fHzSz8qNYiv
Supplier#000581521|rC92jd7eGpjo47Ar
Supplier#000581527|PMF7FwuXN3,EGCSdeuUlzxyKC XmjQ0XUJJiYTLv
Supplier#000581719|fGxK,DKwPpLvS2I4c
Supplier#000581721|zjtc ,fQz3pIRPRrI9bN
Supplier#000581920|CU89rRxd0YMANw2JDp5M9Bhf1r1OliNWT9qQUp
Supplier#000581934|cN2fDhU6 6e
Supplier#000581964|yCybKeKVK,J14F05lt7
Supplier#000581970|,01,gX,Czk
Supplier#000582361|2jaOwVJ8lr8RkDb90eVahb3OZBn17
Supplier#000582392|CGrfENsmJjlLs9M
Supplier#000582459|Cp0o7Bs3hMXw9wQKjB
Supplier#000582486|7x1AWdHtMSLQ0HuC8wgTABNBQfELNtFop
Supplier#000582582|5BSFKg6JIyokD kfeWnv
Supplier#000582601|wxTXsjfyvTTOsoxkTUQr12NNDIxHLKPb4YsvURl
Supplier#000582613|2qmo3S6c KwLqC8TMPzC,
Supplier#000582652|Mom5Qul1VfDmGPd9TZ 4i65XbSNLueWzVvLaWJb
Supplier#000582654|mrbxdR6T,3PjbCWpLYaIkbHvqXwbaTvs
Supplier#000582671|JUEZO53NIarA2NXSeM4U1XNsjVbG4KD
Supplier#000582676|eU75ksM1sd25ql
Supplier#000582772|KrgkeJIxCEPpF6bbVuE2RwXOrn
Supplier#000582779|OmLl 2KKdd2eBNk
Supplier#000582851|1gUy3iSoD0ZlrpJoAzrn6GDt5 Xa
Supplier#000582882|h98xNqLRxpDEuN9Sk1
Supplier#000583005|D3yVGTgz5oXcxKp5ibTde
Supplier#000583031|kopb0YAWQLNjEP
Supplier#000583236|SnJUq7tT0I1KxE2LM,pCwZuWrdT
Supplier#000583348|ECxp5M7KbNeQt3D7W,eB7OTP
Supplier#000583386|55QahZ37UNUOyIOy DgYOjferDFm
Supplier#000583489|6yzaNZQbUMRf9lwXHuKgCvEC B2G1D,
Supplier#000583598|R7b2O0oRR,JCo1tZlz
Supplier#000583765|P16jugR2kDSKMS
Supplier#000583849|jAju6hCzD04sowqeeJMIRllxs8fqGQqAS
Supplier#000583856|urrkwjy9KkxfaMEwQ
Supplier#000583915|Q4vuhznENs6wAdTHSeOSHK,5
Supplier#000583928|1Fq ziNekLO
Supplier#000583983|KuM3HssWRiatAPmkl8obfbjPIzCDn1ykAGAKRMlo
Supplier#000584018|vDh4uivtNPGl,tK,Eh HySCoF5iAdDYFGU
Supplier#000584045|ElvHQRHGpRe5dzij2k0ro
Supplier#000584094|C2UUqn0pNoA7H4ppNRtu9WCuNtpp68HoCS
Supplier#000584102|jxzim1KWIyfLP
Supplier#000584257|7NiPqHXxLq7S4zZ,8
Supplier#000584262|u,O4GnPvMX6VHqFphb7aoa0xy9
Supplier#000584316|CoiVj1cUMK2R,wnbP4uqq t2gt5
Supplier#000584342|n8UJgLGZsa6pfh0VO4xKyyqRmj
Supplier#000584380|Qs3ScpU5GdHEupKtXi0c0U,JxVLgcYB9r6vnj
Supplier#000584393|wbbUcmkQBVmiMWGgB7ct2EavpeYr
Supplier#000584402|JfF5tqM4pUjlaPCFWr5O7TeF
Supplier#000584465|F4O45IT90K e9 hoIbOFQa
Supplier#000584523|sAld1XnmvlnRBHrf4aevUWsQZn
Supplier#000584535|jqXOwjLqYD1rZXodgAH
Supplier#000584642|wxAI6GxXoIJUGZMi22W4u8xjFuePxGi
Supplier#000584648|e7qvZ9Cr2F8X0x wwHYpby7Oo,yr,n1
Supplier#000584653|GOGXEZOdk,
Supplier#000584693|9vAiG0akNtP,cb8aZ72RFvjWCVprX6jpJ0
Supplier#000584803|wFAybTdVgDsXgDLfV
Supplier#000584833|SIdPIex5ZF6Q
Supplier#000584854|GeGQ96foGJQ9xE15Vn1ZHK
Supplier#000584923|iPnHUKiwyONnleFwrleqIvA
Supplier#000584945|SNtywG5kZVBhrd2pjCQjEK
Supplier#000584991|sPvMwIx0rBETfCZ9kzXPPLYt9PSr6s3Ks1
Supplier#000585174|3enSS9AENG2Qn52dxAPgQTJDx1DcMfnTsF05ui6c
Supplier#000585318|dQWSWuwg1uhtWlsei1M2Cpj8n
Supplier#000585332|JOFnt,INFN3w9I39TXp5Z7S1yjIcOm44aevUKI
Supplier#000585451|feOK7KhtPpk,qPu8pCropKO5Xe6ympgSdkH4
Supplier#000585485|9rJKoF4m8tLBtsVSWFy8LRbU8U2joxW7r
Supplier#000585589|JLPeuMV 17G
Supplier#000585678|1feygfJ78bGTXz17 4a8IS PcsxuZ2 ,q1AB
Supplier#000585685|u1pJPamgI2muDvV8oTY8GD3wNelGq
Supplier#000585742|oJmMlH6E6kMNpksnlv1N3GvbAwBuFIUS
Supplier#000585798|9 jwz2YRMT76jmIIJBL
Supplier#000585838|AZCygT1vLP42A DoT,TtFwHfzjS
Supplier#000585849|aU7J 9UMqcnYg cwUv
Supplier#000585850|AhHbAykWnxUIbrifRZxwAsj,WlLQbI
Supplier#000585858|IBaK700T9Omy5hBDaY4hPFIqHe
Supplier#000585875|pHYg6OyiUg9rHPPgZ8ZUpfjBIc5H6AQn
Supplier#000585992|keSL3CFdRkffKZDWX8COfdPvG5P
Supplier#000586199|htizPT334v zI,v,Yik
Supplier#000586234|xNemTrDO5mbMTUe,qSF3Dqd0Jam83Uy
Supplier#000586335|,1mzbOrxJJm78eWjlZPVZ
Supplier#000586379|LiCrIShFGJHrQGbvkTs owaas6QVcMjscI
Supplier#000586542|mRF0U5Y PuH
Supplier#000586550|hauevQKmiha BjGEjwPDs45g
Supplier#000586616|nVHvTlrfbdfXd03I61dJCG4tsR5nTmzjZSF0xZ
Supplier#000586645|PHkc8dp2gsioA Soa9kD
Supplier#000586663|2WhmYv1zXA9Wnh
Supplier#000586671|9dY7eSc2qbDjYSxhHE4JB,Bw7Zs2w4
Supplier#000586741|Ox1CazFg2eQBjBO bSBgqRU dqZX
Supplier#000586794|U8YVTWuCd2UlAW5CPlbyiICfg0Ly4RlTD1znnvm3
Supplier#000587050|t6HAhuahw0J6gWpD8h2n2EHxk2O9it0bSaa 
Supplier#000587079|6j78jBLAPSpVWCjUsvBs8Pq
Supplier#000587083|xdTlFoAysnsJ3Z7P4k4Ve UO20rkibS
Supplier#000587118|lgTjPxv5qguMlo
Supplier#000587374|yUQ2GrxkoSNCkQj 
Supplier#000587496|O ydDisHNW2KPPYMMF4WtILY6GAJ25Y2zof8
Supplier#000587499|FTdtX2jnEspB
Supplier#000587521|jfnvk1FJfTqppAFCbsL28MF
Supplier#000587609|C5XIW,W Zszl3mQb1d6NTfH4W2MX,cioHJIwUr8
Supplier#000587613|RfdheU7VI81lFVfZmO1R2simjkNW328zn9nMN
Supplier#000587617|6HO M4Z,1U9Z26XvAcRneq4zpm0Zq8
Supplier#000587632|hQbjWJUg8GeP e
Supplier#000587673|RHTeq885cWIvmmxzzuIPTx6Oi
Supplier#000587705|83YJwKEZxa
Supplier#000587726|hFzSa4BHQ3JAWhaxxFSFMQ600 jf4se9pfte
Supplier#000587821|gYW9FE4fwnCk8mi
Supplier#000587841|5hW8yOV04mKd
Supplier#000587884|h IsNhdc2iL9HjYKmPKYJ8XtoXmkrupug,nRxp, 
Supplier#000587914|uhcBNvZXwbejWHVnOM8HhPAeQh
Supplier#000587996|mr i4CL4sD8uRA Few3gXhA4
Supplier#000588024|NzLyY8n2ZNar6u1xr1E7c0tRAnmpVZOKZmp
Supplier#000588095|Sw1Z,tbs,Tju31sM58SohOuIPVqBOjo
Supplier#000588160|NJhnOzNjMAxfZ3TQiserSgjDIyNIqN vJJ56
Supplier#000588277|Vpoo5NiSL50hz8zvo2AqP DkPKWqGmTuWI S8Bv
Supplier#000588286|lqszGSm5VDRiOkIjUmFM
Supplier#000588305|wne4Q5ZXoDk
Supplier#000588342|P62VcTo9,rXcwVzYB uoO8Jv4Ib4dBdu
Supplier#000588368|BeySR87 YMNA8mu8ARE6fydXoIYl6HB
Supplier#000588502|1yNUZ4K05V,O44VepKb4
Supplier#000588547|xzkujMjUC,O OV5Di0ZlRHnZdiN,1ReYFl6
Supplier#000588566|OMjPSjSUQ9uKBJFE3W,PrITIZy7u7
Supplier#000588592|Ou96r4kOzGxXoT6D5Tu2bdbrVZ
Supplier#000588643|X7Z9jhZipv
Supplier#000588672| XrMOSTXxW3CQXgk vyoXGQfa,
Supplier#000588718|2KoPZwL bKIYUx8k,RX,6
Supplier#000588821|cQoudFVQaCFTYk
Supplier#000588823|HJMnoego4cHu7YhnmaS8BYMZdzv Nx
Supplier#000588952|A24iPxF0zOhzq3KjvwMEH5Ta8ZKpfw
Supplier#000589064|TW2B9dXQcB05
Supplier#000589072|Y,6VQun44Kz Jmlz8Xv3Vv DTXA
Supplier#000589098|Oi7hiYIlic54l5 N3xuOvyAWi8r,Z
Supplier#000589121|W1UiJl5AZyhipXvjE8kIYiiF22g
Supplier#000589152|RIEzz 55wCo
Supplier#000589198|HMh4gvSdoj3fyxXqirAaYTVwF6K19
Supplier#000589216|P9KcYYLUNrBlzvkVkVTEHq5
Supplier#000589233|3UBt7ybbgLrI0DC9oliXTrRGN
Supplier#000589424|qR7ZPWbu,AjV9g,LeFqGJM48BYMruiNHp
Supplier#000589448|q7aYN6yuGqO5
Supplier#000589467|f6ax34hEyTRuY2illGv7T9HHf2Jj,wCfsjhGC3
Supplier#000589494|9eZoVGeMWOtA
Supplier#000589531|Tbojmi6jPV2jk3X8Fh7boJbJzCBZ8QwQcL
Supplier#000589567|U4nhNAT43IoizS2VrFjacJ4IM,OXNO
Supplier#000589570|ditGj0UlnU6uEQwrRqt
Supplier#000589604|,QYFrSDFmLrzfngKAtQ77zsI
Supplier#000589642|tMpl8b16zHw4r1P
Supplier#000589649|TscAGfcNDPRvFk25s
Supplier#000589677|gF,ORVXKigu1yJGI3KD8zEM
Supplier#000589683|d55btbemz8YTxwVCcMzP0WzctjNnIdqPn16Vw1mi
Supplier#000589824|VRhZvmPB3snLT6SNlzyMw
Supplier#000589843|PMeovMbVgk9nBv L0
Supplier#000589994|Vc 2YidULHd7c,r3tR5KRo3vErrJ
Supplier#000590028|idliNyig,GGQMeLzb3
Supplier#000590140|JnjpEn,RIOxkR3gM34Jyv
Supplier#000590167|Kplyu01oya1RFg9kgdzTCxPIAzfzXzuO
Supplier#000590204|PamlEUGJL za5PTBukT
Supplier#000590241|0mouSx8UabKAExpq7MLj6yeNGUDo6jk
Supplier#000590276|s6MkDwNgFAaTVuYX4MS2aG5U2K
Supplier#000590290|gSE4NcJGd 1lGk5WYnZTz2684wV4FE
Supplier#000590344|LilM3pXFegWzlKXhkc7OWxtOAenRfIMO8dt
Supplier#000590383|SsTb,zFwl9ct3QKRlzuloYUia9TwNFZnRn
Supplier#000590458|6sD3RhnELOYkqZ
Supplier#000590544|PBPb,JsVzUyz9a6LWdjjzu4LrZJLCHJLWJYpWRf
Supplier#000590554|ucaCpe8dBVt9E17OEKs0pa5BXg GlPQdXz
Supplier#000590584|G1wtzF8m5oIWUSzJHHeJA,iXlhSPvdLErOwgXKy
Supplier#000590607|URc2ORkwZ6DTYq83rtMxQNDA34YSW
Supplier#000590647|mSK0aF3Ipalpn
Supplier#000590671|IlgMXOlOUFOowpM8rf8xziraW7ox4KfL,och9
Supplier#000590839|hKrQp4bo7v,30taf iW50DC8l40TtaCHmtG
Supplier#000590842|sK4j,lt32Fs58q1m
Supplier#000590844|Jb6p,voIBn1ySnRSw5TQLR
Supplier#000590893|K9TJxzn3strxrTMwsA3qn6suzd47Aef9tyO
Supplier#000591047| qmLZ6uneb5asQEA
Supplier#000591079|P8oXAXmKBi86IuWClzkX
Supplier#000591166|ZWmds3ar2Tw
Supplier#000591195|,nRriC0h fquQJXRO1tKF4j6L,g
Supplier#000591240|QtMhxZ6dl2h5vAe,d
Supplier#000591242|luE7p2dqsCRljAlU0cVRNyWDFFcFHy
Supplier#000591255|,sDZDSMgMn,fkI91VKwr
Supplier#000591297|l1c6QsrLZGHENvISWwJSgk5boLw5x61 nJq9RM
Supplier#000591337|QiYkiBZpHY
Supplier#000591376|,GNPo2tWFfMh1ziC
Supplier#000591406|yKaLOBL7lJVBEDHDxC6C0pHQV71n
Supplier#000591456|yhJSkfvXoQo6JPE9rb
Supplier#000591573|9rQoUD7DQD BCVq DXQngLX5oUCxl2
Supplier#000591596|J4HIcPy9hNxEkxQD3yQ1zVx2hHpioKrcl8j6C
Supplier#000591626|lJqeTSXWbieJCHXMnqOE1kkiX0bkkJr5iY
Supplier#000591653|8d3Wi6gD6htSoPz z7J
Supplier#000591673|aukWGWFVXBhQqj73foGXJilE
Supplier#000591690|JuUmXhSKgx0fn9QsK
Supplier#000591691|rIa2tJ5ta WU7tQlvW6O3BtLwKtMGmUcRa1y8
Supplier#000591753|nVlUbP,cE,
Supplier#000591831|FMCM shu4zJkPEG,eFGN5C4wCvsKqnEY
Supplier#000591840|WSKfYkx6ANnHjjInyzoE
Supplier#000591886|DvJMijxKD0B2fnbTpJJ2809sXiFY,1uqBp412
Supplier#000591912|uSsLIS1FHeoIchM7ot
Supplier#000591980|,9N tuQoKBayZyBT
Supplier#000592054|YUfTvZXToHzlikXNiorOoGE8r0wXTXlmQneH
Supplier#000592126|OubUvex3Rwkw5mjA8C,cV3XYk4s Clw74ia0O9
Supplier#000592177|T5OxfHhaLP
Supplier#000592203|kITcQK510bVc7uMzQdQqNFA4dH420
Supplier#000592255|hGgNf9neUndFtFPG QiWgbKNfSOM
Supplier#000592265|z4k0kMANmuRxq,NWdGfG5jiux84dnogXNCQuTGN
Supplier#000592314|HL0tiolLN0
Supplier#000592319|8fbBcrkKgYy
Supplier#000592352|GZmB42hwsQAeotgJMo5jA7AIGXrDJeb1YXSdvZWC
Supplier#000592375|I,sQ5O7phohdbs,eF830l,4nS5iivdrS7ViYRECt
Supplier#000592408|XLtVB7Etu3OIiVP2iR8TOSRBr7 O
Supplier#000592464|sm01oKY03LCthNC
Supplier#000592519|OY6afAPaGCmGNBU,di6V
Supplier#000592565|ub4M914u0P1aLmCLmj08o
Supplier#000592591|DESiBmfhkAnwhWIXi8ND
Supplier#000592647|9ZAlUxsvBl87TbKpzmXnL  6FlcJJzP B 2ni9e
Supplier#000592661|OBc7k31v,IAi9FVB
Supplier#000592674|opSzPamDDRU8
Supplier#000592706|58dOB3y1XgixiR2x0wUZzkA4JzeR QYOAsv6iGd
Supplier#000592744| UyVyZtSyXpVskDFaEPiVZGBZvJkDxB
Supplier#000592769|sG,NGkpALsUapHqdNU50PLH9er15al 1S
Supplier#000592779|ZDUbgHfPdATP2jf
Supplier#000592860|cbTmGGe,U4G1ybod
Supplier#000592893|E1OkX9GMzUiWS9ysOIYeupt7MtO8UtqWXR7nN
Supplier#000592905|sIY5rm8BgWH,od3
Supplier#000593158|NOEgZC8rj792JVYe5Pe75G4f35J8kGCTWYP
Supplier#000593238|3KF8,LSBeYAoV17o 8b7Ky4SXd
Supplier#000593255|yWnrUggiE3DqATeCpMEI8GWGPGFU3YT
Supplier#000593389|xYyPIQ,7926Q6jFQauB,vzIXfk,,ugIW
Supplier#000593391|1cflcCLq7tdai478COXQYdAl
Supplier#000593565|erSYuuN9B8kKwkrXxCxCnx0kIoQQkxI
Supplier#000593596|Jr7tEvrYat9vU9Ek2unBCtL
Supplier#000593678|66bHLYJFlwWgd9q, jVC,
Supplier#000593697|xpXHxFCdEx15BSdMyIL2fP286
Supplier#000593700|KSW4Tp7E6op inT
Supplier#000593855|PFKBHVljLNTjrCFYCYPnMM5zluwc2Nl6wyu
Supplier#000593869|BI2IaxAfzVDJ2iYP4yad68qV8EJ1zy
Supplier#000593871|sW9vHKalDEtb
Supplier#000594151|gQPIhwq8dpCRzs7L7obtx3oGm2S,Uo1ubMBR RV
Supplier#000594202|NbBJGUdvIp
Supplier#000594292|sG,qcgsB85,P2ClsQBn0e6nnSxMvNnDZ
Supplier#000594448|sC3Wy7GBN2HY0aSGr73C1
Supplier#000594497|7jyfbKz4Tsi01Q8N5Kqqo0m4zZ
Supplier#000594698|,0cvdtQicUJ4j
Supplier#000594703|KtIurrjoQt4eh1Idi1hDXvgDdWqK47b751JxM
Supplier#000594704|z75N2KVZtIDBMQsgalQIc
Supplier#000594735|PvUiJ4EeU Qx0PL96ORE4Tg QK9L
Supplier#000594828|QlcYwkeQOAaIZtevS2Zy2KQyj1rgdywB
Supplier#000594849|H1G91T862jTd3qbf1K2BBhF9o7YJXgslJe
Supplier#000594886|oxtev6v Fe9Ttjdvr0bOicKtf6 ZjaxQRi4DNt
Supplier#000594909|DviqoSHGJv1qemsbLexg0P8E62Ob9tq
Supplier#000594929|Esoy2Uk72jvDYhg03hgtrFCHqD8NzWZOP2NSZ
Supplier#000594960|rl2pA G4PhcsaU1VjJ asOEYMZt0IQnHWlZ
Supplier#000594982|EMf8qjTOBGso22tlpu,1Bqb74
Supplier#000595028|J3gXjm7YsOn5hQTkcmpHZKViPNFa2kZ
Supplier#000595068|p0gRnSilACrSaW
Supplier#000595129|YpCg9TMesFBU8IrIvbXFWOKJxz9EdWxX9MW8NLFE
Supplier#000595334|D7gghvU0U2eWOqaCG2V6Ep8mPN23Tvhjc
Supplier#000595371|GTlXddVhnx5IawDz81rnN8D6TZJnmkf2JNZnGan
Supplier#000595386|cMegHPtmmq9NGAzdvWcYU5YpeHiiV1
Supplier#000595443|UDdUBftHHVZ,JeK5duo6RAVz4ZdBK
Supplier#000595454|U48,FDEWxCblKS,tWwJ6T3p9xy 5kETFU2qha
Supplier#000595481|ukurQjUeS17IBDfKyccLe4QMi
Supplier#000595519|cM7aJJx5ZzfVmt5KYiGwp1h1
Supplier#000595590|uZWGF chjTRJS8cxXHz
Supplier#000595608|tKVX28D,Abnx0DBZFSwkhzMW3
Supplier#000595631|CVWS PspntEk
Supplier#000595675|4DSWJsfUcH9m2cJYL3XqRjE0igDm
Supplier#000595709|EyfJx WeOR5oWl8 jHrR1X2
Supplier#000595832|,TtuxuBsW7gtTjc
Supplier#000596045| 1u0zupGcgVKEoMoazW0XvQemAHi3i,6Qyut2VDc
Supplier#000596136|FKrHGXk,ExkqiQpUGVQTL
Supplier#000596384|usUaHjuwOxEhOktzrqA1i4R,75ws
Supplier#000596448|e7t8Iy3gl7aubGtGdrhRg3z1qRgErc7
Supplier#000596632|un6IonOUyG4OtUq
Supplier#000596636|yd8pczJlWqZpK6lNgbbt2Oy
Supplier#000596728|UTsZmAHukFMT99DWqp3X LF8whUOk4
Supplier#000596739|STbls2CY ,nYkK
Supplier#000596769|ZKNDlADfCbMtAVJPbG4rXTEDDlx gcFCFBjeDg2
Supplier#000596857|14dt10vlhsqHXwcWNIyw7wkDXn7Xv0LBJz3Y7Zz
Supplier#000596867|U0B2ZrMMcrFqByT0Uvm6rQIgZU1D
Supplier#000596901|qDZyLRwyIMj s2
Supplier#000596911|wzv8WerxmOisLzvrTh6C44Q
Supplier#000596992|TN8cE2uApN10KZsMZGDurMJQej1Md0Jx9
Supplier#000597003|rJ,41oOQV6eG276MNxfz
Supplier#000597029|evmN8h uKuQ
Supplier#000597147|4RwwHtHkheFd hC q
Supplier#000597182|lbmrluwSs0CwGPsjmY
Supplier#000597309|5P DfQEBrDEEK3EWuvmmx2LAH,XxFI
Supplier#000597319|VkYsHgzXHDFbahObAT8vjDD2m
Supplier#000597337|1,OhdgPAF0PjVLLstDwXCp8x
Supplier#000597347|JKvXvZjEP7
Supplier#000597440|6e IfBBK27kgZyxqNFaC
Supplier#000597512|Aa0b3LYnoZX4pYNxat4oUaM6VmK
Supplier#000597655|HfCReH35XCaz8ki4R4hABtg
Supplier#000597866|ucQc4CvrA5D,5nDAI4C8Wtr6df5bnjh78v
Supplier#000597873|qrNhAJeThy4lw55AkUHDtd81B422jN
Supplier#000598045|RYvLQBnCqjHwzoNUBslezpAbySQkag5p8C7
Supplier#000598049|oAqYfMr9g9zLot
Supplier#000598130|cGgVa6HUL9pHDY
Supplier#000598162|cS1sfHc2I9r7gshXzbciA39LXUyaq6
Supplier#000598304|RRVZAyEniJpWq
Supplier#000598458|0RlPgdpmkx,AO4CYcU8vMzSAoJ4
Supplier#000598487|Q5UeVulENs3M35TAV4wTbWNFKVwezfETvTGJ
Supplier#000598521|IatKw0HykeNadxPCQ79XScfE,vWSm
Supplier#000598537|Arczn ZslrJkLH
Supplier#000598592|DLivOqWsSuT OdPFimz
Supplier#000598598|TsfP3FVA5c61dDguIoNIWWbSaXlz
Supplier#000598631|QlXEOGP5AbFs9sU9c4QeCFevhm8m4wV
Supplier#000598676|Op9u6LBhSmSNlLdsytGh28YpH
Supplier#000598681|YRqn chie2h rvQPmg0hZdj7
Supplier#000598756|OZ5IUbRIYL wFi
Supplier#000598828|8wW7iMRKqwMUjdgPgAAnNPwse
Supplier#000598889|tzyt6lr8tSZiZf3arALnf9WOnIKPL4B
Supplier#000598898|uOxDLtDg5zmsJiVI9lybOsAw opFa
Supplier#000598919|S,jsCQe 7XmTMWBHy0DsX4iBee3dlCDr5m
Supplier#000598995|jpXZFaukBSS2W9L1pG
Supplier#000599000|cS3WE23hOkjBK1zR8KVu
Supplier#000599004|bsDRyCdWQTNFLgp0xMs0D4
Supplier#000599083|,R4bnE62EtdKqC2HYtuYmALecU6
Supplier#000599100|yOQ73QDI206OVu8tSWyKWZu
Supplier#000599171|NbKsOrqXF,v XuBgheP8fcgfaR8W G1O
Supplier#000599216|OgGdF5h5sIZh7GE,2,4UUsB8cliGEBO
Supplier#000599259| JT1I29boaVVHliGSv71dXi2oE XW2q
Supplier#000599284|xXMEwwV7WWRthrz,hM7f8jDu1kmNDiQ
Supplier#000599300|sn5vCu4bVjQ71MhtgItvDETnN8DTtuN4J1VWm
Supplier#000599386|k0Vsdcp 4yCtfMt
Supplier#000599598|wJrywFhdvNAdlnx
Supplier#000599711|TVfIGwuIKShhyfivEyL
Supplier#000599718|IrBr4ecO9Hx
Supplier#000599734|qMHuAsHx,wtIrEaeIWG6Y1ucW1
Supplier#000599846| P3pd7NuVKhGTEBo9Ey1cVozLl2mytOeV
Supplier#000599954|fNBgO1ChUdxdp,WB9FQ4vtU
Supplier#000600064|IavXvnFLs5V52K3q3pePp5blKK2NhxD5GH4qee
Supplier#000600070|wgn0WhUIrs6jmMNe
Supplier#000600202|H 7qmc6LV tZAH0OKMDZjSZv6kACQTd
Supplier#000600277|ouGKs0AN1INTf9MHL5GOypPQTKtq
Supplier#000600303|DE2KkDJ,wd
Supplier#000600318|nSI59n8zfXk
Supplier#000600328|0CuuP4mhTK4gRiywdO 3yis4Qj86xx3SGgVLA2J
Supplier#000600505|cuGWn7f3lUBEP
Supplier#000600506|r5gRY3M,UMCFBoQ0i,hgOoc1 
Supplier#000600530|AMfZkZfxwB
Supplier#000600663|4rqWPrtRnuuoCu9sZ8T6AN0Y0VduqmKxiQ1OV
Supplier#000600724|54KOv1WmcbZjwnqAMqBiqeg1CBqRbVfA1
Supplier#000600736|jTk5jsEaJrlF4JTTx7a
Supplier#000600807|dTIWoua,cF vlvTynj5IWV7xb,HZ
Supplier#000600919|cARzNLmviAatcDq8tUuMOZc2EGgX
Supplier#000600974|JHzP8yKLaye9f6T1DWNIhU88qGhQnf9cLC
Supplier#000601003|nGxwev,,G,YxRMWeecCwR
Supplier#000601032|62UNQKwkv7qvs3NX4UJBrMXe wLlUhC1L0
Supplier#000601063|KJxAt3NRXEj1emHYTOWZ0p
Supplier#000601134|HIl,3p,cvJkqqc4w,MGnvmnlFtVgCgaM
Supplier#000601140|ncfu2OIPCiHbz4oBVeOisPWhcFS3
Supplier#000601145|Pk,wcMRJlGbgI3oMBLwQ3QhXIvZZILfs8Q
Supplier#000601162|7minTjQEiG6BFCK4gUypgTA
Supplier#000601175|frXWnYIiUZCDvyS
Supplier#000601211|a,SuG0ME0UG
Supplier#000601217|Bx1uDAeqy euEl82UVYHblmPTZH
Supplier#000601269|8oyrHKPHwOJ5arg
Supplier#000601392|55xPLC1VqKt3VW2qSua2Ha Ket0K2INov6Ew3 s
Supplier#000601402|yvK4YJj1kDs wzxCR,YONvrbu6ZQxbIF1  9
Supplier#000601428|xNOiU3CkuVwUpRL8w8b
Supplier#000601497|RYANfI9ggKMyx1lIpKf3vT2EqY4XOg
Supplier#000601606|22Hysvi8pppTFfmhkW5IAl6sKh2a4XjRoCC
Supplier#000601643|es5u7gEMBI1
Supplier#000601685|hiap6TPZrUndIfz2oeEMu
Supplier#000601696|k8Kdy6,Jj5Y4S
Supplier#000601717|8i ZmJuiF8wg,qpnP4qZtYfCMS
Supplier#000601724|Cvid6V0CObZgrau412Z3i6z3nZc5R 5RfgRL30M 
Supplier#000601748|qT587b,t0uGoQ2dnouhz65e12dDnoeQ4W
Supplier#000601762|4SzyocCdSrT
Supplier#000601837|ocy Fn3tfwSbsmVXcJ3ruh4
Supplier#000601870|C5m OZCo d1w Zd,,hzF
Supplier#000601889|yYJ s3zvDN7aFPCn,1GQQrAnSBEJCi4
Supplier#000601920|n8wTCzuNYBG2MiHuZMcP5wbo8XejP5dS
Supplier#000602036|iyVBsns,lKRUK7TL3,PVm KrLbF
Supplier#000602175|NyYXMnoR50CUNb0zFNzpbW,d6Sb8e
Supplier#000602204|fkT1dh36HDzQ2Ej1sTC,R95m2r5qzPG
Supplier#000602227|elUWg,JMcxVvBoyiT1B
Supplier#000602391|VKWWGUWu78N,YcAwHSHLP 4mni0ubAY,qPBe
Supplier#000602529|hAuVvyhbQQSyDzvZmpH
Supplier#000602569|qmt7pMNzHQKcDG8Rl 9US9 B,
Supplier#000602632|Tcz,BQi9QVp
Supplier#000602651|OtTPyf0ooIEUy7
Supplier#000602721|EvQxLY 5C55kCErvy8jdAfkCrBK3QM677F 
Supplier#000602727|oCKPMgKa4ieMVv4amf2qee2c2r
Supplier#000602810|RAFXsHXPk,s5IsRbAH3Hv,iLZmztbYltF
Supplier#000602860|EAnSlfoqj,J9iP2xhPaLldxADMlNOkguLD
Supplier#000602906|dXkAhpnauxCC3PSGuky7oV0L5QUt
Supplier#000602922|9,5rwIj71Goz6BM5
Supplier#000602973|YmsR7GRbhFDE107sioMny gxDzHD6R27aE8
Supplier#000602984|taGLhxz2n5
Supplier#000603094|XiqxkoMx0iZOE 85IcwhnpeD
Supplier#000603140|GuRlvdGKlz8DUqzginjI6ZR7Td6FPndF
Supplier#000603188|PIEknfvXmL4XIBpoHPE6GpIchcbKBwVWx
Supplier#000603218|ZaRtio2UXrovr
Supplier#000603401|BIur9Vyjufv6LuvcPQE4hZn
Supplier#000603446|PkxOVKluPK95rbYITyP2VOmQPsIoUCDy3
Supplier#000603452|hgxVfqVNNg0x6ob3r2nBWT9YGR 2L8gHlP,ptn
Supplier#000603629|7az8wUNN8ADvhjDMg7ntwE0PweffmVEmzWAdLb
Supplier#000604054|2xcbcVEP3gHoATrJ0QxD
Supplier#000604055|PuyW7FR7s 4nxilx0HRN
Supplier#000604150|,r9bQUzhr27c w8rgB,vOwxnR1qExrNMI0xV1G
Supplier#000604287|MtUWorrPKpGY9MsWuxKLFTZ1gc
Supplier#000604388|BmgR4wop04r0K94GSlnoUGdLpiS,p4qqai
Supplier#000604404|4is3qBaaTYw
Supplier#000604601|U8em1dLZqNM6ylb
Supplier#000604636|fPAoVl0RNfB c4Myo
Supplier#000604661|iYwpc7oWt0WjRjOWgErxgSpMyvb
Supplier#000604674| NWzG1yqFEv3ot1B1Un9NJd0xTcSl,N4mj
Supplier#000604682|EfG7IYIlIV1wkyoFlyQsaYxcKlC0E3GXjw6Y6u
Supplier#000604695|bF37bd2RhF4P
Supplier#000604745|Tu9wBQfaq4KEZTMIo1dFqxWB1RN,omzI,oZ
Supplier#000604796|Nsq Wp5XtnNhDdS9cjcs26o3yvRkH
Supplier#000604797|d56hiOSXj7NYum8kzLt8Yz5UZCyyz1nHF3s,
Supplier#000604864|dUOqoJOMMDp54fDvSyUb03nOP2uk
Supplier#000604896|W2KDxGlCqgiFDgY3kQAr9l
Supplier#000604904|gN Rf, 6R4KvmUrhy 2NK
Supplier#000605198|E6C8BD0Zkv32jDW lXtjA51gsdJud
Supplier#000605201|eqftYldJU9xjFlli 
Supplier#000605215|V7hLXH9OwCAfPomcDA,e
Supplier#000605221|d0qmuBdD6evc6FJkYS0M
Supplier#000605234|qGjDtmNF74gM6QU6kK4E
Supplier#000605315|Sj1BQTS3yjBP2Cldg0m020rsitHxRA2Zva
Supplier#000605362|lP2KfvgTcbhdI9
Supplier#000605388|l53N67lD71hwYKVj2y09t
Supplier#000605504|om4oq9DcuBPrZ54NUSeYOOBVciIFANaOmN
Supplier#000605612|npvgh87W 1P5av7LBVi7WiksTaMNlkes77
Supplier#000605622|HRRIJ4RgwcvCxCH8m7I
Supplier#000605709|WzTFnV4uGZEoqC9r7W1dAnmb
Supplier#000605711|oxzsR2ihP4OhkBV0tdn kNUdbBN72LqTRbYMFkU
Supplier#000605901|Gaqt IEC2CeQSVwNKSr4ZQ
Supplier#000605958|O76481HAzGGg9Z
Supplier#000605962|f16hx6bI3gjNVbYPlJV4vhwvp
Supplier#000606007|VAqoMn4oK2mRupCElePk6
Supplier#000606098|yYVWFdYMTtXqZ6FFljNdAxqPkZyBxg5zA
Supplier#000606210|Pa45MNWL9Ejlwh30PR1FDWexdPtaoi
Supplier#000606247|7e3Q7JpFwXTS7vAKsxcgAo,z8xCbqza
Supplier#000606260|325OiO1pJzMVzJGiLsqg3y7QhPvVckyOP
Supplier#000606266|suU1JdBCsPW4vy78J3fMil3qEDW8xT
Supplier#000606558|CNnsPM4EG6ZBuKJ5Y8fRJktT1BX
Supplier#000606586|jhXwYccwOlt9ta8PDp
Supplier#000606672|dl5thsE1zHScB5yRZSNGtInbYUkx,PSFN8liRhN
Supplier#000606746|o0rBjf0XYezZvoG2KxQ
Supplier#000606801|hOJvFg9oWNEFy17OXC
Supplier#000606807|X LJnYQNmTcjP1Fg7qd3KVx4RZP4Cvm
Supplier#000606827|ztGD15foIxVGuSjPMqreHAbl2j7km8
Supplier#000606896|0RC7ypUiL,KjtNzMxDJngTUkn0rvG
Supplier#000607033|VfFkcluQy5T I8,4EHT84AfjxuZcw4W
Supplier#000607042|MOyu,v467Jd43b99Z0iP9iX
Supplier#000607045|AE2f3AOL0z5ZSgtNb
Supplier#000607086|FZ3aa9pUqo,QQl,LJMJ09VC5Xu9l
Supplier#000607111|LlXC49OKmlIAry8mn6W9awo4,cw Zndt,z
Supplier#000607135|NQx7xPqK70EaDQLAN,6jtRUpi9s9CgZqUvosWlww
Supplier#000607153|wraGAwVV,E4Ul8hiEVHA10JsR1O5PKqFn
Supplier#000607196|3B7 6H k6S
Supplier#000607315|U5IgdEj MtNIwQ3KBiypKMT3XhyaOw3rEj
Supplier#000607348|4tR dHq6o8IB8YLh
Supplier#000607476|Q,q7WiIK2q74rZ6ZhgQNMlu6,1QA9YMj5IxJF8
Supplier#000607505|1NyH7OITx2ZI0Qg1kBfhpKemnySWT
Supplier#000607517| B1nQ7yQAMJZfd7eFrvD0f
Supplier#000607584|zcTVZ8UBWnoewyB69sXJowl22
Supplier#000607655|0ABqHQVY8ZcIxX xKuSiezcFCjXM5VaifZ3Y4
Supplier#000607673|DxG,kaS9,u4sLRqfioF
Supplier#000607805|7EFv26KfS9juk5bJvs3yjDaLRk,pSy8uZ
Supplier#000607860|Q,7XQnv8o0w
Supplier#000607938| seEwkJGgFjmca3tnKLE3jSBZ,QF3gKd3D
Supplier#000608006|X Y0ODFHF1wJGSOkUYWz
Supplier#000608030|Dbay9l2KvEEFb
Supplier#000608172|vHcVxS,NrVOQtIpylpSNuQ
Supplier#000608182|kxHSKOBtcbLJ
Supplier#000608183|KKPon19w3TklvIvYPk,yn0rRzZqTIDJsKWDq1s
Supplier#000608212|PiNSyDmCTCVLAB4
Supplier#000608220|y7TRfFbZakoAzfdw
Supplier#000608234|yzr1fgheG0yWfLm79pCobUzWg
Supplier#000608236|xdyqMUO8eK1oLGEyYKHx
Supplier#000608276|vy35An0i iPVqPQwl89
Supplier#000608350|tjHZbYUB XRSV M1AswmvkWLyWs,
Supplier#000608384|rc0bIysWv 0EZOXaQZ6RP0UtzRp1CZ4
Supplier#000608387|c6J7k,rnqSNGQ0IeIUhSmyf9ZjT1fI6vBR54BG
Supplier#000608392|TBbRBy8dyuMgTBD 0T0VFxrPW2kzD5buth
Supplier#000608404|ZcRCjLi6b5h,xxALfF 8fhaijquN6657dMwGJV
Supplier#000608416|YQYqFCRwBfblxYaUeYWx4tgd8,iZrh W
Supplier#000608444|zUpaQ60nn,n
Supplier#000608475|wT3Dg1SBj83NQ1lGpDimElHKRIG  
Supplier#000608492|7rOLTrXjgoW4vAzn 249
Supplier#000608522|f3F2t8dPL IPvtfzJ5
Supplier#000608529|pirlzsDULfOFBJNSrLHHDtxztqECDrgwE3
Supplier#000608580|q5Mnj,f,q6hOXnp8BUv
Supplier#000608716|e6UZtsYc4KlxpCTm,XuNHeuyuSXvLJaHBm2
Supplier#000608916|S HpJr339uHuP0qUBAldwn47wNfPbw
Supplier#000608926|Tt77xMtQUj6ho7UfIJQ0 XBXt5cEnnIxx
Supplier#000608946|y1l7Q6J2ynljjTHA8TkQmjixYlMldL6uag
Supplier#000608947|DenAe050SQUFuQZnsh
Supplier#000608986|K5OZJrj qIlM
Supplier#000609007|16Bo4kROWmEBTHPwZD4ScOP z0qI
Supplier#000609033|UzzpPENz9zwJ4mzqncOU8wmPNRUd
Supplier#000609108|EV74yh QVD1Y59OXOnVo5Z43
Supplier#000609228|WRbujjx0XrBVBHGxC vfj 
Supplier#000609241|y05uC6GbQbD9wcWyt,egrBw
Supplier#000609260|l1FS,fJ0XLX2GxvYnfK3flnJFwF8MQ
Supplier#000609308|ij9CRq5 WxaM61xyUloEkxRu
Supplier#000609496|2 jPiyHpYA0sVB
Supplier#000609556|nQocDcVzddPU1h OdPaPxLgm4rHLaN5axUCCQ
Supplier#000609664|KsB76U322Rjp
Supplier#000609681|68uO27ytHqKfC,hhxjroTy1zFPL
Supplier#000609737|C9SxWBnXpUEJnXbUylWqonVmk66fUc
Supplier#000609920|by4HjOrDqq,wq
Supplier#000609974|X3YciCzjS7CzFLcmFE
Supplier#000610041|POxo,8oGm2quaphfuQdC0,jlyRo2Oats6Tw
Supplier#000610052|ERHTrVZ,a7tUsDpZvNXdODAMmwkWiTIf4
Supplier#000610072|5wxpVhNHH4ph0ARVDmFKQQfvrpB,TFX3V5tERsiV
Supplier#000610087|92J qIXNPwudyK8WfY0Wr
Supplier#000610106|4ynAAgiM6TgkITUeEw4rucAoYDhGf2ottI
Supplier#000610120|3hv8fh3NaZCxSt1v8pwaRj,C0U7
Supplier#000610157|S2VcAf,1vwvW33QrOUXRU JKOBrpLVqdtBWx
Supplier#000610168|AbDnLv1TTc2bc0Hdh XAbPuo4pVk4U1IMfvruz5D
Supplier#000610189|YWyixTdGkdS15xLtKDKZOy3PfesAeK8Zkav
Supplier#000610492|zx,LNTf0VviU7nUnojqChavnH6e0TbrrM1w 
Supplier#000610614|SIYUk7JkZ11MmOl3CwvxX2GHp,bfsyLg
Supplier#000610662|l7Jhk625AU
Supplier#000611056|6 283uzgpPb0galPLrL
Supplier#000611173|rhWMfyBq40
Supplier#000611286|nYC0XRqyY7E OpMKEoRKxkS3Oh8FPWwsuz1
Supplier#000611363|mABWKtjohdjUo5ff8IcgMQ9vTt76hYM7dtkyWL
Supplier#000611401|wBMW4l OuIwt6TPHCHDTq1Dt7Su7
Supplier#000611467|bopghPgpTDYkbNM1
Supplier#000611684|DsO5ntTw9Q7J
Supplier#000611731|NI0,33CNko8LDRWoXQ79
Supplier#000611747|pnTSRxj6Oc4mIXZiNXCTR5Tb39G4SzMesHjF
Supplier#000612188|vFlGZTH56C2
Supplier#000612457|paodBlRf43O7
Supplier#000612495|OPTF8h8ILR7
Supplier#000612508|pVOU0OUDKdGluupb0cMhSE,6c408R0T
Supplier#000612569|dbvrSmMRnjSHmLtZlrp5ghyroAKu4C7CtA9
Supplier#000612610|BsdTnzEcjFxRKunHYhDb4,q5, MBMDjQwYVX2aU
Supplier#000612614|GnnKGmL6yzIzZrhVug9a vw75QFXAR0MivCJ4
Supplier#000612641|SFSd9QtkmpIRxoPj8yylbrILvhwSDLzIS7X5S
Supplier#000612773|A3WVEYTAFLrTc412
Supplier#000613011|Rnsq0awQgwHtciAIj57d1BS
Supplier#000613147|1JqcGDqCX9vf,idTIUtQePWv,d4clrIB
Supplier#000613161|BITEhNO9He0CU3IaaLdrlUSxTbCIt7J
Supplier#000613183|aF0oK06ZkaBTlZ8ZeY GAe
Supplier#000613221|tgKSbr16rqocua1qJ,Z rRNgr6xLpn4o,jI7s7Ds
Supplier#000613381|CaCk7vjhUQbtjKizjeu4diIZs5
Supplier#000613435| zJoleDUEg6gIsGwIs
Supplier#000613449|IeQNnEQ TA7E,hHx12wEFfpOq,erFJyrUl7c6
Supplier#000613601|Tz6gO,HRF9Dxr3lhSpMSv00,emDYq
Supplier#000613646|qFLCo41fsMhwtGINF3hLUclqf4EFQb8G
Supplier#000613683|KSddSC5CQKkwKGC0Kb8gO6
Supplier#000613703|IQQ7JtkCbd7wD2AZm
Supplier#000613743|QUJ5T5YjwEBV9o woUj3HWc2u9qdikwk8,US
Supplier#000613783|OoB5CG2SzK
Supplier#000613786|ImyWInuSVID13ZYVCtcMZhqS,xL mLI6ZeTw3inz
Supplier#000613852|25XUmCT9g9tpKjMfI24SxDNy6XTEuqi
Supplier#000613859|Y7q20EtqqTrFtrwHnJacvUcnk4v8Xo
Supplier#000613908|B1iMLC,tPtEkFLYpmiVQzFQDty3Q foNLD
Supplier#000613955|hHxahZ0Hlz,uMpkYoZhXgL8nkW
Supplier#000614023|aD1JcBIkIayAdq4a6SA,hGMCKtomBRpkK,gPgizi
Supplier#000614027|wfU4R98lk,6N
Supplier#000614090|IWMZHq,PFqhTQ1AKY7H6M8xvIBi2SK
Supplier#000614099|WhpkrqeJV8yp51QcpOLK0Yq8UWX8uig9O
Supplier#000614116|DQkPLfXdcY5Z
Supplier#000614197|8mF1d0zknKAKLklH2rc,bKu
Supplier#000614199|H2vtZFIV2MWhG8Qn3ItUC,cyCADj27Hn3NJcYZi
Supplier#000614300|FELw2tm98EtC fqVvMoKhmMJivIcxT
Supplier#000614361|3WDH4SjBJBGsDen c0w3Q5xj9NIYm MH0Eapa
Supplier#000614392|wEvWB5vaPh0TzIp
Supplier#000614419|am2IuOn735QlR4QUV
Supplier#000614557|YGNd5h LUD,X21o4KpJVkQjDKCQkL28n8LwuNI
Supplier#000614797|VyLwFZYrH0CvF lrwfjfzJ9d
Supplier#000614816|bDBUic4ZeligVcewY5mw toS9TEUTJ2ezHwIG
Supplier#000614864|evJfx9j5UDNIyuBPIxJu8G2ocZn9BYziOCHA
Supplier#000614915|PbIn4naSqIBPZbEnT u9aLaC
Supplier#000615028|qV0PT7OErznQEYNZcUPsDAWp6eQ
Supplier#000615131|Kqo1 gOjOBLSPkHUQr8hAGz
Supplier#000615150|cQt4NK5VQNFuSEFwTgDo
Supplier#000615252|g1iO40k21Sh
Supplier#000615283|Twe89 xprf,dUb ly6vKWmw
Supplier#000615300|UeTIX0keaPJOAPDc2JPaWHX qTEQ0tnE
Supplier#000615360|g99dV UpshrYplVRMgkbxHd2RGU q,I6zgs6a
Supplier#000615672|,9tZG1jBquqz8,qVP8vU,tY6wZ9cT3sYb0p4PM4
Supplier#000615746|TsvrWLHnwLuhDK4
Supplier#000615819|NqnVxs,RrBDtc6uxFPNHJo8 mJ,fmFCsA2Uw
Supplier#000615822|93OI5VTWTY13tSNGw2I0mVfJOee
Supplier#000615892|FhbEHA17gMjYJ Yj0xC
Supplier#000615930|rv7wS2qcfj5 4
Supplier#000616032|jRC9qDBw,k9VYaN8QJ7u5,Yq0kPW
Supplier#000616093|Pfw7KLVlArz8RuGXMWpMlyPxhamvG8CFMPk
Supplier#000616192|8z,BqSUtVQQ553dMTWIzRhS9PkwHjaKNlcVr5XJZ
Supplier#000616193|ETKtFwC0aFHn4DFZSCj
Supplier#000616208|NVpJYwopoAU4LMEaCj88bYbmY
Supplier#000616211|RqGrkeZiCLZJgCvmptr,XrD44DJZmsY
Supplier#000616258|zkH8twD4KlOkBEXVitfgorembjcOBUu
Supplier#000616344|SKOUSC0r4JHpVgbl2Ho6jvjkYNIY
Supplier#000616388|3qplUaX63yFDujubA3idn0jF0Mi, z 7oE6Z5BXr
Supplier#000616436|JD,MhVAqZvEwnU
Supplier#000616451|ALkCzkawXG3xOxt7kFvoeE5xy3va
Supplier#000616458|w6uW8xcWtUJwj xjeN,4yB6u
Supplier#000616503|AA0wcUIaVErBokFGcf8fXb7fXRMfD MzE
Supplier#000616519|XFdRr6A30V3
Supplier#000616653|5VEpkjqfctbH1zUbHPgt9
Supplier#000616702|ULhzEHqYdK5ODWV
Supplier#000616724|3jEZuNM5flKEiRIqgdsc5Ndt3y,leIdjuMh6s3cn
Supplier#000616756|TwO4ABnWOg3oIGPkx3p2OcvG1fAne3a6
Supplier#000616813|rhXB6Jj1usR8uEfqRwEjSaJM
Supplier#000616815|aFwl6vJqOVf4AKkqBUJq6BhoiMgCP OTwNP52z
Supplier#000616865|1jG0lrjdF 4s b8WG3emgY1F5LUSC
Supplier#000616907|FV0Uh0dFvjIvV3vzroRX 
Supplier#000616981|cLnqRm8Ij77lDL7
Supplier#000617065|qHCduyqYNaAE0ucy6zXsw,4Bw5HZD
Supplier#000617079|0H6vdocblzxPrJdGrTbtvJCgre0tLEBGx
Supplier#000617210|4j 5Dpe9,dltuf13QA779Nbvqe
Supplier#000617302|bVzscXP,pwLSA8bOMhhYc,Ej4
Supplier#000617399|G1y2cjlxQHh9v4rB3UeSbuuECLD41YQbCD aji
Supplier#000617448|xLMGX1wUncpU
Supplier#000617547|wSt9i8jm2Pm1TIkksAirAUFBIxVOb6dR7J7apCe
Supplier#000617580|0SD9,Yr19XhDjo
Supplier#000617644|EaBdG2CMx,g
Supplier#000617682|KCemkNaxppi1llXaj135RF9aso1hMIfw,
Supplier#000617768|dMb2P5MzwECBFgAChZzWnc0SzjNH
Supplier#000617827|eOKxSagOf,gIlse5vs8PI1ALlMUwb8m0wI
Supplier#000617848|9q090uJeaYu2dx9dx,BJgUCN18
Supplier#000617885|lQTlnpaW,Pnhz9,iIzdAJn5sbU1k6XKnXQtAMW
Supplier#000617917|YV9oP2emlOXhXYF7Q7xLxxbfaxKaroDJ0y6b
Supplier#000617964|1QdvKKSsDJ1PKQ02M2vyG7pf6IRGdPgb
Supplier#000617987|rcUzaQoG0oYL12qiltta8XY1
Supplier#000618008|2wRV8WThZmvRSbYPY2TT5kRi6FRgQ,gf1tXvGb
Supplier#000618057|HLLifBbZ284Nin46Zm51AoajBQCWb
Supplier#000618189|9OdRn7JKxuBGPVKbCzw0tS1DAhC62Ot3KmIr
Supplier#000618303|UAD61pnNdQ7gsAS1dau9ses9fRRhjTPbnRe
Supplier#000618375|j9ENdAQ6jJXvtDrF
Supplier#000618394|KeK1KQQ5qM4gTOV
Supplier#000618513|U4pRKjLgOPCRVP1eXobLMsG2,V5fwo1
Supplier#000618525|2AhgXfAhTlKK
Supplier#000618545|VG5pJeDc ZBMlLjpnhB
Supplier#000618678|BXL5U,gTToa0O,0R0HFMd4
Supplier#000618680|EALJeVcGppa49wAKCxH
Supplier#000618782|FGJeYWsa5CyjJWX8X8YCzC
Supplier#000618799|Bif2xlRoYipDx8S3GQSvWuVK0cmcCBfQl
Supplier#000618826|l,3jOL9GXixX9DW9QNbJXEwhre0 mjX0P8a4uwjg
Supplier#000618839|8fWi6w7,1k077BlI
Supplier#000618847| 1nZBjuog2VgVasRAHaQpJ34coU7JYY
Supplier#000618870|IXfbwQ8b9FuEVbfRtsm28etdk3YBP
Supplier#000618873|rsldzpWpV2V UJ
Supplier#000618984|kxWNyifDHH
Supplier#000619026|vfQBvsjPCeMT
Supplier#000619219|MYGtXC7E4oS0caGuYNo0ubDJ
Supplier#000619235|0R7t,AQORTVTVB134NNjQh
Supplier#000619269|gqjBh 0hOxH
Supplier#000619409|CSw4ozdDj98
Supplier#000619515|SOAQyHPksCssnw,LTFHc0srNBigl352
Supplier#000619557|HTVBff4UMQTB411WVV
Supplier#000619638|qn wlGlYIrN4572d B5hoJEim4bgbX
Supplier#000619732|sCZbZ3z DWAsIlr2FDhygRPb5NCez a3Lkv4Pbm2
Supplier#000619748|rpJTphOkw,3MwR1lbJmiaqvTcffc07VOLd3
Supplier#000619868|FBTnSVdKhx1TE6
Supplier#000619912|JOkg0YJl8,6gr3C
Supplier#000619976|jugSTX047SlVhKvC
Supplier#000620042|VoNsGUUCPkSbgr7axmS5yepVawiORHfFZmGw
Supplier#000620115|pYT0Jmb1JGwh7S11G2nLyOIZNI7QJ
Supplier#000620125|8Y9 7O8fNC6kcAUwBL4mc4
Supplier#000620167|jiFkNesDHfsY8Lh
Supplier#000620211|KFzr9pECOz6CzL8lCIn7D7Mb 1t6geg8F
Supplier#000620233|0Aw266HiUX,hSqE59jGdwlMKAEg45 I5I
Supplier#000620238|WFpoEgVjY6Ka SezkWVxkNdLUolnP Sp
Supplier#000620274|6YESEY1DFmoAnRj3CmGF6pCZuCKGqd03yl
Supplier#000620298|PviQmfXuc4tcqhFO
Supplier#000620344|yXrcrVQMZuCe2jTGg8JeOzeWOkdqH6D9smTpkx
Supplier#000620415|y9b3mFEN r
Supplier#000620445|58gCq39RWU6z,6jhtlqhvTPTqt5q71G1cj0
Supplier#000620562|BWcrVrEOwY3
Supplier#000620569|cANtci50ezWZESMZqaNePFJen3FG1
Supplier#000620583|9u9qwGc9INXkuaIDJ9ypaTKD
Supplier#000620650|6jUJCTq49cKYGCxk3waYoO5Cgq2Q 9ca9 B
Supplier#000620691|eOI8h6ZxO74zQtIr9apRtVIS8hxdVvyQpPK
Supplier#000620767|s3RRoMt,HFT,uedFvkJmW
Supplier#000620781|rtzyFsM2eoar1Vf
Supplier#000620798|IRtQFIP5OZFfhZqEiAymDPZJj pHO
Supplier#000620843|VRqE3eV4cNdmkt1CKgaVOu6Os nZFK9arwZ8W
Supplier#000620850|XQKcdmSWCe7d1qp6qoN,WpFC7jx
Supplier#000621045|s4rhsu8Crzo0u1D9FMJpGfJNa3TjeeJQx
Supplier#000621079|tMpRIsh9FE
Supplier#000621115|c6rcMEnOvQ9S2GNRYr
Supplier#000621158|Z0an0Wj071XEIymdOs3Ry6a04lc
Supplier#000621309|CT1zkkIQ3W4ledIAzVIGXvkHB
Supplier#000621313|wNycmKrV3Tn39BbxxfjdOQBhTXgSJnFBY
Supplier#000621440|QtuLQ,LDgdj8m1cXarqQRXklJG QLyWoJ47bU
Supplier#000621487|efpnAUJF yoZZhbbxFLvhaFI
Supplier#000621510|t4jsl41OjVuNpV qE
Supplier#000621533|nKK38YaVIfPNe7xlR0ZMJ Tgk0fKTt13bXu
Supplier#000621541|esv5TjgG3F 04kGw3KDxea,sgHYgeHX1Q8mHteuD
Supplier#000621579|qffTtzGjFrvBdm3anMdZ9XQtiMZ00rYEx1xDif
Supplier#000621790|iM13FEYM51DlJ3l,vIY4ZsBSEpL0j8F,
Supplier#000621849|V1s2uotQeirDMTQJQIMgRuN
Supplier#000621906|8sNzsbLRiVI9yDIsvvwKfgTIYabIfrHzbwUvF8WM
Supplier#000621929|wNe9WzCKaQPZ
Supplier#000621972|8mySnzXusU
Supplier#000621983|nLlfSLicqt,Lci990imardxhx7
Supplier#000622139| cxLgJtBtQ724wLus53PMM
Supplier#000622141|JW2lV6ueQHmi0GdS dooWi7lZy0
Supplier#000622180|T J6QukjMUx5 82UqwXm
Supplier#000622277|8mMxiBMCAyxNdL5C0bQT4Ocu
Supplier#000622445|UTG2q KAjSO
Supplier#000622475|WROOZxYrSnNiRfvZ1WVVoR1
Supplier#000622554|JpAZc4j1g7
Supplier#000622556|LRKY,cSiyLid
Supplier#000622601|eC1OwxdxHS54 5cziE19zP32fTJqUAiW8r
Supplier#000622904|kzaiMISXgpFS4xNEnM5ccyOC,fUkeJGI1hP
Supplier#000623010|imhsAcnKfz1i
Supplier#000623202|ft11we9xAHIjWyLJJN4 LT9BBQ
Supplier#000623258|9QJ0Gsz4adtyNMfLaPes RKAREkxUNPXL
Supplier#000623617|aXj8uktnHogrf4GwoVJBG7SAEXWXIlx
Supplier#000623618|OGbiIHSpV1s4IvgCOBPQBJTV9Vag77EguC10,
Supplier#000623783|1rkQYSr06Y 2ksPWwFiS6kGq6yYC 7FPb
Supplier#000623873|9iwHjjrThcbI4UGaSK2pTfVBwrSraa0AQrVBn7
Supplier#000624013|WLjkIDKjiL9h,Znp0Io
Supplier#000624186|18OIOrAYc0hfF0cIedk1QaeuxoyVq7gll2IzNX
Supplier#000624299|dXtglfyGBnhZENJ4,tHTaxpRA9gfC
Supplier#000624312|AwQ6GHEYdgO,cU2qE14XNyw
Supplier#000624353|2S8kicdDyB6muHfgrTkDcmWI3EIYWhvbrbqjH
Supplier#000624521|,45dIyitL5fCGrTk1aqI35uYKWQZASJ72qntFQ
Supplier#000624575|jexxpEgLrM7xxuK4gWOTIWRccSTPI4BRWr
Supplier#000624580|rmBdCCp9i Ckxyp WCsT9o8V VGVIt16v
Supplier#000624636|GyLA9intJqdD9xu
Supplier#000624749|ZjaUVkP13UDueiabHaoT5IlviorIXz52KY
Supplier#000624757|tYOG2Tcdq,W4
Supplier#000624821|BJuxQGCtcGevqRl4,VA4 U4A2XuBEms63
Supplier#000624853|mMqmCRljgLkPa79iXGEU
Supplier#000624856|pC0fLBNAFQF07F3OpWm
Supplier#000624972|4hO5NVk5qhMGOHoXXBTulE9YzZc1Lfw7Mbb
Supplier#000625029|j7fxcFx18HQOH8KqYrKlRsnnsOvmfXo2TszLJP
Supplier#000625034|zTuHBrWiyGb2LoWX98JwpGD
Supplier#000625256|zYtJqSAcZwSeEsItCX
Supplier#000625312|ZB8LV1pM Ri2wBNcBPBsqdlZmofLOawV
Supplier#000625344|Y3DymPKy6vdYTeKeWdfKaSUh5lC,Mw
Supplier#000625353|UfUTdDnT1ooS2VlhEq6ZuGa,6ku
Supplier#000625365|cavzh2RFbZc0hwFez7h,KHK
Supplier#000625396|yrDQgZskcPh21ff1nRoLi jGdKbrvC4J
Supplier#000625521|AVWKVvXhv2pKux TlJfk48KiI
Supplier#000625552|cLlPiD2wXJ6Le2i4mP
Supplier#000625649|rhFozLe45xPvXpUb36ucHgC6O4QcLd33,
Supplier#000625679|bvU7K6vD93xwUBmdA881DPt5,wNBqPKpn0Sd
Supplier#000625695|QJh0q3ftLZ,modCf4USFwg4GWl
Supplier#000625754|18S,JsonA4Sz
Supplier#000625829|gKl0DeuDcMbgnoH
Supplier#000625838|HGIgsczDcEyQKHPzsi6jVb3mo0rFu6HzkmuNNBL
Supplier#000625841|2m HiZ6iXQaKzSEpVM9Y6NqijX
Supplier#000625943|,79he48cOSkZmQzqX4 hALhep0QFpP
Supplier#000626049|W wGeNsZS3Pf
Supplier#000626104|,kiXgz81M7ZGEwpx
Supplier#000626181|F28bf8XIHNiV5kYu7csCBxVMrSSa0hODfC3cIwWR
Supplier#000626207|muqHb6TksXnDmJNNk0UFbGg4wUgRRZ6zb
Supplier#000626214|a5lWerwWsZ,bYevT6jBgASJzU253EmoWsCQ
Supplier#000626219|n5PrfpSEahSydT
Supplier#000626245|b LKkGDCV9Y1BZ0AQ6
Supplier#000626266|sJ95 vZZX4L59ZF7l45A3F2Pl,vHAl5,,8uB
Supplier#000626302|Lfr cKs3KMot
Supplier#000626306|kWXXnKGTz7zcxVw
Supplier#000626473| ,K7G7ssc0oKn04f9mqYRXiIhEB 
Supplier#000626570|Qox uJ1ZW84BOtXctgoSEDw
Supplier#000626679|VnH7ZcUSlmSD99aJh52EWnKSxR5L
Supplier#000626734|qLf41KVJ52Dd0 KFxUOn9aP7ZEYiiRL2S
Supplier#000626751|0WERi5t1WenCUVIXz
Supplier#000626759|fJkOM18U6t2SB3
Supplier#000626820|mwChltmrt5AxzUNot4wD7mWNYL3GZ8o1 t2
Supplier#000626932|imvi24fgB5DGxM0Gj54etnIdiLyD4
Supplier#000627044|ZgvSYq5xOR,riQiKwMXC0y8J8BX
Supplier#000627116|HBVgfy52ezoAS5VdNQ7rhDhYC3n wcUCsHXFvIgX
Supplier#000627132|L7cWDWu6HfzMuq6U x7kqnr24QMtw
Supplier#000627175|EcO53JyT7D3I hJuaMY8
Supplier#000627292|TKzbMKXLoiMUpuA9
Supplier#000627320|wmmeBDTIf2HhKqIpgbQ84
Supplier#000627346|Er9uBCSTZRhgj8YvqkTePqOTCes57R
Supplier#000627361|bOC9HHxHNiM9,a,StreufhYe
Supplier#000627387|,2HrABP0catQ
Supplier#000627444|FLI4Xzt4dV93EeZzEQYROjMjEy75V6BXVlZt
Supplier#000627517|m,WZOMhSWkd,mMPUnKbeyjE5IWu7y
Supplier#000627523|y4yvReEjHiAZGqME
Supplier#000627622|P0xFCMAr3ep0p2C2NPP bL
Supplier#000627625|3Ew1Tb,Tykg5izmJnvxbo5cQ7
Supplier#000627784|ICdejgWMqUgpZH
Supplier#000627791|I2DIt5MsJT89s4J6KvVf1J6 aH
Supplier#000627865|UFNYtClq5enev7KpnOonCf0
Supplier#000627868|8QLbtt0e4XjPmVS,
Supplier#000627899|DHYCyPXeWHgh1jS
Supplier#000628002|V7ukBGrIN9H6VTz9jMyQ2bp0Z9RvipMy
Supplier#000628021|wDuL,1GtXjWQ7k
Supplier#000628102|Av78ljiNC6 2v6VyHn1YCeKQNM8A5ZXSwrGo3
Supplier#000628115|P6IZC7dlS3UIzxSn2DFdtW
Supplier#000628162|Rj3TbZueIHd4BRoCxo6EOpxibELU1IMPhCe
Supplier#000628173|ZjFScUlw8IK1iAkh12
Supplier#000628232|O9Mxbs42OgWLn 9iBJsJZs6hVJevQ
Supplier#000628292|FLkG60LOorB1,YfkXSMu2 ZpW
Supplier#000628326|BluY9j,REJHKACNnLdEV2tmrtj
Supplier#000628337|8HRJ4iKWrHRSX rUSEI4O
Supplier#000628343|mCwomJETsZSGj
Supplier#000628346| tBUWygtzjzQuo4JXW9UH24uw8LsSR9
Supplier#000628352|nAOaD8anLItlzh
Supplier#000628541|OmE25PJtVUddLl
Supplier#000628679|UjSwxUr5tYedtZwAkSCM4zXLrOxoHi9Wht55YYdc
Supplier#000628707|BKaRNT5m,JWeu2YUxwhkKywQ
Supplier#000628773|KEYN1JNmsJ1FwAoLrTyyQtZhR4N8GFp9gfB5c
Supplier#000628792|yvDZkaZHWbi9QuGADlmI,ygb5JlhBfsXqjbF
Supplier#000628855|tUrvaBY8n5SdAN,NyobXELlqh7Xk8so5NNeG
Supplier#000629090|U0RiFV8xBVZDC8p3yRxBAdBS3cPQjYwNppADSp
Supplier#000629172|EEwV rmmk1S
Supplier#000629190|DpMAICM,fq
Supplier#000629197| SAgeUDw8CJthOGBMiKAiXsGB2CpYs2Olg0t
Supplier#000629298|LtmhORasyhi8wjGx4uqepgN
Supplier#000629305|NqpKGCj5XGkVtlKIPUxJiJXn9V8s
Supplier#000629395|o7N3B7SGtGRxiE0DBM0rw6l
Supplier#000629509|V75YQKWucWO
Supplier#000629537|cvK8V,T Jdh
Supplier#000629551|m9OQ3HMmaAtvfz2C
Supplier#000629672|ZXIKUYLAcy2BphoJ5ho1 NNK
Supplier#000629804|SSfupvYkqmh,qRrd,qEL8c9JdKxdK
Supplier#000629809|q7EsgjrmMhsTmTR4GX0ao
Supplier#000629865|B0CzHZfapW2mAic9YVc aabe
Supplier#000629880|J3knZouqksrCtPPxcrdYpDOwgPrNmnk
Supplier#000629933|4yEDfeAJNWCOIB6Jd87xnD7ZmRrR5jNA8q
Supplier#000629936|wJpXXXb08q DWDGTom
Supplier#000629954|7Sj4YY5GWRh0B
Supplier#000629963|DS5JuOxf7qnaO
Supplier#000630025|9RGQF5amdTMjJQTTm6k 2guhqxH0vy hEKY1
Supplier#000630035|LEDY8mbFZMmu6RYH
Supplier#000630060|WUJQtTJGL9S4xHf7x,xOHrfKzR5KYaOSzpq
Supplier#000630089|eG8kWDsbN fh7sQ
Supplier#000630114|GlvxiVMNHoJAebrv
Supplier#000630136|WpHPgSL7UYdSKAzmU6XdqmU
Supplier#000630150|OFt3xBSg k33R9,67qgNusXT
Supplier#000630304|Uo7a3CwlqlpaA6S,ob9x69deM
Supplier#000630306|XG RqnddsMRMHgB7CkvGUMCtJt8sU 50KaDSHVX
Supplier#000630339|,tK7B0jD2Wynj KIX5qBWo7
Supplier#000630349|1s rpvWSYmJQ FiJyjLFtN1sOC0Bp5g6Bc4Ml
Supplier#000630378|vqGESMMS7yAYH81iWqnkan2wityb
Supplier#000630393|m9R 5zTd7f2bWeLTpdlv7Z4OVjiguW
Supplier#000630420|1OpIxbaxhq0ZNqJXdSZZb2GmJxN6,3HU
Supplier#000630425|cw37l1kRDK3M1fgRDQoqsHQILJdD
Supplier#000630433|mClXFenegb1JK
Supplier#000630462|2jbiN6mNk3
Supplier#000630534|VHv8KLg9YvdDabN h3k
Supplier#000630814|3ZoE8ZgasIqwGbZP49eIb
Supplier#000630858|L1SzakOD7fV UGu0S9tq,
Supplier#000630906|45zUQJ86Grxtqoie Uc97DkxqoUKK Jl
Supplier#000630941|VihmyeYTn60JgJGqovD1Uj09LdYBLcOSg6M
Supplier#000630994|QX1Py83aHdn,R27bXRR,7EMlvhFxvfRNw0wi
Supplier#000631004|zk8a3dO7fpqbm9iuS9vk1e4o19DVWmXW,wg
Supplier#000631049|6hTmCO8eiEvqCZKJupw D9h3T5nRcyC
Supplier#000631077|FNU7goh pbJ
Supplier#000631134|PwSq10P5DRuloeqNGHoRL3tZf
Supplier#000631136|MFGSOGdEHz9t4W
Supplier#000631360| 8BGk5dhG42vYNZL3wLTqzTN8icmxFVuNar
Supplier#000631399|749f9WpklC3vwxfoESpDeIh x6UTAYJhp,DQn
Supplier#000631431|Ni4OkyHsHJeMMzqJ6OyEZGDqM 
Supplier#000631710|95KPiPxISm177l0Hh,YCe5WO7YDjwkXhB5LW2L7e
Supplier#000631723|m qsV12Z4Xh91ZXR5Bu2HE6AL
Supplier#000631780|fDZnAe1Q,W1TgXR2XAOb96RKp1n5Cz4asLHZT
Supplier#000631783|wIsfJM6JXqRx
Supplier#000631888|p6qWhrI038nnkKeYO0dH KagdQJeQgy,EKaucEXD
Supplier#000631961|TbfNi4,OM63ZOa329Elcf21C7tYK0nBR
Supplier#000632044|voEa,UKqU4cAiv2PLv8CGPadDpndlqYoTDS2
Supplier#000632075|IpgeUeCbQeFDB
Supplier#000632083|OAjMijnEfiqtxSaREKOVYljCFjqE8SpxT
Supplier#000632086|hW1JsGxKWWTqOY5MI
Supplier#000632120|AfR6YkPNehgg634trhv9RHZpOMWKwGQmSb
Supplier#000632148|XJY1FcuJVE1PT1YeExJV
Supplier#000632387|m0RSar i7fS6nt3kp8vjTSIlkg
Supplier#000632429|sHx8Lxcs8fS9p MCEE9cpmHoVJO
Supplier#000632494|o CdCNC0iE 9cxTjVwYjWQEd
Supplier#000632498|BQXZ5Qjqqm,IbOM
Supplier#000632705|Vlc8ax09xIdPA4qPL
Supplier#000632737|XBIZm7,8WJXwNPHW1AYq
Supplier#000632855| o12I2KoUINd eUiPs
Supplier#000632869|J2l,lz UJEmNEg
Supplier#000632898|egbth3IeR4uQlfYDjcK7YUO8
Supplier#000632977|PB35eZS1Rh6sfB3KKowKPYu2yWxShVWYFd
Supplier#000632995|JcqgGvp1gy r8vtQ0WuqlhlrJLYTJb2tuM6x,lPF
Supplier#000633103|3mEibpZoCdT
Supplier#000633149|FgA9WmTRnhLU4dgdao2qKasmB286,entzxr
Supplier#000633178|hrZQlTRDshDcxIS58TDiHTdGHT,
Supplier#000633258|ltsrvGKmew140Spn
Supplier#000633323|60E8knak7E4KG,,s3kRHu3gcGBgZb
Supplier#000633334|ku8ViHUe7w6dcqbMR0WaZgHtfdBqjZtsBIs,
Supplier#000633441|RSbKZ10PmplSJMQQm3anx uSg7N3
Supplier#000633536|aU4LNWlYkKtj5UDZMPvBapGtKbKqJqfAoKjmGow0
Supplier#000633550|KlyKH92UySR
Supplier#000633623|rvYfWJx6tsPFYsu QN
Supplier#000633660|VFa1fzY5pWTDAHVg,
Supplier#000633675|idR4HO5nSHxELgZzlBnzBvzka26XPr1IihGNOD6
Supplier#000633920|ILQqlMu5sWd9gzcobv Y
Supplier#000633963|VGfOWK3jseZ5TgE9JBVeOote0XNm7lAipO
Supplier#000634025|r96kmXWiqSEPSyq9JvMWQPd13U9
Supplier#000634063|xLtxK05IdYjYWTp6Sq9SdOSHaiFzMdDNLb
Supplier#000634130|IQa5Y9OqxocHD4LEyGphptkUJREKGeKZjK1VDY
Supplier#000634317|iQgpLFBljVCgoeHU5K4PizOF76lN7VCe1NiI3wwd
Supplier#000634370|rc,RmLJjd2v0oTPNN D0uBhmvjd
Supplier#000634399|jXYR7qJz4P5iI1
Supplier#000634401|pZKwK7NBm1LbKynYjOkz3VUJGY
Supplier#000634491|f4KW3V3,4XkHqc12PBQzt,Dzi9
Supplier#000634542|r8YSrmwIm30Q681Ie4USOVL5
Supplier#000634573|bzRv1bqaJjSztK,00PW8KbDkjH4
Supplier#000634646|mwyYmVpoLVB3WoScrFXMvf9EMsT0VGRn Y
Supplier#000634673|ZsokSG8tx9s eFLBl2oxl
Supplier#000634715|x7u7Le75RUVwFTD
Supplier#000634870|p6bMf,DSpVCEEyvcZHC4c4WimMl7l36SwV
Supplier#000634949|EQ7nQbcnbb2IURkJf
Supplier#000634954|pMNJGnK5ndQlk F2yIpCt
Supplier#000634987|fCWPeYGTiJSWt
Supplier#000635019|D  q7,caViUnmdCA3pJycFSQ4YWAGux8wS9
Supplier#000635044|NBi0WW64m9Q,Og1BRX6BKXxm
Supplier#000635151|nKFRbKiSh1ZOmfVGfCKmhd1GMGa0a
Supplier#000635153|,JxUQGdU9mn1Pf0eXeBTnMCt0n9fSygWxFnI
Supplier#000635226|fM8MybuTQle4V
Supplier#000635318|sh 2H8Cu3mxcMrG
Supplier#000635521|fEfFG7QiNym5TJ5 p,9pgIg
Supplier#000635794|aUHO1dJhiLpPUGf
Supplier#000635819|QxtodtYsNiWI
Supplier#000635833|vrVd6mO5GKWPI0tTBx2CD5A7
Supplier#000635917|anj5OjAzvQJ7lUM7 tp6OLMy80H1V rX
Supplier#000636006|kpS FXzlfSjceC
Supplier#000636012|r3RmZ6 XcxbxCPePFRQrxOzCrbhFGM2,0
Supplier#000636032|DChOoZDWn10J,JOyA6vVqT
Supplier#000636053|JhHkPNGuSA uTqcPiuACCz
Supplier#000636105|fNp9qvOlirA62sIbQaHsZfegjH30e98 
Supplier#000636145|3M320j41GsOdc
Supplier#000636247|e3vF94y40PxHaBZfbL2p
Supplier#000636262|WGYDY8epvg7N8o jgsFZyCUx
Supplier#000636375|tu5kI2DYEQ0grRu0H5JBRXyn
Supplier#000636398|QY gitbCr,xGLdHeWLFhvVdmQK9Sv
Supplier#000636501|LW04OJvahzNFcrLxgRrRwRF5
Supplier#000636512|jcU9JZHbaDTsd7
Supplier#000636526|ESiYBCXgBFSUrHBCBRjvq5iDmGm6AH4bEC2x9m
Supplier#000636539|xVxqbW0a0 xcS5AVRRxB65cd53NbvaL00f3iY0co
Supplier#000636541|qtiqpH7CA6JVf4,845LPwRW1Za6zcJA7Akxk3
Supplier#000636563|EPBO9Pb8ofEtid9i6yG0
Supplier#000636627|Qr7UfCorfwkAowOgaH
Supplier#000636671|TxKSs4MCyNyN2U
Supplier#000636747|7EkVMogS2bHuEX
Supplier#000636823|cXv6pxzQIUWu,aPpXeANqFiSf6KX51CfMg1L
Supplier#000636890|V3e9Hk8xbE5abEfz00M5 HbU6vEvJ
Supplier#000636919|bxHMUX2WxEuH,obneQZggm
Supplier#000636987|Nnv8095qBQRAUaUVU0qt5 zzqWc
Supplier#000636992|xlC2l,P1DxNaZSmOTYB4
Supplier#000637029|6xBRRUrXXXvf0
Supplier#000637033|4FAzzN26Rm343InSpo,RK HxZlHw03nZk
Supplier#000637038|0iTKiStW rObtXZCT2k
Supplier#000637040|4TfxcQT9gKE0DkW62ZmAIWkXNm88t0K33
Supplier#000637099| XXy,1h4OOi1eACADK4vI56UmNk
Supplier#000637237|EPRNd,jTqBWg7VsFFE9xkX,sIRZPrqz6
Supplier#000637258|QOd58ALzIhBAD9jRZ 171yMmKu
Supplier#000637296|9VWNRjWuiVTJASbT5QlOSn
Supplier#000637324|51eTpyRUDVKfvLba
Supplier#000637351|I0LRZNz6Vr8irgSEtNHVPG3
Supplier#000637357|i9wYMbU 4eihwPj2Lm61bst0H
Supplier#000637424|KMr4A6OuqKl7UdjW,MhA9D8xwBfywtqYG0
Supplier#000637544|Y1LQ7Y6foPmAFC8v,LvDGQJV
Supplier#000637646| 97UGHzv4zuXjWL48FNCutDkDJ0id2
Supplier#000637688|8hOJGjylpfT7wB64aLYDcMxMLNzUquin
Supplier#000637831|CPsxrDvTnIbrTPq9m dQ
Supplier#000637972|KCi3XgsZe4QKDKT
Supplier#000638075|S,GDlCIdVKtT1Cwi7fvEvmZU9
Supplier#000638083|j3TxZhHC6Nz4nxD
Supplier#000638099|NGRq0Khvec8wBSLyNWvpKKhehG,cmXJI JF
Supplier#000638134|Qvar4MpDxUA56UJtkyIjPL
Supplier#000638245|WqD7NvvQ7N8BsLCR9t
Supplier#000638282|aW8WO1z  KVUBUHb7LncvHCrMIvglcrTOuy
Supplier#000638290|tTccTFSXachcVRf
Supplier#000638291|ozzQ8t2tbDPsJRn26dw xWCe5frVn3M34LXUJ
Supplier#000638310|GS ZTOJn4US
Supplier#000638461|L7zLFGy7nOiLxYWpWbGqn
Supplier#000638491| TBCzqTckR,vL2Ox
Supplier#000638528|m6jIFKfBNtaRFpizuN2j7tNl1rlRP0zwKDRQL9k
Supplier#000638554|o2ArHv4irZnylBJlyMxlnuFnoJo9jJrLS5B0
Supplier#000638765|bnfnsB0d3rnKldBO
Supplier#000638904|UuY1u35VTk
Supplier#000638959|B1qQEHPn586sbOV0xZ0m I8xq3XOROCr
Supplier#000638982|LzzWDWy0SKRiiLmjehkyovZRT,8
Supplier#000639028|C7h1jvRzRMTET0K,aVthD3nn555SCUZmmMi0nD
Supplier#000639072|cvEMrIVU5bAfzHWrMdrLd6GYVjNC0qma6g
Supplier#000639074|lNlMLg6hgIjI,UaFGe94OCDJj
Supplier#000639086|Fp3bBCK5FwuFoad,3Siy
Supplier#000639110|MhcXRi8dXTctSrarcg0sCXHs6IKuvre4Z2Dp75
Supplier#000639255|8pKzq4SINvnUlE,j6aQ12DUJJO1,uulOKU
Supplier#000639278|R6nHNkL3Dvue1Ngq7Yv,QWzFwJnM2
Supplier#000639385|r37iP7chV,623TuqJn gf9oi,oYu2O3f7g
Supplier#000639389|zFumfyEQeoQaFFw1 0Dym6
Supplier#000639561|rb, W5jebJvxOn5CrsrJJVl7E6nJc7QLJy
Supplier#000639565|3uJ4pZlj7DNrIDl gpOQJ5aJb
Supplier#000639580|YcZMS1jU5 4KI98 du9
Supplier#000639658|fSp868aP,8K6bqJg
Supplier#000639659|6Hlu9OGHhZgnvIpUof7UCihqsLRHNRn
Supplier#000639714|9C4lSIq2JZwpLXG4RQ9w7
Supplier#000639848|oD2j OYSn4Lx3FpBQi4Ol
Supplier#000640216|Uq7RxTLAma4k4
Supplier#000640239|Tavtw8Pt v3rwhxvJrpXw7c0Wgq5JJkXKe8
Supplier#000640261|m2a,vsqF 2KI0ZEt EIrWIw
Supplier#000640347|50DoUbgFLMwr
Supplier#000640356|ww3yHh897z
Supplier#000640377| zA4qQMqyFZAgBP6y
Supplier#000640567|ag2G58SssD Afv7IpdRt4KlU6,aR
Supplier#000640599|4t08,m0eKfpJ
Supplier#000640688|LKYLpxk3C9e
Supplier#000640734|uoQdqutEYBDVRi7KBpjE5iaEA,Dgb
Supplier#000640884|tVokFdEtqg0LGuluQ6OHBJ08x
Supplier#000640905|AfyKQxDD9mYo dX7
Supplier#000640918|BO9Vhju8AZ
Supplier#000640934|SYaxPZuV6O2eoDsFBbLKhZjSlW
Supplier#000640958|GKopUFSeMUPEUSKCQi51Hj
Supplier#000640961|s,BbIaDqH3ouA
Supplier#000640983|c9dkFQ1C7wU3gqJF9IKKYf0VoG
Supplier#000641005|UB8ap3OrqP41VU9uiGN5 9W
Supplier#000641013|fu4rO3otO9m9iCD
Supplier#000641035|IfQD5pSFRAjdQNSt PN5Y0dbA9sP6x709Q5X
Supplier#000641166|XHQ6T5IE0c5eU7,g1w3N9PCdQnhIicX4DJ4ZJ
Supplier#000641180|X29m5WuuxUGaac6CGR1z2gOZWGMP4
Supplier#000641202|AAuaox2rBC4RL6rt525dVmyB RtF84Nh,7,Hvm
Supplier#000641653|D8LI6SaCWo4uhGeg7HT5y3y8F AaCBz
Supplier#000641791|0hYdaGDUjnrt 4GxNE
Supplier#000641804|wFZfv1O7ht31zmWjMC5u1K1fmDmug4PC5j2
Supplier#000641818|acOkJRMXeo172WYnj0Cp
Supplier#000641819|ldoDDSljI3QyfNIDz0
Supplier#000641825|LRgA4nYnIlY8KJ
Supplier#000641982|bjzKfq7Xug4oUXH4or,G6m
Supplier#000642140|XFFdYzEK0gT36xO
Supplier#000642224|rvMQ sLKnA8fm
Supplier#000642255|NQlED ItB0T6B4Qq2lO9Fa
Supplier#000642331|eEEp9xG57Ku4B JfWs9cuN3b6mF
Supplier#000642373|uv6rREGM57fCUUYzcH8LvngeV
Supplier#000642447|tlMLOApTGcZm1DnYwQXe
Supplier#000642494|H89bNaW5ccwhJC
Supplier#000642516|dIkFnbuEzGuIKvugpaF
Supplier#000642548|0ROJyFVBLN8dOWV
Supplier#000642866|AtpFZwp 4LQ1 N, 1qjS
Supplier#000642901|6vDiabKU5z
Supplier#000642928|VhNeM3TWQxZtVZqyQgH,6OpU0dGRAyjz8
Supplier#000643093|V5heqRP Foe0LHkp06NObcg7DIGGH8Z4w3ekfSs
Supplier#000643104|kURCuJJ31QdovVDhba6oc
Supplier#000643142|V8MAKoinbCIEpgpXol0y2S6M5LRr
Supplier#000643148|xJ8,ctOIco1OxgOuMrrUPKrqjWxAH2
Supplier#000643210|uBrbU,ZgYD8
Supplier#000643268|my6pZPTy3NN,NZ0cy92G0fJl1t8zwKziZE
Supplier#000643337|wjd6sRJVfyTEy82dNw4hEjuYSwzSxLu594ey
Supplier#000643433|O,Zmt1zyUZ3mnvT
Supplier#000643439|a6bOgY7VBJw0ZEGuBNqqT,guMlIQ13JDg,nENM
Supplier#000643607|NkTxow5oeEu 9nZWZ7iMMpsJeNIL 6nH2QvJ6c
Supplier#000643637|u,OlEwIt8vMCkNCc3m
Supplier#000643710|jRItVWDbOhb,AQnkfKaW,,
Supplier#000643727|ZodGRnGl9dpUErfjIqnCKyFBRoh7JzkTwSy8
Supplier#000643830|IRHi8QId1C36YTKNsZOlWSRk4yHlm1ckvrhNWHX
Supplier#000643856|KgoyLD3ghknw fZ7MGWF3VHyvgCZ
Supplier#000643893|eqY5 ipK1p1Rm5oJJ1NB
Supplier#000643985|T3dZPwgPnW1VosG9KDgHHTLU4AMPkt7x
Supplier#000644120|OAN1QhqxcEASSpnh2zubCiB23I2vlvrPYa
Supplier#000644135|JAwRgkNfDqeiy9,vl
Supplier#000644217|l,OzkHaVE8ZO8FQh65LceMJaBzuZ,bmb4
Supplier#000644328|Y,aJgT7tad
Supplier#000644339|qzgT d913NjonxR9iI2PFtP1OHylT
Supplier#000644365|ZwbKPovXTh2Uhl1FWldWu5zVHQuJj3NOvjMlMm6
Supplier#000644424|ECUdtlQlmIfP ,59oftVPkaMk0bueVS
Supplier#000644433|,xqJNaciUVDbRnp9BAl5Q9,3DccIYJo0r
Supplier#000644445|fuhrd5an9QNgnwIykSXd36KzFzeq 
Supplier#000644552|0 GpjwwUZXkI5LEzMYFjp3t4TG6zEpePE1JFzfc
Supplier#000644557|7eW5H8 O285ZhOoE24P2asdhRQJqwxLxZb8tedh1
Supplier#000644602|fbuK WkltJGFBb
Supplier#000644757|hVpPx95h09Fdr5AopuIOrkp9Gog,
Supplier#000644837|K0VVczajo1SHPgkO5K,dcFnCsJH6RBsL8paNn 
Supplier#000644910|ldg3NTAplPdYDOvArt8NOMNDbF
Supplier#000645044|y8FWmb1zQcs35,1RJ78s1qrB
Supplier#000645053|7HEscwTX7Tmbp5LMtMmofqXn4xr9UG amrHv8
Supplier#000645079|kcE ukgtYDD1 dz1MzKZK
Supplier#000645104|AJVMiNpsQNaW
Supplier#000645107|dlPLvO6GZc7f2Fu KaMLpP
Supplier#000645148|XTfGKNKJp60V13fAM E 9LkTxpaGhef5Pt
Supplier#000645153|VHp 1hOtpZ
Supplier#000645251|ZzTETJvI4,
Supplier#000645325|4deWD7B7fopzAjFraJFYGON0uvruuy1F09M8e
Supplier#000645344| HGW5PF1gXINfBk5G8
Supplier#000645458|DA8rEMUdHkI
Supplier#000645510|QQFIJRdtdr8hrOFp
Supplier#000645579|qniAah,ZU5TekcZ8dclk,i7T8kI8488EKaR
Supplier#000645583|BpxMd8z6V7wjJdG a0WwTLiDB5
Supplier#000645627|r,YbR2Pn41PPs9zd5J
Supplier#000645638|i2q86Ya9I9vBn3JMJTFRJN0oTpZ6TESEEK
Supplier#000645646|RxbK3iLyXqFSMahejbJAl8xp14,dbkyp
Supplier#000645754|Yq zYb4yM73JMDwvlNoP5DCa
Supplier#000645814|rTXIP1w2ffh,xpRnNFHFkaeoT V
Supplier#000645850|7KbHru9YYKp415SXJCr6tolv,DB8D
Supplier#000645933|ZORz5Bz5fbCw2XB3GZRwY
Supplier#000646040|52qsKN9lTcB0VVscOLnMkRhgnjCa
Supplier#000646103|JL,FgXuhebjNhhhqTGlg4iDRJhQucc5pP
Supplier#000646107| JGtqXyf6Ei8tsBfSBAV3UN0Friw
Supplier#000646124|LP8xLc6ikepjls
Supplier#000646233|WmJDI,R2BxJoNTdWIQSWclHW499JRnQ4vfz
Supplier#000646283|U2di7oiLvYwnE1uwbnm212bxZAhZnUF
Supplier#000646301|lQuEfjS2wms96gUeaoZMM5zVOMF
Supplier#000646346|QSZ2VNKPcAwXJKaX6ehYZL,fQrgiNWPpmo
Supplier#000646350|ciww77m4ZD2p9C32t8jtKIXgbaya
Supplier#000646435|W2Vfqd3ik7Em5gvwyUIThKgxtlfEN9ixP
Supplier#000646452|BMIY8YYR,6WA3XGO,qjDuUBm4WVW0d3LFSL
Supplier#000646454|69,QUKRFogFb8uZaXFRpRnq6 oEDSfAS5jrga
Supplier#000646566|HC9kKiJiFk4wRqJ5
Supplier#000646602| 9nc8tqejBFY1J2Avy56s
Supplier#000646658|WmK8IhUGci6Z7r1ip1aVHRjPtpjW9k,HtPVu
Supplier#000646854|v9oBLjcyfJaIas
Supplier#000646871|7B8R hYcb4lYDS
Supplier#000646904|WLvqZIiDbwa
Supplier#000646932|RTay7MQhpuDeWr0G 
Supplier#000646947|sYWHHvs2RcE 2X2Jdy7AALYEt6ZupSJ42k5l
Supplier#000646953|HDWNbqcRaH
Supplier#000646960|eo3pGhqc60Yv1Aqq,HHLayXqGA2GeMYwK84
Supplier#000646972|vlC4XRSVQvE0sS8AqDsm0
Supplier#000647226|8OsgBM1OVEhV
Supplier#000647261|ZCD9Z07obkOOiDSC1uzR6iRxsAp6RX5YBazULLWR
Supplier#000647263|dbgC,92J8tFZLLsk,kea G
Supplier#000647281|wt2b91efOMvbEx6,355IiGmPg
Supplier#000647398|o7qXJl94JUWsI2LWA3Jn1joM,RCCz0
Supplier#000647419|POaqbwIDc5 N0nU1WrganlAkyQa9
Supplier#000647445|SI5K4Xcc6FlLmJ,XmGpBLJh9xFX8fb
Supplier#000647488|STGLfgdtlVQl0Eoz0zoT
Supplier#000647563|RK4mOYOKTEwCMjQAJWasKE1bWLGRucgtnFVP92R
Supplier#000647577|8oCXAsCK8hD6qgf5bZRtI4c1fXwA91
Supplier#000647587|uSbJ9WShJ,pBPniDhcRI9VChN2Ni7N
Supplier#000647597|bgVUIigFL2lEn
Supplier#000647615|gYsxBv0oWqR0BtuOs 
Supplier#000647718|OJKevzcCop7H
Supplier#000647722|nELPT05WiC1droqsPQf4v
Supplier#000647748|21uWmZvv7rP31xc4zetNFjpnpmGSReiRjnGE6jt
Supplier#000647897|FP5hmGD3gybSHFBKQbGnWRaNdDlp1NIuY
Supplier#000647970|kDAYccLU 1YrpV1wISIe6
Supplier#000648020|wHVUz aU ZJI2waitND y
Supplier#000648022|EU,CCG8SYTN56qYS4mQfqxiT
Supplier#000648067|MF13Xtu3GZFbLtspR1o9bKLd57UMUwbq9tAY
Supplier#000648099|rme9Ww2ynO
Supplier#000648289|wXXsEX5M8N8OdksGLGO0 FT
Supplier#000648433|NdlMCMjlVb0ZSM3tRTwu,PyMe
Supplier#000648453|faYW65P8VFvu
Supplier#000648465|G9XtSqBdvnsvtH59SB
Supplier#000648471|rFajJRL7lGd7EESwiwGoyYmH8gVR1Ut
Supplier#000648517|rASEoK434rT6f3
Supplier#000648525|65YICRT33l
Supplier#000648574|24cZFNVOhMZZe
Supplier#000648704|DKnxtmCoyBTa1JfMhbQYrmB neR6jcaE4GIwrjg
Supplier#000648757|VHpeTqzv,dYm7SsNxpIdj
Supplier#000648781|XqN4fUqXkNpfS6qdt
Supplier#000648793|7gdtM8YZ2I0pAyFGv59w
Supplier#000648821|2F2XTsxEtv1V83zWtTndN5R
Supplier#000648862|0ZZTTrzbwX,X0VBCdcgdFk8SmddCFCIrUtC
Supplier#000648865|PyjOKaxohaTqEYqRod8OdKPOLtsluUj
Supplier#000648875|WtsLCe,P3zbV4g2Js4Ub89
Supplier#000648899|11UqGp3UNyluD y8tM02Iw
Supplier#000648951|QiNmEzFGMuT5K1931HQBV3
Supplier#000649014|Uvoman0rWWGfWLM
Supplier#000649017|qqSJWOlQpg8vG6LhdV5FrZLTQqcm5espi7uz2
Supplier#000649100|SM00PV9AcKAT9
Supplier#000649153|iV1EBYoKPwVSZ8VlkbScU
Supplier#000649234|LScsDDF1T5QOsYWJnHo6yS4HZKWgNDJ0PXCpWAZ
Supplier#000649335|D,MRp8jV21JoNrzstTcm1bSZ
Supplier#000649355|zdie0vvxgC9jib 7 
Supplier#000649407|SNxWsA1NCkg,T1rVRDsd
Supplier#000649409|s8kZ DUNoDE3Tu7Kc0jYO1ep938TNYk79MWd9
Supplier#000649429|7,7RMfFdGX1,bgTJfhWypYQIV6y
Supplier#000649485|jzl1gaLB2fmFHeQkxzNB
Supplier#000649540|kVsIJJRk3yBHH
Supplier#000649578|LTBqlAFYpZinTgkguD1tILsGnqzRdjGx
Supplier#000649606|TggLjn7ZZ jJWEknzS
Supplier#000649651|XnvB1ga3UyKLQHO7Feq
Supplier#000649652|m7,N,0yxsBiR Eck4C
Supplier#000649659|Y0GP,Pi7cxvmsfPubiu37S,S51ovzP9nr4k4
Supplier#000649733|unIOvg5Ie4QJUw
Supplier#000649743|uoNDm8mP6M1IrsQYba
Supplier#000649796|hzT8eMrMVZmrLbXizqqORJ NtK
Supplier#000649821| ,19qhUpFUnidRJQNfrtoQGgu7EaCKm8Krm9PR
Supplier#000649851|taYtRPJ1EPp2H
Supplier#000649981|TvxSy4HRYyAfF xQWthy1r7cpHg4MXT8TlUusy9w
Supplier#000650100|ETlUT75byqq Eb48IlhfVGWqiRJ
Supplier#000650174|c5GXk0Vtl9z
Supplier#000650200|Z3Cfaww1r9y3XDnW22
Supplier#000650260|b3JfQEC26OxASpSbDqkFfPFsnETSKEmEVX
Supplier#000650297|1wbLkAa1sT3G0R5eB FFuSILh8
Supplier#000650298|D4hk6KFhfPe1GDnrI9UUDYP f2LxggiWaf JSiZb
Supplier#000650303|O2cPaZML6fuHgPTzGdc iWA
Supplier#000650305|mWmAD4rSCFBbzbbwTQ36lx4WqK5bwe6k
Supplier#000650391|wuthZZxPjrdi18NuSi9oeixULgTPjhZhuzIE7
Supplier#000650467|c76sRq979catOOHr2GdoQJ7xJsXpQWehcL52X
Supplier#000650495|TKhqmw2LFej
Supplier#000650634|YEx09nxe6EKHnfyiFxoN31BK
Supplier#000650691|tPVJQCm oPX3INvv,znXtuPH
Supplier#000650725|k9eUKa2KMrv2sRxKpdYuS
Supplier#000650731|ptQyD8wT4kuSTheZYFHWZrS7ghheK1l4kcoQ
Supplier#000650741|YPrpVoLHqIw8jvZq8tpd2X8MnHubyEr3APe
Supplier#000650751|pOoy0K rv6FX92Ds8n2eh7A8eLnjaKIr1AVkWhr
Supplier#000650757|1e SPueq8Hy,cvka
Supplier#000650849|94SRauFuRc30vJRwY2fEOKziJLlsEbR4ihLEw
Supplier#000650856|QEIRgAX1fg R98r,okjVIXHfCEqT cvr
Supplier#000650868|AAtTdKLQxB6feI0wGpQzJBIF
Supplier#000650880|BkLUksGH0bnp1
Supplier#000650882|DSJesHseRwVBec0s69gbR
Supplier#000650891|zXcuBFjIp5o239yoKzXQIKGdNRNUqCcd
Supplier#000651085|J4ZKBfo8m,w6iNcsk
Supplier#000651106|Ds26wWaFHhZHoRBUm6hkJQxsmvFuVtFEzaDIzfoH
Supplier#000651160|NIsewi UmN,mBCrLKsaXpu,2s
Supplier#000651271|7ZmNz5zdJYoMR
Supplier#000651337|YGyynS913LOE3 DIsiWkLhHEtNdD
Supplier#000651351|TiSf5jPU19wQgRiT
Supplier#000651438|P0nkTD4kCFwT98VtfkrOUJAwaH9UkPTEuHqjx3B
Supplier#000651476|rIKXeQD,kNYmTjCeSgQl2CjvmLAGmSxe6hA
Supplier#000651708|e,Lxk3pB7KUXTNPL5Z9wWZmgqxF 3
Supplier#000651798|1Y1OyqiW57OMqkA3e84lsqtaKyc
Supplier#000651838|AbB7LGYCWqSnMWvsCIy
Supplier#000652084|mTugenOstabKMRWdEq,I,KUIDlm
Supplier#000652096|mXULZAKj0ttiL0XcNW8Fu0T
Supplier#000652185|eszFwgw617RkYiNOkHBgRW72xoyOMPCQ7
Supplier#000652201|IBzWbj5535E7LGG0OzEJqxA
Supplier#000652229|foOAgABtnSyEWuN04n
Supplier#000652232|,SjKlHFhcWYZwOk 
Supplier#000652386|XkQA0vmbnfP,UAf5axxGKUqa
Supplier#000652422|MJy22s3zJEo0rSZ0pYkc0AJ5kC5OaH6s5J7
Supplier#000652450|xVvcutCXg NS
Supplier#000652481|Q52E01s4 nnPl91M, 0XohzOWJEAOuXFI Yi
Supplier#000652484|uu8NOWWRfNszKzyGh2toMuG0
Supplier#000652496|0niR1w1kfnAzijRnN
Supplier#000652501|SICFtNXTzz
Supplier#000652642|5LsMgagkQED4upL4
Supplier#000652673|8 AgbG4LTLdpqo7MLeWrS9CxvB4bMOMVwiRE2B2T
Supplier#000652677|Sqo61uwORNlbjgm
Supplier#000652764|X1baTvzEmSSczVsfP2N
Supplier#000652772|ScgbBzawblbiJ
Supplier#000652782|YB,KQR4cEeFrayyRNxxUlNHMjMahDww9xPJhf5
Supplier#000652793|Ub7ViW50QqIXhGkfMoRM8YDy1sX7MKuTdtdiz D
Supplier#000652842|SF3nVE2F4Y,mrXhVrKPjJ18l,niUJ4rs2
Supplier#000652860|75kALme7XmTr4d4ahL7
Supplier#000652884|woNAHHj,hSDN88lreAXbGEHjiaVKNN0Yg3I8
Supplier#000652993|,n8D4BCgK6oO9Q UGhx2C7rGL2L
Supplier#000653021|GDAcEr5rKDK5HMY6QlM3OWAri
Supplier#000653091|K2wAZL1J1FTOauEC5VDM0 kJI
Supplier#000653250|CtB DqUBLzCtFRMtc39aTxSAeMjvpV4qYHW
Supplier#000653259|d2DoKyZnUGvEA7DBnJKw3XPUk7s1
Supplier#000653418|KxdvnyFkp5veG1YOD
Supplier#000653443|4PDsevtXx2vRucwm2OUI
Supplier#000653570|hKAVypqsc8LDkUWy9nqaNh6QgI0B3D0Q,N7Iv
Supplier#000653577|hVwV70gxonopI3DdUv6BOf
Supplier#000653705|8gINY3tz9fCqv
Supplier#000653717|h02EB2Ugdx3YKeyMx7jfEzLtAzIuVE
Supplier#000653779|j2VbgvEKQBioROGgNvdYKZ2mzzFAD
Supplier#000653811|,avnY0xYVy38yLEVqHh8J,9DuA4Wo3VgG065Q
Supplier#000653871|pd2VrUi7qATXJMHHJOwTtlELKnh
Supplier#000653882|,oI8rMXV7csYE9PtD2FjIX
Supplier#000653969|vhJnKuZJTZ0RmT o2ZRbnZttg
Supplier#000654033|GOwHe4Xvrbifiwyu3Flc0eMmbINfn8,h
Supplier#000654081|RuE9jBnvHaOeGxE,4VvalbKc1YR5
Supplier#000654222|kNdPBeGkgq6swAPgkMEApXUlXK1
Supplier#000654231|mchAGyW,58JCB
Supplier#000654235|NyeseOieKmsVDibD
Supplier#000654236|Wzk dvOzjYocAvrs hw2BOOAEciM78Gqt
Supplier#000654245|fUYVsca0k1qhKQGcm1hIA,
Supplier#000654559|tKiVFqYFfNDqzqMtw aPq76U3fZZP6zs554
Supplier#000654595|ad8LXsRRV2LQfqJbHGQJdmq 
Supplier#000654608|NxeE2Bj7BolfE81yfP55 ImqVb
Supplier#000654630|,MHBQMZSU5GZ1sxxfLb8jIRE6XyKtpdDXLh5fw1
Supplier#000654688|EO58ZRcVHZYN0D31N0E0lvacixyAmT8Q8sO
Supplier#000654726|vQ2vzpAFxImy0
Supplier#000654730|AfRwxIWM4UWkOkmaUSNLBe0P,NsTCMGIbpwn
Supplier#000654753|r2aFwa01NuYYeAwrq
Supplier#000654794|E7sHNp1ocPJLiTtKRP6Fr0fyBe
Supplier#000654897|3WDJazzDXtbObZtB4DcQIYbK6EWPJh4IoewgPwUx
Supplier#000654915|UNRVUZ6HbflsmH6fpCUDt,goNsU4m2hB3wOJwQ
Supplier#000655198|JQjaIps,vJ22Rdjm,dDoEpPME6IRSpsPVZ
Supplier#000655226|TsInPZqSwZs99VDpAaTXyZuz1CiQrd2oD
Supplier#000655247|mudk9eOpuqzko9BjZVhEGYVlx1AmK3H
Supplier#000655327|SPgmjCTAsW8YNwhwwgAWsF6iQ59NjAj9IkJ1
Supplier#000655548|IB3CSeyDzMCEKE4I3kwJy
Supplier#000655552|c,aiXptl38ttnT
Supplier#000655601|9bk74lFQ2tNAWpk2kYKAoz
Supplier#000655634|BRGxARZc3MgTa
Supplier#000655656|LdtDkiv4gcP5MaggQE
Supplier#000655722|BHaEJzb4TXWdPhCfeOCSYOuXPw1t,RJ
Supplier#000655725|WQLIdvJsQHACNa81OQN97p d6q3Vfl99j
Supplier#000655803|SRIJ2PCvcVNXf4ClWxTcDrvlhE5
Supplier#000655831|NFV,XkFT7QTjKLEwEboZcf,q0A
Supplier#000655834|66R khQRUn7MsJqwlx4svUheC49eZmhAHOI
Supplier#000655836|OIcD8vVczP78gk8JLYmZGX4Q0
Supplier#000655894|ao7Kl6glV7ixMyCObqVs6ReNJmZuo9nj4JX,NQG
Supplier#000655941|ZdL,lkWwfpo
Supplier#000655968|2ZAcLwr27Wbz1fQk4UvX1pr3rx63exF1xg
Supplier#000655992|RoqJSXWMjYL0MulJyTo2E
Supplier#000655993|NPmKeqhYiRXJAoHlB8tItG6YYb5W UyZa
Supplier#000656040|4Dy8BoY5YcV0SC,hWcwXcBvyHpM nmQ6AU8
Supplier#000656111|mcV9qMnZgwM3iG976nj5Rv3mvWqu
Supplier#000656113|3lYpmcJuTVQ6Ob
Supplier#000656237|JTvIxBR gOJnVY5,UDG5tkf37yj0HzEb84UtF
Supplier#000656313|ugVmuhMUsiW9S6 sDbZ5Jm wc6t6GXy80Hqb
Supplier#000656348|1aGqdyxfWnxlIE6a
Supplier#000656410|MP DyDOrudr
Supplier#000656466|ON p4wMjdoTTF3friVOc94TfkrV
Supplier#000656467|PvtOagw97gxCNg5jf
Supplier#000656535|vHMAfAtnt9FKmXZ8UVTrOpJM0ouRg2ZMwhnf
Supplier#000656672|bhZ8vjseoI5
Supplier#000656733|90XSnSA5JytioZPLzjsE,zg
Supplier#000656744|Dw6da1VvDR66Vi5epkmD1WE5YmV64obi0OuB2zf
Supplier#000656763|Z6tTViUg ,6
Supplier#000656877|2h7W,Mw7MXXpGG6
Supplier#000656902|,w8DeOnakd6FIKE0w8,Ld1bhjaxC 2
Supplier#000656917|PPv02x4 AgyhqzTtDM8rL8OxtfGWWmBoj
Supplier#000657017|wtFxoeFAlL6vKkQMae2qGTEmY
Supplier#000657028|D9XH,uz1DNzX6
Supplier#000657034|vEW7up6a1Q
Supplier#000657075|lG1G32sn5ol,0eE4QQAvYF0
Supplier#000657119|6LFcWPIWJWEBU3yho
Supplier#000657130|p7JI hZlEyRyf9nNW3h
Supplier#000657138|EzVurMlyzj
Supplier#000657204|rgsaju6r2rt ZqpyHlAWn8v aqyaGOhYesc
Supplier#000657317|3NMgai0a1XwGdFjy5pJNv8WYPhJLOM
Supplier#000657615|zDpp0zUyqejI
Supplier#000657618|WoulKMbyvL3h,9EZ
Supplier#000657631|kptadBCuIQLjI3VMirKzA4qDWB7DmL
Supplier#000657658|ZPf4gtztobrA5U4cs EG EAwMef5, PFsTMr
Supplier#000657660|OwM5F94rdigRo
Supplier#000657718|uaS8f3DsewmCl,Mnyc5LnAiv A2g9lDFjjLb
Supplier#000657746|r,FNajuOS04enJZQUIj
Supplier#000657795|ZdrX6rsIfBD12CC2VQ4W8pqDPgEUFwvDZ7y
Supplier#000657970|P, KoRsJsRkloFMNp4sLgRb8rPkg
Supplier#000658092|ulkbbC9e99fLWykHmPUx5,LzmKx1lafcZ3nS
Supplier#000658156|Mdx6CNbAXwMSS857Hj8trnxFL0k
Supplier#000658196|ov0S6qyIxnx3zYl Q
Supplier#000658321|KgMmj4bwy0X1QJ DWeD
Supplier#000658333|CeKq28yxDW
Supplier#000658409|ha2EUlElR6
Supplier#000658512|FPvup NWRnBUp
Supplier#000658599|9sOBA26weMWofen0nmGsfQJXWyFrJ9onXy0tts
Supplier#000658766|xht8lSlv,vSs ,pgujY4k
Supplier#000658777|C0In0f,THgOnyEXebn10Z2,HARMzw8MB
Supplier#000658801|y8X,kdYw8zqyA6hlRFGo9Pv1PCb
Supplier#000658812|wafZCV b09xa7we VoUiqCUYs,kqA
Supplier#000658872|wRsGIWCGAIUdZy2nNI0JPd1TY2bg72gWZ
Supplier#000658935|JVMgJmuL TTgJQXmof80oR,
Supplier#000658939|BXh,pbhZ1Uqhf7QxHz
Supplier#000658981|kKcG5fNoujwyHZgK
Supplier#000659031|ICn7rLeVbHCRRDGHeXsRfMPcF8FFQdGLol8IRhp
Supplier#000659040|s4C1hHPXVY aLV3oQxZUZx5CjJ5qt
Supplier#000659084|UqBWeM6sB53RNuM3LeVd4YESR
Supplier#000659093|xBMQaLOQPKMtBut3Dh
Supplier#000659133|w5xieeICJw5PgYN,JpaRee1HAg5VPaG,R0cg77FQ
Supplier#000659166|Pdmopu34N8I6C6j1Pd7I 8kX1
Supplier#000659167|fbRCalvX3BBe6
Supplier#000659246|tOWZNGB2bIiXRoJzOd42Z
Supplier#000659254|7n HpptI071oYxbZ2HX2
Supplier#000659267|,R,c,Mo0mJm4A,kThkv42
Supplier#000659339|ol5E6FoHSewlWD3Ga9RLP,e
Supplier#000659359|bngMZc7Q,TFeLk
Supplier#000659427|F98EmtssrauiLaIm
Supplier#000659445|CB34M8IfewHeiZXkWcA8ccDAxW ntwg
Supplier#000659463|owx690eW8gP,nSnnuQZea2Pcn6UuPAEtwsUzH
Supplier#000659585|LYSP4zbQkp,4FpIfm2UHXlsnRPG4k63G9q17t3y
Supplier#000659634|EdbEOmID,1UEnrJHjUwlFLvEMS4wj8Yhoc
Supplier#000659762|Al6tGqYbGBB,ChnkYEtlDPwQu2
Supplier#000659775|W10hWgzTuIulJk9P54kxsofZr
Supplier#000659817|lyA1HxcnDk9lmzOFh7Y7kRE123
Supplier#000659972|w9Ecg8dV9D
Supplier#000660111|NpIw6ew9OSJGG4pTEyGsnAvpJ
Supplier#000660144|B3RXrVyBn7
Supplier#000660153|qtDt,si0HZoPE,ltPSZZiBI
Supplier#000660172|g57huzCNqvvlJyPpDbRacgqDqFNf6Fn3Yse
Supplier#000660183|Rdg0e2Rvy U
Supplier#000660360|maNES,2TOYCBl32o9auV,JxV5f
Supplier#000660379|ZzrsXwC2aeXqfQJ
Supplier#000660430|L1knsRnkcJ5ZZU aot7STnNO7R,p
Supplier#000660480|Wcene8PxiPz5Y
Supplier#000660571|cRYz45ct61ILar6k3VB8
Supplier#000660639|m1HQMnrkW956rMTeXo2WnRIzL2KrtOwsruRF0n
Supplier#000660692|sxwwkRBGX 7Pyv
Supplier#000660705|sozOpIiAgMc9iMUf
Supplier#000660781|2Vkn99OhOc9k97JOy7vmCB,Q5tkNhBVmoQ8bDA
Supplier#000660847|YocnK3pHROC6z3wfFrS3NdJ0i
Supplier#000660880|n2i7l2eDhGI4XoyH8R73Dqvp1EV49d
Supplier#000660882|jNfxwHnuTVlpuK4Ws9nfbB8O7qvum
Supplier#000660923|cfnRFDEigFunJhsHVhCNnt
Supplier#000660948|G1H 528CAA2fI5
Supplier#000660952|N7C DqGGtBt4jUXklRZ
Supplier#000661012|NnmYF0tXYkJiyenpqwfFjGK8ei hwq3BdAh
Supplier#000661255|zqtLHSQAXEZdwQBax
Supplier#000661272|nEWJ,umFMYJrNDX96
Supplier#000661353|pEMPnPhGp 5RhPi3WcVuYcAn6E
Supplier#000661433|ehBsm,qL5LtNWJSr9Xm6Una
Supplier#000661436|f23G6fTWEiPaEG
Supplier#000661499|2, wZbz gt8
Supplier#000661542|F4J7JWc8kIl
Supplier#000661572|3yz09IdZNLf50LpGntAcKOM31eS4d
Supplier#000661600|xPOMXdXxvXrK6aXAjfL1Rps3zyT5otpuYLxVQPv0
Supplier#000661624|S3fmZ9tZc1myiAR6HTBVjd1MUvD8PS7
Supplier#000661778|66dYP0WVUPgBrwml
Supplier#000661780|6MNhIYPSFrmMKFnnN3
Supplier#000661798|MSbVLC2v30i9ycjLRKq0PPgdL,v
Supplier#000661822|dAu0wjSVutukcPy7jgfT3081J
Supplier#000661825|kO1GGvv9BLjBF6NMCHsPbtZ9sSBrL,2QU
Supplier#000661836|d7br4IHe3X1iW8Pi
Supplier#000661941|,Jx KH0UmxYzyl2GEd
Supplier#000661942|MvkuWAOxoneBJlF6VQ,KQsF
Supplier#000661980|6nDwnii57VUD3YpH2
Supplier#000661983|ZMaJ2Mf4hFZs5NC7HUQhh0G0yRNht
Supplier#000662026|yInU5e1N1tvTqRZffAd5yO1JMr83sJs6
Supplier#000662070|1f0 2hezUX
Supplier#000662250|jR5TI6fO7AxU,vzEeo5DW,Gts3mu
Supplier#000662255|5pLbOti7hkYzYgqMqGmssIZz7ZsaEU
Supplier#000662326|1WGpuoWjtGvMcsu3,lu,tDtvU
Supplier#000662459|sR2d,sMACVJxnLNSrnNWT,kDC
Supplier#000662495|z337NR,nOocFWyryF2xNM
Supplier#000662664|FwFNF6aAUutBVczjb5MkAem6AnvdSAqrAS5
Supplier#000662703|QTfPc,UgTHbDF
Supplier#000662743|1xPr1gd8XLS5ffZCC94jijYUBcAfhZuGHiy2
Supplier#000662817|uZ1h5N,UtWbqsE
Supplier#000662835|x86EOMTA9IUxr
Supplier#000662853|02SDsa2GbJfD0iWuM5zRBB,0UyOIZOM9QJq
Supplier#000663011|9Nhm5ax4ot42uasWuJk1onTVE2K,
Supplier#000663157|YYKrBKEQh1FMuwOZN1NmezJQGb
Supplier#000663161|gutYA23L6KhsEOlwqV7Jyx2YvGyLxm8Qv
Supplier#000663166|FkXul47hOLhcliC
Supplier#000663282|Dh,WSybGAFOxwJbRH9wy6psjEO4,4Mb
Supplier#000663284|LVUOUg3MJIiUbjk19HoVOmM
Supplier#000663380|uvk1GXghHCIaREqwvMfzxh6e3rPvhGDLXV,eo
Supplier#000663410|Avqx7oRmPnc6wsRJATLRNXRsvIGiyjVnfoit
Supplier#000663497|tccKDYzpG0hBJ55
Supplier#000663567|hcf4DYfrMLXXUF
Supplier#000663592|lAejRBmFqOmWi
Supplier#000663867|tEC0HGlRGm
Supplier#000663873|oM8qwxhrQKEcidSYgQA193Q6RUo9lWSjAkJ
Supplier#000663912|zqllVIhJFTpMFur
Supplier#000663924|MC3xkmoXYPNysWR yK4Qe2
Supplier#000663975|3K6u 31FVtVPSKmJmAIQDMJHlBDDKluXVn
Supplier#000664023|zaEYZdGg5JbZ0uC554hW2nf6ZlaEGo
Supplier#000664224|eLyseT6zFE0GvE UkkXc,rTYOI XK,W ac8a
Supplier#000664386|KhO8hdFNhusOAeiawAEQScvSW3SEyDq1Pu 6nqKn
Supplier#000664558|AsUZX4KYvE,hfd9G
Supplier#000664588|NcYJc,Mz9,FlrjCDihLub2McmY0L
Supplier#000664627|EFzGpoBhzYjwN
Supplier#000664629|2CPxKssQZqPIW4GM7WtsZbOgRwK9NQzCos5dwS4
Supplier#000664657|gOty0 HW,qKiLlbj54YYpXaWJVyRRPcj6JLG
Supplier#000664736|RIeuNSwBFwX7XCje,4utIJPK5CLg0iqObM2f
Supplier#000664772|W3mH D,slUIj
Supplier#000664794|AIxb95v62NqYa
Supplier#000664797|rwrLTj0t7R0BRh
Supplier#000664876|JHy DZOckkb5yL4SeT5Ak
Supplier#000664917|EH SmCJ56sPRfa
Supplier#000664955|ZaLNOs3e8l7mCyxN9ua
Supplier#000664960|tvJ8Scz3EknbczEZmVio2vyree
Supplier#000665122| dJOuzxDHwPFZ5Epbqcx3j J1MQ1ZGM
Supplier#000665143|W6, qTvKTBCSq1,ut,R
Supplier#000665167|RfPf4lOFxlnQ9KX2xp,2Lj
Supplier#000665182|Eh88c WeQFx,Vz11OWo079g
Supplier#000665187|fSO2WGRG1v ixzO7ffWPg
Supplier#000665356|pqNjh9THrzT8aB,jEwLY,SXc
Supplier#000665391|tyZ1O5j9ecxoIGmmI,qLtcsg1Yi8s4,m
Supplier#000665392|r2B,gJs2uHG81l4vm8tGsU5XJ45J
Supplier#000665456|Z50,L,YuMLS8AWiL3Rls6EhCHUZY9ZF
Supplier#000665517|yjOuj5CaOYzdsC7nGAx6OGpIuNpWO IxJP0xG
Supplier#000665656|QD MPivtc65RYjNGW1mpB6ql
Supplier#000665704|Hk3DDSZH0JCT
Supplier#000665724|IUhwOOZ7Yx92UVVMWun,hXuXK
Supplier#000665751|HQnXsUIioNOSgr982GGmPFS
Supplier#000665859|gCZoW0eOysYlu
Supplier#000665901|dp9l1n Slon
Supplier#000665921|Koy CeEa2HANdUH3DqkA6Q9skjxkp
Supplier#000665951|ueCLf125dCsuh rl0fEitFr
Supplier#000666013|V3WwgDfWQQfU1p wps0ElOGxO
Supplier#000666131|3V5BkvdbpvI1,ecWyk9OimsNklTtNalyK
Supplier#000666136|,gfI1jdM3fTgnKB0Gd6wzbmL,QjNgM4APbKYq
Supplier#000666312|YyBL2f0xqEwM1hNlJIDlU
Supplier#000666552|LEXGGifQ4yi,XTyYgboq
Supplier#000666604|FgkoqrTwLCr5ZaQXr,Qj,e0B
Supplier#000666616|bN4vfT,fxEIpcLq1HL8Bg2PE672UveqjlVoF0
Supplier#000666703|xO2NAlEAZT6T5gXG bSAiv80ZADcQkHL
Supplier#000666725|07nu2NiI6OJFswBsuj8jIGqNES8aYRFdqMRGYSqE
Supplier#000666760|WZ9kfMgC9RFvzAmEUccwrUMf xDtT
Supplier#000666780|,fQOvnCS  tdZ8epkY8m4oNuamh9,qb
Supplier#000666859|F1yWxCWt oAF
Supplier#000666947|HDM6cngNk7sgypzpJ9O6UMOZyVL
Supplier#000666955|mIwxG6,wkImqoyBTfGTe
Supplier#000667032|zq9dPQ1ozDdl7WxW7e2GED,ak5d8d
Supplier#000667105|qWttWfspuSni3Gf K6HNEW
Supplier#000667265|0bCP3zMSqIVPMH
Supplier#000667489|LrXBXjjr8nKeCUA6zdIXVQV05l
Supplier#000667495|hUfNKOV4HPA
Supplier#000667510|yn2trLmLoBqvz2KLZ9R73
Supplier#000667561|L0f LiqbyWPzyyc83Ex2tD
Supplier#000667615|MKvonypSTxYMgssWYFV1BhEEm2V7mig2lRKD
Supplier#000667638|vFIdM kKi8F7,8MP4MSJgd TRLehH0otRwEco
Supplier#000667641|UmB56Do1sDKXBKm06mtL8a1lF7b7zQQ5
Supplier#000667664|y ,Vm95fcu8UdcvAwjk1EgcfWeQAsi5iUii
Supplier#000667670|mDv6kmfqsQL4OJS
Supplier#000667729|aXpTFNV3 28vY0cf3SigZNJR8F
Supplier#000667770|gadcqcyYjWpLq4SWypeEX1vm4UQM
Supplier#000667786|mMAHhrE,Nk
Supplier#000667881|d0lMeDI 2XYn7S70xxMqEVvo3lAsA
Supplier#000667937|jmUKCQAdYiU 7X8N3CEz12fg4Kmmr3okFb3SI
Supplier#000667943|1hLdwqs3ZWi mV 6
Supplier#000667958|A7lcoUOSYdNjobOblNsMz
Supplier#000667980|iuTKuL4nnLcUvH6t5vGffsdL gKLpLtK5eYGvJ5
Supplier#000668126|29FbAdQDCo9o
Supplier#000668132| ddZxmGz,m,6
Supplier#000668149|v6WemVtw2EXSash3
Supplier#000668159|JAQPi3O0AM
Supplier#000668186|W5tgJ  Y7zpG9V,4Nx30YMtsu22Bg5
Supplier#000668236|7csTrTPHN2gtIpg7O
Supplier#000668394|HnBGjU8lEukHgJSVzyxldY1WqSkJZ3pXASc2
Supplier#000668438|5L3YZCG4 knNk9dpaMMbOXrAVGBTeYftMNfX
Supplier#000668466|zz8F7s5GH9FcvBN7ePapC0 nCXbpMs,IadKXoMUF
Supplier#000668490|fIEppFGynvmsOkvoinhg
Supplier#000668625|JnTGRWtswYRGQjjembSZdPS4cqnHtjbeOIqeud
Supplier#000668649|ePM34ga4fX2DvdoBj8H,e
Supplier#000668671|LJq5,5VDJCY1ET879ZuiBH6h3hK
Supplier#000668727|vpLlm83MoGiXDTPb4J76Z
Supplier#000668747|ypbH90YpAL5D
Supplier#000668887|azqnAtw5YCmJc
Supplier#000668991|SAQ1nuVCwzyu
Supplier#000669034|VYXAmqQzI87aqtPBsk0n4GvUkJbyH6b K
Supplier#000669075|ARCVFj3IS8v1WnswC,cem
Supplier#000669115|KDVQ2bhtUsH
Supplier#000669126|qFuOCVsfU,Q,I8hanjC8uh 
Supplier#000669134|Sge4YwlIYvN4D
Supplier#000669154|wZeiws4ZqkFWYxRb,XeiP3LMk1PS3lxqWQGM
Supplier#000669155|xqtqR9UryuRAUaA dZphm9qwWcCbNWGSv
Supplier#000669338|Ru8uYJMr5PBet1
Supplier#000669350|ygOLss8U j
Supplier#000669504|xiTw3Jo2uKPNB4UvCECDDaYx4okK5MK8dd
Supplier#000669576|kthiM0hDBQG18oOkEJz4g9xJ2L70261
Supplier#000669620|Yq9glbJ1q3pe2VCPlguU0Vdl
Supplier#000669689|yFDpmoMS5Bv
Supplier#000669745|4o3bYmUxzxEZmqUuOr8UdYDY
Supplier#000669754|xRwkO7Vb,fuu5
Supplier#000669786|d6NfgFqSHw58RcB8 
Supplier#000669926|uj,1ujyensbvdFnEGMWdiQUOcFtjoi
Supplier#000669928|sVDud7 6aEqWO1s3vPGv
Supplier#000670010|XoBkubHrIOcwF2wLIECrDdHW9ahFnq
Supplier#000670047| qfaAAE5m xSBA A,U1gQCz  2nK6
Supplier#000670120|XBP73Gpr8WWtLjyKLZsNSFKAonYs9wGx
Supplier#000670126|lcdFVzguJxWl8cOorNyRW L
Supplier#000670218|5sn5yGCdeKNFHqYbGm8J3MyVjpLX,Nhn5HS
Supplier#000670364|lLURoc7,TUNjT5 eRh64ErOTc83uap
Supplier#000670365|NL403lt y814gkJmZd68rdG
Supplier#000670384|lxNkMIOdvamY0zbwIEgoG
Supplier#000670455|qeIILvJx,NePQ
Supplier#000670616|EVodboQbaEM2IEMrPLOZ1smpbHu
Supplier#000670683|mlZE0a,iLeMN3
Supplier#000670704|SDrgoHJ3a3H lp6EDjLCXMiPZ91TK
Supplier#000670705|WjZ7w EwXdg61ydeHeew2cWOTvikXbO
Supplier#000670938|5dRxCzBxxEW,e,y9wMWbnIG4Z4KkN,03j
Supplier#000670993|RAM10G476iKmoG2yfR8er3CsQP
Supplier#000671021|NfwpX6cgzdSgkL
Supplier#000671081|sdTdVdDg iJgH
Supplier#000671265|ypgRrgytc57vbwb WkDKn9Ag7
Supplier#000671450|OPfgvVULGzYLOSUjjVVJz,w Lotdk5f
Supplier#000671503|6fEsoesSga,Jffj 6VH8wBfe9PE3zW
Supplier#000671509|HkzncU4cYXcbmJD cj1zv67oFyaSLxHDIBBJ6n
Supplier#000671534|sj7Ple4ZEDm5
Supplier#000671582|rcCG,w2I1mpbFqp53kVCE OB2K9nMs4aVRBSH
Supplier#000671590|3mN4JL5U0GdlkgSHO9bu8vxX2kILYzGAa2L
Supplier#000671708|8Urs2iyNwUGn8ShgWXR MGDUqL4XFlq226,0T
Supplier#000671740|K9Fm6ovwnD9CelQCm8Lp0aBxJRu9GTUC27bWU
Supplier#000671808|BGQeOFF8OY5SUD,k1KNef60qI0
Supplier#000671863|c63vX7NdBY24wIZ
Supplier#000671902|44OBYfJIGn8f5PovI5bl2g
Supplier#000671904|dPmbZUV ko2VxG3uCcls7Jf 2fNjsX
Supplier#000671913|t5E41A1l1FaGeT2IhAlXCQ9L7o
Supplier#000671914|5D05,aSsCXasocsEX8BS
Supplier#000671975|kDvCSH7hz wWT
Supplier#000671983|MTYwPjP5sYl DWrPXqq
Supplier#000671993|i74Su,3jpeDKUsl6q80pmaUvMFUasJA
Supplier#000672027|YFeTVGJMk4NzlfHDO BKKG
Supplier#000672334|fWZ,L4ZNANXL7Hzcv1GniNxjzOmodtI
Supplier#000672404|zVgYGVgX A9UVd83TM ,
Supplier#000672434|e11eikyzIuBF4fd1UbiM8
Supplier#000672477|HWusyTv9,AMQgnFbCk73OXT
Supplier#000672490|c9QXfs8XCKbc
Supplier#000672550|vrBlMx8Uuv6cDIEXd,kdCvz
Supplier#000672577|OBIZWyfAVhbbgaKaj
Supplier#000672588|YulCgF0LV9EBVlzd
Supplier#000672656|AdbGxmMpdh7AEF
Supplier#000672662|VE5Fj5wXNhYu8Jp
Supplier#000672733|uZSDUXCO3tANUEixQf7V3xJf5,u
Supplier#000672751|UAf5whqB11SxSdbf6rMB5m,2Y0QZ8s86d
Supplier#000673037|jaZkhQz0gqSA,2yMdH90TWgVLTc
Supplier#000673083|XrFsUQoccmeI89s
Supplier#000673128|1R26FogPkp,WPBEaHMnjfn,U
Supplier#000673135|GGQBfD2srwkiNw5U6zQ 1GAmFVz0,hENhHULs7Pq
Supplier#000673256|4 lv9CBKn4s
Supplier#000673259|x8Zj8 sFxP6nLhPCg0O
Supplier#000673283|agt7M jYitLbrxtewCEPYxW4tefeIUDo
Supplier#000673536|bk6WvViqSoLEnq,
Supplier#000673592|q6y1XHd0yRpaaBr wIR
Supplier#000673608|pzsRRuCh4ka
Supplier#000673663|I4X8POEPnnrU84MP2vXQ4h
Supplier#000673689|MkCppG0YAld5VTxarGsCrE
Supplier#000673885|tQeMMvQRJS
Supplier#000673944|tysAylMqEn1KeQYSCqLAHBo
Supplier#000673975|pNAT64eibS2CDtP BxjiUmit5
Supplier#000674009|UsqUsJPnhEqIk7hFBufq9iTImvxwn
Supplier#000674058|mFpxjasYpD
Supplier#000674061|zN05vvZmitHSMf0JYiMKsmbGVR4KMw
Supplier#000674085|OIg31DCBq,cTKjza
Supplier#000674208|8NHqUo5vBiv4WHTWpmc
Supplier#000674300|Ztin487TN,u5nI9Bm
Supplier#000674309|WFp7iQdlBl1,ud5
Supplier#000674343|e PfscfiQZ
Supplier#000674562|BNryq090L8FIUPQro2wno7qhu8C3xIZ,mW3
Supplier#000674583|4GAx6eJbHudqlV 3hhcjVe
Supplier#000674602|v2N1udlEWA9gXyifeMXlTJfy9p4th0wZEDCegpC
Supplier#000674622|O6pwt1M4xA,3xFg,Lpgd,4bue
Supplier#000674655|peBTp3UbZtJ
Supplier#000674826|c5PkDsuWTM8JQat8Hwx9PQvf,
Supplier#000675007|nPXroSNo0kYGgKMW267NaPB4ASR9IsPpySlY
Supplier#000675067|I3,h74Fz64 5UYlqnwqLA9wE0ieKUi
Supplier#000675102|kJwfzU7vqZc3fztmVa5gO1sPYk
Supplier#000675135|z7aLido0M L2h
Supplier#000675161|FzT3bHVnUD76NSNmYx4n95MMBs7VfnuR
Supplier#000675501|NGx6JLNKSOo2TCP,hQHjx
Supplier#000675525|ztvBrF77gp7nFYlJln,Oqa8a5QQwABSUkj56y
Supplier#000675528|dGlRWqq4RVinN0d4cXE9YZ1Y paTjntkI1Amkl z
Supplier#000675624|jQrnOnO6efYTns1ynE52IywNo,
Supplier#000675719|W qtr0SkJ9mJOC gre
Supplier#000675722|p5Ov4aJawVQTuvlNbqDZGPbPAcfNcGmF
Supplier#000675742|LoUTa,PeBz8iW,cgajECvVABezYvJ
Supplier#000675747|vViThi4WJm0WtpXDQL040t
Supplier#000675818|aakN1a5Ob4oadjRKgvAI YwPf6m5XCjgHvj
Supplier#000675826|GiHqZZmrAj
Supplier#000675836|rge6pEiU9MyJd t5sQghb5v1sBZ39aGZD
Supplier#000675864|9nDamnzhI1eIqsopBnEeH6v
Supplier#000675879|G Upg Rbu1FCzVtG02wXJhX
Supplier#000675957|cHwCZv0PUU5YD8YbB,V
Supplier#000676123|6wYj9unQWoROyW8
Supplier#000676126|FFcPphIkFqtWSzwbXsPHn5Yr2Js86WGB
Supplier#000676137|k0yAXcY,4 2xsSs9cAx 8
Supplier#000676155|K4 V9HzlnNzocuerBZ5rsIoVZye2Km4JPMp2eGb
Supplier#000676190|NawfmPVI81rEGio
Supplier#000676314|KhqZf8GABefpsKSV
Supplier#000676330|GYqznWgRYmNxkQ
Supplier#000676493|BePCj72z4YhRZbQTgqAtyr4kblemn
Supplier#000676575|bQDca1FvRXaBiOaY
Supplier#000676579|BsTJvFUpEgtz
Supplier#000676626|BDWSxnlwdCSk6Bb1ce
Supplier#000676630|lPHZh5luGDd LELsNNgB
Supplier#000676669|t4KKOy2VMX8DJ0msOCkpqGMwRpAYlpDQyvme6KQ
Supplier#000676709|SG,5lctjnp3GkRR4e
Supplier#000676762|J5GJWiFFQtAj2mTR9zSy98ILES5Pq
Supplier#000676770|H wl6xD0tV
Supplier#000676914|QIsOeok5VDYSBaIfaIBXTuoto1Oi
Supplier#000676916|Hf 73VJh,SWLP9ac n,p2Vs5gW0aF7oiRGfdRfY3
Supplier#000676960|Hkpt8TX5Avk
Supplier#000676973|XGAIILLN3vo6t7tMYMFgtFfCi 8k20J
Supplier#000677044|Dn2E5me6IrYDvYv9BT,dVu
Supplier#000677046|wAkYsCJ2EG0qtbC53mnN5V1vgAlUI4DFd
Supplier#000677058|o,bQKajIvTqk,Leyf44znJ9R0toGOcFZw
Supplier#000677126|tafTtoXZlr8Pt4FALwMVQUPhwecYrEg
Supplier#000677188|fid1iw,G7WwyLMv6XL14DgOqGSagbbR1g3
Supplier#000677190|qTqdDK,fesg6EaygjAJoTVu5MyERVmsbjAUVowf
Supplier#000677232|e62o  aHezCQ6LBZwCjzWZ1JPxtLa J8k
Supplier#000677253|eFeO KaLe9ichb15aJfR3joyqGD
Supplier#000677372|R9M t,UcDyQ
Supplier#000677467|C20faauEjEzAIKBejsHWqQTWj9xdakzDTz5s7uI
Supplier#000677522|b gaAma84E3AhWVrHn5 cIhhZuz
Supplier#000677523|hYA8cYgVC 1bUQH09U
Supplier#000677615|PGVuHFX65Gobwza,
Supplier#000677625|IgpvPP1MywaZh
Supplier#000677645|HRQcfITFiQaoeXUnqCzRF
Supplier#000677705|rq6u ,K3BstYFyedAJ,NguGxYoOivnxg
Supplier#000677753|S4DQ0X5iK2UhjTeFCWezAbFaBzH5bUldQ4frxYL
Supplier#000677855|3U5ODfj7g1q7aIJopuWkZhmGej85
Supplier#000677862| EsBXGy Ik6J9nb
Supplier#000677878|NrAFDjPvc73
Supplier#000677881|XE2drMXfPYpzu8 MYsfJ8Ct,r0scUR
Supplier#000677924|eNAYtqMzdpZf0
Supplier#000677945|5B3OZiA2QhgW
Supplier#000677947|2vxA GapXUNl1QyD1ZNhBgrZva
Supplier#000677997|ztf2OKSnFhATGye5nlNRafv7sbZ1sNUu
Supplier#000678018|LEzl0mR 5tv0TfzCe4YtDqlxfCn,
Supplier#000678153| IiDHdxV99qHzBajNwC
Supplier#000678167|Ys66pn7s8hS8ff,YxvgVqed8
Supplier#000678213|Lk20t9ZjyPZlzFup8tCT6e6j119t6ZJxFeh
Supplier#000678217|WyCBxjN0r IvlGMK1RpGpO0WfC7RfiBM4d,y
Supplier#000678254|d9MIhZlB4a9uhMYW82
Supplier#000678331|98fN0OMwy8jmOdvlkz
Supplier#000678334|FO64P72Cnyv,pbBCIGmYmnmMfuKaDD2XPscu
Supplier#000678393|e NgKUN2fyGp1CsCyWwbN0VOPxOy7GiP55a3
Supplier#000678458|bPIsfOds3ZN4EBUnpBHiM6anZw
Supplier#000678468|cx5I8T c4TzqA2
Supplier#000678475|a2PcmmVwPZHxS
Supplier#000678522|WSH,ZV hxalaKe
Supplier#000678529|jn3qLjroE9MC diWm5cFeO
Supplier#000678532|WqKJOvv4CSoMAcQu,
Supplier#000678596|aXQhIH,7HD0
Supplier#000678612|Te EfXLXEHAMkkXHwArYzYFnn,u7j9SZliWS
Supplier#000678624|DI70kP5rEGEIg9bgVY3IBl9SHV65Q5IJ
Supplier#000678685|P6YmeRr69JitUTnoc
Supplier#000678802|O2anegUyezrqAI0DBWW2Ohox8hRC
Supplier#000678819|Kigh6VVzdtGa,jkA8aMct3hs12Mt2BF
Supplier#000678885|Re0aY51V2e xKhtIIl
Supplier#000678945|6g4seGJqwHeRlbQ2YemQ4,VLxqQ5iRWFbV8
Supplier#000679048|CdjHhuqnE8r7 3C,c
Supplier#000679067|saWeUcMMiZx,EbQ
Supplier#000679206|YM9HGdtqXnLJ
Supplier#000679213|dA1ZuaQfhNXTfkfp
Supplier#000679217|EMBGJtyQjYaDFg cxmFkqYz,YrKgXZjpl
Supplier#000679271|dnNyESDFnJ3sdZ8XBZV8 AxfT21fYP
Supplier#000679312|kC3tLjl8wuSGfH7055bPsCxy
Supplier#000679364|L6Ln6JITp7WmHXuas
Supplier#000679402|kh6gCrDGuPxK1kA
Supplier#000679510|q,kdI0rk37S
Supplier#000679652|MzTGBX Shegv1qR5fQXGCY70PaP3G
Supplier#000679655|hgbwp5epGgZxZGOe48NxzVa Nuu
Supplier#000679668|4P5uj6GE83vPKSkqwZJW63LwIKRWE
Supplier#000679675|z8MdXhkUx3
Supplier#000679681|bvq8q1PJznEv
Supplier#000679720|bTqYKwHitF0oxoN5cA 5TU
Supplier#000679748|yqctvYjaCGmeY4UeA1F4v2h5Tm7xYJt,e3tZgTl
Supplier#000679758|8IRb9rv2b8WT7Wa4xOkH5UJ bw d
Supplier#000679785|4L0lJU2bTfIwwsD7p
Supplier#000679875|o,mHH1gs9Q
Supplier#000679959|riBol2pJJJvQHoLS,gBBqgMUa
Supplier#000679963|hYjZtgNVFmZNwOwvPAESu SabBi67j4tW4ID
Supplier#000679977|dwsR1rRaS0WFn2oZp7mmljON9B0nZWBKqcQ0
Supplier#000680005|LhVasLaaeQRE
Supplier#000680023|yT1VJF5 49VC7xdN8,oPnCoHdx
Supplier#000680045|Pr8ituIZ 4oCkgbrzJlG
Supplier#000680064|czsQS jssPfWkdp geNVXftZqC9
Supplier#000680201|lOkbNsON3X,Qxi861BQU12EiE2BfluRe
Supplier#000680205|p1iT1v9C4zzLF4g0lMTUuB1yG,yqiPoRoUfENGHC
Supplier#000680235|fEVKGBTxhP7GkpCv
Supplier#000680300|RkFJex84I,xhoojhiseCzW,A10xFSxU5YYwMT
Supplier#000680447|rmvhRdQR,FyVaoCd4gqX F,Lh6Q0vpmDOi
Supplier#000680459|gNEn2k99uhK3GO27JvLf0a2q8EgcHHonA7
Supplier#000680490|nKWRO7Dh2vE2WyeySLZPPC4jeJyMyNs2k0
Supplier#000680544|FJg,xJm92H5xHBCINvPyh8U88tNAinaa
Supplier#000680589|MCnP23P7C6O6MP
Supplier#000680750|N4m1JB11czLz6xDNuj1dALPyhgA,
Supplier#000680800|z o6Lq,yusZWSRpy8 rpB9W
Supplier#000680864|gcIvBs9GkgYNSeAYR
Supplier#000680946|Wyw2VKCNLDGPtY sdLy931l
Supplier#000680992|iY2xFVlFfcS4rT Ufoet6SM1GlqTcw ,8NmpN
Supplier#000681111|HeEeyK7fIOrJStHpc,koz bvKaZCnAa
Supplier#000681281|IHW1jb1n wWGMoHrC2wurrWeL7Ktow
Supplier#000681348|x8 Sx0hQM6ku,q8SwIiDUqfJ95Xqje6vl
Supplier#000681461|EkNq4Lw8lmM7fJ7qxZ4,FIPZOEk,4So53
Supplier#000681538|l7,,oObsnbOeqFTKwxe9Zyn25PeuQ
Supplier#000681563|9 mALSnH8xdIHXMOgg0
Supplier#000681643|PwANvCQaptMd3IX
Supplier#000681718|xnIftxgSi8ykeIhs
Supplier#000681721|9Is6rv7fsVcfP
Supplier#000681847|j5Ps9GgpMIxzBw6SQPHr3PFDo5K8
Supplier#000681857|AObLmX kH7LhHf8 uAPga
Supplier#000681893| eA lBQfHUWY0OiWL13jsRi40BHhNCvYk5
Supplier#000681898|Cb5flKjDpG5JjDnfgDiqv2X8
Supplier#000681928|mHXhqJPtpv
Supplier#000681971|o3jMQmWo2AOj5wmEtei
Supplier#000681983|YwMaaK43hjTReZxeGEKthzjEcIoedOTORXlSw
Supplier#000682013|2X87ZnIcX4zRnIsXo
Supplier#000682047|mCBX9xj 0a
Supplier#000682054|mMFCikG2hK GUl UZruO3hw6ZEzq3u
Supplier#000682071|ZLRFGNXNj3FJOD3MrvDhsZLmwRBpnV
Supplier#000682098|3uRj8iL85lCGWYSjZT3EeYHB
Supplier#000682164|OGEgBZAENuFTL87XDHteXZ
Supplier#000682312|tDNvx6psEzwX0vo8z
Supplier#000682315|texTT5jqt2O76AUChCFXDe,Kq
Supplier#000682359|4YUUBYMhyLtFkGUqlm,vTpc
Supplier#000682446|me4wTJwgQHJD,
Supplier#000682449|vyoxIHh5Op9D JQ7W
Supplier#000682456|966gSzjRLz6f45M3inrEyz3,gZh ZuKEC
Supplier#000682483|Yooc9s7YoicEDpn2Wm0dju 3pH
Supplier#000682526|XUVufKk1,04ZCPAsjoHusm
Supplier#000682534|5PA47hodB6jvr3syEPC87J4OhvhCsWgnudn5
Supplier#000682543|zTuP0JIhqmqNUxen yeE0yS
Supplier#000682642|tyEYzaPlCi,g
Supplier#000682707|mh97WpuEjh9kDLZE1,Fk6t6d Ep1qHvNMAAJ
Supplier#000682833|f3mhSf6GQGNzM8sVl
Supplier#000682862|N574NULZxlkJlEeEtM7a98re,VMR
Supplier#000682912|g6bRwRjlsNOFbwJUfho5b6wpD,ZMW01hh3j6
Supplier#000682991|Slncg9UE5vGzpX5ORy
Supplier#000683075|pUrskTVVxSLRVSH
Supplier#000683291|mchJIW,, hrXCybyCDCMWLyrvQfq6VdrNmE
Supplier#000683352|TTb37,11ClrLJ,T6PIfDDv88STGBJTV
Supplier#000683444|MlsAgiikQoD bypaN
Supplier#000683467|UnCuJOlNQEkjSRGT,KPkgKGDD
Supplier#000683478|o1ttS7PjLnI7ozf2ndjjxNpppWDv3u1lLECn
Supplier#000683609|pg5qrbaiquw6Fm828daR2MSXMqCHoD6EtHI71
Supplier#000683610|pNyCPADswXp5 ,HX
Supplier#000683810|Fv9n,jdoZn
Supplier#000683834|KjiVrjeUtCgIourQUhF8uoA3n,
Supplier#000683879|sb3noLkK3dstJ0hG3ODl0S5TcPPFauiZhP3wITr
Supplier#000683891|CXiGn3jEXFma61sia3
Supplier#000683916|NkEgkKXekvBnJxVDIOnJe,hdJKdJJxfLlFPU
Supplier#000683924|r5mFBbZBdVyGeQ
Supplier#000684008|CacLC2mQawCyEZXAE,eDv,XHU
Supplier#000684033|9Vc31mgRNKSsW5imhm,iM8xMUNG2QVScS
Supplier#000684073|UMArB,SdunYFAd00
Supplier#000684096|1wo4YCw,Y9CK8MRQneKxexiCT5hfLloxcUJy2g7
Supplier#000684151|JBHH31WCQeLuU6 2mUwfL37O7Y
Supplier#000684179|GADbAc8XfitE8SnlHX,fls
Supplier#000684266|,sUr6jJDc86dkqJAZUK0N uy 
Supplier#000684350|QD IWdFrLXZMA
Supplier#000684374|0WhCr3KpjDe
Supplier#000684486|Ln6vqjM52tzEhUfm0N9aEvPFevvt,e3uOpW6pl
Supplier#000684492|TKdQBwCmIw01seB8N9vpT3924ODkpek3 VraKw
Supplier#000684549|lVDYxczH22Vx81iI XBCpO9I X
Supplier#000684871|nAcud3gzVP6Ia,W8S5k9HAdfWLTxUn
Supplier#000684876|HlaTxJk2zznZbS5LizEvAQdOo8SKRMSTPi
Supplier#000684990|r5,D6uX eQck387EBDu
Supplier#000685044|OpJvGJNQiohUmHWymoLYPN2bH
Supplier#000685059|9YY,soW,By
Supplier#000685077|lJbXrx,KFpu fxEbk
Supplier#000685205|PAqpF4bYlT
Supplier#000685330|mcPr00zjC8ozaZ9N4e5 dI8Om6pjOe
Supplier#000685373|0qtb05Okn1gyImkVVUf
Supplier#000685484|hQCd7 bhnaBEKw M1j1j
Supplier#000685540|Tby6kM1pW,r
Supplier#000685558|aCnitADDR27fRDphARVQoWMjNz,usDIc,eg
Supplier#000685566|Y9ZI9P2Bt7IMFMHHQ
Supplier#000685640|3kS Q97KUzRiW2fvZfx9PbuFVLUKsCARzC
Supplier#000685660|3cbb0U 6CRbu,Km56b5l0O
Supplier#000685678|BOdNEifA7211e4lyl
Supplier#000685735|J9FdNLNtTwrrUncfycFnpZL1adAc lT
Supplier#000685843|KbY57BGg6I5uA67lZWpiYrEkpQwFdYiQg
Supplier#000685861|xEGAvkjwEwTDJxOfI
Supplier#000685932|IB2ytJH0qmqbsI87 O2l9ieOjPuXGLZ6Yn 7bL
Supplier#000685959|GuMtEGXFH9Ogx2Ns 1IORr7S
Supplier#000686112|921GQ0MmsOXprurEgS
Supplier#000686262| ,lvvX0 8wcbMEDr
Supplier#000686327|hbhdt,l p7iv7nbG0 KzfyGpvheFSgGM6M8UxsFn
Supplier#000686363|F9GMn5yOVQ4SSN
Supplier#000686377|AbSJGGPZsv8
Supplier#000686386|LcZVZ3f6 LSUmxnu7O5U79
Supplier#000686405|nOWObYMFtOaIxdPC1neczZ
Supplier#000686605|h554LnfCi, vNZL88ZYTtu76qV3
Supplier#000686611|5LoHzGORntbqVUzM1HpY
Supplier#000686726|Jdcx0wAyec,8y
Supplier#000686735|ULpO4,bNNmSTCpNkk2VBJszRi7k7nP6vK1ySvb
Supplier#000686752|amsTpBaWrQcDoeT4kvA9PRb2kcPzS9hcsutfVl
Supplier#000686760|4B8OTGl3mXq4J6
Supplier#000686794|FcIaFPXlzxWUhp8T20IBfcNBOrqD6eNZJuKAqD
Supplier#000686797|aFBC,1 6pULMpaKJhnSkfGF1n5sZIR1
Supplier#000686830|ddw akzE5TF5RyjpY5Fz6R
Supplier#000686861|kqEaaLbW0Nha8RgkiXoRvJH,f7EvVwcFxbx6Rc
Supplier#000686898|yEf3DiGw2H2r5j7BNUP 7uiP0EZuuzu6jpq9z6C
Supplier#000686949|UNI84DobNc04HbdLOcwTAKC3gUSWUBYyfqTjJxD
Supplier#000687018|VUAE9RZ7x99C
Supplier#000687020|4gyIx09AYXuls fWl8dGjeP95SBkMkyp
Supplier#000687086|olKQI4EjxWgg4ICVC6TG4
Supplier#000687155|rIK3PZP0B3z6izOOSPBRxrB6esd0mCv18h3
Supplier#000687213|8iMOzKQbjLsEbaZ,LHTzJRNOZj YKj
Supplier#000687413|zvuGEfKGkoLV,EvBdqge7gB
Supplier#000687455|QhJm62,9jUvo7zlwqGCT4SUUWKKD
Supplier#000687484|Ps,19WFAYEsWCKH eE
Supplier#000687537|osqCpAgehYErxSQdnxH7qziIX6Vf
Supplier#000687547|ALuFvVZzOck8rJT
Supplier#000687568|5KC9DPlUxRhSep,PcheWUxW6
Supplier#000687605|MXpq2dBwk 9CfX
Supplier#000687606|Inw42oGJgIU1Zh4WxuTaGsqpQtavL Nd
Supplier#000687624|0htwKbQqAP,0,De
Supplier#000687651|Y74VoGg1hT2UZxYaSNaCaLMN3A
Supplier#000687681|lvhChlxRxwfhEPpQGG1gA5,REQ6fM
Supplier#000687816|P81s4wlKJpHPOg17efpApm,
Supplier#000687818|hvLNFSYxrSExUPuDeJJlFj1JwrVf
Supplier#000687841|h4MdHNzmgjo0bkGULcmZ3
Supplier#000687955|NHRLdqnDHoespsLkYZsMmMmpNwHS
Supplier#000687976|XwcxOZitti3SsTQ5wWyWCPySh8f
Supplier#000688061|z6sxfAFSqmX1bgFY6E0YKOuGOoy
Supplier#000688113|8u9F3N72tMlV6o,esYZjf6XTVn,6JZ6GB
Supplier#000688127|xKbqAg9D1,M6ll4
Supplier#000688188|2 946nijGGlHUlTNGAx,wmcKdp6Ck 
Supplier#000688242|3x AoG6voNZBegXOopH9G9YZEKaPHjMxIStz1Wkh
Supplier#000688265|k4VssYj,kGMdgZkBBdkDhhf0k7IYEayodbiq
Supplier#000688465|ILhLaccb8cUTGNRR
Supplier#000688490|ZdUAPpY2lbT04X3VR,1i3rFDa30x
Supplier#000688506|Fp7AmkcvVH2MplO
Supplier#000688617|Rvo2TAdiKUqvEn
Supplier#000688697|1uX22xpHljcatZADsrrPmMS4fKwWh8l fzs5ZbdG
Supplier#000688742|OS0ajNiUFFqpLGBV6vNHX
Supplier#000688786|pogxEPrNkswG 8nGcqoc03
Supplier#000688827|p6zBH9 wb,wNLkCTZs
Supplier#000688830|QkBwdq,zLGlrvWtBuZUMgLj6LQlxI8TvEeFa
Supplier#000689147|Leqv9rKlxnq8nkPUbw6f7ZeJP
Supplier#000689183|AsN w5TIWs7xwc
Supplier#000689197|PR6Iu5axzn5ksoLI9qOyycEoF55nFI8WOif
Supplier#000689211|BUCAPtf3h4QabFpmi5riCJg96M
Supplier#000689236|m8krK7 o3J92LCVtZ1SsAERCSoyw03ccvwV3o
Supplier#000689360|6J1ue34JlKmaBOLfTAFYnBi1Xzml
Supplier#000689543|tPmYoioAOohb8ti
Supplier#000689694|vY14I3MTuYn2mdV
Supplier#000689818|HJEP1gAxVEtvX88M2
Supplier#000689853|vBryIJIkZHI
Supplier#000689877|iCnruOv9mA6gVnrxcn2 LPmpDyQOTqi GPXa
Supplier#000689895|LiqMYHRMKVKeedp49Zjv5OVzQldUAGXrqiHQYr
Supplier#000689901|ZbLfC0kmSpMYs4mRTuiG8,uI2Qcf RYuMjB
Supplier#000690024|8o24fbQ9cI8QEEiyCVCTB2ziV9VWKsb9wtLy4
Supplier#000690064|PG3zkg8zs2bw7dnIheIQkGa0S
Supplier#000690319|8EA8b74flXL20
Supplier#000690394|sMwys1 jcGDkkAHfEMWWPp3Fea
Supplier#000690479|Xdf9NRCiWnp0qnjG9rJC766s
Supplier#000690492|Prqkg fVEwERbZ
Supplier#000690504|O9scNtgeQwKK1OT dsfwN
Supplier#000690671|sO8BRuCUhpRCFMGrH4L,EyGwESela5whIds6xdH
Supplier#000690769|jTh8KGvkfC7v6fDeOgLl 7SbQtAwSY0r9eX
Supplier#000690856|tlkb3UQb9hCGO43Nh,vzIzjyAQ42ZjZv
Supplier#000690917|epB1X5wB98ueLthP8Bzs,6jP7Qjb6SK
Supplier#000690954|QXaKElhE y8y2i5rFdn4O
Supplier#000690971|u,ckGzMHv6
Supplier#000691048|fD1bOytFokXJIRohZ,z8lIPPAOH
Supplier#000691069|8ZHB9iSHGi0WCiifvQ
Supplier#000691119|d8pRw1eT0HC,CGqdeLjR3 xsYj7,Mdg hQ1eB
Supplier#000691121|vME5MkA1t3GCEaW,,JSE0c nGo
Supplier#000691140|y9nvvJU4T pC
Supplier#000691160|IrH,F2osIXbGDR1dmvONSk,HKNiXEf
Supplier#000691198|XQNnZWoLDqkxvW4IexizedpkkWYsCStX6DpYkHSO
Supplier#000691242|zr2Pd4qcFsX
Supplier#000691410|J8X FNTiHa7AWjR6Vb3Hrh2HTtVH8
Supplier#000691452|NMZK h60fPWZFyfzk
Supplier#000691551|nNmXrLD,379tyXEXQfXosfs QnEnPP50JI 5E
Supplier#000691559|PqgpWX0KBArmu4
Supplier#000691586|j6Saa9UkbFJYDr4Q0ByRB7xHRMQ
Supplier#000691597|KzUFwobmMxka2SAhhvonKLGWvz18xNGNd2phFPOk
Supplier#000691740|l2EYkx0xz70zaM,ykI
Supplier#000691774|EKf5SpyAE2olD0SUW2w6uXUy9 VPuIYtZpVpKEzW
Supplier#000691792|h 64i8esoOHUZqn ZtXJYXn 9w76eK52rDu
Supplier#000691803| fjPpjAoEQmbFR6
Supplier#000691854|WYS645m jEwcxIhf5mD8zPRZqp7wJLC
Supplier#000691873|zEgO2uAapzBJPFA97SXgZGNHu
Supplier#000692005|10LsvQ3j1ST0iPQftzBPMR
Supplier#000692035|llZdJ1mgHnWd4TB7axrdxc wQBoi1W
Supplier#000692081|RavWDiTlRtCQGGEHz85fagga
Supplier#000692118|wJvS5fuFHLLlE5xRLdGh ii
Supplier#000692140|6UwA0ghIwWzScga4qdz 8oRlqD
Supplier#000692234|lI1Xw5BA OgeLcdyzHbg
Supplier#000692515|YEkMCbtiC9Q0CvH,N7ZwsWqMpm Gm1A9hbGQD
Supplier#000692520|ARZh8XTFgF
Supplier#000692557|x3k1L2G UDyCtdC rQs0 8njkjc8wD5u
Supplier#000692569|Ofz,Nq,81f3t,vPfC gYyeWZaFixOi
Supplier#000692730|,hy,NJsw3b74iZ5ejOUB3eWel6u x2yWoLY
Supplier#000692740|Ftpz1v0UORKRG,P5qNl0
Supplier#000692865|bqB91uVu50Sl8UvmpxYj465d1C3U
Supplier#000692867|qQ1s3B2JAQPOFt4g
Supplier#000693047|I3RgK6X5 LHDAjmiAu0NZUdvrAVJXyEbm4WTM
Supplier#000693224|MBD0r,1rC3d8yGAXnnfb1ub3
Supplier#000693233|mGkJlo4,SSFBjjfHWa1nKb,t
Supplier#000693314|LJJYHdoRV6Q8cu85xu5L64Z
Supplier#000693458|gUARKDSspE1WiHqMO4tBtkQptI4d
Supplier#000693548|kztFNQYzRH121vHAHS75MKpOl,
Supplier#000693624|p75uhujkhN8f4G
Supplier#000693664|N4HVNEbrciIqaRXYoF
Supplier#000693666|oSGLE0iqfLGtHZuu3zeyVVwnq
Supplier#000693667|kVJKzWsg8czvpoc8OCersJxQsWNDGHlXjB
Supplier#000693678|VYlNHXyOBosBoF
Supplier#000693771|O4W W1 DltdT6
Supplier#000693828|qaANmjteYXmyKvNqwx
Supplier#000693997|YRz3ABiMY9ja8rXgX7XSWUs9eobG5kzMRduJlaG
Supplier#000694103|ulQW3LVkOlHXeVpoQ
Supplier#000694111|2WK UKUP xfC 0eiFSeTK9ZV8
Supplier#000694129|BQ NxTcOCDbmURG5RFdtHjuJ
Supplier#000694296|tJd9YPWxOZgiykeyZySNvPg2pFA3fx
Supplier#000694326|XMVUA2efWcs6HpoQhdc2wR2OjxKNM1t3q4
Supplier#000694392|0vWyI9j9OKg,0fwB1xc7kFAPCBT9ezP4F5qWAk
Supplier#000694435|EXqGEU1DM9wL677vGB,qZd 6QsZfh
Supplier#000694462|RkqNCXWkvC,j5OjqC,S
Supplier#000694469|UVVXpoYWkdG1MdQNEG5NDEBaN0GXG
Supplier#000694488|wlbLRyOVLAV
Supplier#000694502|Jhpo1 6VlIGMgdk4RwLBnti
Supplier#000694597|mwNqnaua5XL8O0LtkZPxNdHpufYjFHu6QurnAPaY
Supplier#000694719|tN2pBQAcGVoRxSA1zdqp
Supplier#000694770|gKOr6FsWKL0Sv VTl F6dHDIkPIHosDEM6
Supplier#000694899|Vp0WlJPfCVHdrHoT
Supplier#000694999|XmZ PQbSOpYX1x22UG7LErdnN1gl
Supplier#000695004|Cig5TeH4UGiCSZoWnGZAAh
Supplier#000695174|perqRhLtzliEHqk sb2
Supplier#000695220|rt4INTZ7JpBlfNv5HJp2ojQONh
Supplier#000695378|sKcvo0hXaEbDjoTMdoaSKH6t6BPba59G
Supplier#000695473|P3cK0VaW7D4hF3UUv gLt
Supplier#000695488|kTFBWT,C6DOmPMzcMdHK xIj4bS4okdgO Z03 f
Supplier#000695501|CqzKK7juYLrPGvvuo
Supplier#000695521|P2JcH5Yzf0XATFRrsNOSFA541vSxnoi
Supplier#000695652|O4wtoZraiG,8P
Supplier#000695681|QEdaLPXy7aR9cG3a8G43OUBp0
Supplier#000695765|y,zKNerZkDZ8tlsD8tn6Q60 U6W
Supplier#000695809|0a24WATdiwcT1XfqM6htBrn9S
Supplier#000695834|UfvQvL,4xnd30CK0B6ZF ryQqpWL xPzWHY,CUc
Supplier#000695881|dRCWmGW9t30tjrtMwxhItYySkUJPY6r22zlnE
Supplier#000695905|cT3ksOal6oe55xBgGsYTk
Supplier#000695910|1i5qxS5Yw8pU9b6jqVj
Supplier#000695934|lK,751WzORtIsuuBix5e
Supplier#000695992|QzSZaf3uL3gpvzICft9
Supplier#000696004|CX3ql5bu2KgGJ1N6qv8 cx
Supplier#000696092|XrGSqptPKjtQ
Supplier#000696122|Fvo mjRtsHacryCW
Supplier#000696211|6p1mH2by7bKdYuC3XutNLoD
Supplier#000696247|I7C tvLktUvf8R3
Supplier#000696285|LPT1u zzM1i3eLX1yYUqdAHdGietR
Supplier#000696382|epGzqJuFofjuCWliU3WqCmPWbFI
Supplier#000696420|bnXZV7XBtCXvNsgIwthT
Supplier#000696446|BzYKF  deppqWdzUscIu8QOwJ0 3b
Supplier#000696482|F9MEknorF X7pX1
Supplier#000696570|VVrC6ks6lu73PeSihs6jSMXE0 w7
Supplier#000696579|2 6ThjCs3 YMgf5keF,F6WjEOkb3KAkWeGBX
Supplier#000696598|9amperoY9yWplmAiu9fcNuI0us
Supplier#000696612|q,aruZ,fzMRhAZvVRIKGOfIO,p
Supplier#000696654|QVE2JtfneWTZqUT lQsKHWJVXcmVVzJKnL39qLG
Supplier#000696747|hKxUl,22bRfqt6bDH
Supplier#000696883|5j,jOJDDj6GhrkeidX6m2s2ITYZcrWvTAJ Y
Supplier#000696907|1,mGmy7WwkxoQ4iBwQuObZ,QB
Supplier#000696927|JPvzQC6dVX8y07p6j0t,f8kUpZcYkqww
Supplier#000696966|gzGtmfBNnce3lDWA80LrTu9OqPS9,Isgt
Supplier#000697005|Oh3p5yHNGQ ,b
Supplier#000697034|JVril7GlxsbKD2SlvWnlmHu7,C3fd5RVTHmcBzn
Supplier#000697081|qu2YQfEZkL02ZelZNW3e2e2cGe1LqA0dfTjvwt
Supplier#000697350|SSfJHZ laAJuuDYcYksgsQc3,8aAvx,
Supplier#000697359|zZH21SkpMH
Supplier#000697373|y7sXvYKXWTHIke7m9Dx2,JE
Supplier#000697392|R1W0Cmludzm9RoCWY
Supplier#000697402|17E5EkAJJ8w
Supplier#000697447|QioKPd5Tk6CysjkPi1HZ0jO7qjn1LRjD
Supplier#000697523|TVgcBcjkKuNH
Supplier#000697532|9EvCaG9EB9k8C03MWOzlvBgrKUPE vey,zi1FK
Supplier#000697726|PAAHwuVG3tBk61OyH9
Supplier#000697757|lQxeJmUVmEFeB42zTg
Supplier#000697778|7yKFTW9 DwC DJX
Supplier#000697794|1Kqf41QJQH0KxsizbXu15kVd LLGc1qcdTEui
Supplier#000697830|herefjJYelRC7OcT
Supplier#000697855|jayrskSVC2Zzfj1aJHr f8aYAJASJvyd
Supplier#000697953|19 MJi2W9q2PgJzVWc1aCd6H1
Supplier#000697954|d2c3in2jd30Bc
Supplier#000697959|sXGxgnT8rZOs8U8J
Supplier#000697984|f sHYrqK1zJE0aujB8Mm0O
Supplier#000698039|,4kKt7RC1PqcL6mBB6q
Supplier#000698136|9hBNXC8tvbKaXrMMuBlwVkoH8Tp
Supplier#000698156|NWbcTaPYh8vT70Bgs,lFl1j7Qbo,jfx9xDa
Supplier#000698189|IPkM0Ijqjp2,FxTUmevioQrO5XRpi6Sc
Supplier#000698345|qfLwhulssLop9lYR  mXsp
Supplier#000698369|d1t3 j0 U68
Supplier#000698389|BtTK1tBxk5,dQ3h6WE
Supplier#000698421|jHZ3uYGx4C2IsFlnhPnZHGVvwU
Supplier#000698423|qQTbL7reV1A8Ixx2JBjqU11ti
Supplier#000698504|pYuJShvb4g17Z Usa NrNPK
Supplier#000698507|iBh3ZGUp2eI RvpsmvPWc7WklM8rKEdeq, eY4,
Supplier#000698537|1SW4d9,F3bTCEdMv1 ISUy1fuuxLuWJ0
Supplier#000698557|Eqw67ggNFYZk9OJw2xmU glZ7
Supplier#000698585|lU61WiHRUvQAz9iXvvxbCmTm8kBQDLoGtjPlgCmz
Supplier#000698799|MS7Ujoa42ZjtZigq3XfC5Jxza6N7HSCPOKzPOWhw
Supplier#000698810|w4iV6oVpvOZqLdXJ4
Supplier#000698875|qKjnwEg319ce5,NkjePjzeLnSlPUUZgMqZnEe
Supplier#000698887|xHgj ,hn5ZaLM N Rs5oLiUr,ORDyRoPbn2bcAw
Supplier#000698929|UEfyJVj1YyMDhz6Iy Hpz5i
Supplier#000698956|ytnyUaW9,Kgud7NZr0z3tSH7ubr
Supplier#000698969|NFF7Rds8mnx6A2QDIhtTVj mgB2BpmPOMkr
Supplier#000699014|VaixcKrHFTj1AVj9aRfXv
Supplier#000699062|SbRsNJXzpQjZtK
Supplier#000699079|fWTd39w7wPB07iu,QGJAwY
Supplier#000699104|UHVVNVhydedLaA41HRFXNOw,pw1
Supplier#000699117|gtwX19itKTjC4ORqoE0uPa5OWMhoizYvwAKwFB
Supplier#000699172|aPiPpMvYTOJwutO1OvS1R8a,kn1l
Supplier#000699177|6BcNjEj 9z
Supplier#000699193|hJlz8C0CtT0KeKCfSn6
Supplier#000699238|hHYvYXrM1l7est4PiUtf8NULO
Supplier#000699257|KEJFsaIg1p8d1aqfys2Y5byjdLy7O4wJN1
Supplier#000699271|GfFnMU3SmXZysl
Supplier#000699291|D,6jx6vGhxluKNEXG2
Supplier#000699333|s44nQXWBIWuY3c6Hq1 9QA3Liu
Supplier#000699421|2kUOidUSfV8Uevu8vV,r1 2oIqs,843QVclJb
Supplier#000699450| RnAjPcTqWjyHsfZ7xOT2sO,wke3tjOayUMaV0XW
Supplier#000699517|XXNpnitvjSQc0FvYKCqfdluXntOe1aDiBm9hmzxd
Supplier#000699614|lIlk6aHJg7H1clVcZe9ifzGVRxAM2H
Supplier#000699644|v5PYK0KbUhqayT,CMqj
Supplier#000699647|DeGV5eObJO35QsA4tYRQlIo4PldCPG7pq 
Supplier#000699702|GLq0kEewOUi  k4y
Supplier#000699834|ICiGlB3SBrwAf4V2CZoLUqUx
Supplier#000699903|Dhe5KGXQC4p6e8WX1JJG,
Supplier#000699964|bixVgOyCVSwJyB2znvEng
Supplier#000699978|7FaLu4gSZVRXovizGghMPipOGYDoS5VODCjjElee
Supplier#000699982|Z8abca Qj6L7Dn3 e7EMcKZDzQVmOudLM71DxAqx
Supplier#000699990|cyuKtKOwWuwPJ u
Supplier#000700025|m34lToO7rzIA1uCOmhOYhzSizuadVKiGSmuF
Supplier#000700076|ZpYxZNAJ48s
Supplier#000700079|INTGegy9fCY 0hWa2BJKJJ,5Qno3
Supplier#000700142|38PwBznHoOabpGpbtYvinmR37
Supplier#000700300|zWdctCpduO5S,
Supplier#000700331|Jy88kJ0iWzsRUR pW5ieXTGiM6ON3yXG4
Supplier#000700345|EFED860UlGiY6H192
Supplier#000700439|iRFhHd5ibk1,iUuIrxDonNJzUwADjm
Supplier#000700476|b9f5mqeJbU X6oQRT78eB6vfSUf
Supplier#000700503|6b3iQoWj,mc4
Supplier#000700532|u n2TEJCWQlX8ZWyBquWs
Supplier#000700550|oc0IxuPLdMYjyfltw Wy3 5L9ftU4OlL
Supplier#000700580|3X7EcueDz3iHIo1xF5716,twH
Supplier#000700708|vx8PUV3fFEe38piGL1h4nJ
Supplier#000700762|b tAbbp4SqxbIyOgFD6vhcJv
Supplier#000700924|0y2INKiJOh
Supplier#000700981|za3ogl83CrRPXBGNzmK1ssadVTIK
Supplier#000701151|EZx5s0P5uL9cq8JQFE
Supplier#000701178|oaQWbPUQ5dguveU FZFclCnJFagoWRcsTt
Supplier#000701271|tP0NLa9cQtHnQ7WPpvg6
Supplier#000701284|ANLfJQFKlIJqlpEnPo7XLTr
Supplier#000701352|pC19mn0e7spe,JGGt
Supplier#000701473|EsKWDGz9EwAIOcmvR2wYM1NcF9ZHA
Supplier#000701495|rVjb,M6jqO2klf,Gn,AjOZt ttXkYj1
Supplier#000701504|P0dbFCCd6 yUryrC1ucL
Supplier#000701599|wJ1b5PsoNiXZPNHSjUSndZcGn
Supplier#000701835|V6LF0rCz,qfk2yDIWce2o eBvaoMWKQ5XzU6ku
Supplier#000701877|EQ8ymWcYZuWi9VBbd5vKQx5gb5UPr
Supplier#000702005|JZgdeTW4BYdF7qqwGoh1Pv5DXu6zW20OQZze8
Supplier#000702310|dEGZK4PgSQmJlw3jnWDxj0yY2n0VH
Supplier#000702352|lWyL8bj6 4uLg
Supplier#000702418|N5FlvuajwLcEv
Supplier#000702446|aATu EH sFMm6EQC844XIMLpfrU8oRqat8YZ
Supplier#000702676|8trm,grW3rGSIF Q1POd
Supplier#000702688|sm6KjYPFHQKBQy
Supplier#000702723|XaFwUg5uyK,aP95GIJzkNqo0OxyucE2mS
Supplier#000702775|bskgGayMCai,X0jHOcg
Supplier#000702786|ihPj4xj 3L6rZNTUQXBikGDONQN3,lOylYy
Supplier#000702870|HgvVfbLlC8Nzp1jU,,ukuTxToKVL9Ahid
Supplier#000702889|xIqwM5k 6TzpiF4BXL5YUlRTPEhH6YLsalDpd
Supplier#000702899|OgvjSgKORutbVcbn0k2GIECjH20ThkeL
Supplier#000702946|TGm8HomrY5gZcp6AAIt47qzJmjcqkr
Supplier#000703118|3GOYQgcIcV
Supplier#000703138|5WCw0Or9kSZowUbBjUD
Supplier#000703431|kZbaw Mlej599TqUOIDdqm
Supplier#000703467|uxqQ6Ik78QPrbWAd,OSnjpnQ13dNiAK
Supplier#000703507|5C9BGcDPAKF5AvQK,I4Tp,W
Supplier#000703564|ApPWLmxBYH3JWeAWu
Supplier#000703673|9qfBgfgooFOBe9DRBGqfX7yMC DfT0s4zhNVTx
Supplier#000703775|Fg3C1j279R4PEmivA
Supplier#000703872|ESsAL4dl0WU7n0kvKnTFh7PyUPLtzAsMXs4VQore
Supplier#000703899|RYhncZ56KQK7
Supplier#000703942|5w6VIXrh1QKfY9xn0JN
Supplier#000703968|ie zmY3xYlDJhQdt
Supplier#000703985|IZN05qyJbkY,bFjdh6QGz3f
Supplier#000703991|NgKpnTzsaDfmgifVlW23,MMIQj2
Supplier#000704009|KnIUqyGNUDmZ4HwT,cenbP
Supplier#000704029|OBUSrFdTTPPU9N4V9
Supplier#000704042|y9VQ0aZqUcY7QpWs
Supplier#000704072|J,nIRGNrT5Z2maCQP zdPyGrUWP08kEk6
Supplier#000704088|nmC40 GsUWe
Supplier#000704138|58uvHJIowXT3eV
Supplier#000704148|GZ5wdCBb2Cgl5QIbPcbfzgni6DtRp0VLrI
Supplier#000704149|oTbbUDo1tD50EmtGmgE NV
Supplier#000704278|VCfaIp6RctR77jou r
Supplier#000704310|rNOghALXflzEQsfr,Icu76E1uAi2f1vJo
Supplier#000704415|KSStP,,cWgPoQiGel62vB8GcwWMsjwDTRFjsQ
Supplier#000704479|1oNLCAUYXXj
Supplier#000704483|pHs EeGcGyoIDd
Supplier#000704553|I4OUAUfnjI5obZSiQttErog5UhcYgjBDuQ9KwN,V
Supplier#000704562|iPNY,BvYGXnIOxXV
Supplier#000704644|0Xg  rDUrKbAzW7GTPXDWPd YFE2G
Supplier#000704781|8nO4ILbWb8LS8zOq
Supplier#000704806|6wyl2a9onBdE95
Supplier#000704816|JH9,aZOVbeBTz1s3RvRtN7E iZV
Supplier#000704834|j5B8YqSR8sZ,c0qQ MlGWKYdzCLLiDQtF2nhQ
Supplier#000704868|iKRRx9yUwc XL jwOHMrUa5IoPFGDBF9Sz5IX6
Supplier#000704904|OZpOhk TGiWv4k2q0pE rLRAMV AecQdWIa
Supplier#000704911|OLRLJJY7YvjUvRH02YMrp0
Supplier#000704987|5m9b54,03NxjJSQ2C4xXNOz1hOGKyL4WjoPC,V
Supplier#000705049|Ue09On06s1Gn6ITXaLzb,B6,p7
Supplier#000705119|lJ5iZ,57t0JtLMsNibJe5wIn0dWZIi2RGCE0mSF
Supplier#000705331| oDtx,j7oH9tgDLF3iUreYVPvyAxB2
Supplier#000705453|DMIEGli0PnnR
Supplier#000705488|lEaoGcsDjnQ,0x WZTcq7Cg
Supplier#000705497|gRsFRjdDY5x
Supplier#000705520|lfqOp92HKb,q
Supplier#000705541|4jscb7jgrL1L7l5gugBIIiQK
Supplier#000705572|v3dOmoIcEw0Rs8zvWAe0L3 
Supplier#000705627|8O6bjWtqB93ZzL6pgUQVFa,evoo6Jo3REdNgJ
Supplier#000705662|d,n22wHiEYo,xHBq07iT1sWI
Supplier#000705677|Ke2KEFCDNZ8469zoiynEUF4IzH
Supplier#000705749|GQZzNEj0b7q,zYq QsRsyQNevcI4
Supplier#000705801|QIARtgO FFH,bBinrZnFF82bZz6It39lgKIJ5tEk
Supplier#000705807|I7DIvUPW27BHVHjZghFTKVZr OgKCLfuxHjYm7a
Supplier#000705826|iGal8MhFBJTOsDF,7TA bUSQmZv3Et09Y
Supplier#000705882|tRkjX6NC8SbLh7Ui7,6Bz
Supplier#000705989|9r,5EcBIi uw64Jv1T
Supplier#000706045|g5QZSksQAkQGq
Supplier#000706069|Gtm,NxH9 qk18JbX,eXY3uR6lya9aV
Supplier#000706086|QWjuzut15Iu
Supplier#000706110|ElqaX8VDaizEPXCHM7BlQ284e
Supplier#000706125|UB6BoUMdhZcHDUqdSFHl9w5H5SzUoXPQQOJ8
Supplier#000706136|FMoaa9umLI4D4tPtnNEZCV
Supplier#000706161|kDH,pWabxBokuXh9cSY
Supplier#000706163|o n8mK4gAKFI8wvWIcgLF0KWIfIiRx,XxFT3
Supplier#000706185|F8wYXn712WQuONembzI,QYSLi
Supplier#000706223|FtuODIdW4BgKaqnbXVUowseAilVsPIdTm
Supplier#000706228|6N6Hvo3cESc,7sxkBvQwge5Y
Supplier#000706271|3Yj2GxL16Hi1GSyVuq2aE
Supplier#000706334|,spWqmo9p uYkJ7Qto2nhQ,BNB V4
Supplier#000706365|FF7rH9ggV51MV15l
Supplier#000706383|BfqcttUM,A2Rz8gJxZXSez68JTcaLhXzS6ZHtZD
Supplier#000706389|xe7lVbINsZywP7WrO8
Supplier#000706436|595qkkzfXcsL0owc8KJ1 7dqoJIWF9ArxCElweX
Supplier#000706467|kuyNsFa3WriewXKKP3NUBiba9m5XqfLLtoGFv
Supplier#000706475|wAY,k,q,5E6 4i OFxH5
Supplier#000706504|y3nR31nswTXPtSfPlSUJDC0PtX
Supplier#000706514|BA3thGZ3pAkkXzo
Supplier#000706556|PZCMX53wVbcG6RKbWRiE8nHlnuyGP1rM lM5
Supplier#000706569|OZN10yX4OngN
Supplier#000706739|TlJjpLlMJaZ25v0vAcBxeJ4OQj63tS3mF
Supplier#000706844|YxE2OiXgDX4k6UMd6XD96dYYtRsTjUUnsdkBs2mm
Supplier#000706893|ewqWaFf1ITlcP
Supplier#000706972|Mibfj2BGuRp0eaOB76 01aN2
Supplier#000707071|qJUin2n6Q vm9pPNbIBSYyJ
Supplier#000707142|5MmFTH5L0WBrAk2kmIMGIPYW
Supplier#000707272|I8qIPZ6xF0zZD
Supplier#000707324|IfbZPOr8WOklWzI4enNQc
Supplier#000707419|fxN6zTJPXb36ZWh2s
Supplier#000707447|j3BOUAyEdsQlPn4ZmeNaC6Lo
Supplier#000707561|GBHq0MztSyOpoO
Supplier#000707597|QbnLnKTxotDSTFkv
Supplier#000707644|DBXayTh0MDupl0tcagO2Mn
Supplier#000707736|Im443q6 jxTmdIo
Supplier#000707737|XxNSxtiGR1bZTxYE
Supplier#000707738|dqnBGMuvdD4A76KtnjLKmvOIQkQGHf6PWFvm
Supplier#000707769|MmhigGTIbJnXVZ6K3YDQpm
Supplier#000707775|za29Fv0vnF
Supplier#000707846|tHhjW3FLb3MUIm5gSo
Supplier#000707980|fxCYIR16lgPBayja3jfMPoxjD5fV uv
Supplier#000708086|JEHl4EPY0uZM7GfmFf85lWP8ToP53mhMUH5tHP
Supplier#000708096|Y,ap fLtnekd 6PNBzeDIzsD6K8yzC
Supplier#000708140|AYMNxiZuuuUwNnnp5qiDiP
Supplier#000708200|uayPkpLCSK9kkESnRPl3hiGEoEt8BDG6t
Supplier#000708207|v1U4I5dPqvVlj3W
Supplier#000708312|piBwphkBB,zWjoMm6VpCF5lD4vrXUVtvlH6O,N,
Supplier#000708352|J3oiKL2TG2
Supplier#000708387|PDnVlmptljN4EqDNNzoHf0HvAuEJs t
Supplier#000708401|x2ls89R5p73Z8eeIvslzDC8Jkitqpv6
Supplier#000708470|30Bw1Djkrm6oHM
Supplier#000708482|zzmeBa4e53PtxLfJvq f
Supplier#000708526|jOZgDUhgs3wj8SL9mRAtUeKyZLnKxk4A4
Supplier#000708587|pbRr69sCLVsMc5Qnm8tDJ
Supplier#000708640|9IFp2PkLtyOzBYO5a0pRmj
Supplier#000708675|gwEgBEhh3umwJIHz6IfsG4fdw,RiMO0Zyfm
Supplier#000708679|lejz1oEjdtgmlyhs 4k
Supplier#000708692|kPOMu2HIuF5l5LC0
Supplier#000708773|xByoJGXIBJeplHUjrfBEk
Supplier#000708785|PYtEDNNiXxP
Supplier#000708800|47goPjgHJcp4FCUaP
Supplier#000708810| x0MfHeF0f0tO
Supplier#000708840|NLxCAm gjKaGSzFPvzMMdLPwcjXsY,dusWy,
Supplier#000708882|DloaKRomYe0Ai2hm,JsLx
Supplier#000708898|YBQ4WMf6qO2Oluaq aJAX
Supplier#000708976|,4fT,RTz,84XyEGph8mG ecm0nd2A3LjZBN
Supplier#000709007|HfTe4UIrkvHgKV
Supplier#000709024|orY,i0sssqYRWKzej
Supplier#000709186|tg9tYaCYELkgONrVE,MUBMl3TzugbQ8z5kvQ
Supplier#000709546|XCY6M1v2xrMPtj1fK9Yun8i8dm dhVF132Zh
Supplier#000709642|4zrGWizifaoqGgQjWoTJakUpqZ
Supplier#000709643|38 1f3 UQz4mDvvLMTrG4agr
Supplier#000709755|xO6zgtVZfOxWCiFAFYO0WoR6ej47QDLBRi
Supplier#000709756|VxRB0j40VqbaACQqUhfInPU 7hgzbHqP1ndFHA
Supplier#000709828|AtxtXjouZHgWW
Supplier#000709872|8zS9TvRBqCahGgX8e i,8iSA mSQojUmnEw7fUP
Supplier#000710026|Kb Ay0 21ShBU7NUtKBTAki
Supplier#000710080|h7MmPbBDW6DtZx
Supplier#000710102|YSzAMCmVKZVl55o9tTYuJyG
Supplier#000710158|aXuXoGi4xOjY0J
Supplier#000710190|dofpN1ysl27RBSd8Z7V5
Supplier#000710304|1hz PS27EFId,T
Supplier#000710327|bOT5,z847zMwte
Supplier#000710358|cog9PHrYGF6kMhZQHhIHrC
Supplier#000710561|dQT,I04rA twPAvctQ,4h12KnL4pW,7
Supplier#000710626| BvoaX96jBRRqQwGrQv
Supplier#000710646|c VBF8sNthqpRDAM49AahN0NvhcfH6Oes9bm3Jks
Supplier#000710650|3MonBXiQD7XmZ3PMaSH,g9Hbuo3LQfQL4uHX2LPd
Supplier#000710750|ff7Jf69LJm0Ny fmSPE5IVKUF9kwmzJc80GFl
Supplier#000710815|2zmxiW48DPl72x
Supplier#000710818|KlYEBmNjGkym
Supplier#000710834|Y72gcIRNt6pIUlV
Supplier#000710840|kT,CEjusT66nkYga8WIm6yn2Re1VMCR
Supplier#000710857|4rUD,qOK,cV4xyTK8dsLJeLYZWfE4b
Supplier#000710871|VRXtDM5PohfCk
Supplier#000711052|q1qmVY3AbibFKMuzFFqpbZ9VEpdAgCbFsrOWk63
Supplier#000711103|vOxiaIzlG7TahF5s0Y2vuQXy0OjUlqQDXX
Supplier#000711149|Sv2apQkWlr6vperelO6yVe6iDpIMyDPc4H41NZ2g
Supplier#000711239|5ua5qYxt020rYa77AU7f0IZxzjtopLh5OAp  
Supplier#000711266|IL80kavHXKbqE6HBil 5
Supplier#000711349|7mGdnBPUM8TQw7ETix
Supplier#000711356|nqpySnUm,E mJlYc, ,jKaaatSM5Pm2eCp9VWh
Supplier#000711357|AwZL55trK0haKiCG3LuE1zjuawFcv
Supplier#000711416|8YZNVVMzNy8S3i
Supplier#000711429|3WROliVasAcjcQ8Q,ZL8,5FKSaf7n4LgrIh,
Supplier#000711648|I1O5pjY0r1d8votC3wm9m3gXOGItrjM
Supplier#000711691| 1epXzdXM2K 7W8F1Z1tzM
Supplier#000711712|7psrF1h5YcUPQMXQqiJ4Hq1CnY56
Supplier#000711757|tEd5y0ZY27SUwvsoeSUn4
Supplier#000711801|HwDkbLmuqnH0A
Supplier#000711804|rne8WaBBPHL I3FfcdQPfw7r0J0wfhOcpvYXvKi,
Supplier#000711898|OmV8Mj9Rkr2e0n,VI VMtYi0d4y6O8UjnTzLwA
Supplier#000712025|2VtdR9fNDa1n wswWkHHBAiHHgOb5z8L
Supplier#000712083|lm8CWOrv1xyJWAenYRCb S
Supplier#000712191|WLoLRH,kSsKOvF5Z397rO,IsLcacO5Cq3Z5J
Supplier#000712252|F3XIra0zRXE
Supplier#000712290|lo6sNGjsfMXy
Supplier#000712325|OVkNWsusjt
Supplier#000712385|Enm9YQ6ohykbDh1wLLdXLrg,1KnzP
Supplier#000712424|7FueWb72lnh6Dtk314dL8nHpRUuFgl
Supplier#000712425|RE6EG9VliSC,mSMNYpS0EgG3
Supplier#000712579|SdR3zRCJi7Axvh7T3CI26
Supplier#000712638|De8EOJdRKQ0mc6DZD 
Supplier#000712639|deXPHBgQN2BIm0OdTscyutDOOhoi6Xngy4n3PP,
Supplier#000712697|lEq5Yx0popUalfk
Supplier#000712729|xORMO36iKEScKT,,WnOcnP7j7Hf5FJf8q7IqPC
Supplier#000712769|Yh He25AGpkZ8m3tRveGLbieHH1
Supplier#000712773|9lX8a,,hrNztUjq15Ymv
Supplier#000712829|NWJOfC jFqSIKUruXNxp3oy9VQKoyuF2SgoMen
Supplier#000712840|xS2tUHI0sV7Kr,hAQHcEulCi6U
Supplier#000712989|dUZ5YZZv7JOzewO99ofk
Supplier#000713009|3lpOY2,z04RCUEK5Mbr bs2Kuu8OEi
Supplier#000713073|d9V43DP21ZkL9c4vpHljh0nZAZV5
Supplier#000713088|JrScZm9gM zT472nL
Supplier#000713092|k2q1XK6jsl26atVzDO5,bVqVdEPuLDkbhJj
Supplier#000713126|yJciROefcANTOO
Supplier#000713206|i1LkyNtteSuzSrRG73qgh8gED
Supplier#000713291|eg1hHLw7wEOGBkMGXPVpNJABC8ntZ
Supplier#000713317|7otK7Sy b0ij
Supplier#000713469|F0vUnl3 ZT6JzIQghr,
Supplier#000713584|BkpKVoXJyPQCJld4 p65
Supplier#000713598|X dNCUmubO9QahaYs5OyZnOslc0oSZH9n00yZJ
Supplier#000713684|r RNDzWjo2VATp
Supplier#000713698|sgQmqyoHWx3bt43y0X87MD
Supplier#000713716|FEyXdVICKlF37CcbxfJNbMdI
Supplier#000713783|kaFgaEoRKsnGY
Supplier#000713792| OWH7s,vdEkzbc
Supplier#000713794|yMCUln1,We4nVyF8HWbRshZCSUZk
Supplier#000713821|WBPirm1mQG3fVE5Qx1X0WzoQijZ,41wJZW
Supplier#000713850|lYCIcAHooxKExYaQ8lgzlr0vlAg7E1
Supplier#000713899|3PLDIaqOFGpepyQuJferQXN3V7R3UVOtRw
Supplier#000713935|Ycy2ztDPzJVOFi1p0xDdVYGOaetc
Supplier#000713984|s1lydyTFZMZbzK0I1o17yrAcVxJuUZ
Supplier#000714118|pwCnCIiF7GBXkODhHM1,4vtwGqE7vpyo7hWJW
Supplier#000714153|gK2m,qh6EQBI4JWpdxn0pq,hwSmDzkpH9Wo59
Supplier#000714173|8Fmemb5fwjrLlo
Supplier#000714450|8Hu7G2ZkcUhMImkxaxdpygf0ILEYBpwIt87y
Supplier#000714621|wiOBQcXZBwCKHqtQz9selasi2UeoxT68Hy5KC,M
Supplier#000714636|8FFS,knqzOnDtw
Supplier#000714760|Ea0uMbSEYYyAnX9Qk,lc1YNDyolPs7CtnOwMHvmh
Supplier#000714988|c3hwscTotttgaLgLeAlny81  8t AJaXr8cHWg
Supplier#000715050|CUguu,G7DtTBJViEvxAXHYU
Supplier#000715067|NVGzR7dpylReZ8WXXGeMhifT7fW3R1
Supplier#000715118|5WRuo,cjEfUdOMBHX11wd5CBJXM4xtxUiJoy
Supplier#000715194|q VdxIDIfd0moppw7R7oHiFkPS8hJtdtHmxL
Supplier#000715232|pZCBYliMbFKo1XTag6
Supplier#000715256|mmi fL4Be2enAL67DNz0P0,
Supplier#000715301|g1D4M8NvEQEYzp nxfOP381MXU1
Supplier#000715312|c,dJLG5arUrelRa
Supplier#000715314|TLmjUpPXZ9rywlN81
Supplier#000715341|VhaBwDixl5JaupmHwf
Supplier#000715345|6orYnxYiw43GmjYjr2CAs dJJ
Supplier#000715675|cmfJosl80nFkNczdzbONRf9uu8EueZXH,gcsmL83
Supplier#000715736|qtAOWgedNCMmmJMA0PL2WR1FwmXV
Supplier#000715755|ViNUutU17pB
Supplier#000715881|s1J4CXHVh8YaGepl66GslHBeUCI0jFXH6w
Supplier#000715961|jUFFudDGBnLn7bKsoGXfcWq 7
Supplier#000716028|,qHOAntvmFjjkvTbjncDTXFV6
Supplier#000716040|55V  vD8gomjZaQdw9KkSp DEEc2L
Supplier#000716048|pOWSZXCPUiLtwFeK,wOXN5,tXf67zBDlOseJ
Supplier#000716114|odUf2XqATruT3GDsux84XcXe
Supplier#000716121|6FvGc4xz6NX4,onYhBsygFM84
Supplier#000716131|OoxQMJoPiuUi6WvDM7NoWJSnimF
Supplier#000716148|kbmQa74Oi,Q8XvxrkKE
Supplier#000716187|AlXXLo549kF
Supplier#000716247|oFYtD3h0HkZhWUKMfGZkCPSenQmlA2jVrbq,5
Supplier#000716280|1LunJsNicoq5Vp4iMt KZ8R5hgJEcmHiIw
Supplier#000716355|OT4LUhcvj0H1
Supplier#000716380|vQpZlG9GNRkDTxQJ6yulw,ee5CL13t4a336zE5
Supplier#000716399|zwwYJ5x0 qXnG3BmoqOfymIk6
Supplier#000716438|2 WYqXUK YBRnwYLH,n0rGXota
Supplier#000716487|w8LT15c6DuiIaMOAQRNPhIIun
Supplier#000716524|,WVpDHEr4KNWtUPp
Supplier#000716555|ezko01KFXNyhuVpBEc af9WQC
Supplier#000716613|obXia9qbUOFoYyHpijBgHZZiVP5Zo
Supplier#000716677|WVr,NZYbYLD2XhkoU
Supplier#000716689|,ItH8D6jLkFpKDnOhUSbRUHy3Ak6ZdCm2JJ1
Supplier#000716727|ns12jM,X8Ts9baSD2pQgCQZ2QjZK3yaN
Supplier#000716780|ABtzcIhVNP9BXAA1c1cgeQR
Supplier#000716796|NTW4AXnUaOXKVwNVp2 yF
Supplier#000716840|JdIUBfPFgXu7W
Supplier#000716997|5 R4F5LWkwMHbnpBDn1n6,
Supplier#000717094|46DMrQRco5KseomYxoVO5ZU,D wqgBQlq
Supplier#000717106|vfls2jkheui4DAQCYWXGE
Supplier#000717369|fbT4,geeXpGYZVlTgPHPYaWgA1vRy,HZaip5
Supplier#000717373|vbPH9c7LVn6eJL5T
Supplier#000717495|zCwpEZEL4FwDq58OT,k6tvolPLwGirEeyw63WL
Supplier#000717534|tgEjhTfuSYLRqDNQrv kdy
Supplier#000717546|FuOQFcXRxniwRyXUfnn K5bqOPvem
Supplier#000717556|Ko5TzY xety4Hj
Supplier#000717587|cY WfpPXAB7tx6T49zWTXFw9u8IFyjnMHXPmTlhL
Supplier#000717871|bds,8Si58cOWnB
Supplier#000718116|DTNdUu2PIlfVLXM1pagctGIo
Supplier#000718141|odPqml4z4sNp2lJeQ,EmJqKU
Supplier#000718206|i3V4jwcLDIQ1y8Epmdw,WVLhzKtZ5eYSJm3MSAK
Supplier#000718313|HST18Hd YCdE3Mo8
Supplier#000718350|qBTWlgsFcxhGtt4V,8sl215,gMjgZ r
Supplier#000718408|rsfVWMFJIWMtuVAmUpmvrYwFPdBxQ8L
Supplier#000718432|BI0Lzds4bl429WdI1W
Supplier#000718484|jNJEaQFmYk0H7cXUDMRiPLAAJZ3Qvho
Supplier#000718530|7Dvf,J4uVYt4CK5a 0Yp3Llv
Supplier#000718543|H8iJZdoCsHxi2EezK8oVw1XvoaBFb
Supplier#000718645|fUIFtq8eVXdq,ktO
Supplier#000718719|29hTDvUntgnqSJh6K
Supplier#000718742|ZpGXwNAIFuNApFyiMfBHb6mSKjeHbK5Yt
Supplier#000718786|VBexHpxa3agV205J6d
Supplier#000718787|qK91ox,X m9uad2qbIT
Supplier#000718790|U5,Ev5RwSa3JniTI2WiwpR1f9AGJJ9eiP eQ
Supplier#000718861|Gh2eoBxISdkrfkxgycvaGBNk
Supplier#000718874|gzzPUNJWzohTRq4Q
Supplier#000718908|rl2JUhl5CDoOiEK52M85jRm4
Supplier#000718945|6Q0Wg5qQmU86hz
Supplier#000719043|peXFjjHAIMZgh5WpXXT DhmcDfGGI2qN DF1uLk5
Supplier#000719044|IsSZwOIhjtBxehMEwlYy7L
Supplier#000719103|6y5Wqj6UEig7xhSzA
Supplier#000719140|1vxkGUhlAqG,9S1JQIxWSUQcjCZGvhnk5moGi 
Supplier#000719228|c0Gkf9DVDYFe3X35UUOeQCTCwXey6aHXX7V
Supplier#000719255|F1bEIXmvenWi,cukWZ1AS99PG7xWf
Supplier#000719270|62iuz9WyhAnZlFyyaDLtbty3dcbpdsUN
Supplier#000719273|y9Dwzi5ufdye
Supplier#000719301|SoC j4QIzPZl9
Supplier#000719302|l3CAEQhqNjjnXir,K6FbIqviuhqsT9mSOH5wS6DV
Supplier#000719335|qnARNThAesK,SvUk22FxEgFX c4QYQrj
Supplier#000719354|Bpbxxl8GTfNsk
Supplier#000719374|z 4W9pPnISWXX9Hg1yAEuvO8,eV
Supplier#000719420|,VRNqMBTPxFc9Y6 PoVyhuicjsB
Supplier#000719716|aXwlsXskYl1SS5qymdgX3Ony4yrqnuJTNtmQybuF
Supplier#000719723|l3 cvdUyfshT
Supplier#000719853|3GscHUPEYTkm0O6yAvwXgUR6UCaPUSaSdNKQ
Supplier#000719892|mYbQI9SpnFOHs8D8kSD2H,1mUSFUA8Rv 
Supplier#000719916|ASgn zpLepOB38NkWZFxZ29OuGz
Supplier#000719921|CmxcEHEQanLajfvKXDN
Supplier#000719925| PLHPM2W8nKVf9Dqo6OkVSKgSre2cfkLnsxwl
Supplier#000719941|rpL1VdQzczQIClSyCOLeIHg3OS2bmt
Supplier#000719969|41P9ipz1WegiMkJc0IqgIIawkUC tbFVzX22GXWI
Supplier#000719973|HDzSBh7hK7Ea7SdQFSV3K5cMoaEPttgVyG2
Supplier#000720007|pegXMqFN86QnqLJWWBtGQo1sHSqsL
Supplier#000720054|SNnqDQlFuA
Supplier#000720094|IWRNyxFSSpBJVVu0Ruk2aTNKga
Supplier#000720139|ATFPpfJJEm1dHHDwebcL5lcodUDKdcwBp
Supplier#000720176|,h7S1VS1pLl00WXc1kZE
Supplier#000720180|GBEqblVDz3O Gc4pia7uJtyuFAGCHUk
Supplier#000720186|DxTr,Wa4pONJdmWX2TK6Px7C6FAXEaS
Supplier#000720189|i6Bsx,uTosm
Supplier#000720198|oGwViQbrr32fY,m72QEQKzVAWC2ZPx esgtG
Supplier#000720199|qS7bX05CZcl
Supplier#000720215|XKaWaG8M3TW3ssAb17dfBb3JWov
Supplier#000720230|v7mxtan6Sva1FCZhBlbw5UNk1uf
Supplier#000720272|eJeSckN7WWQpIUyCMo2xXQ
Supplier#000720437|Og37cDmJEfc
Supplier#000720453|OptQa1OvXsp0b2
Supplier#000720462|Shikvu,ec8OHWP4o8IE
Supplier#000720514|tzS34IpYMjItCO EsD0KQHRYeIIPClvIc4d
Supplier#000720551|w88rdLzJPe4FFJTeJ94CoG7l
Supplier#000720564|d g4AGqiq1OhoqubzDtx
Supplier#000720663|B1n0paiyuI6qdYIETZbA,vbKIDLUP0NmeH4v
Supplier#000720852|Lzb5JwIouiOdhGEiuYQx
Supplier#000720908|jXfcftYxJpSTdoad2bCtot
Supplier#000720921|369f A1gt46uartrKxq8rEFiJQ9x
Supplier#000720943|DX58cY1NhxaWtE422mMA7yHg1 rKu7HjGUpmRWr
Supplier#000720951|QboEZy8ae ss37
Supplier#000721030|zFDduJ4VMeL
Supplier#000721063|ptS3cHA5pbAmDaEIv0GBuJ4fDfk4
Supplier#000721066|,FekWvUSoYfOm,eB3CXvqJv
Supplier#000721107|b1CPppxzN6 Ohe6qXUAfyH jGhFE9x5nprIETTw
Supplier#000721216|SvCSSRjvAJTyh1SIdtBKN2U1sGe8GPZB4ZE
Supplier#000721222|u9bkga0wWx716hg2L93UZe QF4dkZo
Supplier#000721256|QmPf n,lZQtsM07Me
Supplier#000721259|SjvjM4Kl3Q,HU008hiMH8xcP2nZc3pPR84otXJMB
Supplier#000721392|Ga3Bwuu 9DnCX9ERm1
Supplier#000721409|Czi vfk45OlhrLSUgz9eu2CbJr
Supplier#000721469|auB3fHKSGVCY9XmyTgsf75Hl7JUI
Supplier#000721521|nAIJE2aG4FXykxM pwqA63mNjY15X9hb2d0vqq
Supplier#000721657|E7J0Szdofu5tcvoHS ,ChfpGDe6QLrUTL
Supplier#000721660|Co3xcRXK,WpYg9y,ND4KGr QFvasNpw442
Supplier#000721662|J Z1PbgqnOOucK8qJCRxIH8
Supplier#000721706|2X0QTxyk9FZnMLQN5dRqg1DCgzKuZl8VmWa
Supplier#000721714|qJ MmZljzP0NGHyBukt4IfFHKGd,9Ub9vSI
Supplier#000721717|F2JONf5U,GPUaCnyLgwKAbRg1Rwo4KTum1DDf
Supplier#000721735|jSIq3,ug2tFFSRW7Oyk6DU
Supplier#000721770|llUDAJ7fDmaHNqwkQDQrI95Ryk9P2D
Supplier#000721859|MciM43riyFw1
Supplier#000721925|ZbSxicB zVaeDvjv5q
Supplier#000721950|jRuEEK94 cPDkZikjDtH71C2pm5jkXz9uvRQ
Supplier#000721982|C0fd6dbCwYxVHf,hGTrPmyC07c7DeOP2Q76YJOV
Supplier#000722033|2iNlRqSs7jMLoI9v H1JJwuv,Hbw5zw
Supplier#000722094|JzKVozM9vFdNM,qI OFygEFdn5lQU5
Supplier#000722128|hBhtYRMlTim,iv9AVRO
Supplier#000722148|dWsSRUXXcs0gnqdW4Cf6aDUuI7PvKdaOGbP
Supplier#000722161|51rxp7URYn9beqQtfd0UlVklAOBuB3SrqKI4z9
Supplier#000722165|I,R1rARhh54RhCXcaa,JrNT4cDyYsnc
Supplier#000722212|cbdkZ QNfH7ldKCwKxlu9PYfCqM4
Supplier#000722226|rCgz4cBsw7rAJQpS3ysHqTyPTPx8PJ
Supplier#000722321|LpzgrT0Z0o
Supplier#000722358|pWQZ0YwY3S
Supplier#000722367|LwVoBJDIIo9PsG
Supplier#000722380|3wHaurJiHa67rEQ8
Supplier#000722398|2LOSFTM9SAwO7ERk5A0EJkjangD 
Supplier#000722436|1Bf18tq4BZONZg,iFbq4qv8HSOjKEB52S
Supplier#000722632|C5UNcJrJI8CrKXv1tVb87,nzLi 
Supplier#000722680|jMN6Cx1KZDAeP
Supplier#000722694|1ls6VdFgUM,uV5PZpu1YovOnePMN
Supplier#000722714|lqpJWKPejlK7
Supplier#000722803| 2qrMLqkjkjmUmtxgdJC0lErnNv82tsT
Supplier#000722860|ljSrDt,OnIuNrm
Supplier#000722869|1mN,dJRKYEQX9y
Supplier#000722941|uRdjUzNqqAvbdMXZK0XtBUMDVavb8Gigy0MW4vz
Supplier#000723028|gvJWAZEdICYB7
Supplier#000723030|wlWMtj0alyJ0jRxTJuVUm AsH0yDd7dRPedu 2oL
Supplier#000723116|IrHukRErB8
Supplier#000723206|B5X1a9cta3ofrSJb1witwDimAyM6S0UiQj78,
Supplier#000723224|G4vYNaq1GLmlUZMFCj2XbWgJ1E2
Supplier#000723227|kIWkz4xQbegWWi64I0Sm3xTp8
Supplier#000723246|NmlXduVdcv,oPp1G49dzQUB9g9Gq7bHo
Supplier#000723310|Hw7bskUnxGc9ba9wVlPe
Supplier#000723398|TJkizWQu2x9mvMiqQGu2l
Supplier#000723419|oJ7drRhwCiwrFd4RQp1wkR9EgKpipCSfxKxt
Supplier#000723427|7XRL3HmxGjUxb4a6
Supplier#000723502|I,iEbJjjW9OyrbPyzcJAxX3z6X45xx2Fi
Supplier#000723557|AJ6mSO M0eyBPqIj1LGufwzfOGAzPUfKSIogTh
Supplier#000723576|SQo50pWAZ6gIdqvU1A5t7oi,zPsTN
Supplier#000723597|1nYW2maAJf5MWw
Supplier#000723725|zo1y9Bvjp5DT
Supplier#000723769|NT3weWHNs5R1M6c9
Supplier#000723938|q7,ghZsLJ39y5RG
Supplier#000723972|aqhGbLcFDg5LTxALVoZA 
Supplier#000724031|qZfd7lEbuDyph4ei96Q3yqIwHsGfR1 6mfctF
Supplier#000724174|yi26WFkg3JNXv
Supplier#000724185|SMGoIlXMgIn8pGh,Lwkq
Supplier#000724259|hSZHpO2yLOG2aXdd00MLoONSjO5eZw8hhB
Supplier#000724294|vq3fG,kt9ZBDMPAutqm6ISHZCapnU2sgbJB
Supplier#000724311|B,OVH1I0H89LGHtP1Hl19ZdtBNQR,2lwzqfQ
Supplier#000724428|BeWkBwDPd1pCOTk
Supplier#000724625|XRzlBCeIWCpNmyLxzaee,8OQEXFW8KGc6
Supplier#000724641|uR,S0NZRwMtru6H
Supplier#000724681|ruZi2 2zk5 3PYmtbg
Supplier#000724818|Rng6b5RxQnm5YaFDC5KymYCHWigsM3qGQN
Supplier#000724849|10 YjZDXTbA3CXn5kpPIt4AzqzbMrQFZegfB
Supplier#000724909|z2lZ02Pd7LlloXRWC6qFn7r1I
Supplier#000724938|YoamJYmu2ZaEtNWaQw614kAnl
Supplier#000725008| t2oMESuJvu
Supplier#000725024|qwIE4NelIAyRryzlwc0DAUXjbaP
Supplier#000725042|RCfNPVZC RIqR,bKPsGH1Wru6jazRyv4y
Supplier#000725105|Cop8g 7c2domkXUdH,3fyAKaye3BmOiPkyNn7I8k
Supplier#000725112|RKapeQ mlOk0xrH3soTInKFpMMvTBbohsZf7jlNm
Supplier#000725156|h6UPWOhsZZ,A5P,J
Supplier#000725172|3WwrcKzJydQwBLqBJOhhktfCr
Supplier#000725196|sAvn1hosC0lmBdRrdKhIL3G4d
Supplier#000725261|jheQ5gtuRri7gTZG5DfBoFDDhd
Supplier#000725295|7ZZyYXnB6JzAl77DlQ
Supplier#000725473|qg0wQk6kzCKT2OFRfZV2CLLLcmAEkp4
Supplier#000725501|wMd8ffB0pRspTGxA6tCaJIBb,
Supplier#000725523|PfoxecWuBvz663OtOuSMHCpVwKg2u8JPRz7
Supplier#000725537|3 uNm,S8Txj0zytAOvmrnJw
Supplier#000725608|Uz8I4Ng5zDnaUVkE5eUQYUDy5g
Supplier#000725667|71Uuqj8hfBK0prOzpd5uLLJ1FTs1vHOa3R6
Supplier#000725717|vcAaTxdKIy2p59pwcKBw6CVOsugK 5rZbRNb6O2P
Supplier#000725777|w02wF6 eK1WzBppMbytisjZW9aKwB A
Supplier#000725787|XDs74qBZM,6NlJtm,kqPlf4ZIPJkb64zfM75XZ
Supplier#000725819|kbcKoEwIBgLdl
Supplier#000725820|Yg2KIItMWqp8JV6Q pDBYyjkWhPYohKXBhOz
Supplier#000725880|snpY9dbogqcNyX24LCiEzTW4pvvY9vd,jOLL
Supplier#000725913|lWBt1w7 p6lJGrzciiSVN2BycVJyPggt8dm1,
Supplier#000726003|KcCRn,PYK6EjxluD
Supplier#000726009|2eNQw0H,mc
Supplier#000726051|i FFxLPsgbLUs1dn0ZcT28g
Supplier#000726069|8fj3WrLBLvk0QhlzH
Supplier#000726108|56kv kf5mrHZPU3ypT77KSPGBqwl9,O6KJHgg
Supplier#000726121|wtVXi5ynsVF3RCKIA
Supplier#000726147|ehQanusUFtz0wjH
Supplier#000726153|Ux 8619ZLP 
Supplier#000726154|ksPPK1CRSn,xXAcXYZV0SiSI1sBQjOKAZ
Supplier#000726266|HO1hahRDMYOA2uRywjVaPj2plZxtIxEy2BE2fmA
Supplier#000726378|loD8VMBc LdJnFMdSzWIShQ6PPByhJlYYm0fjNDf
Supplier#000726598|n8peQWUxEmPsJ6Pj3g
Supplier#000726641|P2SEHIV0R q4
Supplier#000726695|sRtbOul0c8v32H87dtfzhJsZKvhUDT
Supplier#000726769|JFvcItKagHb0OP9hmJY76klmyQReSmV3vu28RT
Supplier#000726854|nIYxisifklcsKVQEZi0lvAXS05Gj7 RPk,Vl3
Supplier#000726890|Zma5jlkizLPOl
Supplier#000726948|PMXgPDRX8fQq
Supplier#000727059|VWjyF1dmxokILdtQnaN81JQ1I
Supplier#000727162|HPSimgUG1R
Supplier#000727291|c7De,srQ7q35Qv
Supplier#000727446|Dao8cZzc2Hx2SLP4hQ5bU4iCDM 1Xz,2r1Dd
Supplier#000727460|XYim9sC5fZtBSbHJtgRw8rGt8
Supplier#000727504|f2p3SOupzr0lzTHNbv5ScA
Supplier#000727626|gY1sRQtU5Wf,7R93dIG vjVGh
Supplier#000727642|QhO9g9jdUYSorjVR7tY3rSNF,NiTj,L
Supplier#000727666|2boq9W6Q1J6bHxyUkinY2XEdJs9
Supplier#000727758|6s69O,dUUq,b4xpsZAiVnv
Supplier#000727759|52oWG 27 Q
Supplier#000727894|MP6 sbC9XdIfa0Kgcv2jxx8dNx1nUm
Supplier#000727938|qu80s0PCMBYP5eMztisGa
Supplier#000727951|mOIZnk45Jmd8HPu 6rLusgltZCydU8qWSiDeTgtP
Supplier#000727958|5L m8AW9dwl
Supplier#000727959|xFN39qfUI2POTiyLvI4e
Supplier#000728001|avaoe,hTEGFdVV2ijmdXdkxrli7Y9
Supplier#000728006|5obXe6xsftn
Supplier#000728083|qmZ8up0II6
Supplier#000728182|ngNbWRVzVj
Supplier#000728204|9WTk44ZLL9btTbApUMmjFTk
Supplier#000728228|pt,a39gWuWWu9qR,0lLcYOMuCTA1
Supplier#000728289|ZQ2qV1uDwdJIuzP OSmhYf2pd3MCtEjpZQxqby
Supplier#000728424|5JialS7,U18YBKyS
Supplier#000728452|npfrwXy9DhsrPy6U
Supplier#000728498|rePVESzPDkg M2HPXABcgi3TF7UFBA8CV9e
Supplier#000728645|ndx9JqJVK52OHBFlBcZoK4 uQLUkjIU59mJxnE
Supplier#000728677|Jm8VTvW5DE0s7IvtZ6X00IRbEUDwaDRvh1w0
Supplier#000728695|gqgWgTWpiU4uTogt7rlRRX14PrLgseNs
Supplier#000728719|OT,0mY2r9wysxtaAO7VeRkTn
Supplier#000728741|YqytiLGiVamtt0
Supplier#000728745|VypFA1Pqqx LeSwMVK48QzI3n0soMf4xv8ME,wcI
Supplier#000728790|17,N4Rq7rEBHpUfuccbG KtK7yzOG1ANOKmC
Supplier#000728890|SDJoeKtF,,lu DCPFn2ffpFlSow8LpaL
Supplier#000728979|VFoKM68GSi53puqM5P3
Supplier#000729041|emJeoEx9I2fo
Supplier#000729047|npUB5eKLFEJn, snDHYQsrqjtAbo1lo97Qsu
Supplier#000729160|aOxn,O51IWhbpUF5Ns26Q4vkI,jH
Supplier#000729166|G8mwELyXkIY49Cn1pL0D6xRzu4FG1pcIKK8
Supplier#000729182|QqchC xokklrkPP diwn i evqA3sFkvhMI
Supplier#000729326|cT CF9Ds5,ChMwKYR6H6jk5YD0ni,0K,jJGL
Supplier#000729346|yTmqGvZmKmgFMVJqEb7dt2A3puVzOVDhfsV,jtKd
Supplier#000729371|sKRTie2wKgi6
Supplier#000729409|UlTN9yXVEgBzHRL
Supplier#000729450|4R0SKlOPZnIYhsO
Supplier#000729689| pwYErcm7nANmlat VjJ
Supplier#000729820|hAOKmrWWi DRLSDDfmZbEBv3
Supplier#000729868|k3ehleu41t
Supplier#000729869|Afk2fOl3iEbieG3Ya4PbPFkOlPzOTots0HIO
Supplier#000729873|dbodAZbA7sTUBRaOL ya6L6 YGN
Supplier#000729930|bNiPzAENLULB45Xe,rXn4wOp0
Supplier#000729940|FnsZ4dq4cFTrVp71rH0BjJEh
Supplier#000729996|UrkZwNiADd9xApstUwb3V
Supplier#000730047|Y1nOegl0AheV8Vcq6IUSf5INiq9Ts1e7Fs6uS
Supplier#000730050|rYWdwgXYXGD
Supplier#000730087|dLJF,XxNrJyKIN3deraWIFHNJQD,K3pSRLLG
Supplier#000730138|T7fIvAYpuw
Supplier#000730208|DWxCbVpK,U22XUhFXS36K2opzF6OTs 
Supplier#000730237|81ZXvQmm24iY2Y4Q8EjWGcdozvQUMEkNbbLrZ
Supplier#000730289|rxc9j8qpSjlgqMTZGQASylI
Supplier#000730400|sio7,YMfWFEr
Supplier#000730416|KN7Tmi0r6HRa ta5Yp5qZqOy1mcGIqWoQEgx9w
Supplier#000730559|fNUqmyDOXNYtorZFSvR8a2dGvvaJGady,Cv
Supplier#000730675|QsC,3cC1hSqJpZnsoBl4nzni4xN4COprGqq9Q 
Supplier#000730676|AjZ1g9S5hRe5hq2bxKW,AfLWx X7V
Supplier#000730693|jAECuOoZoZvNvCgo6,cPrLyeZ
Supplier#000730751|7f,s6d1nyBH8Xa9lFbRnru
Supplier#000730787|x2nomrfianGCeXdxBiz3O XED
Supplier#000730808|,RhiiCXXfZTueef4wcY
Supplier#000730874|mGI2kW0eEk1Iivk35DDAst2Qff1,oMbHsdo5Gi
Supplier#000730883|uynqctarrwC1jV15
Supplier#000730951|aFMowgCPoatEGwXxSiB
Supplier#000731017|AA,vod3yOUeZRNbs
Supplier#000731029|7,eF0l5t5jmJuoY3esHCG0FB7dAiyTkB
Supplier#000731121|5rPIQFALxj4qIu68njBFZ9tB
Supplier#000731127|9bouTLljuM
Supplier#000731142|ft4UHXBo1, kpA430AsT21ITo,zDQ
Supplier#000731229|JznaconxLRGc1a0fI
Supplier#000731247|KM RU2x0PFLDxO
Supplier#000731271|TklM3h,ongl azJ0z9HkaX4,lBceFC
Supplier#000731279|EhjuYPwYnwwOLqPL0 6wxTYqrMj1M6sOGeO
Supplier#000731311|9HFuS1uIsm40
Supplier#000731381|bzNbyzwM76idmqzlSTYrAu6wphP45Y
Supplier#000731391|XFXraG4JpMh
Supplier#000731474|mzCAu uKQD8d07UsuP6uy5 
Supplier#000731529|Iaw3W,xoPkwb1m8leMfer3B7fb3bqj
Supplier#000731537|CrPCTlcXUw1v8Jfhp5RrUMF2otqgL NYhBXcbQ
Supplier#000731635|2YeZMtWX8e5jtTgpAWlqGSkiQfCCBv
Supplier#000731697|S,KVxP6FibgivKgO6L0CP78pR,kWz0g
Supplier#000731848|Y7u36,ERrUXhbJ1wwfk5PSrP650q3Pf58xF5Vlh
Supplier#000731871|HzlilUsbr27WbsK06d,inav7kH0m8Vuj
Supplier#000731899|JbMUJZUWy4wbLxNS rOY1z
Supplier#000731937|PHYXuB40Krt9OWjh4RPXS5qypksQ
Supplier#000731968|j3xcaU0AWsOL
Supplier#000731992|lwl2j ertaOu9pQ1aP8vd9MT3jRzM
Supplier#000731996|w15NCQ8c5gH
Supplier#000732010|AlW2IG0vHrreB3,efjG96R,8
Supplier#000732032|JLasCmaYdmH1BTFwu4aPV
Supplier#000732252|7mkacCqR EM95ecET5G51spmSTTbNquF1gM2eS C
Supplier#000732320|9mRsvJiK3hrapTHfh,ndii5Dm6w24
Supplier#000732369|HqZb tsfP4gaS3Odl aW1,Wakp2ue
Supplier#000732533|nO5bTZcNwDjVDvUX2zLzltl3y4Q5TpWrJ2p2jALq
Supplier#000732556|xK2PA6a9X5fOQ8QShxD oaoWcRWa6YY
Supplier#000732639|waYOF2Jf3NCN
Supplier#000732640|r0JyW1BJvqo0Z42i
Supplier#000732686|qK14n Y4AyiU,UR1gpVTM VXJUsc
Supplier#000732739|Cr4rYcmHDfO2Ol7yCvfIfG5T,UKs
Supplier#000732823|7OWYyISEyR2Sy
Supplier#000732870|4MBXsy9tDKRqKZDoDKmPLujR0
Supplier#000732993|8W1,BgWaiNDadO1ubt6JhbHoxgr,TqDVb
Supplier#000733006|m0jeOdSZwKOhgsZU M
Supplier#000733013|2T0ks1cUMbbHZwrSM0KMY
Supplier#000733034|yGeqhQa65,ry5njA1fKjsYzipFPpxpnKf4jyx
Supplier#000733093|kQ21kFUVeu1XSdwqELs
Supplier#000733163|l3bFv9VjXWb99gr1
Supplier#000733329|QXD6E2gWGeLkGkMRCjYHzG1HnlufIFPIyVe,
Supplier#000733391|qClnie,tIJ4i4uB4 
Supplier#000733417|YaXwpW6tpptt1GGZ0tcKkSDnKM,iHD3IBL8
Supplier#000733490|UjxW4gxFDFD1,QsYz0V iIuEY
Supplier#000733497|BLTIhdHvkEqrge5Yc
Supplier#000733527|i5rSS,A5EWaSSWyb Na
Supplier#000733557|xP7EyU9K4tNcbW6oE7VtHn1J9tPMEkLi4qCw5lt
Supplier#000733822|SYwIac9jHR
Supplier#000733835|ZGRktmshAf5ND75g6QBoX2W1YbhZT3p dDBUEc
Supplier#000733874|6L2XfLhwRwnkkm9BLFM3C
Supplier#000733880|AtwjvbpPMWLbXQn kJfmi odWRA
Supplier#000733888|JsHOwKLBtCkk7JfREz3nCcZ7Csvu
Supplier#000733923|c0ZKEnuw3Pxh455fThAQui4VgGzcX0RKE50v7fm
Supplier#000734022|CqzXAl2wT00k, 
Supplier#000734084|1g5XVfHL6TE3JsStNY2nn69Lbyjx
Supplier#000734099|Ey66CU9NvO6Z2Hv4kY,CdQuZcg0 iH1ZVHZFNM
Supplier#000734135|WiPYd0qhL 7Z1G0m
Supplier#000734171|9OvUAE7Hduon7Ysrk8pQIDFnqWLzYXrc2W
Supplier#000734178|bSCYvG 6KKRR7CVzgh0T
Supplier#000734182|tUCa62TuOf3K8Mo3ESHfsHT7gRasU
Supplier#000734213|hyIUFNKZ pmxNpZQhgyB41UwIeo3to6L9yQc
Supplier#000734261|Dj9Pd73YSTFkW0JpUFqQyZ4SJhHZW1KxmcJPl
Supplier#000734296|n75uiCbehpkv9zUFHWgYH0aIENM
Supplier#000734379|fO99YiyIHJv15FvfJ5dz5FKp2o5fNRrban
Supplier#000734386|AXuNo78QsM85y3aV5HFA190xIH,ZGQFB6HM
Supplier#000734406|NIukTJl8eaIPYK4Trpkg0Fzzsit
Supplier#000734461|3TJHna9,9 G
Supplier#000734588|y3zH4LoLEe10NxSXMvh8XdKLFH
Supplier#000734590|A4VLGKz5yT1UDx,EPkUqTJab46RnKgqYV
Supplier#000734657|uBgAKjGzFxmcZ
Supplier#000734719|8Ee8CzYeYxIP3 na,1DZioLx2SwRC
Supplier#000734807|tM1ahhjunwukkmP5S8NgcxRPuYe2p99
Supplier#000734829|Ht ,1CeJ0tHoWGDHndTC2K4,pX nP2L7xr
Supplier#000734838|eJgU4iAnmpo7Xa1KJNLvdObq6N Mg
Supplier#000734859|TqZGdV02lnVGV3kd
Supplier#000734918|dE9Y,yhxKjWs1
Supplier#000734977|PI QdNbUXKgj2dwea
Supplier#000734979|pH9cqGbC5I7
Supplier#000735024|ZJiI0DmDiRuedzmXffBSl4yJqlqtPMJzH
Supplier#000735059|akyLvF8o33gd5SGsWpTdgf
Supplier#000735155|X4BtbNXoV8
Supplier#000735178|Rclzahbuk4Dvs0sfPM
Supplier#000735185|,Ci7ImC,GlCGOekGMYAXW8Y1mz JurqoZny5nV
Supplier#000735213|GuiyxIKOyOTTO2VCFq8TlkEiFZBmw6
Supplier#000735246|FNoBkgnrTHy3R
Supplier#000735266|IaDtYeFivKGwct2EVj01LzaJT10LmzRbjnGAC
Supplier#000735296|AqSaZwzyun4il4ln0UL 9wcazlw
Supplier#000735338|cHCHv314GZPPHGu2Xt8BaXZIUV
Supplier#000735454|ma7yPU,H6FxxWi6KFsdlz1nzZnbnOSdPCbhTxX
Supplier#000735484|LcKETTZVEoqjk0EGxOjiu5e0fM XN2j2p1
Supplier#000735546|Vv4iJ0kmrb9ws0WghXXMDwjSVRts h
Supplier#000735610|od0DvVjQe2DA
Supplier#000735733|f6JvgHGA2ViwMQY
Supplier#000735765|aM9kHqd9hwLAu9RK890O,jkvFZl9f6
Supplier#000735781|KAYyjtZZr25LZR2kL,o
Supplier#000735801|jnmjVUN,lK Pc ULc,yhEJE2WP6nsQ2H
Supplier#000735830|2,W Jb,y4BxHV,OcNYemDn53PSLZRl4Af
Supplier#000735942|qBPcfree9LXOHR5ZmSMvHMK0wUku2 
Supplier#000735965|SxKju6FxBiyLOg3PL98O,9KWxqZ
Supplier#000736061|YuvtxyBTR7fPaauJ9qu0IcHAMSvWU
Supplier#000736141|YVzlaNSac 7KWVSI
Supplier#000736184|mvI6Fwt1k8Y8Bb2mc
Supplier#000736235|I11kO6OzpdR4Y7OwB2TI1Q9On970qVJYgj2aU
Supplier#000736245|HjP51t3qGu1IY6pxeQQObzRHYHlcEdwJhCX e
Supplier#000736356|J VjzTIYV2QfoAaqRw2ubwJ0Bp
Supplier#000736376| pTikZvYoFtBlZ0o8zqNtSE,p
Supplier#000736408|KoLlmT5HlGs7TIcSwCGz8ezljYSek0eJ3e1
Supplier#000736512|N9kgVHtksinLZ1b3T97
Supplier#000736713|y1qi7oj6LN9A77Qa8FnwVQ0T pn9A
Supplier#000736722|Uk38fbtvxbL4yb8sz9xc9
Supplier#000736849|gJw cg2gd8,1WIfm 4E ,hxJtNIRAzUCI3FrU
Supplier#000736986|Pl2M6ZhFtSZriaeygIK
Supplier#000737014|ET8wx7lfYZ
Supplier#000737117| mnZBjhzB3GohT0I2 tU1F1 2AJZJ2z
Supplier#000737177|T7DKwI,DhWs
Supplier#000737186|EfMjGzI1Ek5Bs0yeFgl
Supplier#000737204|F oS65pZlV9xEOww2YrrcjoV9n5l32D
Supplier#000737215|D61Po,xMd4KHha
Supplier#000737254|ig5ErpsQy1OAJ0zCT6bkSKVXLmNGCd38LrLVG
Supplier#000737255|YeaQCB3siU6vM5pydp
Supplier#000737289|C2kVk4PQ tP,
Supplier#000737388|E4XG6qQ HXMP2Yt1FIL9mYNAnd68E6gajdq
Supplier#000737409|OdanW 2IWZLUWLL0dV23YYE2McX9
Supplier#000737449|NjPg,ZIRophyu9
Supplier#000737491|,qk8cGDRFsJGMMUhLfJZLYbGyN82
Supplier#000737509|dDwHwIIsH8Zi DgkOIjdUtVwPT8Yp
Supplier#000737522|zmjlLcx5dFCEd igwBXzdguz,
Supplier#000737665|b2pF Du8kTk7wZJZJtzvWlmlq
Supplier#000737672|MSB3kq7Wk,bTjLfrF0Pn163qrfytyl2V
Supplier#000737676|lmvCv4vtpWI66erG
Supplier#000737686|5,frbUaV2xXWZU2W8FZ85dbHZ4mlN2SRi
Supplier#000737692|ecPcWpzNtymVD6YbuKx
Supplier#000737793|WY06v9a2D l9PedE1XvI2gicuSSJcHVzeE3el
Supplier#000737859|6JtXAdPNwEOjF0zkSMB2
Supplier#000737917|sibBbg8jum cqMJjrmmMeUnr ZiNvglRhhbDogBB
Supplier#000737976|PR95bPxlvRcbyevNQ Lx8s qrQIknu,
Supplier#000738071|uaEP ehUAXzHoy3
Supplier#000738121|O,BRmniTVuaisjT0IxDUYdLF10
Supplier#000738211|RMLyBHCLSNAQ31haCEmIRcE9n7AF
Supplier#000738257|wv W1bdaH2D
Supplier#000738301|0UJQnCsUHvx37y7ZnDFehNFgt67Qj4dZnwO,Fd
Supplier#000738312|BrvGrma4bVa8RMKxllY
Supplier#000738653|W2EttO9W5jYj8MT2BIYIeNtgETbJYy zKGZXX
Supplier#000738654|zCVaGBIBC,olfC
Supplier#000738660|pjwMPVK1qPhd91vp SoAEFPDAVZDu3cQtszs 
Supplier#000738797|PkJ40zwpxo2OJ
Supplier#000738879|lKPZrCBQbfk FEIzqAEoCctwg2MmjWiSz,nU59zP
Supplier#000738930|yS0D61cQWQF2 cOl9QcD,T
Supplier#000738935|aLansH5E88V
Supplier#000739050|gZ,C7O LgpkVb40Jj
Supplier#000739101|5TEHWWs3Ebzuu9az7 
Supplier#000739149|sCts3QItACe7Iu
Supplier#000739159|RQV4G,chTo9 CIw0P0MGc,kcksesrMbYih
Supplier#000739246|p4mnv,Vn Gb906t6w
Supplier#000739342|Jn8e8BZaTRtqWapJysT
Supplier#000739399|twL9h ,oxp0TqFfR BScI
Supplier#000739502|fOGhybGq5idPWvcho8lmT2rb7 beG89BVoeqsN
Supplier#000739577|JZ6 7YFX raGLT3ughRJ
Supplier#000739589|z6fdmiTXTIQpv
Supplier#000739636|Npmlm04bJ0Tm3rtc5GeGICujq6dbeM31pw
Supplier#000739766|Ejm7G99,NmY5TzC2 yvZ96 I
Supplier#000739798|shYfnaUFzvzJ6lgf4BpmwBurrbfd1d7E
Supplier#000739845|JlkiC2IgrWyrv,O6ARmBLi4n
Supplier#000739900|DofKt6FaMwiaMAfFp1h7dLR67dMFkpAYtG2L1k9A
Supplier#000740026|Le3W3Iwid8Fj6TppHi0r2a4IEvAAuU
Supplier#000740030|UxecvsX W3y
Supplier#000740185|pxUI hPJshSXtagoIn,
Supplier#000740227|n5WwO7ZUWa6LxPU,FsbhmBqmlC08zM
Supplier#000740274|ZewylG UZn76c17oz
Supplier#000740311|dsulyMpYHQsVRLM J
Supplier#000740330|xpnuDzQFiZyOhKoThLHCZjzVpFLffv5vKOsSh9Wn
Supplier#000740369|s ebUMz0vOUWIbkzo7ch0
Supplier#000740527|Ap3Jxs5MZ4G,6c,zOV05kOPi
Supplier#000740548|8ve4BGTeTvky3dD4Z rX85B9JYf9KpG
Supplier#000740582|S7SnaweKc0CN66hz,ixq9LF2ux25
Supplier#000740620|c2FcCsFzNHnPqOgUvD7KObcs
Supplier#000740654| IvdNFHQ2RTMvzzu
Supplier#000740684|M6dO9GZERAhl6a
Supplier#000740696|RlUIi1WlIipzUn1LUVaGy1jN0K2OxonLfzjQczZ
Supplier#000740796|dOXe,3mD0K,aQyeDYjUsnbrEeMv2wwfXyKYx2T0h
Supplier#000740853|aFZlTpoLUjMNjg XDSY
Supplier#000740862|vMY mCGaq5 m0GqnWzEj2VSp77KBDrGcsk4u
Supplier#000740882|mIscsYy679 g38DZH
Supplier#000740931|46Kt7tgvVh8hoBmXRSJTFSWethKjcYC
Supplier#000741154|C5AD9Whwz,3s2N4muhuLg0QZtZzjhuiB7DiUzk
Supplier#000741167|fmPGBV5T,XUTkzFshA2z
Supplier#000741209|Z0XmS48yFDh
Supplier#000741218|hyHxwvqnRLPzGZk
Supplier#000741263|0EY8BE6nOWoLgTHq7fTFeev9moAbBll
Supplier#000741390|SD6pohNiuDOqbnGspCSjyI7bN4s3m6S
Supplier#000741435|sFl7EPHT961lZ8elj,CmCnEwv
Supplier#000741453|r0XUYSFgYUQ1A 6bc,SKDWkOnVNPYC3HzOslX0
Supplier#000741733|Phb 4tMJdTqzVQtuS z
Supplier#000741971|D2,H7Av6vRKmcyxRezqqwRbqNkJiuVSV,6
Supplier#000742033|T1TgdKILEad TSs 6DCn
Supplier#000742111|SCN4c,M,9ZCjvcOwcmMkPeGWF
Supplier#000742155|sQErjELe73Mu3Q
Supplier#000742264|rmOMBJo4 wfkPWvnIHCl5sVdHaUwIU
Supplier#000742308|BqXhx9NFgKROij2lGFLoj
Supplier#000742456|DKe1RVsX6Y7V8
Supplier#000742477|HtvBDxqFgk5OlNzSDlVT,Ps8wJ7rablh4ouQsx
Supplier#000742484|XbcaAw2i6nBddGNxnFqL9W4HEJa61
Supplier#000742609|sPK8kN7L55kv7
Supplier#000742613|dHJ834dotEUzb,xbgYPmXwu1Il2pPuKkMqg
Supplier#000742648|VDuo3Hn4mhO0AlVa
Supplier#000742685|lOq4nyTpq9rQ83Q0K45b8UeuxgAVoaMua0
Supplier#000742705|npUNQ6iNZ8vME6wa,Z3OgYThrrEr4SQro
Supplier#000742721|3mVM,5FMgc
Supplier#000742753|ew89b6g3obIGQYo3z snliH1goB,kHh0R9Yy
Supplier#000742761|y2qNsvBdkUT5O,F3ab2oy4T,
Supplier#000742890|5N0VBAbuzcIPJaS00gezZ4KbOco,Seyi
Supplier#000742896|AJzD1jOoZ1l35zBBbH36,Ik7OFtQ
Supplier#000742919|4OkhXOnIHE2x1,r276C3lyuQf,l7B brt
Supplier#000742927|,6vYhXGxPE4HoVwGeqE491,Bmha1KnLzIpXTa7b
Supplier#000742944|4QFt0NCgqKspZ2paT8gstYfbiGHhc8qqBWff,u
Supplier#000743016|O5GIsHbZeuzaJGIt4hDP31BqV
Supplier#000743056|ZHdakzLok6HYLMj6jmMMbHImmZzCTBYSjtunK9e
Supplier#000743097|dBYm5DCU9hZlhVZg7uwT5D,
Supplier#000743103|,OHMx6 4K2Gyu
Supplier#000743161|7SzoXz4rMlIH5XAF rX6z
Supplier#000743187|GQJnEN0gdnNRWCoHOInvT vZ
Supplier#000743226|Oz0CtesQ3KNY47
Supplier#000743327|kkvQOXOcOzqkoEqeGlMDAR
Supplier#000743378|xJ3ADMDEQroed9Bi8SKWYytRlqC2
Supplier#000743393|VkA0vn4iai,lQeaNxsqYS8EUGiV
Supplier#000743402|,kI2WWuvd4jtK6OQaPoKWZ4HthJ gy3NJr
Supplier#000743478|4cTh3TMAVbZV8n7BWOCdwdzRhQKHocqt
Supplier#000743530|epkMiLeEylR4tUXgSw2khI94wz
Supplier#000743743|37nKj2aVtVA4uj4Ni0ZkUH0,B7R9hI
Supplier#000743943|GhPw3PO80vHlr9tkerFmphajvRQpJwLS94VNe
Supplier#000743964|Ws2CCCkRPXh
Supplier#000743997|HhAqHle5OT2uQwJ3TuULz
Supplier#000744020|JQMAMuAh3T,o6,
Supplier#000744162|Gz0F7CYlTDmtAf a0VQTrOZikwqJF4ucI2Lz
Supplier#000744177|MoZqKS9pQkFJD
Supplier#000744184|x7709ZR2dX0cME5js4PrmSxV6jYajPiI
Supplier#000744227|MrHUlwaJ3yM
Supplier#000744273|Y SK4ki5HRNG
Supplier#000744303|kcqbYqinb,S wg1OBIqmN5BZ0T8P4Ru
Supplier#000744326|3HMgraUyDi2kezlQZF3ldTncS 8BiiS4
Supplier#000744337|6gOyEBE61NbqiU,cWkht452eM8,Z3sR0LhqxnHnG
Supplier#000744383|VVz6tta,2B8dfpqKyZCpCigphaw55,VsYCgayLV
Supplier#000744442|qGTySwCeiFYnBXo44r1iPk4FO47
Supplier#000744631| ukiS4JA,Gq
Supplier#000744809|UzQwMJHxhBYGzD4oBEORMlsMQU
Supplier#000744962|q252ifoSTvh9XmexEzcFpHFA7dyGJPw
Supplier#000745057|,TUbi67wfPzwBUiwCEKkMG2qI
Supplier#000745226|BbK M adyBI,fKw,ZuhoU0IvnEA3B6eXfTO
Supplier#000745233|I9CIHSw 4Zh4Kgy3c6
Supplier#000745251|RJJWFHWeIGcRrHOMHL4q4FVgoDGTr2Mj4
Supplier#000745270|3Yg7YVofQZY lsf GpBqVFWxqvo,X4tTN
Supplier#000745275|l4dOgZ5FHRq63y9Oy3scjlA
Supplier#000745296|1JtCJExsIYjh6uE4zA0vtDn4jwWZpwpcTs7
Supplier#000745318|M7oOo91s3sLoJNaOPxOeRkHSYzHlpHPKy
Supplier#000745416|c4tpNqfRvV E7t1DHM36x5XK9xF8ccxihS6Uyjts
Supplier#000745450|PNdlCN,npPn8HHONR6UstXqSo6gR42kl
Supplier#000745454|Ftn9dZkELmTdZP0yGGZmhmM0COjb
Supplier#000745457|rcQQ7gjf 9Nr4JbVTneKX wzC7j10
Supplier#000745533|L omXMMqfqqI117EeSCudEyoRd1NM
Supplier#000745579|q9pjwQ9PL4u0YfKDw3u63KD
Supplier#000745610|kAy9RHfNo3aHMNx8T1ntPQTIaoYUEoVozO  K
Supplier#000745613|VRZC,iQ2HseZNrNINLBx59in
Supplier#000745653|CSPPDfORC8fO4DqboC4ibfU0Vs5,
Supplier#000745710|ey1s ,h0nWTINamkSGcHhU
Supplier#000745713|uLJYOBYU1oaPsssaA3jO
Supplier#000745740|1jywcZ1JePED6q5NJo4aQtzV59iHSjFrce6L
Supplier#000745790|1kJFKOI7DXbAb2cOYaKgPSBD
Supplier#000745875|5BVNKw6zUzS3,Lt,mb0G1cZBWje3lSOdv1UuVtH
Supplier#000745915|AheAbIsB7sPzV1giahUBb6w99TZLbutrcH
Supplier#000745964|rAc,lh,Q17vkS8Qk,xS
Supplier#000746062|gbMovRj0qx9bq7P7gzF5BBp
Supplier#000746113|G24SI05p6nOGHzfpStGCmkXK70
Supplier#000746135|x6K5X6Xnk6ll qgTopW
Supplier#000746213|TdEuAJRUpiwcfDg13oJRiAYHcKL7wOIEcmTrlpk
Supplier#000746397|2TgX57uDOkFCU83K9rjm70o,60R0THM
Supplier#000746427|TE,z25ObxVPqixwP9XG5LWL1m9 ppE89x8d
Supplier#000746463|PhNk1OFvvUKEvQYVI6bGkHZgMZpB,xWCFZ4T
Supplier#000746565|DydBKKk,IrVPqga6Y
Supplier#000746670|NikNiJGeKr
Supplier#000746673|r1Kz4dsqh4pvyRThcvrVXTds8Ayx3FyQZs3wSpUK
Supplier#000746688|Ci2t0qYy49S2DT89
Supplier#000746817|aDKeS78qY0X 5oZX1AwC1ZsssGKwWO9E
Supplier#000746862|slI9WPumwN1eQKdeZK0cAwTQoV0LaJMqY6
Supplier#000746881|pj0t31eyVQWjeLuLBgZ9qoJVXyd
Supplier#000746943|tVjVLrOo3xGP B0R20giL
Supplier#000747146|o,xOawa8zyNp
Supplier#000747209|6exMr2XTaEp2sJFj4Q49
Supplier#000747309|o7Z4EjY,joaST0H6VrktxROHxEiJ Z4axTttqobA
Supplier#000747341|77iGW6O6xzfNi0b7h25V8Uqm0jxd
Supplier#000747360|TZ2,7dMbDY48BF3Fmd2CoXS0Q6HfzT592
Supplier#000747448|N2J0wzjpWs51pNMBCC7DSSbQD,sU0C9MEKsSB 1B
Supplier#000747568|cB7aW5cWguRKvCJYBa26YySKyS1Uz8Nwll9lV
Supplier#000747660|O1TGPTwv6J7FKYFPAoJXGLKWTqqkWhl3
Supplier#000747664|rU5tNG5FSQ87QdGXnvRXP35E9TpDK2a0v
Supplier#000747739|DrkB1nAw,QczL5URiBgn2crT7
Supplier#000747770|UzozJYET6exDd8Nn
Supplier#000747848|0zPPhiRhj6jS1PL8X
Supplier#000747851|,3huyPoHiV,OC63uD210Jndqh9ecIUAgl aXRN
Supplier#000747852|o88OSw2dsj66a jcO2nXScgw7
Supplier#000747869|xAGIW1M6hpaJL7r9QAbjfKyW8br
Supplier#000747992|MT P23bO2YuSncFgS fnQOApWSpdoY9Q1Dw8
Supplier#000747994|F2K5dRSu4tgZp74Uw
Supplier#000748027|dZBnW8WmWPSnZ
Supplier#000748049|Szv6WbO,9BplkhbLDUNL4RWY6
Supplier#000748063|FSqWxBQadWl40
Supplier#000748065|CaUzbcsfUZLdM5F08f,g nXse,5cMiB6RuOvbYh
Supplier#000748112|rFaq4Uq6BOjl,vqmwJL6,WI4BV
Supplier#000748283|H0EPkfaNYbpZr,dELr
Supplier#000748473|7BvwBZ3g9vob1pRWSh4 mFMMvkQAD8jyfCrX
Supplier#000748582|HFZSYa1VESGk
Supplier#000748584|A2vgSDLt7ayB8oJh3XV37FWKFoAHrhOu7p0it W
Supplier#000748795|NsH R9WUku7LmS3B,KSYvczsW nzu6DQ
Supplier#000748814|HCAHZ9hpbK,KzopTRak0bBcKL6LU
Supplier#000748898|B3TUuYDPKLUbJDu
Supplier#000748908|lvhSxG2ShVbrsdDBMwzyLQ
Supplier#000748919|4ZseDnoGpGMl9f CV
Supplier#000748930|DjbG9WYcBE0zo
Supplier#000748966|hgVGZGt5fYfZLz4d
Supplier#000749042|TUtYir16TbxJtQSnbyhUeSkBGHjLL
Supplier#000749078|eDM04uURDC00GDq
Supplier#000749216|E01xAnlcg1,6Um3,dnKLNTmVAYsog0qkp5e9eVWF
Supplier#000749241|twUu9yHQfhwMYtmjQg9nMXqz1LC9VXC zPaGg
Supplier#000749245|C3FL,,NnP2AY9l7,76G4HSolhNw4R7ZOTq8tEjY
Supplier#000749250|i7pzwt76oJxHeJUf1clrWZm
Supplier#000749311|5LPrVlyWUw1UN1dK9nriaTWsfczkLSqj  N0Nx
Supplier#000749314|liDhNmEyFOOOkLDpBIDFq3X
Supplier#000749402|zhpNkGAdbZ
Supplier#000749485|SOczbC13U8ISp9YA4ODLKIPWE5xjg
Supplier#000749535|dlVNGvvlP6idWSptwptImRml3EblztkQyfEw
Supplier#000749544|aOdVP3INYz1NgeTnhXoElYKWktYgKmJNRe
Supplier#000749577|x,ZHeGami7SIaWy 7
Supplier#000749631|4Jr3R28t ,m4DsZWBaufpH
Supplier#000749639| 06RwJFVztpfC33VIRQEAEeP
Supplier#000749700|UrUxxWj8NcU1B 0kqRZ948P2ou0L6bMp9Epb4c 
Supplier#000749760|H9l GBkwJhfDZEbtcPYXaaLldSsSpbC3
Supplier#000749848|DQ PnY8YQKKBSa2vZogPO
Supplier#000750001|GjxjHOoPfViIr6gIKem9jyfVH
Supplier#000750097|wqGNFHqUByxseLkp5xx4eJcSY
Supplier#000750102|QXBrt5THhYawTvOt84KUxC5BRQ
Supplier#000750117|hpG2gGpPhKB5,nL7ulTFEhje
Supplier#000750172|pHdTXyf2keN3WoKp
Supplier#000750204|HpMMHpag 2UEk
Supplier#000750222|IBJKEM5QSP2LXmMc,DG1uDCoGHLMfeL
Supplier#000750364|3Xwx3MWRgmXC5aAc3TaXuXc5cuXnaFcV5maXO
Supplier#000750409|LdgtHagadR0
Supplier#000750456|,L1uZYE x,Vd3x9h7Qj61b
Supplier#000750470|4Ghi1NB1vBQs
Supplier#000750479|w9roKqgr1Ss9MsnA1y
Supplier#000750511|L1INrGmzewJMjBdE,zj7oLph
Supplier#000750561|AjmBr bHGOG1gvm3JAEDDysL1HR6npga09
Supplier#000750568|npj5Ie0DDbOIdxp9tPoxo
Supplier#000750711|XDI2zaEovt
Supplier#000750762|uaZUlDNGOFBSTLFBLe
Supplier#000750781|QdyJb4JrrEQ
Supplier#000750801|7Pg0jYYy,E2MVSJNtvEu3M46yvd
Supplier#000750847|co1Pq2GQljjWO1cY
Supplier#000750896|vtW6v7MTDkkcCjYnfgpEENLSBsU1JY6wgP
Supplier#000750970|BGjJFdpqNB
Supplier#000750973|eDYfvmMb1psT9
Supplier#000751082|wqNVq8V9d4dgY qaUDhvFFR9h
Supplier#000751131|gX QjRK6TqL1YO3NDkv0Tst 
Supplier#000751196|Du6SGMIh6js,5ml Vk,sPTrd
Supplier#000751223|sLrCkLH9F, L6pmiASYqHasfIl2VIMwWTze
Supplier#000751356|goM0NLMkCDi4k1KRHIX1
Supplier#000751378|oSu3eapuuPtUv,JNbDhAE0IfT5,2Qz
Supplier#000751424|i3KVu7D5qisA W0onv4sCiL8vmXA1PRs9
Supplier#000751455|CiUevgU2C0qj4EdfB0E
Supplier#000751513|zwRXqlWreyq7R7YYRiknqRp iE8t0
Supplier#000751749|6WUjE7RcgFF
Supplier#000751753|RnkTlccZITokNBL3b4Dp7NKvDLodYDGNr6y
Supplier#000751834|kvRu6U3lSfH7IWaE
Supplier#000751934|X0QKcrz7b 4b HzodkfcsK24aqOQGGb7eZ5FyWGm
Supplier#000752048|5Pxy1C9Kti3019
Supplier#000752057|8dttIR9xwiABuypEKziIChOD lti
Supplier#000752147|5oLyQjL0eVrZ8DQTbZc0
Supplier#000752186|95JHCEc7Ug3,4h65O4PJO21oI Q
Supplier#000752220|Cb4N,lJ4DPbNvL71L
Supplier#000752288|CXY5MU3QemLkdgg0 0rg6nFL u
Supplier#000752524|,EZ0MmY06TccIAOS9rZNwHScClh4R NBvr
Supplier#000752607|1Sh7OT94zXL6WnsSqBye3XlnwXRa2iY tMSj
Supplier#000752672|ui9G8NifkVx
Supplier#000752740|Rjn7ObHpVidwtLB92Oj0Q6QZeswgHlZZNyp
Supplier#000752840|wDBuDgWkOXU
Supplier#000752935|nCIb,m7WSsmq45y
Supplier#000752942|LvfDR2zqY1Xyz6Cv7GwFPMUqF7v5WZ4AHtePn
Supplier#000752988|vi72TzV68OWyTfmjupaAyoy
Supplier#000753012|5QCDV3EzO1fjJka2qWa8odIRI
Supplier#000753019|dWFVvOduuDQrTg
Supplier#000753080|M6R3GV2FQZF7v
Supplier#000753153|2tYFLulgLxfWPh7NGIxqj71 bIvvwvus
Supplier#000753233|pjmrXV2ZYM LHL8Cc3VHCJzt07Zwhit2lEQsT
Supplier#000753353|biX8JMu5fJ7JfDWkClT5FV2Pdl1REupIlE
Supplier#000753364|JD1cKzAG1,25ftiNNLyWlvCWAlej,
Supplier#000753377|yKStRbRypuuVXd6KAsSU4dUPfCNjqbTOd3F6a
Supplier#000753430|xmdWNjpjKqQXkeX VMvmvG6IOG0
Supplier#000753439|6pRJAuYPdNIMSedhTrpXZ
Supplier#000753450|fw0ZVxQeRM
Supplier#000753456|D2thTe3qxKK
Supplier#000753458|Aw2srz9Tmw72gOnOEoSjyQ6
Supplier#000753473|B hJGhau85iVlDOBOWhCtdELmMy8m0hKvtPH1QU
Supplier#000753517|TwKwBRtxtwVbx,DRUVz0MhF1pC7
Supplier#000753552| 1ETdQFltlJEuAbw3skvt5qjLuy
Supplier#000753565|0LW17QnRMcVNCYRPaEtLxVjBT
Supplier#000753640|iOmJ1VTLAPEHI9EPgz,QSKh54BpIS5ViqODtaoZk
Supplier#000753693|TVD,PzMXiPl6SlsmDrTL67YvOJrfEc
Supplier#000753819|ywca8SaKqI68ap8AIhN6bqm9
Supplier#000753905|KFEMdjNhQE7JJhBcTb4
Supplier#000753961|1nzlnULITspYZUMljG4NWfu7
Supplier#000753963|nYkzp9kXkcvtbGfthDekA
Supplier#000753995|J0hSZqFhkzI
Supplier#000754034|J1IbDTyrtpLdwH,DSV,,oEAXFsNj2d
Supplier#000754091|DwsG5KLUbktEEI1
Supplier#000754107|3,wxfo9btFshaqjiM
Supplier#000754108|Xou94NU bkhsZ7HBbLuyjDMZUX5brkSN0ZG
Supplier#000754141|KFs59,GoGQWk4wkqQegMBwFCt
Supplier#000754148|T236hBs 9bKif2Z
Supplier#000754165|EWxh,waQAkt0
Supplier#000754253|nHyK4tiI,wMV5eVIa9Pak2oj3Gl5
Supplier#000754254|t0Ggw Z2eVNgUKZCPzBjof99Ogd pBfLiO3ESR1j
Supplier#000754271|B6AtTIlBVvjnaFlJCF7Ok3y9yETgdQR0adJq0z
Supplier#000754354|trzop9aW,Zs,z85jpBzb,wWS
Supplier#000754458|vBSRWqer36FjwyIKk9i
Supplier#000754478|KXk8r0foQCrnaKNgocb,McNvkkWNSBmaOu67u
Supplier#000754508|1y3wcYao,QE4  m0mYXrLc
Supplier#000754607|cs,BCZt0uLW YcokLEZOfTb7aiUo0
Supplier#000754647|r0p4R5uY2WUDAs6FqjwYv6Y
Supplier#000754737|Sa4 GB7,2cA
Supplier#000754759|dsWVQY1Ef6o0XvQ6967m
Supplier#000754840|WymAIbeH3HO1Y
Supplier#000754869|LAf5ezRZ03VwyURH
Supplier#000755231|quYA6M4TNqyjFzByhJVuzLVdfgjx1glH
Supplier#000755268|uzTewPmCA aRk2iwqmLw6
Supplier#000755393|FXT,uBNY3s8cJnlrMLy8HS0RwB0tu8g95kQy
Supplier#000755425|HECIXMnN7Lj ZXczdFixlzabG5Q201O
Supplier#000755445|O4qEBMQuZ3JrSkd5
Supplier#000755477|RUqQvDe9H5tKrGb2V62WKlKzB9NM O00Bd,6W7
Supplier#000755543|I9cQfjy4apUr9IzHrV8AJ8XD77Mh8
Supplier#000755585|G1rq3C3gKftgwx1wKZt5r4F74CjITRMgR1B
Supplier#000755610|BFmOT6f95R1poX0XgdEL4
Supplier#000755672|Uo7RdRUneZZclCLWaZLD,
Supplier#000755730|Eir898pTR3c5aj1HhmXdPfWYy8APhPQ,07P
Supplier#000755776|lfKGzIpx2ORt 
Supplier#000755814|4w8B5D2q2xzj 4,sa
Supplier#000755878|ARTogTc3VSeNCuIzkPx41RWNc n 1kJkB
Supplier#000755902|EUc9 R4PqHslxxQhj2UQD0h
Supplier#000755934|vLSc9uHr6jbuUi
Supplier#000756064|mC6gClc3UQ4aqQo6g
Supplier#000756067|NGqMTE8vmUnUla0L06XrZKGe24403
Supplier#000756114|vDSc1Lw Aqwgjn0Y0g2CFsCW,amkP
Supplier#000756222|RPaKB5tV3IdAEGuhMAPo,mGFqOIvwYZ
Supplier#000756230|Pw2gEJ5P3Ocl7 Jgra1eVsRojQCv3zCghAF
Supplier#000756269|YYWdAWz7,J4TEq1Ku
Supplier#000756358|VU3dIv4pX0yCBrOEPkVlmx8N7MxD
Supplier#000756438|G1iGfMsMaK2yR,Qqzw9jyxJ3BdK Jsh
Supplier#000756441|AtgIbhP5ZpmevE0sMI6fLbguHc2YG
Supplier#000756462|pnitXZuX1KZ8DNC8wabwigSNjicjci
Supplier#000756471|yqdUvSkMMD
Supplier#000756619|aRe3m2BJKFDG4Q
Supplier#000756645|lemSm7l9IwMt3IK
Supplier#000756653|N,m5LQ27qfk5PKh0ArmzW e n0K0LFqYQgB32gah
Supplier#000756781|PGhk6mJ6LRs0PQirstHMPlgDikFcr9
Supplier#000756860|aOtHKFA 56vZobxnXYbRB 
Supplier#000757054|SCkcy4sHWhX,Wijz6gaijOAa2r0ZcGv
Supplier#000757066|sx63M6uPAAb08RJxA K7I9RLtUZFs6nMA
Supplier#000757083|0oMnB8LiCHPppI2EA5FvEKuxA
Supplier#000757318|4wMcJDiors6V,7qYKKvF4gpPRjP6jURrfz8RclFu
Supplier#000757345|l5KVjnOuyAKB07
Supplier#000757348|aYtagYFA0IeiN QR1chfXCRIFBeKzKsWw7iDkl
Supplier#000757360|kx6ymPNiultusp6doY44H,qiNps8K
Supplier#000757417|3gIeHirgdakyDkvRG7
Supplier#000757566|8,3QEpwQEICvcy5x,XZmZua3JF38R029R
Supplier#000757625|BrQF49rtQceHZ1GeybRkIJ3
Supplier#000757669|KQ zFFtqv S4vuQDJNNoYULC2Y0,roIZ
Supplier#000757716|pbbkBztr3XX6FwD53
Supplier#000757790|OF3RjcpoYoeeYgvoWvYtOlwb1d3VpPQKsr,
Supplier#000757823|3dudGc ORu14xvaR
Supplier#000757868|nCH8MeChXyWhh
Supplier#000757899|hyrYfPW1ad5EZ155CjE
Supplier#000757916|MNXP6hEO8W6ynN5WqR1J6nnVCXOJcgwK7p,YS80u
Supplier#000757946|U3KmbrZyw,tzR0Xd9mR3eR6MPcX5Ybz8,yo6b
Supplier#000758007|24glua hIuwRFv34ea
Supplier#000758026|MmwUuFmSvfN8r1Ua
Supplier#000758210| N9QaSuWtcOjzK7G2yxoWlDNdEeh0GW5rH
Supplier#000758313|m2lIM62qKRnvptr46Ug5E8z1nDKJMn rpF4Vdh
Supplier#000758319|yRsa9WBLunyU
Supplier#000758336|yHmUh9R6SHWaMBWE,DV1DDuz
Supplier#000758357|d5pitqeyT8MsOzRwP6sPv
Supplier#000758390|c3w7vS0 MFGXqDY3
Supplier#000758426|t5PHXVW3ysAOCSPJypRVbgFIzoWUNGTJka5rWva
Supplier#000758485|x5hPNMZXNWXE4H1KbvVs
Supplier#000758527|twnA8,I90dMi9Ty86ug67AmfffIEN8Tc 
Supplier#000758553|QE2UzEzQCoVfvx55d
Supplier#000758557|J1TCImMaF2h7wNfarg
Supplier#000758562|GEx GjM515AWiixfKoEbKw
Supplier#000758588|v1okR2wILw9IQXn11uWEm0s703bqb
Supplier#000758628|PxzV2ox28vTu7eTbPXe33TB4bXG4YBcBIpL1R4lL
Supplier#000758676|JqoqIBXd2G
Supplier#000758701|HVUkn4yvQNs
Supplier#000758713|GYTW9jT9He7tr
Supplier#000758796|e3owLtJNb6M71R26kqwSXuguwAqEVEgY1
Supplier#000758934|cfPgHQK,5PAGBCi9xVuuKYjp8hcQ9K
Supplier#000758975|562gE5p7mMHe8KBHd6qyOt
Supplier#000759096|51,JaMqNBTIFi2iQI8PnzzSsX
Supplier#000759258|6YQC wVY9rCqaymIyg
Supplier#000759267|HmqMEefW,Jn,
Supplier#000759274|OyXwgFtkWWgTSVmbqhD
Supplier#000759343|xa83 MB0lMMK3i4mNNly N1c9vr3
Supplier#000759362|fZh,rhbI87IDCf,AXKMu
Supplier#000759406|YF5npBBfiZE1w,DN6eOWSGmY7z5mg1C
Supplier#000759413|Wljpb2dwBxS9Yi69kBUr8VK
Supplier#000759507|PXEJusSvaJbNkR6tM1c DYwAiVNjO
Supplier#000759573|drGL1fONrmTi
Supplier#000759593|KftuW4OciWuiOuDKgPJL14kumrdEBNGe1g2x,MN
Supplier#000759621|ymibmCxn0JSzVxyL0spTFI8bwkKctc90pX7v8
Supplier#000759675|QHAB2mktRznw6dNropCeRM
Supplier#000759720|ANKcBkq8qteOPmUVjR3puk G18fSe
Supplier#000759852|ax3CdJxRcbJaf3s,D44m4vzu7bsJTDjtCG8NO
Supplier#000759869|XGPdFTHY6k5ciQLXlxWTMI
Supplier#000760117|BQGGm6R35FpMKPmt
Supplier#000760210|EmCnU5oDvDQ
Supplier#000760265|KV Fe8 T4fxclyb
Supplier#000760327|XG7tfZQxdD,WyNTjbPPxGH1N
Supplier#000760439|WHi1I1jimJq7,uuNPJgr7GAT6N2oIRr5256lW
Supplier#000760473|0yrhHf2Wkljm4rEZATi3XXRb
Supplier#000760566|ehCHepepXAvef4nCnxVpEPYgn7 
Supplier#000760592|bbdnlfuK413PFe4d58dD7Dd5
Supplier#000760645|FLMJxd td3Vhaf4KrykE8Awug5OMYWuqqw
Supplier#000760658|0gF6cy5e1EAPdq,2sDzYecpgoHrk7UHMN
Supplier#000760725|nIby9Z,LLKuhJjK3WHs 0l3pIQc,Tdwb0tLkt9q
Supplier#000760729|eF6a91iSqXhYrGN2wQVH56JSehBXEaD9x
Supplier#000760755|aarEBNg5r8t8T20uPMyOrl79
Supplier#000760821|69UPz 90anRQbI3eXB0fJocNDq
Supplier#000760839|2eDagN9U7nClRMpnBzPMD1HLwjKtUhI4HL9Ri36h
Supplier#000760876|qU88 nuoolAib3R9uW9Xj2BwjkLz kOSwEcr5
Supplier#000760897|FmeK0PItyMJhCEhYCs97fcXW1PSJWz7,1irXWy7
Supplier#000760911|LsETBraVcBy36Z7Ny7D3kUVksIBtRUxzso
Supplier#000760983|vY1v0iiQWkDsiBHhxoRVOH7xvs24I
Supplier#000761160|FmIehEfnDIkNbL2fx5C
Supplier#000761195|i3JgLo8tIRA32YqgqRBhhYzqMstIoRmgda
Supplier#000761200|ZkU9zCFLIWGr37JwknmZ8s86ziVe
Supplier#000761267|ZGB3kl9x Z zmXCBhk7q81ltSnaqV
Supplier#000761463|znEZAYNAxBCU c,PGiJ,8 KHl6qRZoCdY1xfY
Supplier#000761646|fw2z245tB,D
Supplier#000761707|Cyfh1MG58n1YBcd5Bt9FeZUV
Supplier#000761708|FS 8926iaGucIlpZa
Supplier#000761737|O epieHt2vC9430 tQR gx
Supplier#000761791|lWrWe8zSyq2YCEVgdcW8MOE2LQ m
Supplier#000761832|kEiz,i2vQcIocEMGLDOTaq3l0bN5No
Supplier#000761900|3K0CQxC2NnCTldmKL
Supplier#000761914|a2zxzoi8SZ,mfx,qUs8NqZBs9DFa,SEqY9I2r
Supplier#000761926|2ESih6EPhNxajnB
Supplier#000761944|3x388U njW7GokrJHtr6D
Supplier#000761949|uMDK0xWkXtXdmsdRv efRU iWgaipbQ30Ls,aH
Supplier#000762022|1EEkhSAg36lk2V1qnBRKJb
Supplier#000762064|dEeyjqRyO1YyU47696 nqLV88X5VYtL9HyH2
Supplier#000762156|,7SIIUbhCBnJ6iiWTPzgDHemLhsDIt1JlnV4YB
Supplier#000762172|E82yCOkFuqOcTXERSCaNyE
Supplier#000762179|8O7BsgM1av5qEm2ilWj9uR
Supplier#000762202|McBXg2PujpyBJ0b1Z6eHK
Supplier#000762225|Pp6auhxznJUfN
Supplier#000762227|a0UCsxUmFKBCpzsszGskJPAMSS
Supplier#000762268|EUVnyd1RHSVGQtxqaqYyZNvxHyc, g8gL
Supplier#000762318|lNJK4fKwCi
Supplier#000762390|Voo1No7NG8RVFQxKU,plYafsu
Supplier#000762392|nsfXpXdvWqxW33
Supplier#000762670|ObqwI9ofXpqlbFqfix6V3l
Supplier#000762744|sPMxSHj1y7Zjn5ScEVHxaglsq3A4h6p0r9
Supplier#000762753|8kiLldFxpWvNhmHA2wpeOs3Ias W YOHrnIzreG
Supplier#000762815|VMnJYoJLBs1ox57RUC,VE978qjwOd8
Supplier#000763094|d5JWVyeo2pNNeD,JCU4u9oFSoVfB
Supplier#000763136|GIl3QstaW,WzTS9CDt
Supplier#000763139|s5a6jXvo2R8MFKGl2a8O6WB3z,AAy8k
Supplier#000763174|5xSB,gCfYSY6afPKxACTwJYKzzrYV8ljbqOZl0e
Supplier#000763241| IRSHIxR00aIaKvC
Supplier#000763284|aebp94PLhNjFSEmtb1odP4AtuUJhOEU9JQo
Supplier#000763422|B3uEqfwZj0bYZ2ZIfNy1jNSTlU1R1aIIBj
Supplier#000763436|zHVeQX16owHNAnntIw5Pf20hjol9wl9S8
Supplier#000763445|7AAdgfKN7ws7ftug5EHfF9wok7r
Supplier#000763557|rroXhGI5O7B0pxUTIFJKtDNj88ypl5eCc RTRcHr
Supplier#000763579|HalubLUA8aLYupmBKBiZF
Supplier#000763624|1sc Vu,gZRu99wp0ji28
Supplier#000763676|fuIZFJ6snVbbB
Supplier#000763834|cF2Xl2vjua7lResAkut,t,
Supplier#000763965|n6V,N3 pNH7A6nCJuV0 D8oYG
Supplier#000763973|b GZmzLByB73mL9GL6JRbpnM5gwhRBRiEJRUfj
Supplier#000763979|LtbKDyTLGYGwbNKEnJHyAg,4
Supplier#000764086|yFkj4gcGnJimrfbK Rm
Supplier#000764087|X H9HzslpBwOTe73 qCmDSHL83T1nIBQ IV10P m
Supplier#000764131|SMnlY3tBnS8IlOmnWW84eqvM6Qpq
Supplier#000764176|syP6,fA,eo
Supplier#000764233|4HRz0jcGJ7QqBgN7TepAH,Kh5m3
Supplier#000764305|BhZuQBXYOotbLgSLqfs
Supplier#000764416|vw014QMgH itcFzy qIt5jHs1r22QlE
Supplier#000764478|kAlzgR5TTKS66i1RkM1Sw
Supplier#000764542|MclwfoP9vOFImbVmxIUW0gf
Supplier#000764545| Zbe1RrmGPoCCg J
Supplier#000764551|Oo occfFW7
Supplier#000764606|D5TwMFIcEL6hE
Supplier#000764649|YxUHOEY0Tju,U
Supplier#000764687|UkUutWYrws98xgaf5v
Supplier#000764699|KZiiSujmRAlNfrzcJDe8BrQCWTb
Supplier#000764762|g8JBmQcSriQk8YiA
Supplier#000764764|OWn7r7,kuIYt6pSxHzM
Supplier#000764800|U6m1T4fEkEWPMoHr6Z4vCl5giVmHEYykO
Supplier#000764880|5gLqa8zcQSPQpNNBf2wixz9Iqjva
Supplier#000764929|dakJTI91LaTnnZ7c0YGaXxVwsMaAF7imH6,9ff
Supplier#000765016|sfAfk0AQX7IH3qUVfg1FYnZhKAJ1jp
Supplier#000765048|3KGidwhcrAHL4P7fX
Supplier#000765124|UjEbkR3AdZXi
Supplier#000765155|izYjQLNU8dCKV0tHvE2s3i,uWh5qX6kZqAx
Supplier#000765257|DOFdgmGp QI53jFV,dgLKP6cOn82kLRKwWsF2Mk
Supplier#000765420|4sLqQK8pB5QR2jAxxbjHITd
Supplier#000765425|a2Rt kkIopGYI COMryrZUJHKmCThcjoyFHWYp
Supplier#000765449|uXZ7qAsTyBl4
Supplier#000765458|4ZJf,UaHSXlTvL4YlY3stXeyja
Supplier#000765493|hnrzh5iUBJ4TScDDMyAcBiifn
Supplier#000765570|Cd2GMov3isnezi
Supplier#000765669|62,vFg6XxQZVaIzKQ2fG3vHNWU0b0
Supplier#000765695|dxsjE4GgBMB6q RxeS2jAs1Qk,
Supplier#000765697|JXK9ESxKe,EIyzTq
Supplier#000765726|NyALDv5ejKEI1owPAQE5H,oTImjVGORpGrgliez
Supplier#000765882|NPvIOYpr0Mr3XsCOMzuw74C5UNTAlLmNxgR8
Supplier#000765885|uaf78Dp4v Xu XqgfQgoWtPcHm8tB
Supplier#000765964|6ag3kcg78y22GD0ep
Supplier#000765969|PUduGip6lcFol2UkKYYjSiiwQHgk M
Supplier#000766084|iRIRWuD92uCoxK60M1DEO5DCeNJ8h8QmMbc0e
Supplier#000766117|rF7F,Mnl2e4rgV61,JJHN
Supplier#000766154|pQ8hcOaUBD6C1KYJg,f8nFWIusRIeLqfLFD
Supplier#000766159|0dz6YMMD63DVwZ3fz1RlFxahupnbzI
Supplier#000766164|HIZIYQQdLQisN29eavcWHoPacbtW2IQcEbsxA 
Supplier#000766195|xvRI3snc1ZINsmGMp4zkrR6p5
Supplier#000766305|r9c5qn0WT8YBpfsPj3egGq67qb13
Supplier#000766446|c BZsa0B1XYUNy609dBr1hO4ecSSNeobXGh
Supplier#000766457|PP3Eyu7xGcHFH5TB
Supplier#000766512|9Fyl6cGB03cvlHjrIKZvu8
Supplier#000766523|epHKwrGhOc7juCI IG5pP
Supplier#000766699|AcoyKNBe0IdFCWmo
Supplier#000766724|zDfyn1EtSxv4W8H
Supplier#000766776|Rk6AOsnbwjurP8Ci
Supplier#000766781|NVHf8NFXsj5l50nX,wSmchQVceVL
Supplier#000766805|rMbQH92vB2e8Cv8FytsA8dSh
Supplier#000766880|M1tJDPSS8,DOv8OGKGoXOYO7Rx4C
Supplier#000767023|RMpGQK6LZoBgSa7 R QQ6
Supplier#000767052|2wVw QPLy,o9142gW09I407iq4dwH92B4Y59
Supplier#000767082|pVBMrDIHx0StY h,OD91a
Supplier#000767212|OdY4RKSMCf6Mvpn48iAD6v0Wmpc XxiTJ4
Supplier#000767272|41Wv6ubi3Ed41rt,FQPxv8FVVuVpe2zt
Supplier#000767354|V CO3zX8uD4rj,2h
Supplier#000767541|HePQY5YVB,gGY36
Supplier#000767552|asOJKrx 6H
Supplier#000767573|EB1UBvA9k9qXexaQ
Supplier#000767575|962Q1EymUdUivegKkoXc
Supplier#000767618|xQVYkQkVAg3
Supplier#000767665|Xe3DAaQ4ETI2xOFE8aFZ
Supplier#000767739|l51i8coqqOcq35tGYg2ql
Supplier#000767750|2iRqPaLR RMZvB8d4qoRdu5A3FD
Supplier#000767923|skXyNuEqeRXIYS3VDB
Supplier#000767928|lLkdpebu5V6VhSNJyJ,iqZrntvjuO
Supplier#000767975|jpjalIPmG4roBRlH0kpQM9ZlavMNPfLtt
Supplier#000768083|2WfCWWYk60SdfHYvuZfH5OP
Supplier#000768291|NnmMJQ XExLoDyevXSrDgY
Supplier#000768347|4dJRVA7BvTa
Supplier#000768496|vd91e3uLpe5
Supplier#000768497|Wx802ta00MVBTFSYPJSudWiFY8eUfJuNGWfoZeD2
Supplier#000768559|G7pMUswIWpG7uGfM6INwRIazzf2ajDx0gLZ 
Supplier#000768645|Ximw7Fm5,,AK0
Supplier#000768695|OsHSDlyWUU0EM1sVM2jmvtXZ
Supplier#000768794|5LMrJ1d8B0y,fPsz
Supplier#000768874|Fn4S3VnssNz 9vbjPoax1
Supplier#000769083|6UeN38rM Xz78Ks,KPXrs,z02UiBGxfQCl0
Supplier#000769148|Kad9HCgWwA8T3
Supplier#000769190|,jYVbzq9WCXGpAtZiwX8yzh5945858qCAc
Supplier#000769322|t7Dmj5QW0rbD
Supplier#000769323|JMDZiGan6,4tMIvV,3mIMJ0PXl,TGZ
Supplier#000769369|7AeqN6NLF5HaKLwrAsNulhBLhD,
Supplier#000769529|nij39jATY11u6myuoMXpewfcBB7l
Supplier#000769598|vD,y75MuPRW1DWf27ddO,3MIg5M9Ky1sRIcqx
Supplier#000769681|FeJLuqO9Xc68pN8p
Supplier#000769687|WR,IG3jIsXgJyWmcksrJhSTDDsxTH9GgjKE
Supplier#000769693|O3LOgZxMh64CbBAZhXNdN9hP
Supplier#000769762|RKwOS6YOsTb
Supplier#000769847|wAwSC05neyC2veE3xAUqJe8G8ywfZQRDAq
Supplier#000769883|,1wAPGHBZzJms dAygit2oAQAgX6FqRYP4DyWpM
Supplier#000769888|M sPFqkVWN3t4gj2zB1
Supplier#000770008| WdbkKdhSdv7F9
Supplier#000770168|4Fh68LdW6Df7nDNJoHd5svd3fmaSbkeVU2SSsA
Supplier#000770183|bgQEZYQEvr,nkAl47z9Wwxjz8sAZrK6Vogs2MX
Supplier#000770184|36ZKlaC rDs,zGw
Supplier#000770202|3ljXDekUSO
Supplier#000770318|dd,3c4zwbGK4ngrY3prAFhsiX, w
Supplier#000770321|Hx,RiV9  CWDyiOU3D6aSWh2ieaYOkX
Supplier#000770377|CXcSfI,XDE kXE1KRSvIp745duaIWHSxlhOq
Supplier#000770396|6RTWe0Y3dh0G69YR
Supplier#000770422|UJ4RcOhPkcMVEHJ4O4PgEZWnrzNW7GdnkB
Supplier#000770432|jHpXxCLXZX
Supplier#000770530|me2sC114cOljBN ,SsDzU3KRjbjA
Supplier#000770585|NaJeLPHeZEwup6lwdnc
Supplier#000770600|73,yNo47r1XR9tR,NU7y71Wq9,xs0Yhxw
Supplier#000770665|NqTAW8PZ2pZgEYtF0 vC1
Supplier#000770680|9Xb1Z8osBEDG0BJnJYX,WppQy8pAy
Supplier#000770756|Wc2QU0adlme
Supplier#000770809|eUByCnpWjMA5ZiDW6FJdQ8ZOnz0Y2h07pzupcXm
Supplier#000770842|FrhYBe,PH yY4fTvoTv,TOAfdHbmiU32n,0 
Supplier#000770896|kJ8c0i3T6Oeez
Supplier#000770898|Sv1SW2slFJmFMzKHlB6sT86Z8WQ0ZFPIff32R5
Supplier#000771039|reizV,5778sILn3okDTkbiYzzncJNScrK0ESU9B
Supplier#000771055|K5Lx5oZIryZjm6tcSkdJx8BxIVD3Ah7T
Supplier#000771164|DlQqHdj1IV4LpL4VLqV2JetaWP422S,tWJRpTZ2
Supplier#000771167|QPh8m6M41oEcSa2QwkANNyTIBj
Supplier#000771253|urs1fPZKg4QbkDaPtHcxd06McxErvL0RLle
Supplier#000771470|EzDwv2u VN518,N3Fgiv
Supplier#000771488|F8VXFryR6xNt
Supplier#000771490|,efyn5H ew gL4jN1ct54Rz1PAT7
Supplier#000771494|MeQDQjdRNQEztUWArV0KqGtLo2AJ1vAHYJZFy3c
Supplier#000771704|8dYu5yPYq4cfFw5lwT
Supplier#000771709|2D29APFrgE2f7iqR8
Supplier#000771722|BukC9AtHNP 8bVHuWN1xL3uAuqFCT17fISWw
Supplier#000771733|uGhFX99H82hog0T
Supplier#000771772|y69pz2ghAvJV7lPOFaingwEKzvchXQY8z7
Supplier#000771788|koh8VRs5ciWaoGzShrokK
Supplier#000771910|HSd5NYzoYSHn9
Supplier#000771936|m,LUjXf9LBMxScIj 3aeljKJNihV7gtDcndvH
Supplier#000771982|2R0a1,2EzHx6eL3d5d7H8LgXnINcji
Supplier#000772117|JCIGn1bmponyAdDelxX7ys9lB4LyzW1uUVNN
Supplier#000772146|9mczFvE9,, 8GZwjBkMF2sko
Supplier#000772170|O89Us41 ey41gku2U3VnZEP
Supplier#000772175|zTF dT7BUo
Supplier#000772310|KOfh7Y3ne2s9da9 CC2nC73NLgL0h
Supplier#000772347|yylt17br3,2m0lsKqmd
Supplier#000772361|V9IZSUd44PgrrKna
Supplier#000772395|nD7ZWLCS5RWpCh,uj83Gk0LU2z3uIbLI
Supplier#000772424|jGTsLHFMCM1DZz4G Xi4Jt0xbnK
Supplier#000772467|i21q,t0X592fphRZZSUhVE
Supplier#000772476|t26bFVwIu76Do2i4u5hLS8nOm0fm1ah
Supplier#000772487|dj9fRVBhj3x9X
Supplier#000772499|tc4V,vjyzER3F5Or,m
Supplier#000772586|Jyi2Rj6pjjA81 9TXMAhCOAwoLQi
Supplier#000772703|bA Rtmyq0B5aLTRnkBJMs3
Supplier#000772744|mcTHh83JowJAO WF6PCZuUYz9C5Yj4178fkyV
Supplier#000772772|1HEtQ0AAJY3rlelMlJrCu4lBxCw5CoZgQn0X3S 
Supplier#000772798|bmkwio59, V
Supplier#000772820|BNdt6Ovtgy4d
Supplier#000772836|9YzziYA9STf bTqHflAnBl7JcY4R8yWMdM0WS
Supplier#000772872| s0Ljanb5 Q9IFbDeHSWVxP,tB0OWyfXtg5l
Supplier#000772903|9oeENN4zZCcQ
Supplier#000772948|huyr8ngTUS
Supplier#000773014|1,W8x0tu0N0bfYqIter7nwoOZhNnDC4peZ
Supplier#000773023|5CTVr28tD4rbBTrnl0NG
Supplier#000773055|r0UXG26ru3LS8tFL
Supplier#000773116|KnlEJKg9GDOR8dqfVFgLSoyPEJyGNzSwC8ir
Supplier#000773117|xguEPxK09SXLYxvYpYygQ0EGcJMkvoGi99aJG4
Supplier#000773292|SR2bIUZjrKK8DsI
Supplier#000773401|mjKmM4lZva
Supplier#000773403|eIpgxuTLeqwYU6r
Supplier#000773463|DSJhvgBgGEF2Fjvets5zecXOFM1F3
Supplier#000773474|NhXIw0uuL0YckhV8ojgp6axg80TtOEbnqFa,oSL7
Supplier#000773528|xX,dLKtHjHgUO1Dh X
Supplier#000773587|0hPhph4pPlxNGyM
Supplier#000773595|YTEH9uDCHIsQMrw085XubPRAOgrZtqLU PQonU6
Supplier#000773618|jItDBfxvhc20fH5jidnzyYXxz1J,fEEmaBCDOXD
Supplier#000773817|TzKIW2WO Eesi,1kxJ3j,JHISqhBZ1
Supplier#000773866|SFYq19h0UfvH
Supplier#000773877|cGSBy1wIBde,LRLumEV
Supplier#000773893|iUgPTfnN0ANHNEMKtb1mxbHEfWz2hdTNASQ3T
Supplier#000773944|QNJnTFHA1wI4Ki1u1
Supplier#000773955|8TBXuMQp5ZDfP4YobOOW23
Supplier#000774030|Szj6YhSGV23kXk1gvNFyABGLiK
Supplier#000774078| IVWflBhS,ykDJcf0 uEEMR0pINyLK
Supplier#000774090|6mtJAMbksbK1qTT
Supplier#000774098|n MAVD51XlNMD14s6CW9RL7p5oUC5
Supplier#000774099|p0nQJ12CHZXh2Z
Supplier#000774163|uhBm hxNsFR7WmJJh8063gz
Supplier#000774314|t z xgYTT6B,qQ5
Supplier#000774324|iSyMW0cxVfnMkxgkFFlvT
Supplier#000774405|G WdKuNonOoaIJ2
Supplier#000774473|ML,4Wu6t4tkAaRXJwclP6Tz
Supplier#000774552|fJkNip8Tvtajwduuu3t
Supplier#000774555|rM26f85,1XsHosI
Supplier#000774565|QigoTGc0vEJ
Supplier#000774594|7jyKlhU4oRDbqIHwawR8nDzTwcL
Supplier#000774622|9Vfy6joE,bASCbSu3PidYfSz7pDX1r6Jf
Supplier#000774630|ham4X0GvnpsVhZD
Supplier#000774636|H2ggGg6M Tx4wp
Supplier#000774677|qI4mLrzIJPmLLXmU9
Supplier#000774710|Z44ts EMpk
Supplier#000774756|XIv13aCkLYwJRPs2aFfX
Supplier#000774780|N1Ttdw6o wJUfQLCXWyK14EH,Hurj 0XmlFg
Supplier#000774878|RALEWHWvnjg4N20z2TEqqAx
Supplier#000774923|W4QlC4HsAlrSQgtccHMM96PbLK1RtJG
Supplier#000774955|4wpU5X,Jn AElSk4romgoiCCAxB9Z5MEtb4Q4
Supplier#000774978|6PsLcyFNu7MiYaCWeaBJg4k9CMiC
Supplier#000774992|svGB1LJ8CkfBGAMAf5suITX w
Supplier#000775055|gAO0uJ3TEA,Jn0omgNo9ohw
Supplier#000775062|jclFTe,dzP3ukJcEXs1oGtQ
Supplier#000775067|JV9dKAzqCCynPJvescV,3t4p
Supplier#000775113|h7j5UbOouuW8A2ZXU9CnIDcqGcnkH
Supplier#000775119|0j3J,s NzmLsWPgbtSCWrC
Supplier#000775127|2J5OMNJTyvU94w2 p,yNmxhS2,q9q1,lbwUM2T2
Supplier#000775162|i6oQJMYob3Ne
Supplier#000775243|VLCRfhEo4h5fWzm2lO
Supplier#000775279|gb3Lpi8ZhpyvKiZem1RGcdMrSsQWmt05dWMQypC
Supplier#000775309| 2DUPbAT19XVCMdeTyFynDoIi
Supplier#000775311|dX kGwfYLDRHLyggPczo
Supplier#000775440|KfeCvdY4eQx7yS3sHvwH
Supplier#000775452|gKCdL4KBZ8 ifJLj9hMZLmu
Supplier#000775506|LBswzw91TtcEyQxsgIsO1cQLSq6 vTt6e1
Supplier#000775517|aqbYFWc1,CHD
Supplier#000775537|5fBJcS00WwMGw0Bfo27
Supplier#000775595|L2AwFSrNvh7ELQNiiWT3mRUoqgZH,1zs
Supplier#000775603|EqF,NkFUrHLZj3j3j
Supplier#000775672|6bE6AvtvBOarQf1nuHmA
Supplier#000775749|fwQGpfMwK6G v6C8Am
Supplier#000775792|vNpK3ZGktldczz78RnJ8vY4T9zAFuAWjE1oYoI
Supplier#000775799|pR0TBHGaC,2KmB6aYks2Pe63tHJopohg9INN1cp
Supplier#000775902|vgg8L2pmA7vD5rxSy7 gdT
Supplier#000775933|02kNV00nFNE 0ZhzHk8OX0ZNek  W
Supplier#000775994|j0hifmmxK5BLJu2E9n9k1kzuBgu
Supplier#000776109|NBFLnW1I4IQ2hdJw4WRtaBni2vdzNA8iEX
Supplier#000776143|iVQICarrDSDaR
Supplier#000776166|Z3nfgOHhMMUCav3BIKuISHG3AgDg9FChS
Supplier#000776182|0L2mP6TaH8cZes7idGv73ZFbfHxa12m
Supplier#000776396|W1QTO7kbJgipcte2t,xkKrt
Supplier#000776434|Rhm5ulRBtebv351D0ImmE
Supplier#000776464|xtDLEvnuhyVgDY
Supplier#000776506|1BxsWZ34V,jbH0E7T7hPduvGXPtNl
Supplier#000776528|wP7Bx81GfyRuOE1IO e9LV1 i2REOOeJGM1Ar
Supplier#000776545|emAJhCnHhwpZDq6OtkZYDPqLTeyKjOdI0D5
Supplier#000776551|OZDckWA,t3uEWBUTP4VuXmm9AbHueV Iv
Supplier#000776650|BQzpltObiGbqPpPWB4iD0s6Tx
Supplier#000776692|bxcAmKVpV1hddHgkal094m3QQhsk1,nNavO3p
Supplier#000776702|3zaT8LSSpl 3evYv
Supplier#000776762|Zt4TLMAptkfa9
Supplier#000776850|8mF4GYzncl3dv,yljqre
Supplier#000776981|yVwWV1ED0z9aFLWvQafC6IyB0B0Jz9ub
Supplier#000777053|lH2Ciou3Pax3sXGGysGcCthkA2RQQ
Supplier#000777069|Ywrfk6mC2w60qF
Supplier#000777272|5vILcDITTbuTjQ74rgT0ENJwQbkNvB5t
Supplier#000777376|6nx,W9tQhBrJPHloq7aJJHswyyCyg
Supplier#000777396|2WGo1M9pRUXih7Wz04fNO7EAh 
Supplier#000777462|uByHCruzNxv692zbT2 7DpEKaPB
Supplier#000777570|,yR0CQnqPgwZAUOHH,zpF4IHWuAv
Supplier#000777578|HmJhpoI6 YlMOtkvDt6wtzMf1Xjjul1nlx8
Supplier#000777685|s1lOO37HlHcUGNOiAR 3I
Supplier#000777902|Ah9gAoh ONhncV3NNI4C2NKl7,RURva
Supplier#000778017|fDOHpAH9F5 Ilo073HIShi a,FHT
Supplier#000778039|0KxGIr3YC1vCbiz,2IDW9yDdZxyrfJHz4
Supplier#000778054| 9i WR3dqQc4HrPigYgj
Supplier#000778129|98lnBBW9ITUAZaq8efWTo86qcvEY,oATlm5e4
Supplier#000778140|e5JlJ0TpT9Zo,iW9TQ4TWKCw,YIpBfTaMG
Supplier#000778243|RLDw,CLLLjIOEkFY18
Supplier#000778291|ksAIPKIG3KAGPcL9
Supplier#000778302|TexrlOX7PIucHjjBZ
Supplier#000778324|71KmMfSbl9Hgiuqy2pd7VRzFd5iBJz
Supplier#000778473|Me7g05zPq7Z1Btku
Supplier#000778480|b2UMqmaDTzKtOVG9Q2xvRb
Supplier#000778515|HZ0zcYCam,y,,,l z3ZpCMHnS4CnKL9HixCZU2On
Supplier#000778609|0D6Opl6KgWNC 0DY68hJwlnDjbDb8d
Supplier#000778636|Gsbbz5AlGctn
Supplier#000778736|iIX4lWUly6MWpB m5r x,ln4 Nmbe
Supplier#000778814|hgXqTxdh5GUBMFPwGr9dTPT3DJE20lxjmT
Supplier#000778826|3ZXYA8d7mLtc5ZZ h96xz5yIkeeri1TYLFdTl7x
Supplier#000778861|LaRsqWNYkdHT3LXa rcMrsMqSzxsJn
Supplier#000778980|PD9qkYiUovievJ2Ynr9ZogKOtv8PZYtYtHVvX
Supplier#000779156|ZwmeE4bGVS OzvhegRORHUsH
Supplier#000779179|85IzLUkqjLy zBUBfe7XcXwIc6
Supplier#000779194|DbOthVlLGDx28 VFpaW 3ImDH67fypLEeJItjO9
Supplier#000779223|6J cpLm1,PnYVXhg14vlf
Supplier#000779286|aXxy3LBTZwD773
Supplier#000779416|Z0 bNsYUuVtQN6aOwKfZvId6o
Supplier#000779420|C7K4z8kPMLmuexFmS1wWTAF9oo
Supplier#000779464|nAKhRMzUBI9Oul2GZ
Supplier#000779489|oGL95BKae6DImCNC4AYX
Supplier#000779630|y48kTYHtjIQw7ti tVvsPcBM0GB
Supplier#000779646|jcYfM1LAelSZyrFhMD,C7RwGTgpxZ
Supplier#000779665|RdXRzbBm,LWO17dgvBHL40mKgcRBV0B4sKuDfSPW
Supplier#000779743|XIqU FHinyOccKie8O
Supplier#000779779|XV,bUBke,YK,,9BlnS4cZtbCh
Supplier#000779799|h0gY UTPQg
Supplier#000779812|MbR2be4azoBC
Supplier#000779813|tVNWS85kSScCdVusXHc9lEKJBYldy
Supplier#000779822|CaFkQTM7d4aGRQh6IWDlLGYmLbFGw
Supplier#000779866|DebuqptHmFywnQIaotLpmoKN4EXtT
Supplier#000779961|soEr5VDegvbknPuldKm9Hlj7NlUzCra
Supplier#000779976|QiyyxwqWrPNMGfiCzsMkNV725wCrILQxvKFHUG0u
Supplier#000780006|dwPOcB9MwX1jeb1rCvn
Supplier#000780313|7RkA3kHb5,kRx1FOdWvSEVzSw8AWTuEgfBTP
Supplier#000780314|eFpqxN3t8sUQa7LRCbL
Supplier#000780326|AtQMkT6EeGxMbdibORe4NfPoph4r04,dU3
Supplier#000780497|YkcjB9CfaVx
Supplier#000780623|pyCGYcbRr949LKK6orbAEo
Supplier#000780706|7BTacDaskZXaFLEEx
Supplier#000780770|i7EyXAYPqI8mkaw dY QggN6XM
Supplier#000780779|JkzD765ikFT
Supplier#000780907|J2MVR7DZ 2Y4jVXy
Supplier#000780927|PfCFnEaBDSy0NZ5pBAZELZ14OJk5 CB61NP9eF
Supplier#000780975|Z3NkmiUJBG9X3A8vFyIXR
Supplier#000781005|UYpV0k2aUEyxyVwYCi0IVpSq
Supplier#000781031|b3I8eqnqJfP9SdAsXJerDh0aVpjkepHVJQZ9
Supplier#000781063|CGoOaDxymXV7H433gcv4K98ar4aOy0
Supplier#000781101|uXPPDLVNW8,uuTelandhwIlYbK3ugpas
Supplier#000781290|svse,vL3sFnIJuJNb7X7a1z2WDr2V
Supplier#000781301|yzrNX9KfyvAuxiqcUzlRcCX4oqJl9WUzdDhCJa1
Supplier#000781319|zFHSBNpoNHLJnByX2QxaSHk
Supplier#000781378|XJRLBvntQCls1O7coN
Supplier#000781393|XyKfmV Ze0yTbjtfuClpxyMLWr,ux5vjvhs
Supplier#000781454|9teD9EO2Hyzk4l
Supplier#000781481|G 4tEYEUrhENR1RyoHr
Supplier#000781513|UL6WXs2hI5bcjlNnYuySGh3L09JhHa8gFxMT3J
Supplier#000781519|hdoqa8V,alIKQkWR82
Supplier#000781536|,rrAX6Of89NTJHkEU,cK
Supplier#000781579|UFP6EuHDMZuPOQsa
Supplier#000781597|P77GWPvkrR
Supplier#000781630|x3jMe7FZ2PLWzkVj
Supplier#000781654|nc4EazZ7cB
Supplier#000781722|XQaaVigoA45Ip4PhwaVKnKusjkyzcssA48ADx0
Supplier#000781739|TCH9aFPpAT5KgwBLlVayLKyuvyzDRdRe
Supplier#000781784|hB1T2ZXAG6U4FWxLjCBUQhMsbv9,gLCbjSXmDde
Supplier#000781790|YTE92,oCnQiKfEcCR7 zs1lazBxEmIVrPNmP7b
Supplier#000781835|CNG04I QGf0,Q11PnM7bdHyRAik5gmlIf pE
Supplier#000781848|d j8MrO7aXiHe76VLazkdRKv
Supplier#000781929|O25WMd2xEhQ48yIrkGRs3OXEqec0tZ4F6tN
Supplier#000781974|QGmwJq7fANlxx gcIOuC1TusbOy6L T3p6
Supplier#000781991|XXJ3SWq2vQ5zEPE 8Va1KxqD
Supplier#000782090|q3r7SDerhZyz
Supplier#000782100|lZgol4yshnAMMrB7ShH8
Supplier#000782297|1BrdPrTr9O6wYTNuEPucio
Supplier#000782403|gECprGt0V kcIfYziX CWKCkmtpoi11e252AE
Supplier#000782543|7S WF3 3d37jIyp41NA
Supplier#000782582|eTyyw0 oQfUli5cWYJj0ie5jZvlE
Supplier#000782593|G7ZQXszec1V9T1NpZJ1bgCZmPT2QkZpU3
Supplier#000782606|lNOgKu6AfCcV2oH4YYzuytGySoVn3P
Supplier#000782618|t2RojRJVmx3Dyp9PW0kiZRp16ypJIqfzMOtIJop7
Supplier#000782698| FFDoT,bsvl8NizV7DFpI1Oe9
Supplier#000783037|FFTvGfe7q2N6EunmxNXKcPfS4HZdq8My7dtvF
Supplier#000783070|gvzS22yv8bMewgzBC2031KEK,
Supplier#000783168|OxrVYwg6jW RkgkUa1kbEih,QtTQlVMTUTYf4D
Supplier#000783236|964YONcDZDXGMJm
Supplier#000783252|v5iDBzorAso38VDYwGoTgw
Supplier#000783303|ICSf3NtpnX1Jrw eg
Supplier#000783421|2cIUtZnK9t
Supplier#000783426|8Z8wEJTMjSd
Supplier#000783452|qWsfOGePQucVSB6hHd aKRx7HS
Supplier#000783486|Dtz9Dt2T, ,i
Supplier#000783581|x2jwqcrTCnvp
Supplier#000783588|G0IP t aocMhE
Supplier#000783750|EFsQnivZVkBn7LbZg3v8Un
Supplier#000783807|1TW9jCNMamY9wpDtZib1NLc Y
Supplier#000783826|D4ZBf71KR2xk8QOad3s5F
Supplier#000783861|BJO1TwEeSyKmO
Supplier#000784138|q2nm,eQRW8hWdXufB3InuqHbUjJqXIzqOdlg2YTr
Supplier#000784166|S,bneorGfG3hxly,I2j
Supplier#000784256|xmdTx1OgVKjC2hIa8
Supplier#000784306|wvLSgPGuvyaD2OT18YRzT43JP,RPED
Supplier#000784337|aYzsd5ydB7mr
Supplier#000784448|1y5XQGsAgRW8aqYmQFswowrP8rdh
Supplier#000784459|QpRClnmS,jLnfwDLaz 
Supplier#000784462|Ls1pSBK bcRUcuOeVEe0qHOv8GFe0pdNB
Supplier#000784513|Yz,jArMUoASNwGJ,AbM ybzrKr
Supplier#000784654|I2F8Du6GoUqvIuZKxiXNzvmAR1d
Supplier#000784759|k,Q4mT32ZhH86fUXcjkG9REZ
Supplier#000784776|icZ,RdQ8Ap7q
Supplier#000784831|KX2RVMcp07Xy
Supplier#000784841|4F E9Edup4
Supplier#000784853|WxUqA8jTUV8c KQyLE8ugG6eNcn5Wl
Supplier#000784868|e2sxHi,791JbSg38tyb10vc5YJKuhvB
Supplier#000784901|Bzu5azxjr MQd ZDgwJow Fpsu6mV
Supplier#000784918|THFvIb0J6nwMGqAZjjt2y
Supplier#000784958|KMEuYbA1IXEx6VjyWF
Supplier#000784970|kPvsYYFyC6t3X1V8A
Supplier#000785024|XIUOD0TdVlmJEhGUD
Supplier#000785057|M,C0t5lp7fMKHcvhBLV,UReL
Supplier#000785081|9P9tbpTnXkB
Supplier#000785203|7FVv9ax4As8Yr5bljf
Supplier#000785292|,CQwPQUmyrw2GHrJjqqL4QKNCuTkJ,JdU
Supplier#000785295|tOarocLaN6DBLAwXhJZrGpCGPHg4TE8y
Supplier#000785358| s8sL1i4JG1rmBeYVcaU9
Supplier#000785387|zRwqEHKhEMoJ1OeoTQ9VEq
Supplier#000785389|ruFipKMngPzl5kSx8t5WK4AAllTVF,Qescw
Supplier#000785461|rmj2mnRzCRNZnSenk VK1
Supplier#000785476|l3K5x5Yf7E6YKJJffkORZlF7ui7J0JM
Supplier#000785542|nsYePA0wE4NVQkJeXurzD2lq6Wswb
Supplier#000785628|VZMaAjVYbNgSnK yfGzkjdTL qYDTvFMicjGLHm
Supplier#000785749|srovPtZc8t9Fz7ld6cAOtBLbGGr,7tn
Supplier#000785842|UChCYzx05lZiBcm22Zs6Sx3
Supplier#000785986|fHLNRY0Jgc2
Supplier#000786061|j4L aGDPaUUyy493RRb7hpEK
Supplier#000786302|4pzAyOE7MOHOJgDP
Supplier#000786379|87yAlSJWwOVjeBdXXbTLzhKaOIwB49Ko
Supplier#000786384|tfUOoiT7Yz92aw8l
Supplier#000786385|azkDol6rH48Wo0JZcehDO
Supplier#000786432|fyazci wzBMZmYRkzXtG
Supplier#000786464|zjBU8jrlVdxLKgiicHIG3uaLGjXndQ98pab
Supplier#000786583|TZyHqBnHmDF
Supplier#000786680| ,wrz29hQe34nD69VA0hNI3zNA6E ka2WAyugLMk
Supplier#000786748|XuASFeOukGPOp f2RMQw04xPaBGtmAvh
Supplier#000786872|h1hsXMcxUySosYJhI1F9 oiBWWcLA3J
Supplier#000787019|RNg2pZNm8xtTx
Supplier#000787126|Z2y9BLNTbheWlK8S JB8TQf
Supplier#000787139|lTzgX8btZwfyjvM5L03kAjeV
Supplier#000787150|Mi K3g6Vz0
Supplier#000787170|PirexgjBxjxO7hswiBok2T2K7vu
Supplier#000787189|ZDwXbH3zv,ujrKQfmlGUbL1OyOsgh
Supplier#000787194|ED3v1szxO2edtLDz S5dUVs40AbG6
Supplier#000787219|f2I3eHa CJS
Supplier#000787236|A DFNdlt4qPSCN8
Supplier#000787454|LRqXgJmuLFartOvLp3P2rbrEOP2iw3AEuyiim
Supplier#000787538|eByXn4hvxrjzRpSY0K4
Supplier#000787542|p7j1WJDS2iLE wKrqfUiWbyZQ6rB3U7OivwD
Supplier#000787581|h9lnrV0MMbVgxZUHvshhYW3iXg5O7GDZ ScbeR
Supplier#000787617|n1hhaNgVcXHN
Supplier#000787629|0k5c8dm37t3AT,Bf06ziU5BYY S
Supplier#000787649|np8ifM,Sqybw9C,WCvL1YOD0BS
Supplier#000787700|lmfjrxpKzpXmiPTQn51GgPOE
Supplier#000787808|nK95VAMM0vA ff5HPa2BzphD3vV9M4
Supplier#000787875|mCRmvs,kwFZAuDf p3Ve
Supplier#000787937|uCMeechN7avPWx2vSf tYzL2q0nJuadjowabdpdY
Supplier#000788039|smPKg8NJsYmaG14osCIju49hLIZM Ae
Supplier#000788064|Wgo8trJ2s3d
Supplier#000788114|fQrnx0PQdhJ8CJ9HTwCKd
Supplier#000788122|4bH,SJOaERyuhlQRsDwAhK
Supplier#000788275|TL9Y m7,eS8dvw0DIIyjT4Ai1bav
Supplier#000788287|8SqwWn90JZ6M
Supplier#000788350|JqwsLQ265eA2dRroTuqS1lBzb1enBM5b
Supplier#000788394|VNPVuvpzZEqGR1
Supplier#000788611|qOSQl3nphRT0OqiCkEaWS3zEDkI7RR
Supplier#000788670|XqhQdErSMwXGVj7hABo,Oe2XlOsVI8nws
Supplier#000788675|xb9NMEBH8C,AmUs5TdspEmZ,0KCEfwwB0W
Supplier#000788722|wt22vTVfkg0zFw
Supplier#000788905|mdZqHXwv6v5E1Zx9v7x
Supplier#000789027|CtGCVsuF6acprXrmk
Supplier#000789236|ywkjvEYEJaIHTdy1tw HL9z6C
Supplier#000789268|G8viS2,rJnBj4SzsBPbiMxmyu
Supplier#000789308|fAoQDkjnarCtfIZ8FD
Supplier#000789374|b7wqHeJTBzi LUT
Supplier#000789383|pt66RCTdaXU1d4vbsFU8GraTuYMAWJSzuZyG1ob5
Supplier#000789432|5 7u,ZrjkZ2LjX57BDBwS
Supplier#000789485|9R0BRcy9DTcJLvST,LOQWNj8IXUu6x
Supplier#000789550|zG28e1eTSxwC
Supplier#000789583|ko46Hn3cDI2 3QkmI
Supplier#000789584|d4DGJqeCB2Ac
Supplier#000789602|hcbbktF0D2MCa6pLxdfyU3nE8bXXBA Rsdokm
Supplier#000789629|toAosjrQ0Xqije,Y 4G4ul2,ae9gZKnny
Supplier#000789635|F3obuV1AqYLtlNe,,Oy4r,A5iYEJW
Supplier#000789691|BbmziWaYl0n9YN5C,
Supplier#000789750|1a9hb8txW2ByAe
Supplier#000789781|F2LULD49SdxYrKbVUQnmEl
Supplier#000789800|dG8A9ZK59SCLS4PkUYeGi5jwC
Supplier#000789804|G,yvF69Zu2a52hj1BkUtEaafT45LRkW40cRQdcD
Supplier#000789812|LhKeWb7sxr bstFLJvjpTKHMeRNcutMTT
Supplier#000789826|hHhbO4a,imA7D7kyG
Supplier#000789861|NXMqERXdOS
Supplier#000789892|5s5lPP9e7d,aKlzBGHmxj9GKfiR
Supplier#000789909|psI3XaxViNHEm55EAp,0JLEo9,fSZ
Supplier#000789929|bjvbiqcw87T7mZ9jkHzj7G2b28U2Gxny 4K,vTmp
Supplier#000789961|S6wallVAQT7iTR1NHpRNcwXm
Supplier#000789993|Mt zGD12Y9
Supplier#000790059|WxX,ug9KLFctAH 0,gwTl
Supplier#000790142|QKLRvn5vWAfyQvDDtJz0eMzZAauhzfpI
Supplier#000790151|bHrlexjEquVR0lCK6ik,Xr u
Supplier#000790197|xr9,upOn5p6nQIhI92orjY0t47bt
Supplier#000790356|1cxSRA4oHIHCnAwnjRtQqClvM5,uAspM5H
Supplier#000790397|gGbZ4FY8HAkCPAFh9,rNzOpzjRdHdRy8Am5qwxM
Supplier#000790428|kKr V3yALQQHfgFpy2bgPIh73NQjYG3MdAMg
Supplier#000790454|YWhJy7kmDCi8VWkljhu0bFBhdm39,9jk9
Supplier#000790500|CP8NG,0IFWxntjb
Supplier#000790501|KyId mDUNc4YdXaiQqPbWusNNzUUltff
Supplier#000790601|xvW0oNYd7sz8o G7NEYts6ACEaQX,oN1D,1hNEDG
Supplier#000790608|u,zG7sDHT0AfIgEVelpykxVmFvr,xCIS9ofoz
Supplier#000790611|f7eNDe1bosaSEQf,Xf4jeDmU0MKnAlRl,Z83
Supplier#000790653|8ycS8tJhXmsIXiKOM,4pfTH8Kg5x1mljBmDj,s
Supplier#000790676|eogt8if4TVaN6xpahsX4EspzsZ6IK
Supplier#000790685|LPhrmFgLAlBJ  I3k5EvttiNtcxMd1diZ68hxse
Supplier#000790725|3LDDdwXvAFAb8DtK
Supplier#000790761|d01afJMqdfX2QNcxMk8TGYk7iM5ci2
Supplier#000790817|XpbX20r4n9CEaa9YcMNc8ZZmD5OENGjUxZ25
Supplier#000790875|bmCkXSnID9,XizxW5c6XY0ChYiaEsr,M
Supplier#000791009|dE3chUPSgQqbwPxXqiJyd3tC
Supplier#000791041|thpLs4bOXDaotyRpjLgjaGLXkuOhiweay1wXw
Supplier#000791118|9LNXSGSYOY
Supplier#000791203|bPHFHL9Ru1
Supplier#000791207|faNGKo4r1j3rmGqh ndJ 4NCT
Supplier#000791228|NhWTfMZTmJGhFdYcF4pezfxmqOvROfVzkHUq7xb
Supplier#000791264|9Cth6LNdSjI0979PTlfNu3VXq
Supplier#000791271| pjA8X7q9XGlqGaxuIheO2AYcoR,a,Dju5xYI
Supplier#000791353|niiMfMKfUnAq7mV
Supplier#000791384|eVKiAsTuzutXQ2T3
Supplier#000791394|mpcS0Arfouh9gXKrJLOSmwH0V8AxCcuJqzv
Supplier#000791501|y8wFyzsvs70PY5bu,wGb
Supplier#000791631|hxUmfAjdr68wc3jFT68HQP785xh0,
Supplier#000791715| fxMpxDXgrLBNy,13sn9ybq6Fv
Supplier#000791757|Szl0cziTtHYUbEqyQuQQTuWPKEvBLPXLZc7K x
Supplier#000791802|fMBjAozaF,XNfUp6p6z8B1 zUEhs9
Supplier#000791810|d4UwgwgYEITtSlA9z3ph IYNaOr
Supplier#000791844|FjNcNiu7KWf0xji62103xTafUXgYNZORDRS4Sb
Supplier#000791853|V6HqynE6QeRJj rSoKUru9DbojgbslZixfq
Supplier#000791883|AYt imykTBTb6pgt
Supplier#000791931|CMREVwFrK5,1P9GlpNZtIgm jhZVhJ1ZPl 
Supplier#000791992|WSIbJq2TW6
Supplier#000792071|UC9Y5mK6FYCQ
Supplier#000792144|w 7nhQK05eAtc76ODEpbSUk5YzkBP1uLp
Supplier#000792156|PX xQVyrJ4sLC3YK,uY14dKmUx4d62POoiGUJbME
Supplier#000792190|yrl,NKvJkmRmcZsLO,ugutG6X,A5,Yh,
Supplier#000792228|riLS wQNEI YX VxF8
Supplier#000792269|TsLv3IRFH8GJ,Eau
Supplier#000792289|wwsHrJAnNPKTKgnMCofKbfLaMiOv1,G
Supplier#000792306|3ChVOKDyBcUxOhtwT7OJeT5rOs7H f
Supplier#000792441|3cD8iK9NMn83pEiQc2MOdpRThl6jkDV0wzFnjd
Supplier#000792455|fhGUnTCUhGDTlOEyv6TEmH1MbXmwOS
Supplier#000792461|9fLFmpHkxQs0j12VUlB
Supplier#000792502|ALwHLRxNeU2ulSqKfZBUfKj EP
Supplier#000792530|1pJ1LRPFYkDTpUemD
Supplier#000792581|xmP98z13jaSs7,fJ9DY7MocW8TVUML
Supplier#000792586|mm,vzEI1QA0M
Supplier#000792630|1dek7ldVtfWuZwSz6FTPyVsTaL9dMJBQTPWB
Supplier#000792676|TU2j2zyFvnWZisXFL9YFrV7ex
Supplier#000792817|qkOm6iZKZdn2b
Supplier#000792824|kqJ8G6cYj0HQJETLBkbndL8guptCFvBakwLoxEfR
Supplier#000792941|eImJIKeVcDQCNfmmRQRc
Supplier#000792946|jeQd76GWj1LLIrpQVpeYkGAThiKdJzFyTpY
Supplier#000793021|OI9KOWipwzw9SigEgug9obwV4qi9ovWB,JY18
Supplier#000793027|7Y4ed6haSG3icEyjikoKvpgSqIf
Supplier#000793176|y XUuQosh3J9VQptYaV
Supplier#000793189|e9uN5745a9LpTSQvS
Supplier#000793227|fUucov075RfQdOSlAmQF5,xYw4STCZDT35t
Supplier#000793295|YWNnqG,q1vz
Supplier#000793332|cTofHuG8eYBdf9br6SUBGAPP a4e
Supplier#000793362|32Y2emWyEE wdjtt3v0wKK0rvPsR
Supplier#000793375|rlEPrXnQiu75uZzNSedFtWnXTdJYKRE1J
Supplier#000793465|iBwqpxJxB0LmVy52sDajXMl1d,qGZq97TX1c
Supplier#000793495|r6BGRm9wyNwhOC2iEP9y
Supplier#000793503|V,FJWBfPtt1VC219oLYnnhiG
Supplier#000793580|4KEdLLv3bhcm53Jc13MGw9F
Supplier#000793592|HnGkANEm9pMUPrCaYFxXZ5yn
Supplier#000793599|FUIsCfi,pBlEaVNYJF196xcYk
Supplier#000793618|zSiU58hS99nrLgY6HutWmidBVl4cG7gO2Jub
Supplier#000793695|HZtYmD0TbDekE
Supplier#000793714|PmCi99ZjtSZrzCN2o3bMwjpzd1heaaSGiD2kSS
Supplier#000793803|v6reVLC1KxSHFi42ADb26JgdYDw
Supplier#000793821|Efu8wCmsZgjWO7ZrOmlQAxpnW
Supplier#000793882|LkcNmpMp2nd8TYS9VKuqx4cS0APO2tRoORcHwY
Supplier#000793905|,kDRCSVtoWLP9pmBgTyCHQa Thzmqyn54
Supplier#000793957|xEBrAjvt2P3u5eN
Supplier#000793982|3rAenctw5SK ee7
Supplier#000793997|xlet50lNvYTIDpBkl 
Supplier#000794043|Nw3rscuiS4H Mjj83o,
Supplier#000794140| ygbm96z B1JuX7Cl4Cr7F5 LCPP9l 
Supplier#000794190|8NErRYWCUnCVIBtVdSzyEVxUSok
Supplier#000794237|CXDBpHj1bNtGo4HvwTHOngoGfU JJ830m9C
Supplier#000794262|NHC37F9vJ7RYsR0nJNLrocEoF,2JEI
Supplier#000794354|zjwIRiUHZCpMO,
Supplier#000794394|T3xULa80pg8lqLlVd
Supplier#000794432|LjY prjcwT580,dsN
Supplier#000794485|pMm3ND,3hfqYSK9f4rgWrQPOlBGQSs60
Supplier#000794577|8IWZEJy6MdGO3IpEiQ28cqLTvs3HL
Supplier#000794629|kvZdXsQglV9YZSABdCQg6ivcK
Supplier#000794656|ymVaBr2LxWiSbe
Supplier#000794822|HIJ2LNptUsaeqoQ1bUdtYDTwGRY7V8UZ,
Supplier#000794903|jlWpvqFiHhRNXo6Jca5205
Supplier#000794917|NeorHl4hT9uP3ancr4MixfZ0
Supplier#000794940|ZU9b IflmIS8cA3 CDmr
Supplier#000795013|i,6InkYi67anvs6J
Supplier#000795041|dSUcscFcK0eLmAFB0gVS Fb2yuml5G5NXE534,o
Supplier#000795131|r6FCqMfWw vkDB2DnnBJHAX2tOV9QLZ7K,
Supplier#000795202|rS3uG2Bc9z2sma4aj
Supplier#000795213|NLJQn58bbvIlQmKiVlhlkQVgYie4aBF
Supplier#000795296|O9EkJx893K2Hojyj4iTgVT gHRur7QAw02NUSFj
Supplier#000795331|Ubyi0Kvsf3HKd4dlz QdAQQhKgA8hRvQG dsT
Supplier#000795334|fsBub6TX0hZbGNgDygGGHc
Supplier#000795401|VxTgmrIcIGxwE FaepgZetif
Supplier#000795459|XEYk4Rdcbtal4QAq,e4jFDGXXmC1CzS40pt
Supplier#000795501|cMkp7ci,sbxx,JE8LSGODGZY51rJnnhgSvnZ9dC
Supplier#000795702|zwMQTETpsM8UDhqvm
Supplier#000795711|TcEVzd9MpYBKCTUDn3d4
Supplier#000795724|9gFtdw0M2DnyUjJruGFGLq1,
Supplier#000795830|Y2UMLEZOWYLX6fBqHVE93IvP
Supplier#000795853|vdDZWmXFMWsEa4Mrp78Y W euFAk46L1GVo
Supplier#000795894|Yp5mu8txAUJiCPHH6 
Supplier#000795936|Tig4hyc9jPJsUjf9gzjNpfzeHG5u8xTvylSnpwmU
Supplier#000795953|5eLS,v,ZnaTSfvw
Supplier#000796011|T XjyeMR8 oqRBhtQ6rM
Supplier#000796099|,wauAG6prkxEztAnvDXPmV2
Supplier#000796206|1eJ4CvQx59XGw
Supplier#000796281|atHdCXRplY61FU,te59ZTtmW2ysW8LT0,NTnzZ1l
Supplier#000796299|aphocUzx,U7Zl6pugDOgaiUgBjbeOuuBSft,8mi
Supplier#000796368|vf8,AetndAAgUapAhI2Xs3z,FG,o
Supplier#000796389| yyYGyKvUIixTZlMCFHPGtLHYv20GPF3cn
Supplier#000796624|caUkUl4wJtctdCuxNDZambD
Supplier#000796694| P53ESFIIFzyfPaeDSstFIxk8oZq
Supplier#000796762|lkLvnI3E9ku4
Supplier#000796764|xzt5gx9mkaG7p4AYQHw NIbw7 Mx kRbt
Supplier#000796878|e68p9wmntA4Skv2XU3vLKrzVHwH7
Supplier#000796910|QdJJPc2MFpobNNIZy6nOSI8TSzN0
Supplier#000796946|lqMSuRXSg8hj7l7OtgLUZGZOKh2ajWJPo
Supplier#000796969|f2fj3kMfhLDns41Z4XQQEt
Supplier#000797238|7pbzIrnJ4Myh6H
Supplier#000797244|PXcJLmsQaQc,AoLi8Pvad1E
Supplier#000797346|FqY6HvvwFn9OFVr
Supplier#000797347|oqW4edJ9eL S3rkfNLkefrmnJFo72Ra
Supplier#000797363|TL5ZpPLyr0ZxX51KvVq0VEvSrWLNpaH 9yWFl105
Supplier#000797523|N5KjgDGlOJ6NN
Supplier#000797544|,Mfj75zdlfVeOob7NbRtV2hg0h7e
Supplier#000797593|mMeTRIQ,JDp9IZdDtW1e 9tBs11
Supplier#000797652|f5 VmzenpIbzHyvPn5xgiSJ9wljPMrvAZtSpuA
Supplier#000797845|lgL1K,nfCQN8xRjVC7Thre
Supplier#000797890|ozLZsvDm0AdFuS,FWsk24kPU87NX
Supplier#000797913|CM,6myvUl7cy3I7x63W88jyGacE8XJ1DQ1NFZ
Supplier#000797940|lGNC3XreI6JL6
Supplier#000797997|XWWvEqrTP1j9zeBq rKRzhOLxj04EmKDDqURYu
Supplier#000798119|bQYECtBjHYX4nfZY hQOeRZqG1EdJ
Supplier#000798180|iyALTPibhvziTHnnfbNayLFAZQIJ,l8z35j
Supplier#000798249|5b6tJLB40rmWqUKoIlegCnYBADc2Z
Supplier#000798263|ew4i7b8CsqGOhCfEVkQj57L7p,ufG2A
Supplier#000798460|NzL1FpN3SOmFA3
Supplier#000798546|7Beck6rRcnFI1DKIbVpTz3lZr8fjbd
Supplier#000798695|3vezzuiVLS6L5rdBcl35emsOIdhepw5H6N,CkxV
Supplier#000798719|54BxY,STi1tYMl78jYNDiF
Supplier#000798867|IRH0B7Jg32bMVrBhb6BIjPQvKK7TIisCOHdT2
Supplier#000798894|pJqf1vBaOSM2Z tgb7xnp0ozTZleQhMFC9L
Supplier#000798951|yxGbGJUKi8sEqxOuu
Supplier#000799009|3vnYCdony A5kEXGL4q50P7o2AIBGchB93
Supplier#000799096|nqoQqM1MtTqr6
Supplier#000799168|oPh,i,FdwCQggBXl7OTxJ
Supplier#000799222|YLDZ,Qvd3qt9wd1 qeQ03vtspsV
Supplier#000799385|KBufBw8bJFzsyI3EKPLGueaGy8Hs
Supplier#000799489|p27K,pK2xHhBFmp5G
Supplier#000799513|SnUanLoCwJo1k7S6LNqxWTN530h
Supplier#000799866|M3o6LXk2oqob7buf6W9TLUvZQpkPGK
Supplier#000799879|ExOe31m3Y QA7Us
Supplier#000799899|GQbalknVFAbf,4DDwDVQHjf T TVKPSurgk
Supplier#000799984|eC6R8osz2Tj
Supplier#000800007|XmXRERQD rTEgxNbiysX7X
Supplier#000800011|,zU2X,Emqt8lDOOSe3 Wr4OcTaWbSDlcps
Supplier#000800069|VDI7ZcgfyrwPyjXWS8tL47l5
Supplier#000800180|QOtVG6VkF628yolvFCEtrH4Ks
Supplier#000800208|PdNKGRA6HhBATRkF5n6pv5
Supplier#000800257|uZTBWiKsXx1v1v9ucPZ
Supplier#000800296|qMmjLm,51G4XVbHviLyJ5
Supplier#000800377|0x7oqxRCtO6SqcDxk
Supplier#000800519|Y5jynS,X3Lxwz7uCPJYh1cRiF5JckWspo
Supplier#000800521|dtNVrBOfoGSlQuHbOX9lPQwYC5
Supplier#000800606| ijtHz0IP2QEDnu0lYPgfikl3oxX1jo
Supplier#000800613|RDu,1pVO65q2EF,bURZmgws1lAMn JO
Supplier#000800643|nRj,CMwCQy
Supplier#000800747|d nHiGMww10j
Supplier#000800771|1Xx0FcVkgM47XyR3oyn
Supplier#000800819|uSGQOmeOinB
Supplier#000800907|dZJVEDqg5,cUYpY0UPcJc7ylF L
Supplier#000800986|ULO nwNDl33QzaCUOZ66G3Eoj
Supplier#000801005|vDUI,k RUJ8tUDqWfc8F6y
Supplier#000801026|5VCrHVe4da,N 
Supplier#000801079|Op8vI7VInaXiOoqqYL6Cu0
Supplier#000801321|o0VyBqFSJoi1wrXFmLQp0uaIONTbo
Supplier#000801365|eMyoMzQFi v1jKySSEHN
Supplier#000801419|VjOsVFlJBxgaTi
Supplier#000801557|dhgpQbnl,V8XQ2epNZycG
Supplier#000801580|0TpC8om,Wz4,bUueHqVWR4gSEwjCuHadKzr2K 
Supplier#000801630|XdEHhhA7XyLnaGplHvLlQ JiNcZ85kVz,RhHQHI0
Supplier#000801657|3yqzx40wcrXeKCKF9U HLc
Supplier#000801755|hCdLQmc278LNQgKCQvuKTNR
Supplier#000801805|icCmk8J6eZWKT6F3
Supplier#000801813|oOxLcdSRXrGEnGaxFXf3b0
Supplier#000801874|3QOrDvRJ7vs3AwCQWDy
Supplier#000801990|7ZSlXMontkyiCDGXPNARhAG6
Supplier#000802150|WveR1t,up7gxApQInXbiscOqZx65VK6
Supplier#000802176|QKcUb6pw2qNDs88
Supplier#000802215|8oWU jAWnDPHXv ZfpY
Supplier#000802232|la0tkuSmlc,UX
Supplier#000802262|QRYsX2h9TqMkk9eiBlTL
Supplier#000802275|oc4m BRaCunI3j0lLVNcLMCzfTgTyjD3k
Supplier#000802284|sNTa Zt47CJhp
Supplier#000802358|sUnQ9XTFmvBhdpVn35IMpHN9QH, vuMOdHRMQk
Supplier#000802519|fQItUsAPJF8IgOIzFUCLvFhoZhH
Supplier#000802585|g8g7mQbAsa8q1En5oNLlpNfYZ71VX5TqQCYY
Supplier#000802597|GEzb5yyi,tY8EtnIPFuEeC
Supplier#000802598|cUOrl,BIoVTuoMKRyjkhQ
Supplier#000802610|sI1o5Or1EDSVCSHZmfk3iSmdT,7fKW
Supplier#000802657|g3NkalIKznQiC5HtO0iRsI5hPHTsNO
Supplier#000802665|HUuGSL0,,WLMrXvcKyySFzjgg
Supplier#000802677|r2jJjkyt9z0SsG9 MIC
Supplier#000802740|cKBAG9bKvwz j
Supplier#000802741|SHltCTEPI9tZsuw0Mjbt KCO
Supplier#000802867|xz0jJOaJR1Bnjm9K8lT,6G
Supplier#000802901|4iRgJ4P0vam
Supplier#000802908|yFgz3IafIwfK2F7glZPMoXWs
Supplier#000803009| 2h2SzES8P0e,d5qEOksFxY6sZig7
Supplier#000803102|qlXaEIHmFToeQJVxNfrwmSpfjijhhNwXrm
Supplier#000803145|b6ckWOABPNLld2kLi7YfHob6VqWYnH
Supplier#000803156|rZRPfD11h2KLf
Supplier#000803171|MHnRYaLF9hHJ8V18yoaarPCLH,RRDks1w
Supplier#000803274|OagVdkL1HXqdR0e0YRr0j59XjUyaQmZed zt1lf
Supplier#000803285|pdTynX91n8rUmLks5Z
Supplier#000803421|,91yHakytpKWnurqA4v5OmUH
Supplier#000803571|FkMQADD Gb3QBxv
Supplier#000803576|Ghy273WaSFayllZHHX9lCWSyCB
Supplier#000803590|5YSdsEy7x,ITn3iSfDQOhoqs
Supplier#000803607|SMpQsoqO4c7Fhp1
Supplier#000803655|TrrOmCVOErddz0
Supplier#000803738|tpUugUE7OxuR6vSQJ90aeJ WIaR
Supplier#000803745|b9BEin7KvESVPdd2m94FWRQMBV8CRFZbjwGs
Supplier#000803795|ApmuJjskc f5gcvyvbjazG3KN8pwKzC6zzg87
Supplier#000803908|wforRT8eWfd4UY8JYVkQRxz893T8FA
Supplier#000803931|ZKkVWqV0vh7vBDCiQNinuR4z8ebTeO3
Supplier#000803993|fOexIWZIQMVqBZhXmyre YMrxfVst663,iwD
Supplier#000804051|WSIoryoQRS1TXXwWepmB2LqX2ZvUk8h
Supplier#000804098|fEoGY5qNkc2Is1C,P
Supplier#000804115|h8m5iaajRU
Supplier#000804135|fsCyLs7CziyEeQ5pDVptZN1P0RNG3vl,Ox0A
Supplier#000804179| 0SvjmfMBj2XLcFc1y7Zt
Supplier#000804208|TszaMpkMzaB3wHS
Supplier#000804220|DOiDSdXNyRyBvKGSYXj57ZmKVvlgUFjh
Supplier#000804275|Lc LUa1eN07 d,3RG13do9vK
Supplier#000804277|LzOFbUBK9mUHcQo5ptqVixysVANhIs9aTqR
Supplier#000804290|FQMqU6r1mC5iMf8GH0nAgmgTY7
Supplier#000804291|IY9AP0tFr93WzE,7gCoWOkSGXimRdzWl
Supplier#000804318|UbVUyLB5vlKH,Tm0jUvhC5G,eWsacOGKLc, 3Sk
Supplier#000804329|3YR8rVfmnO8GDjTOJiuHJCX8
Supplier#000804339|jyith6cGJyC,OffLR3v10SsI3k
Supplier#000804424|EGampp97fcKmKtklSUZdc5Kd2 jU6AuoY
Supplier#000804445|NGGRAQxQ9Wnr68k1rUfrVkyLGQxv6n6e
Supplier#000804601|r1mguWgc7m1wJAVxrpm90
Supplier#000804774|vfpH6lwKoPGfgzdIY1, 0YMs vi922Mbjl1jLP
Supplier#000804827|VxTd 3adTUZ977nV 
Supplier#000804849|61WnwuapbFxvbYlSX,kQlR4BtV
Supplier#000804864|AxcyrsI27Me
Supplier#000804961|qY9vEn5qLPF0Ohk
Supplier#000804998|8sPloe 2Z9pBMj3rKk6ZgkKLJpiJp1Py
Supplier#000805008|VEBTrgP5KIiLrwEQozo40cbQbGAT
Supplier#000805031|G64Mz,8MHEmCGsG
Supplier#000805220|wx0n70zpaGYBOV
Supplier#000805238|i8YSJRb9mD5u26fJeCNV348s1vKs
Supplier#000805263|hfmcpsB,zUSQ6jreODERneypLJmBF1R
Supplier#000805322|LJ,wLcsb0EQwkXIgp
Supplier#000805433|ehujfEfVM26ntR0Oznot4vTiFCzyK4
Supplier#000805473|uVZloD7EXPq,eixy2FuW9yX
Supplier#000805476|js,2sQSuylU jpiTjUzOkVfvnN
Supplier#000805495|yQKevcIfPp,ry8C57wbOtkwthUD
Supplier#000805578|uhzFmc5Yk0ocpPZdL04Mi7NxkNJkKOlO8
Supplier#000805609|pFOP9OoYFao8Sund0QvEt 5oA45Cuo49vDeSg1aF
Supplier#000805775|a1oPqxpkfLv5RQ6lnmeB
Supplier#000805835| xWwwmPEKCFbLejtz1f7Vs1xV6Td4Rir5od7HYT
Supplier#000805838|9aO1AaaGxWDWQc8BfUB ZbI2y16vDPjp YOA
Supplier#000805845|FBfNE2NKv96TSXKKeGQqqcEG5d8Se8xr9KR
Supplier#000805982|gsrVvWGmXDFzCE1HF2j
Supplier#000806094|f9AapbKowEg090TmpwXHlUuv5uZsFeMflvJEAs
Supplier#000806179|0XRhdYW4NcOzoJNz7uONYpdFFpRpBNL3qe3 
Supplier#000806236|GltmFvvzNKE 
Supplier#000806256|6cBbx8UJpHGWqEpyaGvcLUm0iUdmZrQEoXhPZe
Supplier#000806262|oWwImW67yah2ET323gwfKua
Supplier#000806275|dBTEjY4SdstyNVWkAQI
Supplier#000806307|PJ38CFBUbQr9m48qr0kIdvqXwefSfpKiVNkIoaF
Supplier#000806398|DtBDyQOFcks9fZaiGQW
Supplier#000806453|3meKSUs,vi6sTffm4mJ
Supplier#000806478|63S3mD6cIf0cs5
Supplier#000806585|5s Qc6X7P76lNg94CYgn PpzCOCUh2a0ZN
Supplier#000806590|9,xYKBObD7d9mP9M
Supplier#000806627|gnZyAcM8C387EK
Supplier#000806657|t7o7AemaeP4re,NLs  UMLSvNSP H
Supplier#000806684|R5TUgj75UeyBWIK161,6EW
Supplier#000806808|5WRUji0h6,QMur6UrGKq06BSu2BL
Supplier#000806865|hF VTy4lMtdO
Supplier#000806953|yqvTlk0K1BVeVuhW1vecs,IRK
Supplier#000806978|WECKpbOJmDUpYrEtppqIfAD3Kpz9
Supplier#000807042|x 7Kk3V2Ix
Supplier#000807071|pZysQB1J r8kxN7
Supplier#000807076|MlO9JYem9gIfII6BUN4dH1MiBNhK8aFKySX
Supplier#000807167|5CKhmaUWIdE6rbq6DEV
Supplier#000807188|aUN D31,LmXyDPpXDG3d4X9U1JWSw8d
Supplier#000807272|JHCearNcr5,k9WEOWyeGuz4TTo9XO
Supplier#000807327|hbdy2hv7N e
Supplier#000807339|,s7MZTxcsktsguTfPvLhiLcOm9Knqv
Supplier#000807343|e52a0gp DahbxI
Supplier#000807356|tt72,ID7Q4K4eDpD0V7
Supplier#000807394|P 3GzApSS,,,rQCQ7,b2cIsIptordJc3
Supplier#000807509|6tCFp148v6DHkZnYBfI
Supplier#000807609|wCfCtYYcRHURw7e69G5nKNv4j
Supplier#000807621|bAb0bGWaxsrgWYanNhkcH8XaxhoaR,Lk
Supplier#000807632|y5hNFUP0ARqh1XM0B1N8J
Supplier#000807726|z7t7JmgBKCmcbC4AGkHbXiXF dfe09OFRqpD ta
Supplier#000807746|wrhWmXo9uCXZLOtrTu45 1M9s68eE86JIX0kDxa
Supplier#000807938|9HnCcM25ZR2XmuDY0JpXO
Supplier#000807997|axZKAXfNaqY7R
Supplier#000808025|zUguOlUQCgCowVeM1reBHNEr
Supplier#000808030|7eOE7npV9NDap69sqMVIZ9l6AB1HtxxzlkWd
Supplier#000808226|QeGTVPQ2xU6q,LkF1qr
Supplier#000808235| gG6Rm68aj7sRk830e r69Io439GROWp
Supplier#000808342|DxHl52nLv49kJkKiAFeG4HxgoCURZrAzf3oiP
Supplier#000808367|EOgyedGAG7pKNN7DnSFGosqN5UCdZUotBG0J7F0
Supplier#000808375|lPltU5Buc8 TvR4BXXJ3xza7vEGO iOZ700N,U
Supplier#000808447|YOE3GeI9pcnaZ3xgrfUpiQU17
Supplier#000808455|P9jse1hPEEM
Supplier#000808485|nQoD6lQyho09viC
Supplier#000808528|MKWehC9UGDXL9Iuh
Supplier#000808547|UDL,7yqZYTj8EhrfF08RUPiAMS3
Supplier#000808564|,Oc9bYTA3tvjejqz thJZZCHGQu6TjNl8JMTsd
Supplier#000808630|LAYujW430DJL0D T7Uv7ef1i8WK,2P8j,NZrnS
Supplier#000808679|t3EyBt09bjqwiFiQJVx
Supplier#000808685|G,5ZjAngonVusNyrlSlITWnR8,YF7
Supplier#000808694|nVgSirhcVJ6zLHO8wd1KKJH0C
Supplier#000808769|rtHdrHevmE3j7zgvnphQAPzsGpR33
Supplier#000808813|DuRKDoCxbJM
Supplier#000808835|hO0t9t5lYx35aHL8PLas4k5peG0m2tbh7yir2Iy
Supplier#000808841|G8atXXcGgduTg1maTrTAxkSw7fNF
Supplier#000809022|tIOdmF1y64qZshfTU6gLQ0
Supplier#000809093|gmwLtwYMZHvScNqz
Supplier#000809094|v8zeUIO6HrDwLKr0u6Hqt5KmOKD0CnNW7o
Supplier#000809120|nMTSS3WCtQVS0v
Supplier#000809131|iACi0ZjGoph
Supplier#000809137|D16lbl3jxg6rbioTKPQd
Supplier#000809365|Bl9IFu25KQf,akuKOwh34,KZG
Supplier#000809387|GDcuiOmb8TXqfuGalDzi k8PaQ
Supplier#000809654|s8vlsB tyeHhO3XsJCeat9gy5rzuZA4iC9VscTF
Supplier#000809673|sSDduLkQBfZAqYu0UCiifhDEo7B2esSJ bGP2d
Supplier#000809856|2Yah7QzvjJ0fU41V7giHVCb8Il6q ,CLM1N7QjN
Supplier#000809976|5BosMU9QZkb
Supplier#000810001| FxUbLAHSKSWFubMXbtzkI1I5i
Supplier#000810003| GEAKipJ 8YgIj naZjO04iE1Nok604HOjW
Supplier#000810041|rTXrH1f2hwxePxpTEcq,WK
Supplier#000810051|hO7kd5a cvtwfGsVjgQv3voeql,,,
Supplier#000810086|esv ZjqEXwTOSumY
Supplier#000810114|cXzQhkhfM8AB7x
Supplier#000810222|n 5B6gud0XgL0irr
Supplier#000810377|DrRxZ4vetG0BX682krioL7
Supplier#000810576|U8YFisgBtes3AEZ0DC1pK4RcTE2lcQP
Supplier#000810644|EGLaMhVhR0w1opJ6jKO9bqW9Nkylg
Supplier#000810653|2btbvAOTpU1HLkY8QRYmIOS9eS4Cu2j9GCPf5mOu
Supplier#000810722|uxb4EXq,I8RdSEASEjzkphkZ3NYuYxRnMe
Supplier#000810736|fmeD,pXLfsAX,YKGSXz2SWW5Ky2yZ,oG4tZaAo
Supplier#000810783|djB4a,8UAYag 0FG1cLVtTaB4waGO31u
Supplier#000810797|4B9rwFzEPUWtidMCiKHo9KZRc W
Supplier#000810858|76l012nQzYW5MhdBt6OPTb3Bnfcye9N6UP7WYv
Supplier#000810860|aJocCdh0LA5S mxT,TEKjBbSxt6O6y
Supplier#000810865|a1Y9zDFSRa3ZmkfYxZrG0
Supplier#000810874|WBEa26hFPV3PJ7rTLymbPid3
Supplier#000810947|bcH vcqKgsHT2iLAaPOiyq28ABv
Supplier#000810957|u7P341phG5FqXzB7kUeEh8dI6xKMi9TiO4yKNwV
Supplier#000811080|hcSLbUlNIcy2h,bJ
Supplier#000811114|a6yu,JCXbGmRxsesy2YAEMwA0A082WnFf5G7
Supplier#000811146|XaRPTR3NYYKlfAGM,jv0hnaXufFw59vo
Supplier#000811185|QdLnKcSZR66WcRgD0KW9am9RA9zmgJND
Supplier#000811206|qtB8zloMGCCYDPnm
Supplier#000811321|f2Ngj4iA3spbCOL5OvQ1ezqM
Supplier#000811390|hQvsMdyqGNjA95CaFunUc
Supplier#000811398|L06TVsKHNw3ys3y61JURHTuzK59T3fF
Supplier#000811474|1bLX7D0rez3aZmwClY
Supplier#000811591|RDsweonD0GhMfDND8g5Chd8gkke
Supplier#000811598|Vs5bEehC4uDFn dW6U2aYY4zYapEI6ho9
Supplier#000811622|tnbW6AbVAu1t
Supplier#000811663|iKS1N10vk98jUoy8tcKSXePKa1ZVYiWoL836Mur
Supplier#000811719|iNabW5bqYMXIg Qbify5tbEry1LYq9EBae8 
Supplier#000811787|RXQV3FdWIhmJWoOfR4HowcYHuUvqV
Supplier#000811907|iF0gn46stIquWXdbnHBWpYRbJp8MdH
Supplier#000811952|z8Y6qBhewo81I4Rx72adP22N5YFHRlqv0d
Supplier#000811964|ZCEEp7XYM8,wN0VPLMhA I6zvn6BSWzUfR
Supplier#000811988|3 Waqe2RvHy20CuWBlWjfNsC3h5aTHQ
Supplier#000811995|ge2o4shFK39h56pG2nhc50YUynAu2x
Supplier#000812065|aMXGMsoezcdPKlR7
Supplier#000812084|8oTmR697KNtG XMzHc4qda3y4WxFG9xtLIEpn
Supplier#000812087|VC04iOeH,q
Supplier#000812150|yxkeiw6JKJ7qH
Supplier#000812175|GrDKMZrVyjio3wQ86rnP17AcO3
Supplier#000812198|reUKAjrSs4qwvvTtXRamzaVyYjDCoqq8
Supplier#000812200|lJk5NgLh5kFvkUQ R2QvXA50z5PHXGCwtshh2t
Supplier#000812332|vqJrQeIHU3fXkbA8glD1DxU 6hmEZ3efksT2mD
Supplier#000812335|7QGX3466qQJJxRnnsL
Supplier#000812371|tUwOV1 f4JQtVisL
Supplier#000812460|5kMEp5rclDcao
Supplier#000812518|NtDHoR zRLyZtT6zte8nbWIdMoCdn9yvtTJCR29
Supplier#000812529|lMhUqoNIESdD
Supplier#000812535|SfkV4jWerJejOHMd WjHfBt,AvPwQX7KPY84zWzz
Supplier#000812586|NZ1BB35bidNJorvF9 WgKgwiaaQ6m
Supplier#000812612|i5x7AQ2M0p1
Supplier#000812636|GAvmVkLr1E3AGvSpAdIwK4ja1JhZmSkQuXM4S
Supplier#000812656|PZLNB,lZste9XSzyZljSAY
Supplier#000812747|EopQlvwktUbssP
Supplier#000812790|r5MTUWD6yFCJxYx96m  eIAB4oV1TMmk6ZLAZ7
Supplier#000812868|kn8cPFEvDt6eOfQjLSj8lrFmq qIvQpeqfq
Supplier#000812896|jX1Jio1Z,Q7MqTMk8mYmH tZ7TGb8 
Supplier#000812947|j9lTVNeVTufAX3O
Supplier#000812975|DnNYKvDpRaSSk5
Supplier#000813055| T3ibN9UUOFg
Supplier#000813056|r3kGC QdvvXVEFZysNBO08w
Supplier#000813082|QTkg0ewjt,8TKHDM9Ug,nxOgIiQV9oWPVTkx
Supplier#000813105|nLMtSxmiQHv9kB
Supplier#000813147|lhcabpQosxzUGYAWw
Supplier#000813148|aPfwJda9pm 6lP bwIhF9Xq4hd,AZvfISEJgn5
Supplier#000813153|,IF5aOcglmjcdhCzrlvnWIMPAYC
Supplier#000813185|eqd6LCJtGJXsTboAWOlocwxT7cX9BcS9rXSHRSZ
Supplier#000813201|UbyYP6fwsbR4qlFahGNrPeA0
Supplier#000813204|Zmj66HUL5xqiXHLa73cFnBb52Hv
Supplier#000813267|HG6HQnnTeh5U
Supplier#000813328|mTFbS14LEpXjIczvRdf
Supplier#000813359|bp6ki,UVqs63
Supplier#000813564|TD9SB mc4tZXQ7T
Supplier#000813609|I9FCN,HpJcUCLvIN3WpK8qr 0
Supplier#000813610|wWFIxoiJ wSooSbgA AXL5NEJGs3x
Supplier#000813618|HTetlfg5LKwJCOWVc 5MtMRAH bNi9qCRSzRvzCw
Supplier#000813716|DRbJ 77OFsNR
Supplier#000813734|7izIP7lDcBlHZNZlXFIY7F8D 7sEUCQ0kM
Supplier#000813899|CvENEddGJOLSnkB E
Supplier#000813988|96sixvBfgMmQ0Mw2xQhCduNXXnunF
Supplier#000814082|uQzMK0TIU,w4bZdT89d23DQq9SWATBHM7Nnk78o
Supplier#000814118|tGQ3JTCA5Ni38rpQ
Supplier#000814133|Z4wv7S1SwxGg6jXk12hWbu
Supplier#000814193|klaHFb8wdObz,KucmF
Supplier#000814245|OIK7iYdy3LuI
Supplier#000814346|yHN3eZF8R5b58vbZv4
Supplier#000814413|fRcTEMKQQAUOfQtES2ba 1wuqF4SG,
Supplier#000814450|1UkE7HZ4IQI,ERgquke1LUTynhp4dbLf
Supplier#000814454|Da5uKuHDu4b0P
Supplier#000814508|lf68u0bwuwlHCiFhiEQ,KFU
Supplier#000814615|O4L0a1WSgbr
Supplier#000814634|l3GcjAwOY 6tKxyUiZPaF
Supplier#000814647|mDmx6cLTYwmsO2sEbnj b3
Supplier#000814649|vE3xWp,05B4967K
Supplier#000814653|es3YX,mAi5Y1Q
Supplier#000814746|utYEIm83bBrk3zvTWBXI6aQk7pUGj
Supplier#000814780|tM5,nixV4UuHSzUMEX
Supplier#000814862|3 TsnEX0ayMQOZOVVEvOpTEUYDAlAKI9b8RTLu
Supplier#000814895|f u0VzfWqjTkJW3U2F2UuTsKDhrJ95D
Supplier#000814971|mi1fBzqSqNu1seIM65xFO1O3lHspdoT
Supplier#000814984|4ItHCi0yHducPlEwDOYvvBd2w1iN1AZ9mWSfDj
Supplier#000815051|IFMTyIj4WGXxfD 7om64orjuvVTT,exv PGqBdr
Supplier#000815368|B J7MEobn ,VLJ2ITfM6ITK2K
Supplier#000815396|y4bY8v8fBTJQXf10,VM3aqNTFv9LYBfQ7KyPRE
Supplier#000815409|l4riZ,vb2oq7Wp X0jOjBJn6
Supplier#000815486|7OWveJdEg QJeSecTCY9tDiOl71X
Supplier#000815534|YUWOlDGJTUy50
Supplier#000815662|XrhmvABZXh5w3s x8sr
Supplier#000815675|bDisWnnOv2RqUEIZMQAlNUje4RZDcaeAbu
Supplier#000815693|aPThd367vkg
Supplier#000815792|oUkIlSRAaN99
Supplier#000815808|YA0hN0qJNg
Supplier#000815811| Kp9Rr,m7v08DB5UX
Supplier#000815871|GagWMl5yi,mcAPrc
Supplier#000815883|sAJsNh0EdmEq3boZK5JZa0TCU1Q
Supplier#000815931|fC7Sz7ndLv7IJ4Isy75QGg ZiyHi HSHGEJDT
Supplier#000815967|nb1zpQNaaW4KCoGapSFeBDGTqJ3Jarbmf5sJl41 
Supplier#000816090|jwwqtljZds6z2 pwFap7o5t,xMwGJ
Supplier#000816136|YSFnUABbXRFDYaRsp,,TqR
Supplier#000816174|0peMdE 3VUvZa0YLTu2TDM6
Supplier#000816348|6jA,MDHRrL9pZTyMeW8ww
Supplier#000816349|frj5esmhLiXNns2iH,HDTS2a0agtT
Supplier#000816513|sqeqNcj0,4fWHCYhrS65zkn5eD9hKy3DO0GuYmQ
Supplier#000816516|WFgRmynRj3eArFhbt7MtbFV
Supplier#000816529|3T0GyGvYNdVF4O1
Supplier#000816617|n3FejSIk5JMxm3TgSVgTUV2izxgPXnYSr,zq
Supplier#000816871|enfO0Tro7gUHZx
Supplier#000816918|q9yEANkj6ZAiRXDZ,5l31Otqo6SX6
Supplier#000816944|HelnQ0K3824FEciuyzfTo
Supplier#000816999|V6H vxz6Wr6AnRYg6eFgDN9s,fAdfV1SFS
Supplier#000817003|dRyN5dl4tsIXoslPNEridotXrYOY6y
Supplier#000817013|yhHFqQCHg1BedR7FBKbHEOd2
Supplier#000817017|QvWMZwhx,E3VSVCsTGK
Supplier#000817075|2dxzp3Rx ZB
Supplier#000817078|j57t 58,Joc5v3rx6anL2 PthLEw
Supplier#000817248|dRfggGFvMqyNWNWONgOXeA9,UU
Supplier#000817257|oNSLIendaYqkaW3BXNiAoD51Gi8GIF009p0
Supplier#000817296|pL1m1HP8C,1e4ZZ
Supplier#000817315|NPv1qgAqc,7bHol
Supplier#000817380|r7h7syRLvT28ZltPVGIPzmxD9ve
Supplier#000817392|lMFI244ZVB03s08QZj5G6yl208fD AF7r2RaiSvR
Supplier#000817509|E0,hy1i0VwQ4VvwoR6crP9Jq8n1fexAXFa
Supplier#000817545|SOeop,thpFMrm
Supplier#000817572|6ZWlgAPGSLx1XkKCrKuzYwTUtfIkDbq
Supplier#000817751|XE0odIz3kseQjNmGnUQQo8SHsVaQ19 k1N,wU
Supplier#000817781|1RhH3A1X1x1s1V3lfyfVH4AD557LvzhPfjCHEA
Supplier#000817803|gtxuN1U7 IvcbkEnNV7MdkXumt9qMnR8A9L6UNSz
Supplier#000817810|YYpExVvry0aRlzhwpYYnogN6goHDSAJpqvQb
Supplier#000817913|Pz4MudAl DS8svuurnmiD5IyK
Supplier#000817927|XeXQr5xOsNgcOsFzhl7MvsLzXR
Supplier#000818052|wQ4jOtcYqm5WdX0ophH50
Supplier#000818151|ltBMXUGtF5LaIpiIAw sK3cFSyqD4DEAehob
Supplier#000818162|fmEwDF9balqphRyKWziqiBqq0xZTZo4X
Supplier#000818170|iQKWf4 dejhSQbUp34Jk9Zi
Supplier#000818199|fV1SXqKxmnaZ Rs
Supplier#000818247|tBrbb0qbYBD2oZbEGnrEHI4DirtRIpWeCTn
Supplier#000818314|iN5Wa5DlHz,ZezgLIVOkmX00eQeASAHaoiC8R
Supplier#000818370|AQdTWOWJUCmpmkFDLm56 
Supplier#000818488|TxsXp4G2DgY2Sl3rx FxeW3tNLYOMI
Supplier#000818508|tHj9Ev1XibM7Dgqs7eo4Lf1zPtGcso
Supplier#000818526|SAHSZV88vkMqniV9JQ3IEmCgbvUBeTFD,8
Supplier#000818528|EQzAekUnBEX19dsQBoZZUyVKLt7wSR
Supplier#000818556|XHTAi7wtdrv,nZGPXve9kbpDZpJEGxKAiqeVOM7
Supplier#000818923|jLc,ErwuJjDSidisbcmxTzcoa8pvaoRJ
Supplier#000818932|dqVRP5QR 0DJDVeHAFt8AgbrBNHGEFo
Supplier#000818964|HjpePnHZnLFDLgEYZ3kLHx6y uMSvSzDtKibv,e
Supplier#000819175|Zo5L1MZrnVkF,PwXBYUXWcVxpK
Supplier#000819189|hoEcAoxy6s,rEjUnHMB
Supplier#000819335|VBWI1A9 05enbln6aYqVeyANXF0Wu8pwAqLhAs
Supplier#000819456|QbPfL,Fdh97mht7hk3Rn,EYwOv2qvlo0,JF0O
Supplier#000819474|xWNBbDGE8U
Supplier#000819487|Aa7akjtCvGxZYNWc0FM
Supplier#000819539|94fEN6X7OFSsOEnLsu6zF2dBUumPFvFqQpAK
Supplier#000819571|lMI7H1pP4u1
Supplier#000819773|jP69V tftIVNr7qlcikm,5wQD L0,UCM
Supplier#000819959|jeMzEfJujLY4,Dbt0FcToHqG3 jSJZmgNY4j8woY
Supplier#000820081|snTIZsSiI2l
Supplier#000820258| WAQEuYWWTO2b,3Zz9I2KI0FuX9
Supplier#000820285|utJtPkmVjFIMT,iO01n7TsRa
Supplier#000820539|rIPaosT0o2E2zfLnU7W2J
Supplier#000820561|DhNyuLqM01JJzMMSk1udzc9J6P5XL,eqqPcfBn
Supplier#000820654|a8eg, T,IXeKuzj3
Supplier#000820813|1kFwuVdI7jiutOcE
Supplier#000820824|yseA5TH PNO72icGP9Gjh
Supplier#000820846|5 NXs9lv2wW
Supplier#000820960|BovKbYSMq iTpvPnCa5zHdABxtvHR
Supplier#000820974|Q5eaQM7qVeSHExcCN,dp
Supplier#000820996|cce9wFuvIl
Supplier#000821009|37zPaKSdLIVJ ahhxoPKSi5jAKNqjRL0
Supplier#000821068|SdXExZ o4d,EgiVG
Supplier#000821176|Dqlizb00RzEbFVUdHkrrUZym 1NLXsIstJoSsrSg
Supplier#000821265|GOD V5mpoGtdNCjlsCNPwPYjo5J fz4D,Oee
Supplier#000821277|fk38G11Puf
Supplier#000821320|,S6lR In0x36WiDddLs1Bgp
Supplier#000821326|HP5KVJ0dy pPP6iNKBoZSHbCKBVJMqO4snVeu
Supplier#000821345|6laH3XuCc2usEk,B5
Supplier#000821414|dQyD6fO,i1wCALz aCBHac6
Supplier#000821480|WdNwbZhyzembr,lfDZU2wVOI72
Supplier#000821501|7GH3q8FE81VpOO61pm0e3K1TYbQCf47
Supplier#000821559|0JnosDQIX3bwrEYUztQantTAtsX d7gASwZI
Supplier#000821568|zR5hu8sRnqHGipIm6cUc ikoZkA
Supplier#000821577|y4C0cLejkPi766,86yKp6dO
Supplier#000821598|hRJHzjLG2ThYnL8J6mzn47Y133G5nR4dGiEzzLf
Supplier#000821617|xElAog88oQF8HZifMjTc
Supplier#000821620|iIa,XObUkLDq6QZGTSCF
Supplier#000821652|9fZ0rCTTnsH0p
Supplier#000821663|1WLtDljpqw0KxFOpcW0AT1NTlK2
Supplier#000821684|9OxjHNkVgXwbA4YwVJ,Y6y2UG7E48g
Supplier#000821745|OD0FGm,odAtOxtvDZbo3IV
Supplier#000821778|f05C1RvXiY4lcdVgZHw
Supplier#000821803|47c3dC,ex0yow
Supplier#000821846|vThPMwP54ohFqkq49gAC34UMCRVi0v
Supplier#000821906|bLoOLyUhE64qpr2Pe7IDV926vynPvE 
Supplier#000822003| spUziTq9RMFMMzFHiF x
Supplier#000822017|xuW5AVP96T9r Zn53gfLq
Supplier#000822019|QJwuZbtEAZPLGEgz6uzNLQ8R0Hepb9
Supplier#000822028|pykgYkah196mC1Holo3sT7kGW
Supplier#000822134|p 7ck34ynVi kNUWy1
Supplier#000822193|TSohJtGRqouWbdP6GISNrmd
Supplier#000822379|7tBfr azWtLFCf1
Supplier#000822425|,9QtKvtgN20SF0sbngSOwINEObla4 q2YP0XP
Supplier#000822444|Tx,o,TSojXzb
Supplier#000822447|1zKhWWhktL5YITy1I,Gsbp
Supplier#000822457|zxpzlYjQ33RS6
Supplier#000822463|ee86O4 dpeGLSTZDBcW8pxMFMybQNnfWAGAaFAPq
Supplier#000822486|fSsgEciFbvH6bdK4C6vH7wU0s91sXKgZHxDjDcEF
Supplier#000822592|siRrGA9xduWa
Supplier#000822635|doMrotE74A74kPs6221JudMXgtt4v
Supplier#000822695|WoPpBtUWc6OPD5K5nZzMs4udusc
Supplier#000822715|IDORMq 5NKA6rkarLqpUCMv12DUq
Supplier#000822746|JeR54Qjf rgQsL9udyzi3 YHMwN4rmdsD6
Supplier#000822752|kiUMFnjQVklxG3BAsXpgVmOgd
Supplier#000822771|zf80FV,CP7OxWO
Supplier#000822814|3l EnLLf3AFi8wSb2rxmkZj2zuSdbPJ
Supplier#000822827|oEq2i2XzzTFuCN2JBvtV
Supplier#000822877|EjTfbt4FbSB9Skmn1Qu0IXQQvtbnFP7iZ
Supplier#000822882|O82Ytf3jX66zP
Supplier#000822883|VwatFaO6Pg,yw
Supplier#000822894|jbZni,c79lbpv2cOE72y
Supplier#000822970|eEjd7JzExSmLwDAkGRMM1
Supplier#000823005|iklra4l,VfPFNcc7g5eO3495Syt5fCWodzF
Supplier#000823021|thriMwT3TtciC3ItBo1ggCozrGcDkEH1n8DzlU
Supplier#000823031|N6SXHpdlGy5 JexWt3ByDP
Supplier#000823100|MmEoaTKnkeVMpD7q,X93J4GKF8txod2T
Supplier#000823105|LO9KKUwPT7DACBqnr6BjCm
Supplier#000823129|pvFjFsJmWhfpUcVgBhPgYiiUfvJIOcTA8IwDhfG
Supplier#000823147|d1rH4g3nGIbUlNlOtlj
Supplier#000823173|AM1oiYd1VzfhPlpQFohL2 mAA2j
Supplier#000823202|NUXc2pSAdngKMiNERJ3xd6c5rcPKGKzmK
Supplier#000823205|KfMQZZUonqhTrdPbwkkPLgck
Supplier#000823228|FUmaOhFZ3AOraXSgq7ooab
Supplier#000823237|Mu3U gu313EZVR9VhmVQF1TLITjT8ZkjGWdu
Supplier#000823257|tij1qtHfLbv8xEF6pVWX5Ihzp
Supplier#000823280| smJfBbz8legT
Supplier#000823296|FnS4zYnyDi7SZqjxLRMi2aWyyOm6t1MFaL07D
Supplier#000823377|yw2UbxiE1L3PV10iU
Supplier#000823397|cJHVn5,jRSlEpVn SN EDtqFYB
Supplier#000823667|3r3x1mIK9fU4Ef8ny1H3,6y7uA1leclMf
Supplier#000823683|Tk bXjRAL1USjz,xlTShvJoGEOtkF09V
Supplier#000823711|dGoFyKBTQD9h3 uBa
Supplier#000823806|XlICRlHrPQCBjks
Supplier#000823918|WZGFFcco4LE2DHdvN972WGBr qqncdkRj
Supplier#000823984|Rf,KkThma6uiJw
Supplier#000824078|l ,i1a6rOydLHgJfZzoz9nEe7J4Tfn8Qre
Supplier#000824081|SunFxZWAXXygCecdzyChMb9yBDXKpgr7mZptQQ
Supplier#000824141|ZihS,dkavbcRYd lgwHfpksaLLgJi6SRJNup
Supplier#000824160|tK945MKaq5FP
Supplier#000824177|Hg9GHSCVcRr8URUzqglZWpG90FewAI
Supplier#000824204|FbHG2w1AvvxPEOtFXqGCI7JMWtJB6ZNYLzTd6LfT
Supplier#000824276|qsMYCzZp3f
Supplier#000824284|SNXf63jeB6M,CPvznnOP4eBYsgMO,O88aPUc
Supplier#000824446|CMt4ifnbCi271pJORqNGkuEF5xulM2wJZZE2Aya
Supplier#000824479|eKdnIjvFoGjc0Zpg0q EKWRDnRw,M
Supplier#000824541|TRo6In5NEDPCqvP5Mc8BZyGgOFIGrxAJvPHdf
Supplier#000824568|Cj Xh,4myTNEPj3Zc6Da,XOPCwf
Supplier#000824590|L,NTb2D,nLb5E5ICxaC idY
Supplier#000824629|TTD0IbjKM27LhXjAwIpVM54ZQ,
Supplier#000824650|82tFyH6oJV024XDprB6QADwlobWZHTKR 0IH9
Supplier#000824740|E z30O7ENAkHYcmsyZsBFN4G3QSgS D7PKHUM
Supplier#000824824|bcQni6,dhL
Supplier#000824870|8WteZXFfk9o
Supplier#000824916|9pQQpVTpo8XhGR
Supplier#000824953|dK8y9Tbw zP d07trVH8fG
Supplier#000825024|tNeCtQjwsEJhPDX90p
Supplier#000825045|aowjbHVzrKxj6QJUrJaVu
Supplier#000825065|N9j059IEAhZO9GRm8HtZh63LBhzvYjICyD
Supplier#000825160|aB mR0Qt xAk8lK
Supplier#000825179|jq0NG7aU9phxa1
Supplier#000825214|HyKHASqYT8tLm9BEq
Supplier#000825235|4C4gMcIIFOJdO8mRhk1xnXoPwLTf2uhXXpwzj
Supplier#000825270|XL4qMlWcpROLIhk54
Supplier#000825308|YH0tO9Fqz7oFHIAIeG
Supplier#000825339|eX ngxrZAvlMDII,oKIGur7TTGkZB
Supplier#000825386|SQAxX6Pwop81dhPP3yMhSIlCB9fWS y92A
Supplier#000825424|DXN639HaIIY9diLXhLXX0qPFRSynD
Supplier#000825499|UJSivmPSEkcxf10Lfgi6Rfm
Supplier#000825502|rhjnYL026NrtgVdHRsT
Supplier#000825537|q4YRxI6dvB6vqFc2PnhmCzv
Supplier#000825604|q9UJkNJhxBUkhSHvt4CB
Supplier#000825635|U3kK PQ8Y4 MEsjf
Supplier#000825639|DAsAhS8pR0Fux3c2YScM 
Supplier#000825678|3,NjaoW6NkZ2hUNB9wGsIhR7 X3wZ
Supplier#000825797|QoVKZs0ceo
Supplier#000825832|RUeI4hqR 2mDEcrVtw8nwmc6WtzDln
Supplier#000825852|dx1vGRNQ7wdZS,FRsK3H
Supplier#000825876|nJbb9fBSOnHqod
Supplier#000825900|6XjQfRD87UvGrI0LkP,q2VM5IsXYP8AD6S
Supplier#000825991|l5EuFmuORkVa 74c7DGuZrRNiKmCQC5v2NLySHF 
Supplier#000826040|NGn,,tnF qUOOMhVuZsKqKA
Supplier#000826043|kC18XXETvvU8cnJg9LPbJtbfasEAbo5zxbbo
Supplier#000826054|1SSnj4cfey3JAR8
Supplier#000826055|fvGYKgWmCJN,uQxBAZu qy,
Supplier#000826056|ywmVhSuQHNfyVgsQ7OWtrEbJ2sLBP
Supplier#000826148|xhaYUJ YkHo0OQPs4AAr47IEEjVm57xrz3gthbdl
Supplier#000826185|K7lI9how5vyh1VuQOx mkeLFi
Supplier#000826427|a7hiXb8Hbxv1lM4oVR
Supplier#000826433|0Rnm5G1 fRcKN
Supplier#000826466|vJB QwUTQvy03M0
Supplier#000826506|BP4tiJ9ethzKoKgoKHacjt
Supplier#000826515|Eyz2a,aq3A
Supplier#000826523|pGNjQkswxwk4De,kr2XpOffxAL
Supplier#000826633|Rz07GLb2 YYxpU1Mqxv8,7V0eR
Supplier#000826808|jl2WzGOzx RDl2Ewam0APusXYvAvrcO2E
Supplier#000827096|WIny,1ws2rvnoave
Supplier#000827114|BBpExU6A2,utNuZTFml7 whPTd,YxCKXvt9
Supplier#000827318|255U CoG 97V9YZQZTPIJCTvsUk3
Supplier#000827369|9PwX,5 qdH9MQVRSvWYlieF
Supplier#000827422|aL7Yp34RZ1BLuCuG6FZhOCXyt
Supplier#000827501|9WMwXmMxm4KaxZSUD7T
Supplier#000827540|,PLoa6rBZHEtksGxcM1qVsau6ldGarXRQo
Supplier#000827657|rjtLrO9kviJin
Supplier#000827688|fX1ZPeIJKd8dxiMIhYdR4EMmb9Fi6aBKPdV
Supplier#000827703|9sD0ardNWG,0wZw
Supplier#000827787|l7A8FXJBaOf
Supplier#000827807|FvgO0XcCLkS7Q6Fjc
Supplier#000827870|e4EqB34imuOFzxITdUt79UDsWaxQRtL,i
Supplier#000828069|AudJb0ollk7bewJo
Supplier#000828096|SveXcuTc3sf1ZGc tNGJrQLgIJrq8doxxlsap0m
Supplier#000828193|Ha8OPyeHAubZq1X
Supplier#000828249|3PguSmJjhHDCHiQrzp3113xGzdZr
Supplier#000828279| TnVQXt4mPFvh
Supplier#000828343|F AwqH4XFzp
Supplier#000828508|Z4ocSrwZ6j4OL8dNOI6Ti,TCGSyKBTnaGf
Supplier#000828533|fgsi,peEU3E8ZTmmKb5bRdXd
Supplier#000828743|HXakqwU57CsfZtS L74wrXwhq49qyIhg,ZBK
Supplier#000828827|,EGz0ftstq810sFEKB8v PCRc1Mqjs5MVpKINGn,
Supplier#000828849|NdiduRXtFNgFivJyDit
Supplier#000828860|oN2owLWU3aBbTy7mP
Supplier#000828906|SzEiqaO6wn1PypLkf754Ye2LqLDzqXVdy
Supplier#000828977|Pg954t9q3zjzC7kgQyzs2PcgVsIOkPPTun4
Supplier#000829138| F6eA0tiTqRuXQ
Supplier#000829142|LrV6LFUcrCTeRooS2W9At2GLg
Supplier#000829174|Q,4S0uNh10JtoBfKSyyDxCpO7QnmcbFK77
Supplier#000829196|GIt9Iyg4qg5KfkIJzjLvU28w6udGw
Supplier#000829332|BvyjVbAk7xmHHI92mKO,QB2mH,,x6gQjBaz
Supplier#000829393|UJke,aUABag01EsVtA6ntmfp2,ndeNQ1jq
Supplier#000829498|zMJeeWPhtZvGuPVhfI 
Supplier#000829508|kSRPmJgROil3vJI1nwsasm
Supplier#000829530|1hK2wLoqaKq,mnnvMzmSSJlc5 M0vGSVm
Supplier#000829583|w55SsreBo4RmhunMG4wekG,I8Nv5I
Supplier#000829613|KdvWk,lc2iNMtSY6YWHLijDPD8E
Supplier#000829660|lNiTncjrd0tM9X5gXlFSFX0D
Supplier#000829662|8A99 rrMNulbniC75
Supplier#000829679|YVSRBjNnnkMZlC5NVhYuopwHJ8aCKEedjkm
Supplier#000829736|h,32HqwqAhkELjTrOLb
Supplier#000829775|hLkEpGMd9OQTJ0UZn
Supplier#000829849|XvpAOODfbyBDvSR8YqkCX9CN
Supplier#000829855|49IJgalzgpDA7J9J
Supplier#000829962|izIWa7vaS6LJGy0MUY9kCl9v5JX7dRX,pyLR5A
Supplier#000830076|wch12mDCarRtiI17gpcsPk
Supplier#000830093|PPqkKbuwgr2cg,beO3PfoWWhL5TygRMhN
Supplier#000830112|89FQ4wq0eCGmJefRe0KzWcUAcvLJgOM2ZBJT
Supplier#000830211|mHlpnOJHf,yhQGOtueOW49vu
Supplier#000830314|pnGCR0jbIIbX
Supplier#000830409|UZV,4pJlqJ
Supplier#000830546|9aMocBnslXEPSczV,vn9hD5kVpUeiM3R0
Supplier#000830598|SwmMakudfBmxir ysKsVmpIKheZmV7
Supplier#000830739|8b1niX0dQqk0LH9OkwN6q M6Uqmd3y
Supplier#000830757|wq6z5ielE4dvn42Tf1P8C6HOk
Supplier#000830805|PxFW7GGjt5O
Supplier#000830878|we6F7CZ590MLV0kkRo7YiTuevsTafk,zCN
Supplier#000830932|xwtvoLA2ZIhW6q,RD
Supplier#000830936|sE5k9T73nVgP6QVab3hgS9zoIl MS9LnU
Supplier#000830959|pOA1I00oJXiUCw
Supplier#000830985|XoetURzPIEU8J50DIunu5rs2DB
Supplier#000831049|WBrNgOG6LG
Supplier#000831070|3BXPA9DFkObRg6TwN1NPcnNOYx8AJ
Supplier#000831082|uOf6xA8iwKJaaV6CY04
Supplier#000831114|9dm4WoHkzNKOefqbJNUlmPURWCMu9fzkPL
Supplier#000831167|NWaJNWDmUVvjkDG788HD9O6asYRu,xCf
Supplier#000831182|DG0rlJVXfDklv6
Supplier#000831245|iFjE4Uv0FWQDRDkmtq PFxdw6
Supplier#000831283|wnhBzfqMqnU
Supplier#000831319|hFaG3jntXX1Qe3EfC1GfHIyPGrkb8OLwtkDoE0i
Supplier#000831472|gNj06udIbW6PEd,3iKvqU4GU
Supplier#000831569|GOUN3pyHFHiDTl049maO7vAXxkB9
Supplier#000831575|iirXiflqxVC7
Supplier#000831583|v2F7RD6NLkGpDQmMmH4uY
Supplier#000831593|cynekxzh69bW1HezwoIc
Supplier#000831612|LvoO947TAkpi5NBdHtaFQp0WxjHWBeY8F
Supplier#000831743|P,TNMggWlG5H
Supplier#000831889|Nb5v2ZQkaL,8BCCoB0hfE4sPWry6T71FQXttzE
Supplier#000831959|gnJT9KWpnf
Supplier#000832018|Szgq4h6SNbhKczpb7dBFOIlYmUnHh610NrgJxu
Supplier#000832064|EJe,0JfTPsAI u22eUVFG0h8g0V5G
Supplier#000832215|U2W1liGLTGqnOR6CS5Gxz diWFpTEGSVoq3e5767
Supplier#000832315|IY3JOXnZi5Q
Supplier#000832375|aTOZ9ZnsEdvOoqZmbRC3f,o4l4 4ZOMYpw
Supplier#000832400|Ks2hJYi5qXP9P AbYUWBiwJLY
Supplier#000832505|yTkfZ7A9QFRAKBGMqTrb
Supplier#000832581|vV,RP3cnanLgpfyUHVNTZtyl325DedL YZ
Supplier#000832599|z1gPqLZ2sfl8Eiexp6K1oE
Supplier#000832603|Tjhf1omTahglTj06qiJ py,zSX1
Supplier#000832653|dUr UsP8pf3ZZqi1AkeH314Z 50HgBXD5jD
Supplier#000832716|lDu5NY2JJXbn7ZgWAi,CpPxGtQa4Zh
Supplier#000832729|v3jPp ORSPPospTOHQIxF34Mccu
Supplier#000832748|hfcERbBXcW 5aY4PSTzou 5HTjOGF1
Supplier#000832803|zaMMcX05BxceTJmFskJLYRJWjMNveGgSb,
Supplier#000832991|QughkAme,,ye
Supplier#000833079|ZQx48KRvjt
Supplier#000833100|xJBrCqBZm2pSlhwR125
Supplier#000833109|rGP9KBpPDXZ,Fo38O044VZKIUt LjtwPOS
Supplier#000833118|czcuW2rHMR0kH8PnLQHm
Supplier#000833142|NzLC7wD01qAtad,DqrRpPHEp MfPl
Supplier#000833151|s9cdkWVZLjVYvr veSCM6eVnrxZ9Vzvi,h
Supplier#000833253|PJmZfbSt30
Supplier#000833297|XLUK3FtuFo
Supplier#000833393|zMWw,mtgMx6W6peAW4EzoSTdTnHjg7Cn 
Supplier#000833529|c7ef0wt,2tORqCXR
Supplier#000833645|8Fk3vin1BxBU7L7
Supplier#000833757|UKPNz  9VSmpwC7KHtHnYndGtLdc5Zl
Supplier#000833797|M2xPns,rhwGdId3wqvs4lfBYlgV,4zr4pGQ
Supplier#000833802|rVlqACeuLDNLbihDVQeZ
Supplier#000833878|FqUqU7Z6s6TBsF,9TyZzH62UYw8FnciuqU
Supplier#000833928|JsDqkDqcPtXP
Supplier#000833963|oxd5g10Px8PkJuC5JonQfdHs
Supplier#000834035|BX4Pjx43,gni
Supplier#000834174|NB gRv04YUw0
Supplier#000834247|vXy33 LQdo1Eww
Supplier#000834259|etnP9ooTWmpN7j7CbZx
Supplier#000834291|JjvuLUMLKmOnVNo
Supplier#000834526|W1FCY5DueUSCHc9NDjqAWGUqv8gXyhh
Supplier#000834582|zf2O8NWXhioBOoDUPvmaoOR,pniFgg5PUg7Fo
Supplier#000834607|vyFpO3x5NooaD690PVs
Supplier#000834627|jguhgGb8ws5YI4Uzq0062zSHGATfKjLxhPsMTN
Supplier#000834686|1l1mma PRLKr0BcTBKWg r8jUdYYaft
Supplier#000834737|OHyc K8vHp4wI MzpXDvEL
Supplier#000834743|WH9DYNMMbWBS7YhIY
Supplier#000834888|xKyGkfFFLRcRTiBAkteFT
Supplier#000834922|CaCRl0JfCTzKRga6yZngFLCB8
Supplier#000834955|XuLIH0Sbn kD
Supplier#000835047|TWnpFw,EsIt6yn0Qz
Supplier#000835092|pwPTaZky fs2KN3g8Au08slDurPbmN9,
Supplier#000835097|PQaTgJ6RBepMqaWkiwXH7rD250fz5RGP
Supplier#000835200|XpT6yXqw6YkU,GS9yzo38IorAnpMPV
Supplier#000835287|8A uPXXeo8
Supplier#000835300|DwoNBmMs2U8VxhNJJBvp2zQOV
Supplier#000835367|iHx8SNoO7w5MK7
Supplier#000835384|yvqbxvqdqXyWAT6zDNL
Supplier#000835393|m,2SnLk5NTtVbkDNxw4d,D5VqjHcvcV73ZkMPd
Supplier#000835446|blOINtwX2qPhIvWayuG33MnveYx
Supplier#000835567|7GtE a3zK4yYftyPG aKSZFC1fqt8pq9jzXu09U
Supplier#000835615|,AuMFzk6pCzYVaL eR14C
Supplier#000835637|cR9gGLuP9vTbR
Supplier#000835655|zd4UdyW,05J Dk9 TZF9
Supplier#000835664|sb008bOUJTOZHcA6cuTFmgU,jQzKkL9jEln4dwg
Supplier#000835679|sz5HnnWrBVY91L3hOo,RAvX90 F6IOJViM
Supplier#000835696|ECdbFVfyABekZ4bFTG87XDE
Supplier#000835750|3kmqgUVBpS6YNWAcY
Supplier#000835784|hSdQSjYEbTzTvSXCATliO3p,L,
Supplier#000835849|ErJbk6irejO9GuMjipm
Supplier#000835945|tgyjb 3d9SNgy3iVoxqu
Supplier#000835975|7UFKir0VD lV3pNA18i
Supplier#000835982|4d,rC3zZNB8Q 
Supplier#000835983|PeGPgVoY4URl
Supplier#000835998|FHl7xX6,iejdOVrgGAtJNi0hsSW0 QPfAM4TznH
Supplier#000836070|ZuAIs6w e7Uf j3W15k7nQ
Supplier#000836111|ksYJ063i9HDLCyUQ7gSN3hQFbu,datPnlwB
Supplier#000836168|k7o4OnSAo2CVF,7T 3v
Supplier#000836203|7G3LtIMFkSlbwIkHrWsU5Kx
Supplier#000836288|3LrM ZGAJMx9Y
Supplier#000836369|xL2iNGagiwRtvjpeYiHdl09BGEtN6IWf3J
Supplier#000836405|gQSkB580iOYZ8vX
Supplier#000836457|DwL4A9M6v4pTgF4wO6SRt2Xr1ldBOf
Supplier#000836536|xIMEKAjCY3ou4t
Supplier#000836662|2SEV0OHL6Geq3vX18oTZ
Supplier#000836705|4Abp7k9LKA2FqcvCHgHQDwNkVspjsEvmVE7jO qf
Supplier#000836980|9x4u1UZmP,oFt,eNsv6Xb3YHcukakMSL2yAW1F
Supplier#000837069|xnkr2OsE1k S5HXR40Uu,XR2bLn7I
Supplier#000837111|MFsm6BOw2MbuaQa
Supplier#000837138|T0NDeSc2BSZFXbAN8S
Supplier#000837180|KQ8vQ5Pma4ii4IWaHs0TIAfJYt4P,V7eW2c
Supplier#000837269|RDGbLapLLbWAsPLP9F0tVJQYneKKE
Supplier#000837289|a26mmmSsa4mP5ykf OA4hAJ8 Um
Supplier#000837479|BP0aWftOt2BcZOwbfsiLuMjQVHNzr5F
Supplier#000837540|7hC8tLYX,0I3Tyqi
Supplier#000837589|8U816WHf6lXxs5rQ7j7OTk
Supplier#000837601|WIkDhxZzoP
Supplier#000837619|G0 2mP2EZVprxcoALuu0
Supplier#000837715|pRbhoraQZ8A72WGnsj
Supplier#000837745|6dNWsrn9Yn0uyBVD
Supplier#000837752|wR8z3vhuE0Wx,cbEwz,0JIe6NxJ722,s6W
Supplier#000837806|0TxYMdGTal4boEtFYYat9p9mG8wDX
Supplier#000837933|L3LmMekDBdRYhArUx4hroPuXvT8b14MG3kg2Koj
Supplier#000838086|a FbwQXWmnDGvp80wQevNsA3MxHBv oiMFCJFfQ
Supplier#000838100|vpHCUwbmXB6dA M45hBYel6fc2yF7h3rdNOukSy
Supplier#000838156|nEkh QqR41djYJwNVXzbUPJieMZ17pNy6p
Supplier#000838406|iCsGo0kcCUBWlizgYjYAl,T3
Supplier#000838452|hhSHwa7mBADpJTTN8bxT8OJOf
Supplier#000838493|FNKMKkivYLmz1zzKDAH2TgFfbUQOzYK6d
Supplier#000838507|8QSSsP,uBkFn6
Supplier#000838609|b9NNQuf4eGmxSWV1elM,9DjWOJVhvr8
Supplier#000838639|HbNb7grpCCKk26rD
Supplier#000838648|CcgBaeDtC3m
Supplier#000838779|7vXZtvxcZXoaGaMd6McFUfhMZ
Supplier#000838808|75XbJKcxe1 6jLbtEsDThH7W5VEQwDbe
Supplier#000838982|R8r,4zwGKGuqIaR7D
Supplier#000838983|jT4PrmWqI8,skVfsZ3hstuZF4YnIXMmSHK
Supplier#000839121|7jThh7LunJ6qGco0cgrEHAZSO
Supplier#000839144|dqu3J7CNBi92WP8joIV
Supplier#000839197|KN6XFsEPreoiHuHA
Supplier#000839206|NOkzwFbCIsVRyceTfYl0fQf765X
Supplier#000839277|kmsDSJ9AHtF8qgBNom,uLJ4g
Supplier#000839425|cIBai,8xVuehWkpUwzo6yygmqv1rhb
Supplier#000839436|Lb15vqzMUuYX74mRtk4l
Supplier#000839447|zClASM32gJ9hDcPiVHyw89V,Tx5NYm
Supplier#000839718|zuNUVTJORt5Jpb ZEifJmPaHM4wSc6 013
Supplier#000839874|FJ, zjtPr8iOQH1aXG BXM1fHJnusuUDzG7ct5
Supplier#000839974|sk2mCcf2WbbFu8XuziGmx6vl2j2 qoo
Supplier#000839978|GR04tyekX8MhNznU7mDRxRM9tDcy2OvZuyugVEPM
Supplier#000839999|vlJsrVPackuhaK7SEKNM5an05JFj1yflPj5sq
Supplier#000840004|T0vbIxbuYyybx0YB7r9jRHzLfENhKo9p6ECelMd
Supplier#000840039|jICo,lnDzqHW2Y2hv
Supplier#000840166|LO3QQ6F8W0Y8yuEGpqnhf88m
Supplier#000840174|6b7cI5JMK7
Supplier#000840193|VJ8Qxt3l897
Supplier#000840301|p3oCxVrxtGVJ SlVFofQifGnrxMRrBGs
Supplier#000840317|YmZJokpVUnX0c
Supplier#000840387|36ajG4gS,OxJo68sEt75YW
Supplier#000840454|WkXYHCCnIZPHwlXb4o
Supplier#000840530|xIakB7YO8VgIP3wW,j6cvPQIdseBg13nlBING
Supplier#000840545|jrjHsReyxRbLA wWkaRDtyWhCZVjFlDlvl
Supplier#000840590|d3Pg1V6MkBGPbHn
Supplier#000840696|tE8AnLGX1pkV3Ce M2POE8z4DBiKB
Supplier#000840832|fyzA VoNm2TDDaJzA5RFDr4QxvCMuS7EQSNmiZCA
Supplier#000840946|2d1kIUx48 g3tt3zyZSG3Hx8UsRO6Jne
Supplier#000840958|dKUGxsYn7g
Supplier#000840994|oL7MAPTKG67FJHaCzLgD5
Supplier#000841001|lr4SF8UxGzNEvhXy
Supplier#000841061|MRQ16D3YAdZl15FxsIzchMnOQtiaC5A2LZJ
Supplier#000841164|zRPzVbmwcmXct2JJWK27cTEUykov i
Supplier#000841414|HKQu2jaVOLr AJfrbZbjx3DQ
Supplier#000841456|3ZdbCViw1Orv28gf986KuvL4Nqvlq,EzF1t
Supplier#000841465|Hi17tXlf uGS6UZES3
Supplier#000841594|rHqORBj7CTIdDKCnKzEcGnDDQE4u11NEi
Supplier#000841688| vo,mwf5UuAoDfwqrdRD3ml0PWheA30x
Supplier#000841700|cdZrm3QSHbyW9UPX6LudWeHG
Supplier#000841763|ENBYVnvVl8
Supplier#000841910|Y9sAq7yR4uGmRc
Supplier#000841917|YcAu9kSFWYYwzQ0BM
Supplier#000841931|QFvhxh5CjUlylXc3gDW
Supplier#000841953|GlqC1WbIQk7niIzWMKL9Hdt
Supplier#000841980|gyUwHuHeAOPw,QQzv,UQDbQg
Supplier#000841999|Fs43Sf7157n,gCRMtJu1BJ8X
Supplier#000842011|1yIKPyt,ttA
Supplier#000842034|hQLDqqOLK6pW9UDyK8uU2US9peEuPKmVp
Supplier#000842035|3hA9Y, vpvxpDOvMz1RKrPkjkw1f0vPRhERdWegi
Supplier#000842097|zLS3i5pHCRPsIVMwWBQL6Jg2ea3
Supplier#000842111|uOcLOSJtNRknVtZ320ax yoe9hDoewT3OAxsA
Supplier#000842120|K8Sw2wLkK3TCaP0wxG
Supplier#000842206|RU3fdMG9aJYD1QGO1E1N7okYczI5NVDSWUSNoc
Supplier#000842291|t2,QomYrY8vG8UYAljmCGM4LhlPeRCY1dIiY
Supplier#000842369|hNWgBhma4E1oqU30Lk
Supplier#000842406|ICuAnd49cOEnJwUH22M0NGbfciIk5CzrX0C5hA
Supplier#000842447|CobLCJPDYsakGGZ68TW,fsj
Supplier#000842544|ZrBnS5AVJmpKtpVs,
Supplier#000842630|DOYn8hrZCdIy
Supplier#000842772|cIkwNlb t6L1p7ZpwqY6egJWEZryK2
Supplier#000842797|ebTgMkG9g7up9tyolXekyPd6wibt
Supplier#000842809|LZC,CIVcsQuB941SbhQD,D0PXSMakZMr
Supplier#000842850|Zq9imUR5DS xh
Supplier#000842882|NBsFWAbcZ7CJNLsbTFph7M3bHjUiacWZ0Dz
Supplier#000842964|x4f79d2C6bqSMP
Supplier#000843005|miD3fICA82dopftkOvhRXMpRH,o6H
Supplier#000843032|P Mj3TjR,YJfr
Supplier#000843194|i3,qpxpOzY7 Me5IM,U
Supplier#000843201|ghmUoyLa7XsAcqZPoWuhYsIYgGRcGYshEXr76xVi
Supplier#000843286|yf78HY0,A6qth7xbkZUXnezrs3Me,6T
Supplier#000843293|2hn,mNcRRpegljiNJk
Supplier#000843378|cqUwnhNa40U7iH6bkkb
Supplier#000843399|rNDCqu0e8vz,
Supplier#000843439|1erNX2yY9uvNLY92XnnVGAlfgWpk
Supplier#000843456|UODhC1biP8q29gq7EjQ4
Supplier#000843467|d6c25Y6KR1HY8ddj2XHQtRZ9HZgdoMvDw3clVAJ
Supplier#000843485|8Jm3Cp0D3yPCYZA1gv
Supplier#000843532|j0rSJsqFks y1eRT
Supplier#000843643|VUo,A,TdAEqVJyHDmEdlBaOBNHAy6GE
Supplier#000843644|F5VEBC yl7e
Supplier#000843821|n,9P9S1sGvVc
Supplier#000843862|Me5vGNWCmK1y1
Supplier#000844007|VcMwyzjMob
Supplier#000844040|J5STMNiXab6sBvB2PoCP u5AjP r1LCK
Supplier#000844055|XB HbYCE1BUeVpW1e
Supplier#000844059|CxaWpnSX80INECJuw,fKD0AJ
Supplier#000844080|RUpmNCPyHpUryH0 g67L3V Xnnk40AlEW
Supplier#000844230|0yHYw2GhUEAETf0tIFA
Supplier#000844299|Of6Irkcr3wFmYpzDM5,
Supplier#000844307|Gn,grzeuMaQoVT55fcI 4NaD
Supplier#000844337|B2VdqEWY4VR,TzJQm3dj
Supplier#000844363|AT2wqDKmllzmM7roNkMlHyQ9ctBBbGFrU5Pb
Supplier#000844465|JxFAHefX2neeYo5,2tQsgBUupK
Supplier#000844533|YDgfGiYKqPVB3DsN0tbrDWPKs4YkQjy7
Supplier#000844565|xhZTdkaDEHcvEMCDmX5v rm
Supplier#000844612|6M76varHx0Tsdpgu
Supplier#000844803|HBFs8RVjTv1U0SXTGVajSvkUnXeSQd
Supplier#000844913|Z9do PXMBgtqn7Tw
Supplier#000844951|5UpKeHCoT2r
Supplier#000844957|qBKYXDKevVMyVovZJZQ7hAs
Supplier#000845111|ljF2VAzUNgIDHDBpdPx
Supplier#000845134|aaj1e xeeSD
Supplier#000845152|2ucVzBAxw7hFlkJNJb
Supplier#000845171|VlBJMMh0n4wwS9Q
Supplier#000845173|9pCD4pdS06iEryc69N9BleKejY
Supplier#000845185|SNmkSJS5J21gC7mptrkEqu0SOEx
Supplier#000845246|3NmvoutIniGjkzgSvT
Supplier#000845259|Te6qsP7Eq9qQZ O4yT
Supplier#000845298|RdKqHKSrAxgp8VIlgsNXeP3qyx83wEYzLmvdALFh
Supplier#000845310|AheZQ,REmCy zaJQPb3m
Supplier#000845320|p8X9aMJYdTVQ3erB3Zi9DXtBkmjq22
Supplier#000845327|zzz6OTxbzZSNF
Supplier#000845342|PTcmfATnif
Supplier#000845346|Tx6paR7B16ZZj2dfzWdqlCuh04UCZIbxStojW ub
Supplier#000845402|z4MQjKDvEcjA0O uA,tfJ57AdBbIDcNZYLlQA
Supplier#000845464|siPhOZslVbWNDn4DEiqr1UInlSqkk7WEl
Supplier#000845507|2pXhIxNea3jWMMOdu8JlchN
Supplier#000845623|cvOPzdb0Y,Q2ZTH65
Supplier#000845738|uCtfHtbAFgh8v9uCvLd
Supplier#000845841|tecbNk5CSoVRyT
Supplier#000845954|xBAVJ41ADrQRTgYHi63uarkE,ouCNWH nsE
Supplier#000845989|Mfg8GLupy4YhmhAmO3NJN
Supplier#000846130|pp0ywHOam22B7LbKDgq9mrQ6f7a
Supplier#000846159| 1qxvkifUYAVf
Supplier#000846161|R gNCWGTu,VhmT7VvPyuJ
Supplier#000846202|CwNcLn1h JYnUMQVWZh2KYzB0iX Je
Supplier#000846279|Gey U1MVoEfftLeP3
Supplier#000846306|vaYN22i8sjwHO20j4Elx
Supplier#000846307|nbRTDjiurDfbmJ
Supplier#000846314|wZYeik  QozHTlsTeSrSg,w5RrJ1qy
Supplier#000846428|NdgY4mchIMN4ZY
Supplier#000846438|66J2RfY1n4NO
Supplier#000846557|4hKmY1HEmuBQ teeANPTPLbfKj5
Supplier#000846564|JHdABAHnLRBlWuoNpwLxsrhd9myTrX6T2s
Supplier#000846572| DqGfPygvi1AyMeD4AKOX
Supplier#000846606|YbL0Z6XiJSHVyKuiMuVnKruBZud32Fek5p02BZ2W
Supplier#000846614|QcC7qB o753WI
Supplier#000846689|4,2kCwYWr1RqfvfpSgal3GZiVQho8
Supplier#000846739|XIeFpVo0,wJCb,1PxE4S59HQA571rR6rC0MVAWL
Supplier#000846838|zTyc9BWGsYDKHkTlucN3hxJENGovSGVq7j
Supplier#000846939|S4WkDFjRAeWhwoQb725Rn5EIzHtW,BenJ
Supplier#000847034|o7L4KC9uS8nHEevv5YB0RdEOQI7Lc
Supplier#000847137|cSiwVKxoURZF2onsHwAF91QH
Supplier#000847227|5zWs2NSRpWLuLo3BfnzqlSZHX3AOL8d
Supplier#000847231|jTLjJ,td98OoWKFvd
Supplier#000847270|5Zlnh5Lta9
Supplier#000847306|Yh xZaCBZwaLMdobYp4a4AdXaBgZ
Supplier#000847369|7wiEnbTFUrF64G5D4H2LE
Supplier#000847381|bUOsR8 F,7GVL2wELZWQmanuqraskrdI
Supplier#000847403|QpqTlUmOthhOZpE178WAPuCeaoWay4
Supplier#000847440|5NwOk8zWAzBf4UYR,q9lHyLgt
Supplier#000847450|A jNrgBEMSUyWyf2
Supplier#000847493|BBnFwT4nsm QYKMIzXnG7k3wtwOk6c
Supplier#000847540|DSSTBSQKnxH,CkzGY2jYGxhKka7uza9yATD4VC8 
Supplier#000847567|KmQUmlXzFIc9S44
Supplier#000847577|Rb2wwihOtXJ6,2
Supplier#000847597|ryGbWhjqmTG5Uk5QBZrMra6mF2cqHgb0ch
Supplier#000847598|zG6wKcfjVnM2RhfVI
Supplier#000847758|2qjQhx nW4DpNF2gmzpNz AhkD9vxm
Supplier#000847877|SKjpPJXXgyK
Supplier#000847958|6jHbUGZ9uIdDDeakXhf9zPMLbS qGR6h
Supplier#000847966|z1sWkZQoX4DO2weQC11
Supplier#000848016|SopLjLTdramnLrMeM,UKxNlpCE54EK8IyL8zuRE
Supplier#000848017|,ImpDZa5tqMi2UaCha98TyiEtmm156AP
Supplier#000848096|W0v2O4DDuh0
Supplier#000848102|AofMAszXZAplWfQTZGBEcRbDJoy0
Supplier#000848196|ManBDzm9eN4A,Uw
Supplier#000848197|HYTR 9ReEaJ4DUhtIIaPq2WEEI8Ne0Bu9gFzw0ER
Supplier#000848253|2qmI0o1cn5ld
Supplier#000848318|6W93yeCXyFeusr,4F1i0JYaMYaOjRWiWs9O
Supplier#000848320|6GXP1OMkESYRwf5lhWYHtS0oVQhwbT
Supplier#000848399|wAxHQnxZC,guFjr
Supplier#000848465|R2JKXfHH nd4jkBfYOq
Supplier#000848525|y1ihqkVekL1VNnhYXvU,GOYQkn59VCBEtCld
Supplier#000848601|O3NxF2q2xdFr0,u GraPnvaGvqbJf0LiMC
Supplier#000848686|QpQ0D6Xg8OYIio,CEvr4g3 kgXXf78VY9
Supplier#000848734|AFwiAtwa0wKqd7bRXzki
Supplier#000848906|rNqyaNyIDkds5gfWQK49Z QKYSdYutIv
Supplier#000848931|rcK,jcHA27abOSTbtPv5HWm8CwEhZ3
Supplier#000848944|ygsBr36T6cojVPxr2OVdJp,Lb gSpJR
Supplier#000848945|CHbOOspI46ehMIZVLwAASl8,tslxCI332zA i
Supplier#000848959|FCiZR5PGbwNbTusjGqPLsGv9laJ6uLXw0SM
Supplier#000849013|HashkObSWK8tVoh
Supplier#000849057|aO6Sy18xqQBAYL6KD
Supplier#000849168|NKbfCG0Ll4PxZNGXMu2oAMaxOYhxkbOVIKUY
Supplier#000849169|53Bid1JL5eey2Y
Supplier#000849215|1WzxikBtwGa SXpKHPz,sBd obNCKdjX Tk8
Supplier#000849235|HsHdVYqxjyY8FIPJLil2x1RMAl
Supplier#000849305|jjZZE7NVqo5WW25Oxj66jxeNxj373dL
Supplier#000849394|c1bMFMa 4nBN3RKJPottThU
Supplier#000849449|ZczZPbnyem1PMx3gOewrAwMeILFvG29yf
Supplier#000849514|ECSsjjx7i2F2QPzOEbl6MpbC GqqzH
Supplier#000849546|Omg4qYpfzj,6CybMupcJ
Supplier#000849573|nDo7pXsblyIjrNCtpgxGnx9pFpKkjNQJBGLT0j8b
Supplier#000849595|s8bA98Zge1NyBa9Z
Supplier#000849620|6nePSTniCOrmU9i6GGO TX0i0q
Supplier#000849656|3XP6c4a1TkZ7TS2oINOvBSD9qdbsbpiO0kbTfp
Supplier#000849664|28BaTaQ6yBztJK6TsfivIK nKk
Supplier#000849711|nJonyetQtGqtb1DFAmDdYdS3wFcLpm
Supplier#000849857|wM3SiUIV,To5Ekpii1
Supplier#000849877|LqJ8uvFKl5
Supplier#000849909|VtHUjTfwckhxCDvFMdyzdi
Supplier#000850032|vna,P0PqWR6mbZIopklzxKgvO9BGA
Supplier#000850048|erhe,XS22YvCK0 b1Co,9GyJnSQIj,7YqGi,
Supplier#000850132|ojOuYuZ Nz7WdcSUlr
Supplier#000850140|TKet,JmXblUJJmOOwramgr0,c6uN8R8yVYYq
Supplier#000850328|6RJoj96ZQ3MBV5iHKoxf4AfE8A8aV6
Supplier#000850330|X,dsS1khwj1Pry,GMTQGzBUgkCnT6y9
Supplier#000850480|Zzjx91,8o9zKqvyOjWCDQ298dD02,k8L
Supplier#000850528|Rh6ICM6QbPli1CebwL2EkRdfj4vJY
Supplier#000850590|lSy AiNH,v1g5ahdjID
Supplier#000850611|wTAzcZMmMmUTolWbS3WIk1bOL1c5jemMiS
Supplier#000850646|RA3zzfa44bzXpwo0SCYAB
Supplier#000850648|Ef9m6quBlxEWSF
Supplier#000850661|QHEk,WgWi8o0l9y5uiG,
Supplier#000850722|BPVK3zG70tyHWwa0CEse3
Supplier#000850797|MryJD8MDkl1hUtuPoyEXQTx50Tve6H0,h9nU
Supplier#000850879|ReBU9Ck0CPqRz5KR,x9tqR3,M694cCMjKjhM5
Supplier#000850892|Uv,Z kVelqVcNZYdfrMNO3QChDzPuNE1SWWFIfK
Supplier#000850912|qMZnlqbvAc4HDu8ys9fAPIyUHwbHbWDR,ZVN
Supplier#000850920|xNUqgdjYY8J6VH6v TeWPWN
Supplier#000850955|v9f8IT112eCNhsO16147wTeWKeSk1Hz
Supplier#000851009|DFmQZHDhjIahhXw5mIqOXtZUF
Supplier#000851309|x,Xwa528MjkkoP9Kt
Supplier#000851385|3ktxnv9Tojog11FeuLLMlhf9Wykd9S qa
Supplier#000851395|tXkFv2ucy AzvTfyzPB
Supplier#000851407|t,ZRDUA6o,uq8Gi,rrJXHR
Supplier#000851502|jnJ8u7UB75u tRg xifezbD9heP
Supplier#000851558|e8llUS6xvg4PeK4 96rf,AQGkfC67
Supplier#000851667|8WMtz2PqxxIVk8fS
Supplier#000851673|iJc8UACb5omg3JTvNTo5mKdEaYcand,WbTXHjO6
Supplier#000851745|A5oT8u6vYcA7qNBxeUD,oWi
Supplier#000851748|HV47YUNfsd1KWSPvlQCcvmrCLm7I,1Vvvw0NNK
Supplier#000851803|fWpR0BugifWAeA3I
Supplier#000851827|Kz z0v9ylY8zBVxachx JteEswitleC
Supplier#000851882|4XUZBP79xhl9xymLknJ2f86KtRkrNVeBZAgi
Supplier#000851964|15ctOTKTeR67 o,6
Supplier#000851978|SFt9nqVueRwFUnlLu4DSMV 
Supplier#000852197|kS,iHMXl1M998Gnt4lCZyl2eapAy7H9s6bL1v78
Supplier#000852318|aahjRdP1,YvVMQNV7Q69rsGDw7RODqDr57j,5m
Supplier#000852319|gIDZaGk,O6TNbVZUdtKxFQExQ7j9NoP2TCoVkEJf
Supplier#000852336|YXmIQ4ywBqJWfERzm9na,fXo46K7RMDOvEWa1Hv
Supplier#000852518|Eyu2Mjuqy1sf8mPS
Supplier#000852539|IExN2zCazyCokU0kD8oc,Je2m09hGzB
Supplier#000852612|mX5fqD BxMHBro
Supplier#000852643|bmPsf7,DRoFOh5QU0
Supplier#000852680|Xa5GFPBVqnseAktWjMW7XS
Supplier#000852684|TgqNZEv5fDfnSGh85Qnmvyj
Supplier#000852852|1,2w4zALKWjZh0WmAZ
Supplier#000852880|hi2q2IH6e3rt11IxRkBCLuQI1u
Supplier#000853024|NOgV5jock7jMZ
Supplier#000853093|wSR6OLmBNdgLuRyFVd6h48zLSy1qoJ
Supplier#000853124|gBQObH8e0q 980LPD4sMQhU533QP41syidqfme,
Supplier#000853363|US195,wVa6L9FcsPiAh0FfGo9gGo4KJ
Supplier#000853430|vkv mB0Us8d99,qHAcVW8
Supplier#000853464|Jou8q37FzCpKt758i4jGq8
Supplier#000853673|cEuJIQDhM805Se455ZxqcnBQeaDfIts
Supplier#000853726|1Vj7YpjBXaptHJKSJptfX9vg
Supplier#000853785|GWWbz6uNCjCuWRQZZyYGov3JKWNxmCpM25dMO
Supplier#000853807|B,YdOER4jpiRAvwmLgc8CG34ce K
Supplier#000853891|Tr71s02B7E4vmk9gzQ
Supplier#000853909|6D0p1VWsOernROED2Z9KQOy3zC lFSGH07
Supplier#000853998|uGs,4Wmn4N502iohcvbC9ebHUfdHR,Rt
Supplier#000854019|0pKsmMUcxlqoi32Lk5g
Supplier#000854066|9bX4koegmtyUIZZEdv782kOl
Supplier#000854109|uKBX7,TSxXZtjszdayXtMiyJ3V2FK
Supplier#000854150|4ERtcJKnTO
Supplier#000854154|, LD9SHZHJ2XQ
Supplier#000854266|bL2chnQPBMwdDXanuIzSq
Supplier#000854274|kBlk,Oc0PQTcuwG6s6r
Supplier#000854288|GS5shHtt9DApsocFp,9ClJCD
Supplier#000854451|l15tSZsthQu4wdXxqQwYI74GU
Supplier#000854654|gH,tEfHV04NoNPcb66sVjCZ4DwY0nOA4mY
Supplier#000854659|oDke1RQPboWy x9d4d4f
Supplier#000854744|iH0UCdRE H5DoEdse1
Supplier#000854945|ahIG,toPXJp1,vATl5vN7
Supplier#000854948|JSDY1teXSxTzRDEYl4gC6gu H
Supplier#000854993|idhcsxDQVpHwvqFfjZ8jPDEwprt
Supplier#000855037|qedMOLP18,uC3nlwsJRpg9YuNJE5bvHGdUoBva
Supplier#000855062|Iv,pOB8uMJxcww1VIPBZck1
Supplier#000855135|QpAVej5uPVFNZ7En1BVJZrJmtIKM
Supplier#000855214|99lJZ khNT9GJyp
Supplier#000855278|BYIMWwY9tY,lOyOyRfpT8bUhJeVlYsEFF4Momzw0
Supplier#000855334|yMp2N5WtZkN54 w,c9JuPHINC2qi
Supplier#000855366|WP9,qJyAIZ6oZtQLRBCi
Supplier#000855383|llh03nYO7XMnPtCffa 74
Supplier#000855406|GIBADT3xpG UYTU7dl7vwy
Supplier#000855413|ctdGuENDqAtR9eRkyTXZKHTy
Supplier#000855447|LJV1p0H7B6fZMH4vrcSbXZ3xbBf1tn
Supplier#000855449|OANzs4DwVV1DTdrRfhhr ym8kEZ
Supplier#000855463|1G6LqU37Det8dm790zi
Supplier#000855470|toHAoxj6Fi6y
Supplier#000855482|cabpRkZt1dja
Supplier#000855620|W sJi5AyizR5PRpFpEE96QeSnkDnnELIqZS
Supplier#000855661|M3CfRR dqYBr6zJnPSI3m8lt3dd0obZ 9uc
Supplier#000855754|h 3gKI6BoxkhCZ1YrMVxaKwch5bZD
Supplier#000855788|GcK5nZoAIzL7,QnTWajyU
Supplier#000855793|rvmq0IAh88wm0
Supplier#000855811|HncT6lGsTeKKNN98IhHU
Supplier#000855858|EVFWnvfa3Sf0BRuRr4RiZxD6Q87JYwd
Supplier#000855992|YvfqXx1esfcqHBW0Ue
Supplier#000856015|SotQZ9hGT87uuFrJQOCKsxvu,HW3DwtvJwT1B3h
Supplier#000856099|EMlqhqBtcspHfMc9LggoERevmQOIQzeB2
Supplier#000856125|z2qSqRAfncZtp,GKrcUlhY5
Supplier#000856175|tnYNSRKphCcry0bjXdgVvijYTtXqkFUORKod
Supplier#000856197|zGjZQtseyYDZh,BM3iaPhtocTmbI
Supplier#000856201|gkZGwdNPUWyGGkew4Mqpnwjc41VimWM
Supplier#000856213|POCDNZYkJ9sQr4AxhGEKhc2z
Supplier#000856234|0bpoh4akVsalr3mKrdZtQdIUWUg
Supplier#000856284|PJTMDLBaE4vd4wmtKIMZSy6zMTWGbURtRZGzzkh
Supplier#000856312|8XQpSg70 z7YH
Supplier#000856398|gy,,glSU5lNjKu1VGKpK0CLUh8fecnaF 
Supplier#000856413|Q8pcxOjqtY I2DRJQawd8ot
Supplier#000856476|XiqqMmEwKe3D5BujCmf
Supplier#000856528|wK  j3uNHE5T
Supplier#000856548|231JXcT0loW5ypRh
Supplier#000856549|xytHl1Jf1f8 W6gDea4cQ,4qo5Bk
Supplier#000856657|1yiTzWVxajZ,RhNEmo2LX4v91DC70yy
Supplier#000856659|eqg0HdBilS9eJ6Tjd3kIXemmHg6HDwqjsktI
Supplier#000856700|ftCfAgnI2D
Supplier#000856753|H,DEhrpEceirhbrr8idIV3xkWt
Supplier#000856774|8yzru1ulgmG,UQrJCXgEpNxvxF4SxuD
Supplier#000856836|nyBNtR,7BjxvbZ0weYW8y4Eb
Supplier#000856883|SI4, Ob KKrpj7P5ETRElKDkcu6x
Supplier#000856911|XuwcQq8sBCvJwAvpceQOiwnytZcraHN1
Supplier#000856960|0tcxR njd78
Supplier#000856996|GZRJDbr1DEwP3ed
Supplier#000857015|F6cVqdL 0CnKGO7sauzl
Supplier#000857050|XG7S3Uqv30gDaLkJAcSPcX4bbX6oZ9K74
Supplier#000857064|XOjxvDbEp MXFdaeRS9cSDWDPeHB5
Supplier#000857176|l9T,SpppMCf,n4tbMrSCdedte,e9Wn
Supplier#000857266|XelZiUe2VJoPhwaApdCyY3QKBokwnq8q3Di
Supplier#000857300|jiJmTBD4lnJ,ZOuY4e AEQOHaEP9xYBNsqdoM
Supplier#000857308|vbiXgnp4a76Kr8AzpGG9B3
Supplier#000857334|ZRPeIiIergoLjOueC19P
Supplier#000857346|l25GrieASdPJ5
Supplier#000857388|L,0WFICy2LHUChG0 r5xiU79pYigTF
Supplier#000857428|zxJkkrhD5f7AQifmIyPrcyL63p0wOz6
Supplier#000857492|rePXo31PRawaWl0Vm0 
Supplier#000857506|1ESiEKjMhqYaNGLt
Supplier#000857554|PhSnyVMAQDQ6kkhyDbHISfZ
Supplier#000857580|emlOpbDXFSkcnnK4Rxbw
Supplier#000857595|bou4monq5M21Le4BUszY9AoVD8K0dXNilXXd2
Supplier#000857639|C0xrXtVBUtrcYp3R65ll4P4LiCE
Supplier#000857663|F0bV31nlxxN
Supplier#000857667|NgZGfnnCG Gt JU2SEEPXmNKBM
Supplier#000857677|HBRf9vXCcyLOWdx73ilii
Supplier#000857791|XMZ5GolEEKNHEAx50JEB3IlKl9oCH2r
Supplier#000857882|ybuNagtyjcIFIYum8BzwV8oNzbV7x2ht
Supplier#000857892|yQ0IUPBERrfkcDH64jVJCwn f7
Supplier#000857904|LnuGInlHPO3NsBiphn
Supplier#000857960|IQt3PWz1hVUbZL
Supplier#000858258|v6ILIvh1khP0jqwAjSRpjbQ
Supplier#000858264|9UL7i49FTPmvK2btqc5YHKRZu58 
Supplier#000858288|PEN2FmB,33
Supplier#000858290|Z,Y2FL5ECMtvynxyRJyHwKKYke x4zTpGaU7Onc
Supplier#000858379|zcWsUBFpYq
Supplier#000858384|EtGgfHiM5ACExjePqPEERvH4A
Supplier#000858392|dgbUHrr9Vqn3,
Supplier#000858434|NAmzkmkq1gGSgByU0boJihkPd
Supplier#000858446|Xjij0AGII88gdSsOs4UAesz,IjT4P
Supplier#000858451|Oor3KkmcdIESRAzqNaHFQqT4QB
Supplier#000858672|vRa2VFVEKfB8EDGo
Supplier#000858696|XBbElG,sCMpkiKKTf
Supplier#000858785|Ssokm1q1x2bWiTIftJMqu
Supplier#000858837|HbnM1agXZ9Z
Supplier#000858850|xMwiDuwFsl,eOuqrQy
Supplier#000858854|SGYjhKo7HhE
Supplier#000859021|poiQOiP2JJeXH
Supplier#000859417|DKyiUCz8yPg,
Supplier#000859470|vwQHbjZxnGY1Hq
Supplier#000859483|dNbrZpIFOkDCPkcnfg6Lp0MiVypt3m
Supplier#000859639|MUlIHibPiS7iZ3Ju75plT,FeIkxEYCT
Supplier#000859795|QEkSFEJMgBTocO,JpoVs3S8uCx2KDrdqVoBpnRio
Supplier#000859808|5a4oUupNGuDdW,XeYRmSPl6VjWH6nZBR
Supplier#000859863|MqtxuTMsP oMHM95zm qhEkt0IEsokEb8cwrSA
Supplier#000859950| hzI8dglaNy
Supplier#000859987|Nk1d0BjRmrHhgf
Supplier#000860012|aUROfWaokWn2sn 2FH376Wd4sXqo nDK89j3if
Supplier#000860041|j5RmnUEAkLAnrHJLea7lZ3 fbgv
Supplier#000860070|bRXjwI1QfnxUeJY91waT7f9udCftbCzkGHMH
Supplier#000860085|m,bHzlLB0EEGs1u,i5je8QTjQEJ4MUd
Supplier#000860235|mCC6FciadLCEG7gzuVnhomDYuz
Supplier#000860266|WYpqEkvhplNAP,vPGHbMj6A3S
Supplier#000860340|dZ2ut51suYT2vf4y5Fx
Supplier#000860392|kw2UuhwN0lbTQe2,hLB
Supplier#000860478|B3mkgme8HeXaGzBou4uyLL1E6ik
Supplier#000860616|eQ39rCw9dDYLhXkRadtxXDnIXPt,qJDuI
Supplier#000860631|BpD7RBNm2en
Supplier#000860638|QkzZjHcKJfvg
Supplier#000860712|rSeOlUXV41mo8lO
Supplier#000860738|mnf0DTtT2n79HVQiQ9u70m5D,XlijS
Supplier#000860773|mIjJf46AU9tlpXKseext1hJu,zsR7tNz1GT9dp
Supplier#000860866|LRydxNPkXGldL0KEvUOJJ z,ZZE,m 5wABiWz92j
Supplier#000860869|9TNouyZOo1hiDUqgyj2k Y5oEe7C5RdpoyW
Supplier#000860953|5kdGEYWgQhaJHNV7RaZnam
Supplier#000861192|6gTUKmO7z8mxT
Supplier#000861222|wuT6b,TfpX0xYra7pzSPsBmKD3g5oGemRa1EQ268
Supplier#000861408|1ObEd0xZoVcT99Q3121S6A
Supplier#000861481|jkmaK3CGF6VbnyNrdQRtqCmfFdL5XAuLPa7puw 
Supplier#000861505|VoTQ3WGiGV28cTZW2hTl
Supplier#000861729|EodWa7a0T2 Oq
Supplier#000861781|OKiCag92HkUK9CSyg,LaxzcP6vRZcQLLl
Supplier#000861782|F8W7HxxrVkJ8YhX7tVdfUMJMet7HO
Supplier#000861819|J5wgcA5Vq1
Supplier#000861846|liIfcDuBYLfTM3
Supplier#000861862|rWQ0xAH4i HKlf6klsnBC2whmSR9QdBZ
Supplier#000861879|50z5 NCDFHPjBhL
Supplier#000861949|BvFmWlCcMXTM
Supplier#000861952|K6fbd5QIG1UL9g,d76PFuWcMm
Supplier#000861980|OzeV dGn5SldgczIarP
Supplier#000861995|OC278rfv1Mrp8OYXXbyZ 
Supplier#000862074|xd8,69wj5HDNs4A8KM Op4e1
Supplier#000862089|EeXkvYICkPemkajzq
Supplier#000862193|TgB55hEn31eJjRrokdQ
Supplier#000862219|IrcVlMHWmAd1DnEw
Supplier#000862266|1,w6IzQ10ag8hydWR9
Supplier#000862269|hEyJu7G1cgTlsb6
Supplier#000862403|1idPUDPObYjGZlD3qrZzmgkfvUVcgKp
Supplier#000862410|Qca7pevG7CcvgIhmEH44ulrDIjgwyjoim4aGFKTW
Supplier#000862516|FKjiUQL7,RwoAfVIK4yiRM7cNiXKedxK
Supplier#000862528|UENa4,XkXImvqyYn5tqoP9
Supplier#000862692|b2UnB9yD2cBWpy711I7s0  
Supplier#000862875|o7o5pvsQ,i P9HU0da7VDGp8JrIcgw19EUYkx
Supplier#000862957|vJF8UxYicjU5l72uUUOiAoxEXo
Supplier#000863038|lsPl1geUZ8TqbAX8xZp7u4ELR2ciMvOriv79V,x
Supplier#000863099|9YVLCMkdawze7MozQUw9g7pPvrQWJSwP9z
Supplier#000863101|9C6bvRAdQstX94
Supplier#000863126|xdjjsA8,pgC7yio0
Supplier#000863183|Ms6lyH7Egj2owuSsw48H,HvnWUau6nQFXs Nbi0J
Supplier#000863194|6BWH,3MgmLJF,cB7xFzuFL
Supplier#000863272|eEKP7, IbH
Supplier#000863295|Xm7GJ13opXeP,UGkvEAbGhsNbN4xvGqXIBxc
Supplier#000863308|axlIGbsOIe
Supplier#000863311|ApGuY5W7n3ExExI6L0wvHMiAfcONAaszs,a
Supplier#000863482|KpMqmmLrzgMXLd9uSzMYrvU1yGFCwwjZO
Supplier#000863702|t v1Gmdr9lcM98uQ0jYJ2TWbz7
Supplier#000863752|CLdh4WjkP4zMU17aBZF
Supplier#000863753|Fwfq1UM4vi4f6wuqrq
Supplier#000863902|QzT5ri 58BBVSIl7ST
Supplier#000864013|tnyn8fbU1tq8Pds8n8QKIk
Supplier#000864040|Q58 brNJ8Xf5URoyia8Syc860kJei9Xlyoi,x
Supplier#000864138|1oH4,JHmxECNRfRMb YYoEbENf2uMsAAp63
Supplier#000864175|Dy9mKekzzxMBf
Supplier#000864192|wanElk,22xnqYuw4aihy9w
Supplier#000864363|j ,xBl5kXDwu2ZRGflXtmv5Ke2
Supplier#000864366|u3MCpzH43qudd6tHUaS8ptKfghJdTlYr
Supplier#000864498|OZKCwq,gEB
Supplier#000864650|XpKS4Yu02atR
Supplier#000864709|lx52K0KNScPXgHfilenME8PP9Rn7Cc
Supplier#000864802|9xd0,t0VtgSq9H
Supplier#000864934|I6eHhrP0HOU14bG1Qbf
Supplier#000864968|kWy4VJM3L,yBQKA MmAQhcK, Z
Supplier#000864994|SeN2E8rplqj1v7EEQcz
Supplier#000865006|6f1X5zUwDk4
Supplier#000865017|Mw0mDlOrwGMA3Aio6Kh1Y7MC
Supplier#000865066|Bll2i cmMyG2VWct1i78JLSdLnsoJarGWkqS
Supplier#000865119|a,U7tzjSc7PnHf3Lot
Supplier#000865128|us  i6IJu16,,VHemfUUIBhIBy,9FWPL
Supplier#000865146|YSabZsLGkC9jVJDt
Supplier#000865205|ROvb4TGzeCkcmYvajTe
Supplier#000865227|3WIeYabIYziN9yxbjLSfF7SHVKrWZqq
Supplier#000865322|NTj,jcTy,mU,dw9Du1XGeMgDv8hHb6hl3
Supplier#000865354|pemEzM9qb,TtT0d
Supplier#000865401|UT4m I4Qtxv3zswSY
Supplier#000865406|yYuaRznL8W3rQlT8xh0JFjfT9 bMWf
Supplier#000865475|1XILTMrGK19x6SfKvCgfm8W
Supplier#000865492| blUmk3cEE18Sr,tYpEI2AowkHjxm4sdS4RIvEZR
Supplier#000865494|NcPUmaa7WDLoWkWGrwSP4v0BsPas91
Supplier#000865626|EtMcuEPthHxiFJuSjzzK
Supplier#000865641|dTNHXSj3AnjV
Supplier#000865678|O4OKl6jIdWz,JNc
Supplier#000866077|0tyKwTFH0 I
Supplier#000866175|u5woZZ5Xhk632XN 
Supplier#000866224|QKuloDNuYLe4Zwx0V4bp33oQGas5Z
Supplier#000866235|eXn85t437qXd5SLxDeWgfeJ,M7
Supplier#000866243|ul95B74 mh FMoXycwqe0fUXhfCeqe7GtO9N
Supplier#000866295|CQWzbcEUR9fvIr
Supplier#000866314|1oYGtW F23B12WLW,Igu
Supplier#000866526|JcXwLZwIwqAEEg4HQxEL1jnQE9Z1UXP
Supplier#000866583|4S19vJPv7X
Supplier#000866652|OfhC50v7yb4aqrH,P5NhAIroUGZrl,z9ABm6JFAI
Supplier#000866707|wies9huoHirANe5ApY5KTw
Supplier#000866767|wZwFFKpXU2j88AZGNVU787fZVhTlNIH
Supplier#000866938|NfW8JyGFZE
Supplier#000866940|07xE29jOQ uA NHAZDAkc
Supplier#000866967|LaebgQtAQNjJW1mvEU
Supplier#000867017|ik0uAzcdAF6cnHgjnAYM
Supplier#000867033|0,,1d9IQ98Cw
Supplier#000867058|S7T5uFOklpZ76bKZ4kQaq5xGRrogYtDkXo1Dg8
Supplier#000867068|LJbiLIrv6SbPzD9b5olVNXOB3ANsk
Supplier#000867097|1CYV20Sc9axNYfRPwqGqPCr,ZD6PJ3KRQPV
Supplier#000867323|jVySi,RULTzbmFNZTMBet
Supplier#000867357|GFNwDJexpWj5uAFmhZZleiWicaIEeZamfFU6f3 
Supplier#000867418|U0WZZFRBWY38poLOGfJl34O
Supplier#000867461|yMd9CK 90A
Supplier#000867490|QESc4kv5Gf3qwJWMYl0NRJc8TMm
Supplier#000867495|mcxUr3oIWtEN29GU
Supplier#000867661|ByRfngiOW3yHWodBEC ethoDN
Supplier#000867722|UVYylESNNhchLcN0aMnO6HTIBOC22
Supplier#000867822|UhnbG1AqeQxjJAsaO3zRIOJVLvfbqfd
Supplier#000867925|7oITRh0kkBGWghw7oAQlM,sFF6MH NP
Supplier#000867986|GK ,PDJyazef1BAnK2fz1
Supplier#000868054|dE2r1zkgj dS0zXzHuSefO0ub4Ua R6ReDko5s
Supplier#000868104|VEAUpcLufyZu
Supplier#000868190|XNN71hBqHA61PXNBL800 4dXz5dBc
Supplier#000868220|CcvXKyMA Q2,KWrWoeRCqXMXglKHv9G0YtzG
Supplier#000868232|aKI9o3mS9v9CW n pyyzg,zS2m5QbdS
Supplier#000868255| O h5aSsoa6Qm3rSJfweZ7p
Supplier#000868341|SrdgBpgcTFVE
Supplier#000868348|POWZgWTvc,kctaG9F9T6jHnL3,QK
Supplier#000868409|EXVslIr9XtgY6hugHWUuzmu
Supplier#000868439|A8a5rPwhDCp2Ye1uNXZYRsCduBz6O9ZwGZaI9rl
Supplier#000868462|srPe7judF4RldTDb
Supplier#000868489|bnNuUmXyW3TRgla
Supplier#000868491|uijz9ihjulr
Supplier#000868554|cpYbrOiwCxtdAhdkfH
Supplier#000868580|3BNwqWg 6paBmtbkwXo9RL5UQbwt
Supplier#000868587|0Hu430SNmd7U76tniz2O8TC0zq
Supplier#000868627|h3KT,Qx0cc0WMu
Supplier#000868640|AlVgp5oS7D4ojvEhkjprZIGvh5iMhnd8,
Supplier#000868778|hU aLAWSuE30XMFjDK3w3kZgSWd2saMfia
Supplier#000868805|5iIFrxkApHBVGnNdQCdFWT1nv0baMoe
Supplier#000869113|9Y6akzHwDFcHfyPOGs6dFQKmohnNHYm
Supplier#000869135|WpXRggPULclE
Supplier#000869152|9axddjpHZoeUzXS1W6R03
Supplier#000869210|vHQfQyCNtikPEnd15ABZt36j
Supplier#000869301|emNXU8FD9a
Supplier#000869419|vFozNknXxFRlbOSN3jC
Supplier#000869478|wN4F0gHAfEMG4OX07,i8r
Supplier#000869540|TuUUfaunBI3GItRZ9
Supplier#000869565|Q9tMTbGYu3zpimTEBNU 6uZn4l,
Supplier#000869591|IBDQlWsaVSnULebM
Supplier#000869596|a8Zuc7dcdpom30nx CKe4M 0WV3eSjwmwda
Supplier#000869825|LrethuSlUhp5mtE0V
Supplier#000869854|YGKlejVYtLrLlIdZnrHY4mO8uGGzzp2n
Supplier#000869866|1uD7cTFukDg a2q kN JUi
Supplier#000869905|x3h0pPWJZk8Upn
Supplier#000869927|v5zWeeGOVS
Supplier#000869932|6,QUYnXbgxXXmLxxNrrytWIui,rkK0CWZva1h
Supplier#000870034|nALYtUMvx5MS wvdyKNz4
Supplier#000870066| mQVCzmSgbQhZSU
Supplier#000870088|RTso6IRha,quNm Q1cxsxXN
Supplier#000870136|oxv5liaNolzADsvz7rBowCpri1Ci puA0j9LQ
Supplier#000870192|Uf,EMk Aw9qgxEccKnsG9eDtCaGoIl2QEF
Supplier#000870251|EvaW1l5S0oMWm1a8iCIFV36CLuhEDFt
Supplier#000870262|QmeLN8tcam3aOcfqNfeFbtYj3dSQKJfgME
Supplier#000870316|Pb2vbFlDR2R7broJ S
Supplier#000870456|0nASv5,UOY Qz0abi53pORAwTqTmQR3xRbRp3upy
Supplier#000870499|Whtn4CybaH4
Supplier#000870557|smm30 cqyKbwodQ
Supplier#000870601|TRwolphCso6G6
Supplier#000870614|Bf1IzP6zx3k2eavPe0HPvyMLfXnlxhVFYO88Pc8
Supplier#000870646|iovgzIwuw,75sH
Supplier#000870717|z5B2iK8SvCoXl8wg
Supplier#000870766|tk1tsL2x59BqnD7xY6tUpk2fbH1QEpRSa SjM
Supplier#000870852|C2srScZLw6obps
Supplier#000870875|YRzL2yfNouM bNZ4VxYGl7mjGmMtkAoe6m
Supplier#000871042|WpmqYmcKMiE8hw3A
Supplier#000871197|ous6BcTEvB0zxJ20kFG
Supplier#000871274|ch3My2Cjh,KXJPp19clC0OiCIi
Supplier#000871309|2WSAVQWH0LdSgo8x1dPrAO58Fo9EHN2vqEEnoa
Supplier#000871324|DgoMMcrQpupCQsiOTU3jAUJmBXJhRrq4
Supplier#000871380|GceTmRrwo6IbJIdh
Supplier#000871554|rsJ0JgeC 0D9dTeC2p5aS
Supplier#000871625|3sHHC,AT9aDhWHElJe2lFPBD
Supplier#000871653|mG8rLaWG3BA6U3i
Supplier#000871698|RM3V 2xjRaTz3,VzU
Supplier#000871718|VRYfYqLrYGsf24ixw
Supplier#000871758|guv9CM80DIbmYW
Supplier#000871780|c00 XZ4KXh0kZJ 
Supplier#000871790|U08zIUixdzoT yOM9e3Yxp UoBlA5Rxm7gP1sEVO
Supplier#000871978|reKJx3jMOT5F0nzjcEIKSHpsWbmjxv5wyvye
Supplier#000871997|3,aTIm4LcVxx4zFOMVTvd6FjsIR1kJRW1OdC
Supplier#000872012|Na dB ralP0ObBxD6YzNPmm30w
Supplier#000872046|1f0HDvs MWW4NpmDcEIcSKJtBQsnv9uNh7cRU
Supplier#000872073|xu,8EeYAlTxkIyJ0,zGsfdNROf5MVS
Supplier#000872189|Ob0zcxko5X5uOQDz3vv9dEokGcCEj
Supplier#000872256|6tYlnYWvY7VpQdCdoz
Supplier#000872276|EQVzddSoLjas7h8MjMT6pLUsBxYf3Lp4zkAwal5
Supplier#000872362|Xq,3dMmS3jnZSYr60oRlch,oVwnTeTA4zPb
Supplier#000872382|mNShEwY2hkv1xw8LZ80jEfjR
Supplier#000872510|EuepqygdEmTWJo
Supplier#000872626|QcSNa958ZNMzYWor5TyF96lRHUVXtKQH
Supplier#000872675| KqpWdaZYf5RAerCfrPk
Supplier#000872695|s54goeCHwyK
Supplier#000872701|56YmLZF66sQNV1784RR8ssMKVjNyxnf53
Supplier#000872771|IVIPxx1i6rqQaCeypd
Supplier#000872812|Sd,cqGldI8MtP9o7tOLVyexoBSaHYLGinqo,8CqO
Supplier#000872893|Fs6QZdnfLF2D
Supplier#000872920|hDtllQLSnSCsSPt
Supplier#000872927|6r8Swu105Jx819zVmy8lq1HRPHTyy5AKgSNj,Wde
Supplier#000872930|e64IbXnUeCLq
Supplier#000872943|rCkv44BTuYZrhwUuE
Supplier#000872944|LX0l6DCdHTpFwHyPbpQmfLGDvLL6VP
Supplier#000872997|9dK8RYux Le25l7hR7tLua
Supplier#000873012|o,Lte0ihHFjidJfflXyK6ME
Supplier#000873092|uj2Btpx3CKCaQdUSUP4vGj3xHXlwGrLMtVYG
Supplier#000873205|orOvtzMmVa7JENymPaFzh3SZmeh
Supplier#000873210|FBkt2mxMdy0oD7fJ3QW
Supplier#000873243|GqGQwZeBsLTr XAHp
Supplier#000873302|PR1d6Pnty7S mfFASBMAts
Supplier#000873391|dTJ2yatB W1 NJ8ehewS7yb3KcR
Supplier#000873402|ekDjgH6k0jwLBvS4iaWcnH994Vdsg,QT7yRAfq5
Supplier#000873476|5osB0G3OAKzK83KgFWHwzfjCSQrlJMIqX
Supplier#000873551|xywDy 85UWeq9Oa5y0HYkaQ,K4B xzJB
Supplier#000873594|khaC,qq8V4kAaSYwvaXxQelCZuYDTa1
Supplier#000873595|wZJDrVVt8BZslEULgF0m
Supplier#000873600|L,JZCGx CbLS4E4bx8ZZjaYJJSso,He50JT
Supplier#000873615|gj7lo4VcLgxfydyIylrgxN8RVzI9ZuhWkDjmimf
Supplier#000873690|KC4QUHnsgwpvdaZanHsGX
Supplier#000873897|qWijCbRIfX1WHg3I3V4nb
Supplier#000873919|U lLgPj9N5g5LFOtjNTvOyhyUxJ6I
Supplier#000873929|8LHSt We9en1TKqjKEwiY50MXfcpfDq6rwy2m
Supplier#000874051|hlhyr oBQ4hpTNnAEKSNkld2dDemW
Supplier#000874057|RJsMyECeLCgeb
Supplier#000874066|Iu6f3MZBJNlnFZIQBjCy1H
Supplier#000874150|KzWwoEVzTKD0VvJbxSVX6
Supplier#000874155|Vkj yFbkfG1
Supplier#000874189|btv6, JzJ1cLmDE8J5K EWg7astsKUWjPq
Supplier#000874195| k4DDH6M6N1Ig9f5Vp19h6xVfqPL9gHQ
Supplier#000874215|M7DhXW9d,ThjBnuogcb7Lms,bgEmK11EDzVt
Supplier#000874272|bGdhs691uHBuVYZK7R7QlMDlvOZL5GTkT1
Supplier#000874347|,7 hmOrGAufBdMT1rME3w EMexFJrg
Supplier#000874378|nrQpb79ytIfC5MBow1U 17sVVT9PG8E
Supplier#000874384|8qvG0ZD35t9FVZqzlfu00oxd5pKzSxrgMa5MEd
Supplier#000874518|pIAVu4UK4HhtKXiEWFidFwg8y1QHCBgyjI3
Supplier#000874599|nE5knz3Kmsdj
Supplier#000874704|2eEsjQjyc7tb16IU5Bv7P7jcVupBMOdXE
Supplier#000874790|VsLCk3CO kLGhIdMvPZHRl1cAVwePS
Supplier#000874797|ikDJNs ztOmrQCmxpu,REmZ7nQhD7KnfvyXWpV
Supplier#000874821|2Uh4DP7lRWbwR TvpV
Supplier#000874826|BHZiTnvLe0ceUvzRRWGcEQYOAYDePM5e 
Supplier#000874903|k4Bt9jLPSV43SZpt14FaX
Supplier#000874910|r U28nT7sMRZupggQ7nkfzK944V9BqqwGOpcV7B
Supplier#000874927|qxvHpYwV9O
Supplier#000874973|PQ6TzHIqczJ2jWhxvI5GV HIDAbflT
Supplier#000874998|5M,mw9nL3S
Supplier#000875035|d6Xw9RcY5EC6Qar
Supplier#000875099|MCNvixnCBq6bdHiqPoSma0CmGskn
Supplier#000875153|OzjrqHlqITS
Supplier#000875182|SjPKz maiyG
Supplier#000875197|fCBy wo6aWAMbipPo5iRMGR4
Supplier#000875256|BJbrLdtT NpAXAOvGX8NaVXRb8IaQbR 
Supplier#000875265|dIq7HQ4iRfxnL
Supplier#000875270|wElQBTu481936hJP8wbb1wB UrpxVV2SqouYAB
Supplier#000875302|T7fXVLTsCwT4ViooUihdgylUTT5j6plAF,
Supplier#000875358|ppAwyKSIXqDb6
Supplier#000875360|6qzYxKsmtGddhND0uv4EFvXzqO1szlItol
Supplier#000875424|XX6xtQEGDxIrNv2g87QEZL4zVjrlTgVUM2V8yt,K
Supplier#000875507|nduvKRI3RMTyW9G4N0PXBJoUZVVOcg,KJmkzH
Supplier#000875546|YfFohfU,ZyDmeYdqTj49a301b67UOOnsOq0hmo
Supplier#000875699|3O5RVYauHifXcCsfWqSVClU,KXjpFPk
Supplier#000875721|JLMcbqgIv8ZE
Supplier#000875786|F0OVJgKJEiJQTLcWpxuVl6
Supplier#000875894|mFrEDw7cvosj4CB,EbrtalWhd3dKOu
Supplier#000875914|ltWs7N1h2Zt
Supplier#000875948|ujyZABNzy9sEU iAnIuobx7sD4slVKsYWj0
Supplier#000875956|wotmPjwaZQ19CTn1gIJjvo5IeMfvwx0by
Supplier#000876030|YvrAvo6xoun0esTd5Z
Supplier#000876051|YeXj2kORJ2wbrUuiUAgVdqAfr
Supplier#000876103|q GpBlO 0yiiy0
Supplier#000876106|ZKcSspS5Qztcknbp eTnDbOUJ0fKKcSvat
Supplier#000876174|7Df7fGuFoSfpqWIM9mgdLVsE,
Supplier#000876183|XP5GWpHe7MpSD
Supplier#000876199|SnFu8CVt9H3K9fFTcv5MyCI4oP,B
Supplier#000876303|wAbdXrGytEWdRYcYkZD5tCJ7bU0SyqBD
Supplier#000876327|i2i,2w4hpTBs
Supplier#000876354|JpRSKEqpKORGyWz1Q hE
Supplier#000876362|kQiz,imJBdiBplPKA
Supplier#000876505|KpJ2JPwCCd2dmUu01QQAmMoQqST2XU
Supplier#000876530|InCxutyZEd63
Supplier#000876642|lsDOcuyz1bC
Supplier#000876732|4sjljO2Iz,buU9UGcyjmnnFUzov
Supplier#000876761|mqhm,M2rRMRPNSaCwf42
Supplier#000876819|OIVS92YesWTeYqO1Sa6HNZPd82
Supplier#000876832|nn66FNDtMCuIYtJ1VHTZ2nQosS1L YfaR0Z
Supplier#000876904|BG3unIMEom3bV2 v7FVS1ahad1xpv3beEAF
Supplier#000876907|dVTjgN6U5nzwyncqtfCUs6McLF2hNDGLdpDu
Supplier#000876934|MLYHW3bhftxUF
Supplier#000876991|tVNacmGi0CQ
Supplier#000877067|MDEQaOJe9f
Supplier#000877187|Pcsgn7oCtuaeEfOX94ihr8a1vvz
Supplier#000877223|SMTX7fHEy6YtrNQfEmbeDTyC7Is
Supplier#000877252|e54iRj8PI1O
Supplier#000877309|OV4CploGX 0TZzVzUxk,Ehdi
Supplier#000877325|AvB2NWgJa9a2qWugcGM2a0s53Q1EX8
Supplier#000877405|0uKH56nGADlQVtZnn85zp
Supplier#000877436|9DYuFmCS9EzjXGuH4JEAt5e2KTvU
Supplier#000877663|NAdOn0rWQ9
Supplier#000877723|rpVhjJADZ4Em5lsPvWL 
Supplier#000877725|vlLeV4PpSTwPPrtBT5cRKG
Supplier#000877749|1wgCkCd6uh0qsMR5zKqNUmyXcHBAyIY
Supplier#000877765|qmi4e7sRJ7yWbqwCpWNXU60dyCAgn4r
Supplier#000877797|gYpy915yeFYsine3JIJ5,qjDJtKg4qSqs8lh6ev
Supplier#000877972|8pEdBGb2M9Xp5PGaNtSVhis
Supplier#000878009|ATi0Be77vnrqS4GfVTOaJ81
Supplier#000878063|gW07Q7d545nLONND9uQXAtK0Zur0LPdcI0GTZu
Supplier#000878120|C7ehSS0Libp,KZ
Supplier#000878128|e151qCQ1dhMPztPU
Supplier#000878214|XHpJ,IXAvNrJA
Supplier#000878239|26uH4zY,iVEBWqjfVsq5EYXtA zuPsuS94p7k2Wh
Supplier#000878303|TUFdEpN3Z4Q6yk5WfI8jCKHyj f
Supplier#000878336|Ojod7A1QFaQF
Supplier#000878446|9wxJzvxZvemJ
Supplier#000878522|JCJx5MAXpsRtwRxLeV7MK0SckNsw2Yq8Bntw
Supplier#000878561|OuD6PGaKLUqlrN
Supplier#000878605|JFA8eKKOrMtZUMY8I
Supplier#000878655|rtypnaarDOJ
Supplier#000878696|fUu,o827a7YaWXKgTTmDg1WNi1P3EVk
Supplier#000878730|WFlA1BDRtPwWtRbxANIcVjo,cpTf9our
Supplier#000878828|qgYl3qvt9WBnwvM6rhI8ejwVDbi
Supplier#000878852|yMOTPDYh NxPbEleKavNxBOXmBc4jVa0
Supplier#000878853|xfHzpXgrSGhjXoDDx 3JhCSHGrPA
Supplier#000878875|TGNQz42th3zD4vsuRNU
Supplier#000878913|kEl0CWfjP9wsRF5ysN,S0hwog
Supplier#000878985|pAw2J6wTVk
Supplier#000879024|eZiM41lfII6kn
Supplier#000879145|CgsDQwsdlfFOQYaOIeYQbkqzyj
Supplier#000879202|gYu igkzYFj7o5aGsw,97
Supplier#000879208|GYkpx8Acg2UlAnGq1nfZffNBOJiZie48 
Supplier#000879221|td,BCE8AxKUxYurxMbLvYeSz
Supplier#000879222|Dj3dJT8mvAsLMJaNrAc2GDwVR xog,r
Supplier#000879318|9GXIYP3AoIdz9HhC8T,
Supplier#000879397|dSkYpAAEMSo39
Supplier#000879417| zSrjxCqqW
Supplier#000879449|8uRY0g2tGNrsUlMpomwI0 slaCaJ,5ud
Supplier#000879503|koIQK3bbw1kYYlDnrI1xbND08R
Supplier#000879596|0lUSPcsUK2millLhK39N
Supplier#000879598|6K3FNjQ3W2ZftGzHDbeEN8Ch
Supplier#000879615|3V0VWsxb40VXSI9GLn0Jj7Jvz
Supplier#000879653|BvpJR9xSDi8ysbFPN2NzwTFWF,HoVr4
Supplier#000879721|yj mbqm1ojjFxa95ODdGqWXkaKVic4XhXWT5laj
Supplier#000879727|0Gf9AVl NueJOAMGYG
Supplier#000879735|e6x20k3B1l2xJKlfVwwDE5qyNoR
Supplier#000879758|1HxPwFVHV1WDrEu
Supplier#000879815|NJsVTXY0fYBe77NnY6WEKQqwxN7iD8TES
Supplier#000879824|edXnaxEM3l11c
Supplier#000879879|Q4eYTzDjWkZBWwy,zO5R4xJ
Supplier#000879947|x2OP 4Im7A,VgrJ2fKTUH9kXy
Supplier#000879956|e6Q7HtqM8XtFnDzbDauZhqUT
Supplier#000879981|VCHfs0CyfutDH93ynKCCIKb8Q8Xr4Tk58
Supplier#000879984|mYp7qHeWMeRvcUooaW0kpawLZpA6eOJF2z
Supplier#000880107|xRiluKbC9FQRUg2mmE9A2MC98meUEmiryNj
Supplier#000880158|UCvZ6LPyy5kM8C
Supplier#000880175|nvU34LimJr
Supplier#000880281|NvFuPRG,EwjJfjPAC6
Supplier#000880317|3jYs3CXiAENSEi1QFQM9LhZ4,niCZNkW5,
Supplier#000880328|ZOj5vYnMlGvB6pyaqzk
Supplier#000880332|0rpPJMU002nLYHh29AdSdqBkfL
Supplier#000880346|KvTU0UFhzweulQfJbMp,xoV281cTM
Supplier#000880355|,YzBmajCKDpSmUKUxEz,QZ2KF
Supplier#000880401|33J27,jwarxRsGz1qKACf7m4DL,
Supplier#000880428|PMdBZPbkHAJeEDoi1nzpObeNk8yT
Supplier#000880460|JcbSWgTRtmfpFRVBC8SDpUiTBqtqF94 saxbn1
Supplier#000880469|kQtjORUo,XsaX FPfm
Supplier#000880620|zP4S67u1jEpe7C2j9iqI
Supplier#000880758|tklGtY1GGu
Supplier#000880850|H9l5MVvwQJ
Supplier#000880882|LC2nBmRhMHZzl61sFk8CKDhFV
Supplier#000880977|se0aRT6f1YJikBfs7X
Supplier#000880993|sciTt47,MCLUmPSurnFm
Supplier#000881003|CW2LDMbMhxRM7b1JnJCfvaj29QuyRVsybp8,PZ
Supplier#000881052|lkvEgmNfv,nJIFB3BDdrniuvp
Supplier#000881062|n0w pc9Yg0gDOD D9eeouiZAZ6Zx8BB
Supplier#000881063|gg5YP63JJkU3IZT2smGqF4qhJW9V
Supplier#000881115|J98A5TjH,o77mdZjTyEy46G6c
Supplier#000881219|9ZY5Q7n9lNfjjdfKws7JYMngAkjZkJE
Supplier#000881220|nA,VP,wEfL5
Supplier#000881294|kYhBqt2WQV631zBsDiDQOWTPCcpsjNWZn5gm
Supplier#000881400|z7w7 QWq3JcOim4DmXyVcnpnJ9Hn52uL6gg
Supplier#000881427|MD0WFDLg JkMeIPJwQ1iJMxbwLA
Supplier#000881445|DIVEktayUbNqAVMAzrTfQBqcH
Supplier#000881584|jNg,E8G5h H5YD3GBs2TTlK
Supplier#000881616|7tOEE8Du7xeaTWNs41
Supplier#000881657|mJEGS3,6qD8UjwwhzY75AcRPI
Supplier#000881658|jRix3dTHssHhodQowayc3lVP
Supplier#000881686|mxRvMnSGBz
Supplier#000881771|mR,JnOTm1SG6tx5Xa,xk5RdkEx
Supplier#000881788|EyBxjsufgtN31gkJA66VD3
Supplier#000881799|ohFAJCeR,z1COUj9t9wML8
Supplier#000881819|GZGDUa1nQGrXIK9aCkaiLhOFknWT,O6UEZe6N
Supplier#000881839|mH2DTiRarrXAOYW,zISzHW3uW
Supplier#000881987|im7uWH7HrxOMjvJa U2wzX4
Supplier#000882170|fnR1APHeG8cqoxgVz3hJZK9Z0v1iN1YL,
Supplier#000882299|xBvxYKrUMBBsvxUTMd9aEVy1V
Supplier#000882374|HZkBJPInfjSmZsEhn WS
Supplier#000882389|Rq3DGPIWpzJPTgKIUrVWKcc
Supplier#000882607|489tewEw77wqJe5XgKZtuO5J6M
Supplier#000882633|HqUMuGket1B isxbQ4hchJzboGw9i3
Supplier#000882721|06O3eg0Eu7vNXx,XEIyHmwt3g3fnUXajJ4X
Supplier#000882834|yDHKoU 4NlQqLfg2KhPpA itKCe3TPYcMnGz
Supplier#000882888|ZAvswLTDHqrQbA0m3T6AffQELFcOrU8s0
Supplier#000882951|ZNoJXMIJMUOeNyNbk9QcKGexomKWmZKO
Supplier#000882973|sGGUgsAqYr8isgtCGqO8e
Supplier#000882995|,SUsQLGsyU0Y q5Pidu6Gv5QBh
Supplier#000883019|vOyKPOVYsMf9r8JvtlgB53M
Supplier#000883169|SB2hCN2F3HgHYlPR5KWOS
Supplier#000883194|XpEnAX pV HdLi Z pOT27W12NrK97RNB7fDu
Supplier#000883245|BAeiDxIMPaJ4 FE
Supplier#000883249|VRSRhonL6xgw97Q7LMgDAdgUdt
Supplier#000883264|PJJAynt6jyN2556
Supplier#000883298|NAOt1bI4nV9oNk1VyvUUyt5bEBpb7ul1
Supplier#000883306|ZZ4kSZUODUsTUmcPjg
Supplier#000883398|IgXkwto5trpplL
Supplier#000883480|aZKIeHbDgg FhDZ9h0S2LhhCVV5aFu
Supplier#000883488|vVj6WRoznRRQeez
Supplier#000883540|,vLFWddtBpa2Q,1Bd50xhOMos0EaZJM
Supplier#000883609|saBZdsoYnM43sTauyB
Supplier#000883644|FsVurHeV6jqAzAWO5Pz35os4NuHRSH3
Supplier#000883789|ahPTt7j4BOQUQNhdGxEZSsmabP,Ldbq4
Supplier#000883817|9xpVTYOd3LaP3wsZxN9CwFOPWXLtGDJHtlJ
Supplier#000883829|l4vVP4gEPFHrRXBrc
Supplier#000883940|ZNcyoPBreY0sIOoBOixO BFhHbcNajK0p2QS
Supplier#000883973|bLIgE4F4v H4,
Supplier#000883999|b 2 u70Dtas0OOEf8Qnxk
Supplier#000884010|SkT5qLEHaZcQ5kGTSh7Eb CBR
Supplier#000884053|oMCQTX6nv9K6tIakOhRBBlUXSmq
Supplier#000884068|mBvKCmBbjEyE,aH3
Supplier#000884093|qmLFX1,b,,isf F0fbjjjIeGgwSn
Supplier#000884100|2gHFf4q akxRRuzjmzm
Supplier#000884112|wVey6COyV7Ijtav4bw
Supplier#000884144|OsO1dxHdJk1NxePucl9jYVUsSEnDJ7zsmGB
Supplier#000884262|BYdpO0ECxzi1YLh8,pDe
Supplier#000884278|p1BoRdQPDPDh,9dMOE7VwUmPK0uj
Supplier#000884351|wSOV4,SKaLWwmymBds6nYuN
Supplier#000884465|QTfdHpVh7bKeWL Mw
Supplier#000884511|O8jKeJwCaCNpZ
Supplier#000884527|Ow7vkPnPISp4nkxj21REQq,9D5wrInpJ3hrT
Supplier#000884631|MUJQOCm1LzPxnOne
Supplier#000884649|XhVYiT3Uj0u 
Supplier#000884719|PbcDltFJnIt,dv
Supplier#000884850|8z,mPIJua2hERbeS5bWaD
Supplier#000884915|krk0AwBdPRGaUv96
Supplier#000884921|DIVTNv8z21K37o41JxAnIQUU,WT34,3cpp3dD
Supplier#000884925|dKfPozJOg0hz00ZYYFgP66O36Oq3vfgwJ
Supplier#000884992|LlALED2Ntl8,d00i7ToU7SYSO6OgmJ95
Supplier#000885024|WTl2jJMl2c8UK Vtl0t8qYY2UAD8tVb1o6Uz
Supplier#000885042|vpHIwIrnB,C5HjPvENuuQ
Supplier#000885084|Z0iG1DmT7dIRU
Supplier#000885111|4ySaNMDfY3Hwol8kdHnCn
Supplier#000885130|2HTHFeiLqMDX,YDQU6 M
Supplier#000885153|wtADQfEA5QMbKwe28S6SG
Supplier#000885316|rdRpcC3YFnKwW7hbOdtU,XRiCqe6t9XtKdTBC
Supplier#000885319|7uVzxQ1TfuLX 2rslcQ1eEdV
Supplier#000885343|aI1gP05UKsoScR W7xHl
Supplier#000885640|7LA115YVw8VRUpY2P1EtsK3r
Supplier#000885653|AruVxygpd3Ig0 N Vv0d1o8YYrFqy0hmT7eKw
Supplier#000885671|mSmMbY3sGe,ygm
Supplier#000885681|WXnVIR4,CX,UgADnvFVhbKd
Supplier#000885683|HxXKj2fM,jYWwqfcEs,W664WicQq
Supplier#000885736|Os wG3G54R9
Supplier#000885759|iO5AEGarmbcRdTI9 
Supplier#000885790|MC,k3pTxfZlBtawvjWy
Supplier#000885822|uB5oUp,RB 36
Supplier#000885831|peV4PuGmmQsYLt
Supplier#000885915|XdbijQGS,9xXkTz81t4
Supplier#000886009|TJuDprABulWVEBnN5IaDip67jABlwIkl397f
Supplier#000886068|slk5ARP8vnOYG6NhXJ3Vb8ksF
Supplier#000886227|pO0mCnPPH5
Supplier#000886277|LC19mooH8s3YOZJ
Supplier#000886287|jGsglUNHqieUBExhdW Q,loTOfSN0rYP3II
Supplier#000886302|TOgENKrBYMzOVSCySOOdL
Supplier#000886359|QF,gJWv70MUsdMlOyq3JZmAK2PNJWtw
Supplier#000886418|jszHuhYqf6 1bLWW85vCGbEZ
Supplier#000886569|CuKtWa7dv,3iiHrm70QalQ6M DyrUrkH
Supplier#000886576|B96DWUd,BuXGlzgWP
Supplier#000886602|1EUH Cd1lb
Supplier#000886650|952 Fdfhus3mJ0h8asal0zADDMx7sVaX
Supplier#000886653|h3klzgCy4NTVJt6
Supplier#000886664|t,h4wSjGg4YlFtSGPFqebv
Supplier#000886682|YeTA YXtinmwJSNvmKl
Supplier#000886715|UHNWnfnC,m1g
Supplier#000886913|DkR4yHjvlCVhDgXGeR1OBz68Fi
Supplier#000886915|poXC2lfCx7EsB7cgAC1wS7 19r88QUOtrFJ
Supplier#000886930|OZSu0uY7,GW s3evry5G,ZukWO8Jk0t66w1a
Supplier#000886984|nd7lsy62oHuy0grBAoY8XEP3L CJTWdjlq
Supplier#000886989|h,iCeKwwGMhUOBoze26TPQSNTCo
Supplier#000887069|d sz78uAyIIt7ulbY7Vnt1g,w
Supplier#000887090|HzR3ZyLjHALVHTmVZRr
Supplier#000887150|2r8AEfXM6mUIY emJsbd9Gc 
Supplier#000887179|MevENuau8IAAeEb9
Supplier#000887202|,6V JFB,nuknY,J1vNbuXRGREQlASn
Supplier#000887270|0YuUQ,NyKa
Supplier#000887277|tNmqZrqrmWCrQTZ
Supplier#000887497|vU6dJpnxePNa3shYL24tdo2NgLpue
Supplier#000887507|mDOMoXoBI,,OuXvlwy,3HKlZyhgt0xNw
Supplier#000887550|uuY,tff9E7eQWT5
Supplier#000887589|4Gryrlp6hKuS BOS
Supplier#000887665|YQCM,ry7m0 qsl
Supplier#000887699|ZRNyFu ZpnIGnZBN,iY4mFE7YdJHd Drmr
Supplier#000887769|284YQCLo6Sx,4gJqb1f0JimZCLXcgB8E
Supplier#000887774|JLnyupWUdk75oCf0e  IdXnztYK,z
Supplier#000887785|fbPvvudMZr6P4I0we8b
Supplier#000887796|Dyji854D9,0T4TTpU
Supplier#000887801|JhslP7KLPFyDwF5KYKvuVX
Supplier#000887877|Xxr O4VHUzOR2066k2JQhrDxcMze,jhWe81oHG
Supplier#000887894|MVQOQZ4rk1UMMiq5vxeUS8B
Supplier#000887905|iyEFlPaB1O53xeDZxH8XSo
Supplier#000887917|6tteGK 0pyVQIAl2TzEz4recS4yyvGou
Supplier#000887936|Nh3DON4LPqdqR
Supplier#000887972|K4JHIOEqSVg2kTJlhol6wGHooW
Supplier#000888065|4G82utuxO28k2sDzgNzqe7kz
Supplier#000888161|pQ2FwXShe1NHRSciiBYvXK7h
Supplier#000888202|OM9R 5dM19ZCtwKEAD3RBtPnP0b5irGxacEqPf
Supplier#000888335|hQin4J5ui15KGrpDSkVPlfpZ0wi6m1ZgydizD
Supplier#000888393|ecpZlkqm9PTxn
Supplier#000888403|n9j5btaYBs4Y28VppM,m8w155HondF7ujTrbR
Supplier#000888426|HTwYire57ok,aIG OSw
Supplier#000888449|ysY,IO,exSol
Supplier#000888509|nkz,YVvSjX
Supplier#000888534|zouVn6YZ0YfErkdbVCCLRW
Supplier#000888552|JoCKqj89gexfwdMN4aehd3FSsz,G3sBR
Supplier#000888567|jXHDha,aNnB8ezTAwLkEKyTea2OAy
Supplier#000888632|pQKroMzFJu
Supplier#000888825|Qht279YLmmLI4iPVX7kRvfbPuxecP
Supplier#000888844|F05T3gqIGWBj6yjX42BvNyr
Supplier#000888988|sbXJ6ALtYg3 ZhYY6F4XPM5eG4 rf1HlpfWL8c7
Supplier#000889004|G5kChKXpcGZKrN
Supplier#000889015|soWLl77bVzE5SW1
Supplier#000889055|js5s1WY5pRgY7JSuwzGM
Supplier#000889086|tUoiE50n8sunkg
Supplier#000889138|Zja52tXYmp6hbAu6VPMPEB3Y84DmY
Supplier#000889150|BHlyxnIJK0gM7j
Supplier#000889180|npSRqxnxdZ9k QgKBzjzu2eG fsEOh55N7iD2gLU
Supplier#000889213|ymdysFJkwr
Supplier#000889234|Q8riJZMFkDVsAJb7o8IRV,L
Supplier#000889359|0209LuIcCbP
Supplier#000889394|sHEG,7EiiwdHDtzofKDWHuJd71YTDAfos4lMKs
Supplier#000889424|2as3 Bmbn3tlmBWmBpOjK0z7vcOkW
Supplier#000889439|J,AuYS30cIWUPzFZ8mqBjtcHge4uW5q1 k47lE,O
Supplier#000889450|djEzPtzMNXO
Supplier#000889501|bd9ULqxvwJZeYQm3 yzO0OA9VIQM HhhbsJmz
Supplier#000889573|GnGGzPviazeit
Supplier#000889612|A5Pv2oUyCLMF
Supplier#000889667|p4EzFgl,QQC4za
Supplier#000889678|BlGGPEjM1Vs qWBlZjZXjOiKfhspN
Supplier#000889684|X0pdZU85 JZcx
Supplier#000889751|6OcUY2AWfTlwUBv3Al7w7NLOBBoRfzT Mi
Supplier#000889757|wVS,NQezPzv6agYhMHcuJuV0pLJ
Supplier#000889802|yfXSfH3fIGTFedPX,s7
Supplier#000889846|VCu6IA91k0UgTU8ISp
Supplier#000889886|QiOH6LBjivR0yq0av7qSbB4
Supplier#000889890|m jibhxGgP,rFk8S7nkF3gg
Supplier#000889941|y4XLhTt8KazHpovro04
Supplier#000890027|FtdOmMDzky,uAq4RPCExEiApUt,1gIVJWV
Supplier#000890038|avX2G7gpqiL0kthuqdNDn9vwpL fjy1UTuGx
Supplier#000890049|JdaMrqtlMamBpVxoqxoKzNkJg
Supplier#000890077|XE42suZtk w,ZbWlvjb8ih6GgA
Supplier#000890116|MXCJ9eQ2YNuhzNXpjZc,C8mYC95H,uNV
Supplier#000890216|V 0WQozpkr5Al2a2iTLGIx6cM3i
Supplier#000890221|2OqK8ztbBsI9WbJA
Supplier#000890342|6,JrAS6Tfm XdnzUjofBBAcUg
Supplier#000890449|kjslTupjW6cw3z,pJU
Supplier#000890717|bJ4o7zmS,2T0ZwhMimYDjfnE6CdJloqGRqLAlZ
Supplier#000890766|OR1PrR0sjX2qvxkJBEZBI6RveT
Supplier#000890846|j,9B2jl99NakSM,macQ,MjJcENR5lcuqOPRaBEE 
Supplier#000890868|rpFGNQySaDqrq
Supplier#000890876|yiu21gqgwLFXqQBZ5JSmq8wE2,AY
Supplier#000890902|pgfx74ulIEqW6x0CB
Supplier#000890970|dM5EHVxUEqKUQ2MF3apxPb5
Supplier#000891000|yJLEmUdaWLPk5T,9wqZwyoGxBukR7m
Supplier#000891040|QKDs,b6DgUAxFhYFNlREa6EkYjzdPSO1LiL 
Supplier#000891086|giZDzAIEXsl4YIW1uW
Supplier#000891094|bH1nvLUQXnNmdKFSTosjPkTb4GA
Supplier#000891114|JFdNvEgazW NlreXy
Supplier#000891149|n8DIrA5F5Gm9sKqZzo8wq
Supplier#000891227|e7eYKk975RReunTYO
Supplier#000891276|LbD65rMzyf266wX3Lpwgp2naIBcPCWT2lXkOC
Supplier#000891375|y7c20vJbXZJ
Supplier#000891390|amHfIDQI6PG,qKfdi5qJyHHx3Foww6F7E
Supplier#000891433|K0tYeKeDdHL
Supplier#000891480|slHKYsCMzSLoGVjPaKnmi8,zOt
Supplier#000891490|Rrw1LQtIHrQZNnVt1fd,Lx4 H5pTwPcl,TBwbi,
Supplier#000891513|p33VLZSHSrGLsE0XB
Supplier#000891604|WKvbAXSwZIi5,FW6M3slm7gxWWlRep8BO
Supplier#000891697|ot9nyx9ZPHNhPHa8PCk,csCz0
Supplier#000891699|9JIu4o3JTtEdS5qeXtBU
Supplier#000891800|cpsIw8upWYl,OtU6jU,3 h3w0G2SWwbC
Supplier#000891802|3Ps,5Q8BCpg4lgIjvecr4GWLCJQD6zL7Ne ilgc
Supplier#000891847|UbLiYcw2H7NWg5Zz33yo48lglsSPrOj0aogAog
Supplier#000891851|jWONfoklyDwVocg84CyAjnE0
Supplier#000891955|Rqq5Z,m,s,ZQF2mIm11nmKKad8iTZ0BMtJ0mL8
Supplier#000891970|vco8JXTO9qD3Fp6V3qOWsDQ0Us,b4bayXDT0x
Supplier#000891971|qJ,EyFMNt23ba
Supplier#000892117|iS0pKVQPMheLPGOZ
Supplier#000892126|S9TkixExBDPAqet3LX
Supplier#000892145|2poEBdDk4YVC95Vd eyuhd4vJs7S9wr5,DYDL
Supplier#000892222|NqFuhKtrlbjNpvD3D
Supplier#000892279|hVrKnMOwaF4sUIJ,VS6nwyx7ebrETpdkr6G3Sl
Supplier#000892323|Djx2CTRAT6EOEtSv2Tdc
Supplier#000892367|Fsk3U38KJmSOBpbC4WuMHXPFK1yFRnYu7r
Supplier#000892368|hrCdnHUCHTy,ryegk7AQ5tk AxitS t
Supplier#000892389|XBAXjcXiTbp8VQHENJP
Supplier#000892433|,e81XfVmpcZbjfnaOFSNaHv8U1D4V
Supplier#000892540|XFto1OJNn,we
Supplier#000892640|hF6255q1zG6IB6VhO9usbENvNIDnHVfO,NpMpBg
Supplier#000892695|RiI3GYSJGqk  yiWyVLPVsDupkPYgWvBPp
Supplier#000892764|JP3ewRq8ecoIY4jutlEX7CG2bkKCaI 6
Supplier#000893004|U8s,RhuyRdboRmIua5ybmtXUyrYVO
Supplier#000893105|X0L8I y3Ukw3DgjJHI6Oi6TaDN
Supplier#000893135|UK7fCDGJWODX1waDZlv
Supplier#000893136|3yyERFJqGmx,eTzrU8
Supplier#000893204|42Y19nP 2wt2Mi4cjUbsyCqPSX03VA
Supplier#000893304|kpi1vfcN5bj7C,rq1FTtScmz9Pf9rxZxmpv
Supplier#000893310|RT9lrouGngVePpVTl
Supplier#000893328|nC6DvC69xsGv
Supplier#000893448|1qXn7s8iTweM xsLaTZPFHegHNtJ3qECdv8OaxM
Supplier#000893488|8mNzAlldVoCIq3uQjXrjA SVe 8zn5mFpbGHcZ
Supplier#000893507|6ODpvvBZD5S
Supplier#000893515|rdCCi3dNEwxe,ZXXQXd1trP Rm9l4,dG6d
Supplier#000893559|ePzpxL9Ac,C
Supplier#000893568|I839e9WwmFM88wZOTQTB
Supplier#000893593|OqOup4T0hDtJ,XbBjX2,
Supplier#000893718|3c3HtsxfUqXOkrJxIiR916IGgz
Supplier#000893907|MgWYsHDHlaKcKX7mkQevcqLjLQxFd
Supplier#000894008|jROA3EWQiZw81h
Supplier#000894041|Y5WM4opkliXfivsJcmMrqRyXWfqWzoX4
Supplier#000894050|b,UsPJ6V,iqVROcQoyp68g lsJr5zznfKCiW3
Supplier#000894077|R7dzead3b,6TMRJvc1 Oo7QQSUu
Supplier#000894229|7GIzU4JjKhfVxzufM0u4IsYrAXR
Supplier#000894291|k9Wpmza7WMtgymqsyd
Supplier#000894311|cwnpUuu3GPLYOtmKKp
Supplier#000894397|Y86B1R7lmW4EX4A
Supplier#000894400|FBIwwHr,CJbs,28WpYx9Vxu4QDHnI
Supplier#000894478|e582kl5hoVh2eJVyOPC,Y 8
Supplier#000894501|hGfjNhxFUr0
Supplier#000894583|c8L8hTzNmh8 CSSdw,
Supplier#000894635|hIN3T5WcUGwMGLVtXhS
Supplier#000894680|GEjeOHYxaNshetGDy2f7CZe ZQLrptkCN9
Supplier#000894711|GHsVEBvk6PsoN
Supplier#000894732|YD0LsSy1T3buCtIoMxDXrbGXRA92KSB2xtwt8Kf
Supplier#000894810|m,YQgn62FcHoi
Supplier#000894906|Nxp2KoGOYuz 0eUrlYSdD
Supplier#000894912|tt337QQE1OHmRiSFC
Supplier#000894960|IcBKYOThou7kp1VIFIu4klCFtLL
Supplier#000894964|iGEt9NgxG92b
Supplier#000895012|90QlJYjQhBq3a7lS83x
Supplier#000895056|j446sCc1mXhemkVI6XnQ
Supplier#000895107|KIOhelDGzBCJFm L7OJXg4RNAHcjkbKaCY,hU
Supplier#000895203|WODALmGq0H6NEtxI3v7NY15I
Supplier#000895269|F7uE0D F aMmRCyBxjOeftpc36e8MHVuFA
Supplier#000895302|pGCihqiNMLDa,cyYdXv0B8LZ32TuikgT8
Supplier#000895324|qOOi9C0,xFKlTE2vDfa48FefuClniMBmGJdJ
Supplier#000895332|VsMnb5kqWf87bWVbTUy9HtadIYzSRr2u1UAnBNLx
Supplier#000895370|FJuf7RvFeNF1gVDfdy6p3bZ03q037PtjvBBA
Supplier#000895458|f6MQ7WpqLT66dBM7PVTCPD9tk3jUdOCuT16RsH
Supplier#000895481|toboJy32lf JEes B1Lbs9
Supplier#000895647|zCQswjkx4QaO
Supplier#000895679|caazBOtR0rdL9vXrrfVoYW
Supplier#000895721|OgbwBu9AIb1VnRJ8R1093ZF Bne9gDj9pBCyF
Supplier#000895785|ikMQfbw3FM,7
Supplier#000895795|rtURkY4sGsqzlqjoA3iEJf9G4l,X8u2rn
Supplier#000895800|fcpAWNFpVoiwLFgTQGCcrodF9
Supplier#000895878|tYSr117C4,qixVjqfCWHr
Supplier#000895924|sSC,1znbZFcY
Supplier#000895945|RLsl9M4tPvz
Supplier#000895984|2JgCLFKCnmcEi6ljRX9CC4maBMDjFBA Oa
Supplier#000895993|QfEDBYKTCWd
Supplier#000896057|g8FWmdapPcDK2WiBhA
Supplier#000896088|qEZMB7SFVeAFHdhhStc 1lpR5k2sQfoKxlqnVufb
Supplier#000896123|,pN R4s5MRd8abkILHgZSQEq
Supplier#000896150|LHNlgvf4QawAVHQoxddB
Supplier#000896178|BiwSpDCK0,3PcpsN
Supplier#000896303|Eu4c52A6H UPzOUKkk5jczdspdliF,f8ZO
Supplier#000896354|kNOdf7ZvqO93I1PW
Supplier#000896424|Egb6PhzXR1T5fn4NVdXMl
Supplier#000896439|It1Ba zra72bka4t,
Supplier#000896577|IqY19FJICxZlPp4xiO0o562tVoX7h
Supplier#000896615|i65SrQmOrtpMJbLvTECo74
Supplier#000896619|AoBXeCPX3ce3qpxtf08nxMmSR5WyY2xt4uLgAyA
Supplier#000896758|8m6AnYWqAfRHP4H2LGGBi
Supplier#000896781|PvsKqg4A xl
Supplier#000896895|tbk05EO9OlqYmkHuenpmXi
Supplier#000896988|VFIb2ezq6iojlBiczf g
Supplier#000897048|gwRa FgeKtk,R9smgE7x422zuxwDF1WRJOy44om
Supplier#000897081|x0O6oh8bYwGDBQw
Supplier#000897174|V2RVARnP60QyvzZ26MLqQFAHXeVfoxJO0VBgZaFc
Supplier#000897181|6hIIMnxzaq6eaR9 qUQIpWGT kCRny7Qa7
Supplier#000897213|Z7rV2aF5EXVt,ca,W4KpBbxUpHmDTf7qsIwMw9,
Supplier#000897273|vzH7tmqp5gOxhkUoa2
Supplier#000897304|uUxL0zOTl8RR TGmN
Supplier#000897389|si8XhAow 5oxiPQsdTGRFteR
Supplier#000897477|BkAShxD1FrzCQiUAa Z1kWjbl2BUtdzKL,B2
Supplier#000897566|6JkhUzoioPwSG3mar
Supplier#000897583|,CzY1PelmcJfzxXVM
Supplier#000897622|I24AaQ9w8bRgOOATr9r61
Supplier#000897648|ILZAl8v 4EyWB9KaWqe4u4z0CJGCU0i
Supplier#000897759|NYx3g7OAcf9ffqOFFgnKupMp54tlWNDF2,WRy5l
Supplier#000897798|n,UBHX5G6tG4xu33Xf,2nStNKtkN0JNBougG
Supplier#000897826|lX0DYDBwfnMZYVEh5G
Supplier#000897840|to3qxCA7J0YyzafHpHXsCB
Supplier#000897885|Jn24Rmpwau0ru1pK91sibTxNWM4 uiu2ujo
Supplier#000897926|FZJDIWx79 Pjsom0 jNHBkiKeOu
Supplier#000897927|gkoyEo4Gv3cW
Supplier#000897928|YeZShgj5T10cZSJ IZGHlxJxhaK
Supplier#000897945|w8MD 4gHZdQzHma
Supplier#000897949|jTghH7tKCE4D2v3,NyFc5lUnT71cgbLAO38vIXwv
Supplier#000897960|HOH7yxFT7k6BzMyIQCV3a16PnFmooMj
Supplier#000898236|I4A9V8ROBEEY7UeXM8qWRRKSc1RET3i5BPii
Supplier#000898259|hJvQJafJtydbbp
Supplier#000898293|qBrJwpN,h1h,56ttZAeGM3Mm5gYfIt6GqUli
Supplier#000898297|1Xm,,BFFwn6em 3Gdd7
Supplier#000898316|Vzqxy k86QAzfOs2Z4VkPBXJvwvOIx5biI33fn,
Supplier#000898361|mVY75kGwjKXJdFHUBwX1r3
Supplier#000898425|t4WmdNOcNZG9L1MwsWb3snQCMhprK
Supplier#000898437|9rnC7wxkTNB,Dl 7oh0K6
Supplier#000898485|xbDCiIB D iWJ qcCgv T7y3dCq0RqzGaCs
Supplier#000898694|Hsak,rAO38pv vvgoHCr
Supplier#000898738|5bUKW22afuFiojuab8gOYkEig
Supplier#000898824|HdfLU0hjGFhGkghaqFAl6
Supplier#000898875|F6SuViPPoZnsbmEzI3n,JYGf0fTqyn9o 0g
Supplier#000898888|N6NH,SOiq9y0K1oqbMvK,R
Supplier#000898920|oDiI3DS SF2ZaODlcA5mx55FjRZCtf
Supplier#000899005|161h6bVgRupnpiXlrb33tCMISosI0mvcQtkA7w
Supplier#000899027|WZXziKqJzv6FINuf66PnpSbIMWD
Supplier#000899042|BLllCgl95lI4FlVxRRrd5
Supplier#000899075|Y pqnVWQNlMA5NqdnYpnE3n1yv6Xdj1r9yMX5
Supplier#000899090|cjBKpQASNyp5J sgs62KYa EgKPPpjR31,ypunK
Supplier#000899115|4tUJpDOWMFRxMgvLDIZI,HA2LmL5WSRgq ZGe
Supplier#000899154|LsLQvi,c6u77WXJjs771 0mOOChGoL
Supplier#000899266|1gVm2RP,qedG
Supplier#000899302|,PYdXE4ACSvmzTVqsA
Supplier#000899347|eS bL5twYKaGOl1gb6Q57sLDVZzz8AnPS
Supplier#000899439|ngUbOrFPDTn
Supplier#000899491|uQtJmC43t4CzIhDOyvi3y2E
Supplier#000899498| HYaFSMZfAmDkK7HNFisgPxzFMEv5oGIdWa
Supplier#000899512|x4S2GP70cXTw3POQQG6G832z
Supplier#000899600|AZaJQuhS4LkU9fd3bDK6o
Supplier#000899613|iUQ5G5WkcbJM aiI5U,m0l5E TVcRw
Supplier#000899761|lalqvEa8GWP8wIVz1Di3v
Supplier#000899762|4C3zZa559DakclDfqZklB1qhSggo9XShj0352O
Supplier#000899772|YTtVTm9l,1UI4au0bHsCEVW
Supplier#000899783|NL6 E9EMG809EUvatUyqYsku2YoYcD37x
Supplier#000899806|gJ77AiM,XL7fBeyUR6rC1YQA,udDWF4mDXgV
Supplier#000899870|8DqUTkZu,IXdWuVgX8hfNE4
Supplier#000899951|q9 3Yw1w9O9wET3a
Supplier#000899955|HYV3P1irMMrCnOFZSLZnHDTkzH
Supplier#000899998|66C IzDJmETgpLfa,sVIHNaihZw3
Supplier#000900083|Yo6TpFE,lrp
Supplier#000900174|T1qsm 0vSY EcLQWnR9
Supplier#000900197|LJYequJXPftAdSpskAgNAAnTwqkaVNHpNG7i
Supplier#000900286|Ov8VScRjd3j9SmsagCGSKt1hu9p n83l2mA9g 
Supplier#000900309|Z7kXnCoS8w6A
Supplier#000900417|2QXEPE58AP V
Supplier#000900482|BNTNu3lIv5wb
Supplier#000900502|CiElDWbjecK8
Supplier#000900529|r2YfAA96B0uhWokP3CQtC
Supplier#000900530|,GhYUItOKaTzUOfZwTg620
Supplier#000900569|p3GQ5Cv3YhjswwTeNB
Supplier#000900583|TATX EtxMLtnHatVQ,8z9n QfGp
Supplier#000900598|4Odd8GEoy6kAASK66EJJfJ
Supplier#000900639|vd0ZBfhiE 22GXlE1v8LslCb4mMH66Ehgn9BN4O
Supplier#000900653|bObP7sqE6phvsAwWDls9JFERLZRgT
Supplier#000900668|QMMfWzbkpH7Hz2HlUj
Supplier#000900685|zN5lDMkszVH4hzMbxAo 3nE
Supplier#000900761|3iIT29hqWU26bKw6Sra4Batqgy
Supplier#000900891|I4qLaco7fJTiwq3QOVmAEH,IA5dzNhXU
Supplier#000900924|6xo65QQogf0asGo2N2KSZ
Supplier#000900936|abBgw,IVoBz3,zpudW3U3OdNQT3o5
Supplier#000900955|v9IGUXult4q IPOTeOFn5Z3PDvzyZ
Supplier#000900956|4jKg7K7OPXQY
Supplier#000901005|vjbnnyuDp7jWAkspMQOz7vVI
Supplier#000901075|4wvIMQpqGxOGMyf
Supplier#000901132|JaWb3ZQSuLE9
Supplier#000901351|OABKKrfd,YlS
Supplier#000901371|UvLDkNo5or2 GJhjF1NUyj8i0I,
Supplier#000901415|I5ts4XJ0rcL  t
Supplier#000901473|zDtUfmp,kWyjmk52avIyQj0hnKK
Supplier#000901518|vcy2mPaWxOP0iUhOQfE
Supplier#000901558|D 1WdEtSp7T57PpOBmN3gsyes4xARIVTaRp
Supplier#000901668|TFREvuiNjDogdWz2l6mhxwWn2oTjcq
Supplier#000901676|wCv6 Z7WoAULBePiIJACUvPcAMVxJ9eCbdq
Supplier#000901695|dqo9LqG8EK,jXArIVy19
Supplier#000901833|OXvh4gSitfSzC4mwFT
Supplier#000901841|eCIcEMulu9
Supplier#000901859|Rlh,Q40YyVgfr1M2k1oII
Supplier#000901903|w5axKpMCvHWL
Supplier#000901906|,BweUwstlhMSACqbomajJk V2JZVoy,x
Supplier#000901962|hR4FBoR5vOFW7UEXx0io52f9
Supplier#000902098|9DJAKQMJSsW9stK23McsuQf sBgxVN1d
Supplier#000902280|QUd6g2GbIgUQdk9zr1,rtVCg3Mlzx2s
Supplier#000902370|GcZC KPJZXtsqVY6XzRRBQSnNVJo8
Supplier#000902441|fiH2TxdBWafDAKDsbD2EFOg5M0XH0tWoYo
Supplier#000902463|Ku4kKqBy ,ZPjV
Supplier#000902469|iRniQ0rKPGkLohCauPW6
Supplier#000902501|iLubRyKmU0Y4o3m8pWC
Supplier#000902611|ZvyZ2iiQlQ7vjsTukc1
Supplier#000902692|0yfp4rLAY0QYa6Jh1LEmy2r1JR9QzSjKE
Supplier#000902733|Es5GKcJxzrz6CHec
Supplier#000902765|KBjGFBhuEi8Qsd9bk,dGMB7JB0q
Supplier#000902819|JeSHvMfUrZF9rmfOg3P9CeH44QDJVGO9xIbP4i
Supplier#000902847|lAdNIs85dtoBC
Supplier#000903159|r26FU9Lznts4R
Supplier#000903175|WD35JcUJZM xGchDhSUoTbNy3Ov8EzCcjR6
Supplier#000903176|qQ9PhOs 2nLY2Nz4bzDGnq
Supplier#000903201|7hhz063ybJ7TpqmEtq1Leptc3vG5WXig
Supplier#000903284|MAVJdsXfsrMe5vnsfAmzj7Td,G92bl
Supplier#000903289|e6EAoHQub5RUwfakyN9LHhgRq
Supplier#000903396|XyBsNMuweQtXHOPJcSvQcGFo2VtMJrXvz0oxO
Supplier#000903475|kgF4C31xPT7HpaC1HbwsvJgt
Supplier#000903479|XhaEuQrEabVe97p hD9zL
Supplier#000903544|E1oK7 2leFhfjSo5Ecty
Supplier#000903569|LWc3FeduUJtPwGRglHSsHk,qA,PeGiqKV2nQ0Rf,
Supplier#000903584|jiuYBV4kspgcjsqpINOYLWI9HfezYGKo
Supplier#000903612|FKp7XlOKUW6
Supplier#000903625|bb0zialN2BzXeKAaiWYmCDprw0pRDWL2t
Supplier#000903630|m7QhbgRpjSCeOD8cN, i8gjFMu7KAri9fTiqUch
Supplier#000903707|x,DleW9X,kKcgezCf,,ORJpUDxSrkVaHdycx
Supplier#000903711|UmdvzXkOHoX7ZqtDmlLlJbCS7ABNit
Supplier#000903907|KBGM v56NNNP9s18
Supplier#000903913|NsXpcD DhMTyCQdVQOzWf9h3UUOfb9hd2AD1TBB
Supplier#000903935|ZxmcZ5tNLtP5MhSw5GNqS6JgMiSaXt6iV
Supplier#000903977|GXeWv6WriX
Supplier#000904050|7CwM 7 WF5CN50dROELiO9FOB6UK28Sz
Supplier#000904104|pQmiRk uFeZq
Supplier#000904142|SMZ9Sogn5u39cuirlq6RahKIdDJ
Supplier#000904189|FfVkCGDyb 9WAPiwoaj
Supplier#000904265|tIwHLiW,1UoyBVWY0bu
Supplier#000904269|ajVQFHWWwOd6SqedqXVKXF4ewoM
Supplier#000904406|ts7Zi,zYkRzxPNVFzl,SSm4RpgSdN51g m6
Supplier#000904468|P1q0aWfgOLuH2Lzl0GjtD3
Supplier#000904487|d3xH,07er3Kkemxt0 bjKzMs118rqG
Supplier#000904506|KyxJbqUBFB zFc,j1xWmlgqsC85ONl,t34f0CQ
Supplier#000904509|knd5Hls TbTz9FPSKGPDZ 
Supplier#000904544|nBAyjw3U,vS65w36m8ttOVwVcZVHqqHyL
Supplier#000904559|R0ZfNI8fB,jtPgiLaT
Supplier#000904586|11Xia8XFeOHZiJhAN
Supplier#000904620|6sfRXUxog8odFp6
Supplier#000904627|,MCgt8gRZS8h2ppGXtyYSSAB
Supplier#000904720|hQFfJXu9Uk86qEG8QY374j8yy,25ML9fi Drk5M
Supplier#000904782|PO1OfwR9wxEb4W2oW87Au v
Supplier#000904941|KnVQQPyJOwp2Q3Lyi6
Supplier#000904948|tEm 2E0uSoIZT
Supplier#000904967|Z9lHdAhGCPV
Supplier#000904975|5FJbldKF9W,
Supplier#000905041|opV33jIpsT596zF3kUxBiDXhfJCN8Nj1
Supplier#000905091|cvvSvp6RIAkp
Supplier#000905112|HMvd97BIjS9zLFpzZoOGBHe 4fQuf6mXE
Supplier#000905115|hn XAWWoM496sb6SJe,AaTNQ,
Supplier#000905216|vv3xd1rYrz1E0v3u9hx4YC9uXEUoMhRr52
Supplier#000905416|D1SoUxu9qKM6FJW7
Supplier#000905541|5gzI 4pi4R4l
Supplier#000905585|kPxOvRFIQk4KaHAaaaSM6GLccpa3
Supplier#000905612|rAEh89zw,iRLDXznWMP8QzpzsiCcdkQasGlbasN2
Supplier#000905700|RNXkSPI9EuhJsR8
Supplier#000905713|0qPyc99kLb0HDUXmFT
Supplier#000905763|dZXGW5,NojyuhQkSmA0NxAjiSXCulDJ97tw1b
Supplier#000905772|j8u,ogyh14I
Supplier#000905890|FWwYjgTgj,1IxQrr
Supplier#000905928|Dk5tE8BFwkFA0ieBivor2Ja1X47
Supplier#000905936|43GmBynJ2c
Supplier#000905994|9m,N6QsbpTpfYdsQ
Supplier#000906043|ktNRr3AJXg0j,GWSokWsh89CtxumeiUa LRNG
Supplier#000906135|48VdIVGqrvy9,X
Supplier#000906188|hQrOVqQZhp7HSb1qxudkIljav4pCsahTyHw9
Supplier#000906219|Y,WEaKZlbbiXbUfZP,JN
Supplier#000906400|vM2kiSyd d3NWww
Supplier#000906432|YZdYzm8czxE7w6wgrOsbEnQ4UvZgr 1367P
Supplier#000906513|9HNaWAAA5fdOIh4qwvi8gmOfL9wlQ5RwCx
Supplier#000906515|yXpC0o,yeH4fL6w1y2AdS9KWU5Z5sR9
Supplier#000906571|SOrpuiDcmEdtze40361aY2VqAmCq
Supplier#000906625|CGRMi0NPeyDtO6z7TCPf
Supplier#000906690|JQlPc2qcj5Oa6vO7VVcGjmK1e4M6UF
Supplier#000906773|xmSwrYARCj9rCM6Nv4
Supplier#000906791|ABog3X1UH3 PCP15no5yoxh0OG7hUc41
Supplier#000906793|sclgpiVMIfCBXd,S6YACtzjiwkg0dC1ZTY7F5 Wd
Supplier#000906860|MwscD2OvjsH5f
Supplier#000906873|41VrW5THwtjyUDR5lrtJMHUOMtnoQPuBPhJD
Supplier#000906904|Ed4CKnDp3XWCQ,wnS5rsKH
Supplier#000906964|VLHZNEPutKLlf9ChYnrGSdnLxbAQwzZIMm47
Supplier#000907045|uqsUTJIFkQQM9t6gvVNhF0xth
Supplier#000907063|VYAV3Nbw8gZhNWDaZ9
Supplier#000907184|rTbm6b4caH0Xq
Supplier#000907216|1UXo07OuuocyZEHli1A3RcNPJoi8GCrCedKI
Supplier#000907289|r75Yn0JsaERfMWRkrS1auNz2Lf0o4Lu2
Supplier#000907324|9bFR8nShY9R6tuWl2JIVFazk
Supplier#000907550|tZVbSBvBHrHEMLthoSZOJ,412 6Q6E,Ddz
Supplier#000907565|eNohI7kG3MCrIzXJnIK5eRGOOeVD,9K3fgCTTsy
Supplier#000907653|ejzSzQ7bnhkcMEs
Supplier#000907745|U97k4,pNyY3C3zVFU29cVmKor
Supplier#000907758|YpPZrioaPd1THhYJ5DvOop
Supplier#000907778|I41yVVRS7W3H
Supplier#000907783|yumJ7ZWCgtdc
Supplier#000907789|sG5zcxsgDiKYHR9gf4qXpG0fxPK
Supplier#000907805|4cR66nPl0LdzDxEPXOv,FVB3W
Supplier#000907867|XKppXTFUTNWUCLXkJr,48dt9JgbxkQR0hkvSxO,2
Supplier#000907871|0UrKE2Zi5DaevT
Supplier#000907947| Cu7xis UNOsXgHjEG
Supplier#000907992|3vOwx,arLIGYuK7vLhH6lChGlGxGunM
Supplier#000907996|NUPP J1MLH KUqVwbUMJTpTuL,tgJYJ6
Supplier#000908119|gfx8AEWFgw 7hVUtNo
Supplier#000908172|jCQ0V0vw,MZoFGs2R,8eDt2RsgGL0O7sIJc
Supplier#000908190|bOpS,sddoJCc1
Supplier#000908194|88ZfVNt54TUxdSTOIX1GMYrKcpyQ
Supplier#000908240|Km4vFx IL4ipcfkUD,,
Supplier#000908431|6evUNNJIQm2TmXOcUh
Supplier#000908480|9mtFUv8x0YMZVX
Supplier#000908505|loW5WsAKHhMUc4YRHloqKbNFIKV wZi6VZ
Supplier#000908762|9uqhtX2uZ7DCj4Bb4aXP1edSxNFqLDO0oG2
Supplier#000908825| pU9F8gC0dhXU3sEa0A5QpBeT4q672beyzmoi
Supplier#000908833|IdZ,,8xZFTzEF7uxt1h
Supplier#000908920|cJ7btT9MojjNkkdCOyukbF
Supplier#000908975|ErTJhM9vAJ
Supplier#000908997|kNPDfGW4ZEIDf1I
Supplier#000909295|8tRv,Suql5S1qtVS3su0UqQqUXtB2RQv
Supplier#000909416|RWKdi,3bCoi10ancafb3e
Supplier#000909465|dmj6M3eE2J,gCmTI0t
Supplier#000909510|FBMrLG,t,dkbTtmHovb0
Supplier#000909688|klHfTiCg3xvDV,uUtqZyU soPBppT,W9gmOI7r
Supplier#000909696|JK73kSZ2C,Js90CL0kMnJFfZmS1q4P3VtfMg
Supplier#000909825|hOGdcP7wEteyyNYI26bz,THvRBhB5,,
Supplier#000909894|5TDX5EJqiS8,dE5SiTnbgVs0Hsj2DFVJ
Supplier#000909916|7WwudD31o8Y7rYqco4
Supplier#000909922|Q3si0BgK6FXVG fe,0aGu
Supplier#000909930|KLuXYs2gNlaIHh,ko4O0yFa3z28 AkSDQMkzCUXG
Supplier#000909966|myWjkuyPSYWK76eA8TsE,VhputMnM0YP
Supplier#000909989|f66,G6 eq6dF BhKs5ADBaXUyu51CtK22e
Supplier#000909992|qhqR5g8dIjA3Ji44KGXf tg19R
Supplier#000910035|6t8,Rb0g5Yr,qIIDy2bO4si8oEc6yDR
Supplier#000910050|OOrZl XWTZncr6qh
Supplier#000910078|V6S77nMNoxVcYXQKZ7Hq6sFzUtuSt4fkq
Supplier#000910113|xZ9r3RfZogX8K2e
Supplier#000910114|YHjq9TjZGrDckT
Supplier#000910170|ouxv3cMGfb6q0K3Ju
Supplier#000910214|pvX,AUDmBWJ7c3lCAWzTxlhQz1g
Supplier#000910287|zW5HE Rn9VDoSm
Supplier#000910288|1WpUeTun65jbG0b VvauyZa3nqWCS1oE
Supplier#000910347|w x7MGIQ0K4hFp5WQyFlOZVzn8L,lqlPOo6jY
Supplier#000910383|f46a8i9ZZikROMm
Supplier#000910452|27XACRDncstOAjPpEDH4hC9BAdG
Supplier#000910454|SmZzzbb cXVIMK7XBcEj W3JC8UdaMs5k
Supplier#000910546|SWnIw1AADGQ,q 
Supplier#000910692|YSc6Ec5Uurq70
Supplier#000910709|PIQx2iMdx4EL4CJ1TZinOS
Supplier#000910764|AKH,MxY,Ze 0Ne2VGIJSpW vchQ qTwLtZaJR
Supplier#000910812|OtpPxSVsb7Ycznga2rtoGWfBmh4ZxmiSgNNSX
Supplier#000910873|wTznn989gH,aTc3nB8
Supplier#000910918|rFfPPeZaY33glcQnFBwUqIW8xf4eTLPsSQ
Supplier#000910939|CYlK RkALcN73qFbKKEujIbS CtxznvmzDMr
Supplier#000910945|qL,IS CZ1geU3zSdVBjo
Supplier#000911000|C,O J2S4i5tNbVdVRHIFHd6v7 BLo
Supplier#000911006|nq0BdCB8RSKSgdEUDr9qN,
Supplier#000911015|w957ZDJ1pQCPVk,pHdzeOO2x1BiHDcvc37is,,n
Supplier#000911031|3Tuw0hmccioHEZ,
Supplier#000911172|5o22lBIYY9kCepKQfOcaDQYAC0Ba
Supplier#000911215|nxdPzUxLa E6je5q0OVIt3ID
Supplier#000911346|S,j39OjAT4wUIdCnckg36HQBMQVbteFe4A
Supplier#000911370|pCnaQIXB,QBQcdjhNcBKqExCo3q,POSLgSwEWd
Supplier#000911372|7grJ0apvRvRb4Jula,cjUPK
Supplier#000911374|vxZXDC a7AC6jEXBxFn1nZnwI5 TSgoX8C3s3
Supplier#000911411|LkD3uD3wibXdkwC1iltn9JF,n7DSGgdA4tLK
Supplier#000911465|,ypVUV1NanAihogSg  lb14KQmnd8qJ4HIxBa
Supplier#000911553|6I I3Z6X1QiI9gg1LgA1 mKhw 3bF
Supplier#000911668|I2cYk8voAgj9i19NG54LNRGL1N4
Supplier#000911710|IX0guc84E,i30WTaqraezeJzkd
Supplier#000911735|hwIk8QqLURE1lqU
Supplier#000911824|vzGi4qCMG5Vxv
Supplier#000912087|nN67PDti7R6vx1P68H0Xbk,3pQ
Supplier#000912089|NWx0i8Eof9f0kgC5I6QHrhA
Supplier#000912181|tuaS,6e1wKx pw1Bi0rzyZhE8axV
Supplier#000912196|cpsjihYm5LqnLffQ8hBNwSyuvNMrmeCrHoAb
Supplier#000912217|xH4F6bl2Si
Supplier#000912228| 6RZNfYPMlynW9ghXs5vydjOgUV4Vf5H3ys,8ER
Supplier#000912247|ulEB6f01MeQVwZE87TRvE0k94UgLAEtS
Supplier#000912314|LvSCm4uKu,5DY3ylT HZQc29Hg6PwTp4
Supplier#000912337|EwseeT8ZwOedaun51iaMCEo13G3lLwOdPEOLNifF
Supplier#000912418|Ya6SYvh Qf51F8X801i5qX55Z
Supplier#000912482|MDlBiJZ2Xhy3zNKuPOj3NQld7FAqy0
Supplier#000912557| mm084lYIjBN 4axFwpSuJXgc9udWRTVA
Supplier#000912576|hvZ5lmh3tkMbX5p
Supplier#000912579|LVgHSe2Pe9TRJ2hv89v tc
Supplier#000912710|iU4NPFbszaYkSYwdsscma4M0uooUkr6THD
Supplier#000912792|lGaCdrLR DqiACBuN1M rHGc7DJqBj
Supplier#000912831|OinEA1p8 hmRvnCToSHbQJz5OP5uFTm864pfRQ
Supplier#000912842|SPa1pz7Z12dUIvjkB5dJHEfUJrW9YVP
Supplier#000912880|M5ZgMEDrxv4xaw45 HEq8dOQW3 UpIoBBr
Supplier#000912900|M1L7boZtlwGfBNA9Hqpa
Supplier#000912931|OQ94Nc4cPwmGucElH5ccdhTFVHuGuirn
Supplier#000913016|5,2XP4w0P4IYvKQpv4OcUMbwS0roQ hA
Supplier#000913174|c6g23gX6h4
Supplier#000913187|6j5CelCnwUvJopzVgkHv4Iy
Supplier#000913225|eqWR00hwGo23dB8 glHDQFI2iJy6C
Supplier#000913298|OeKNDu3mh q2DR6j1ccOkaDD59
Supplier#000913326|2 ZCjTF uCQARKdVm4E
Supplier#000913345|ZtMyOWCNHLAnhy29P2,QXia
Supplier#000913523|h9sVyHj4QwT7d
Supplier#000913583|Cv8UaPdzAxjk,2c0vE1AnZ8QjqK
Supplier#000913634|hOsIFp6oB58kN2x4Z,Fy
Supplier#000913715|dtTZXKVXrAamzqf8QbT5ldDFANf3
Supplier#000913763|LvkHruDqVjy0RChA14oRw4T8EC0A
Supplier#000913782|,M7NNiXmp8UDJnWg7Pok,tot0K5B4 3YDJNj0Q
Supplier#000913797|D9F4dBW1p2MU6
Supplier#000913805|T9zZ2XjP1TVttgAvOnF5dqfhVb0FA5TghUzbAz
Supplier#000913958| F6XlmVfVqkrxDR,db
Supplier#000913964|L7zOhvK6cT ytZNe1v,LL TFKtkTJByk08x
Supplier#000914011|e9xNG5iWtv0p5WGPAC4EFbVTWSR8StvvYRV3T
Supplier#000914059|iOWe7d4kVygRqG,Ovqnz2c
Supplier#000914094|vfX9,Sg4GbbLAHqT8aJ
Supplier#000914130|DN8lUIoBSt68u1P67veJUgYbuozt5ml
Supplier#000914150|g1oplmUJNVKQkUwy6DfJ
Supplier#000914153|sRuJ0YIACJe74yuAA0B3ko8 NDgDkJ7
Supplier#000914253|Mv0QPYAllcT8upSclFU1C,trd1OExDtrjCt8m
Supplier#000914391|ZdURNxR0HIzJGj1JDa0o
Supplier#000914420|VJ2KKGsERFQPCZPpLvcEa3q
Supplier#000914454|RT5vtOyf3gJsU
Supplier#000914493|n,Eya30V0jfPu,iPNAQs
Supplier#000914496|M8t8Q ADr,Nfw,MsOdIrjLW3,Fb81y65Hbm hF 
Supplier#000914510|SjYX7fqB8p76LuxnmhDiEh3 
Supplier#000914733|8A9MupgMaYsf7dn4GzDP8g1L6rKKoHeOdx
Supplier#000914752|HpjFeBcYc7E
Supplier#000914795|aRbARuAT9vVARFs mpBUxSMbiPpBkj
Supplier#000914891|P4GdxfMUFdAKHDYIo2ZaD z Enm
Supplier#000914959|zOaLOdjBAJdnXH
Supplier#000914961|JHf3bqSBf16cuCEKdUDXL
Supplier#000915067|6MBk,Zp gXPtt8zb4YM2Pzerc
Supplier#000915079|GbIsYZ3ktYA9u,
Supplier#000915107|T6jT5BxJx3O2P0eeQ6zSdu1n WGv3qP1
Supplier#000915160|cSOEoBvwNb397OXZDmoiUgtxUao
Supplier#000915242|JJFm8T,gKTXTOo4
Supplier#000915260|eyhcrJWIgPFhr
Supplier#000915320|hbNTwytG0w
Supplier#000915498|1F4ZUgwQTrnX FF
Supplier#000915803|9kMgx85t6WyFFZrxU
Supplier#000915885|,s9JccWoPFSwuYz0i6oA54uprYM,AYg5ng5XL
Supplier#000915920|30WXmD,7Fondipu5eMX1L3BxYTEwh1
Supplier#000915951|LpsawE7GDmQ7wjjjg oB2UN
Supplier#000916045|KCLXTcpi4sjhhVEZzid5SNv5Aki w
Supplier#000916070|8fKphiuG3ZH1r
Supplier#000916074|S008c61wW8HtYk1X9WoCNQGm2IrPijqCj7O7,
Supplier#000916143|H0u5Xvn4c0,aMexZzTiI75G3VNx8Bqs1s9kO2VtV
Supplier#000916178|bRSgwjZKUJd9eA,MLgA78wPkat
Supplier#000916208|ho 7XqgwyCnBM4m0cfY,WjovFyWkEmA5q
Supplier#000916213|uhrc0oq6e,2jTQfrfcjewl Oh
Supplier#000916266|H0dNNq4IRtwZsQ82htcdHTvp2sHt4RplZ
Supplier#000916275|ZR2,KXNL7ljfdvE6lEd2VrwwdtMXAjAr
Supplier#000916282|9awRvfX3Sx16XG2xKbNw53FEq86bxMSYNDZKOiwb
Supplier#000916286|u5rS1x6QE1V0Z
Supplier#000916534|iB9qHvlxe778dkRqic3P2eOf
Supplier#000916559|7Ffz9hxS 6
Supplier#000916564|,WMQnI7XcHwe80VdE
Supplier#000916638|95TGmrBaksgOJGOciifxVazaQPG2qA9JZRp
Supplier#000916704|HKDDBNn2 UZV
Supplier#000916742|JD9eBRfx4ev76S4hxjCwGO1S
Supplier#000916745|ijvvmx3YkCcpzIKVXFEzUAtekDZ5YxKX
Supplier#000916847|xhmdkZjekY,QrV981VAgDVWBiYYs
Supplier#000917385|XwCYKGbVjuN0ckZ17xuCjAT8,Pua3Ri
Supplier#000917452|OPuVBD9VP7QLMinOqca419d3h,1SKwi7E
Supplier#000917463|Hbm38KpjRBKe8xZCllTIjcrG fmS
Supplier#000917563|GQ1387UMnjJ1bK9q HT2uFa0SymkLcieAL 
Supplier#000917568|y4Z0HJjnHNKUVswW eLaJk04,P
Supplier#000917724|kv0s2UZs493V5nLt6cg0BzJprN1
Supplier#000917769|AQ5zP4LThGDXieBwSIhPap7
Supplier#000917792|SaoK3BN7PeYLOEp
Supplier#000917807|t8gCpDAoYiGbY3RxM1T81wLpMG8Cfz
Supplier#000917825|n5lxv5lKCE9B7Z2i8KX6WUAXSs d69r4qlZ
Supplier#000917843|OP6RQY gVjrMknDG
Supplier#000917882|rmAOfAExlOApISp1NkOPEdqmilHN
Supplier#000917883|0TZ6TPSzEMgr
Supplier#000917885|V3kepO cRYn5hwz wlBJXBnqlc,LI,
Supplier#000918021|hbyH1ztV2mYTx6nh7NIOa
Supplier#000918089|JUwisuiiZ125JPbcAE
Supplier#000918135|G1MuVAPGsA5FWSfk AjEEhyJm1e3Gmygiq37
Supplier#000918197|g4TvFmmxXo,nKpYMo1DN8dc4HH38x0h
Supplier#000918204|gyj8ybn42OOGu7 T 
Supplier#000918290|l5g3foEAPu pja4b2sHIaMYQLImQKGA
Supplier#000918303|LH5fw6LExquChrWVIjKS66VyDzxl
Supplier#000918311|GO0wVDi,OHJrMM8soyH6wGYTpkiEdZy
Supplier#000918339|lP11WiEi4b56jXjnItV,zK
Supplier#000918345|3Qx83YEKGPZVMKbi1MuLQV4rvuMOD,fU1PQgYs
Supplier#000918368|s bwxdOaZ9ND86AZCa6J4B5gls9bIOzWo
Supplier#000918401|LXc1q2gyKMGstbVZgiynuOyFHkw
Supplier#000918428|j1Y2GBUuBk8hAX5NkNuDWyHMHe94
Supplier#000918503|B44jcNEeiyxcY5xqGu9znVlneU
Supplier#000918595|lu0w0yqqsl7XEso81C9d OmAmGqW7H8B
Supplier#000918600|xOoCpng,yRDPwhucKq29
Supplier#000918679|VUj50VC7JN7l0kIDS ywRDa0ozCDEjmYCEq
Supplier#000918774|s 2IQEsHY6ZtjzOgGydXH
Supplier#000918834|1NIFx5zBsoV 4f,vRQVeUuOjZi7QP2a77D
Supplier#000918907|zy6KiuToufKFjoQ 3Uk27
Supplier#000918952|4mbT5UUaGz
Supplier#000919047|7fQHjpshgyVDOkvk
Supplier#000919054|wSkdGz6TyTKZXVeY3YzrrYnTZSS0s6rmbEBs
Supplier#000919078|xV MMDf0liHO5O9kQ4V77 ab 
Supplier#000919100|ACj7FmQWL yHPLJnMpunTWK1Mrgkj2Aww
Supplier#000919103|mjEILLjkUy
Supplier#000919124|AD7n RjLlOXKF1mtvh1gfmpoZQUtDTUVV4bSu
Supplier#000919149|bbOvEf4TSt8Uu XRsGHgT7y65,
Supplier#000919199|zSpPjpF6QBjkzD3KdAieFbTFMdAX
Supplier#000919209|hH8CZeuurn0oevLT4ZSnPWLeGNBDkN7
Supplier#000919367|9aHEM3 qbWX5LHNiPB96jHEL4LPGk4xG
Supplier#000919369|tPRdyAJ7S AWle7MUcx7,Zj3wSg0Q5Tw7oy
Supplier#000919458|U8ejMAi0BJReemZe0qOYKkIM6X9sQC
Supplier#000919482|gTNFc95enVDKANCqXVlmpVbFm
Supplier#000919519|EBtTPc2eBn87tKQyIS51FVjEHU3gIkWkH
Supplier#000919520|xPUWCLkdd Xc1B8BGD
Supplier#000919637|bOwbLYErivMbzsxTJzrgyiE4Qk8
Supplier#000919641|vM7hQAFhgzis1f7d3B3VK
Supplier#000919780|QvQ9MzQR,dsg 
Supplier#000919810|rmXxaMuyKnZ,U750Vbg
Supplier#000919910|fHURHTKeD5ozXT7x0HAWMdU7Bu6b2zSP
Supplier#000919938|mXTtp3zGkT5p0TZLI
Supplier#000920078|u44SoHeJd x8gCfzGDYcl8
Supplier#000920092|2wncstwpKOy6pj Be, wIsgohuau7UbZ
Supplier#000920214|iam8pfI OuKRvHUJzuxkyDNvzgZLEM1WD
Supplier#000920258|06rgBUM1WyNLh
Supplier#000920264|VyPcIv3TV1f,mmcTePJ3voHm
Supplier#000920359|i9ZLnr3RfYPxXWbTOhkGIcdhqJH,wsXnQ
Supplier#000920374|AuVbgt NEDNb2v
Supplier#000920451|yRbK96Dph6f9Jw3L2SQ5EgK93RZRpN1WL
Supplier#000920539|raCVmSwu2Vj,6rwwil8KBGFeQ
Supplier#000920551|IVHA7HbFRYrbz,slk9KPI,TS82
Supplier#000920572|ZWJfvBj5Ksxkpqgc1nK3pSP5al
Supplier#000920583|M66VC9Unp9aSqhBkJ9AD9mwsPNYlNEVCiBzNNF 
Supplier#000920618|5IkKgNn6BWs2fjikE7iU7NKl5WjeShjcgfYWbdAL
Supplier#000920685|avqU c0EqxAgK5rxlCY,3
Supplier#000920753|q5mb7hVzkPqJpy3OMCh,B66AHlYHA1tip1
Supplier#000920765|IvoB9PNGFZYNHi
Supplier#000920783|SJBMa1YnND0ynL4aMtOU5EleVdkmlbTQh
Supplier#000920848|E985go8ovNCSXUd0XIvIKV o ,jW6NUDX1U
Supplier#000920852|eE66dOKJVYx
Supplier#000920858|I9NXEcrhmp1tUUC
Supplier#000921034|mlK zO6ba54
Supplier#000921043|sOXaGmjCA8r15PdwNRiCxW4
Supplier#000921061|2A7X2EK9FU,FY H
Supplier#000921319|pk5DcR7HcNjmYmyunC8W0V1qjxV
Supplier#000921353|v69Ud6g45pP7tv1tDHoG5FLLy4bUUNAH7l1,C9oh
Supplier#000921510|YMTzzQf5kAzLZIXCLZWePEbuEbAe6Q2
Supplier#000921549|mttPtiR3 WTCzJ
Supplier#000921743|G1DURzLeZmSvGlL61Uhdjzakl1WUuyL3
Supplier#000921821|FP5O2K03ZRPwO8wlRHfDMgHaOfm IX6
Supplier#000921874|suCCbjsBKgEwfo4nM0hVh3yx9jN3Q4cybQ9ceY
Supplier#000921886|GdkSgdOetJDOApZ6aonNHh29p6FMPj2Ozs8gwHX3
Supplier#000921919|V2uMlJRb9Nkac8ano MHAoT8ddP
Supplier#000921970|SU0I5Wyo8L6gTAEHE9nqBkxC
Supplier#000922192|8LjHNAE2ShUkOod
Supplier#000922255|mUl6YaS3wcsU7mSkmXOiv
Supplier#000922258|QtGambLyse3O
Supplier#000922293|NP tldvvM9G
Supplier#000922319|HdK1ZMpOlVg7OIO xP90FJl0j,Sb
Supplier#000922320|9lSGoyqdfCDwKbbJTsETF
Supplier#000922366|tm4PeuMwybnerckRsk1
Supplier#000922438|oSXrcziJc09v4gd49aaSkChI
Supplier#000922444|ElPQpqLr34 Y0JxxSzZVxI5Y2 PKBTNako71pn
Supplier#000922549|t5P,Gmm173cG
Supplier#000922625|64VDP3E6DyAm4Dh7H1fMG0 4xLs
Supplier#000922640|i q68j0HFcZg
Supplier#000922698|ROY0ZRAUCK1zZ4nn4q5s2C
Supplier#000922711|9vhu1dP62QrGRbXES44dc
Supplier#000922714|QsyxdLVZtyn
Supplier#000922815|Nct3BgE6ElzeSft22cLLXWDCZK6kKrgmO8BI
Supplier#000923017|mzVmlDbkFPPqRpkgPUxgnP6
Supplier#000923045|EL4exRv04Sh8DuYcziX
Supplier#000923151|F8AJirI0q60kkLocTcBTQ4Q,SAB
Supplier#000923245|PWJWXqetyFxuKDZ1BPbYy7EwG
Supplier#000923250|tZOc53UjACsdC
Supplier#000923334|8y5ilX71G0Er9Pw
Supplier#000923529|wzB7fW0MtlpGANWjBz4ycatw
Supplier#000923714|,zu6XqIW39QidQCJFaR
Supplier#000923880|xfPIiV2jNYw5uCzisQdiKp
Supplier#000924000|Hrwa91c3bBly5NvqORbqZvN v
Supplier#000924062|IqJG,ur FO,9E4LrrV
Supplier#000924067|fSXmwf3c9G3FyWUpIfa370lzSXs
Supplier#000924101|qnUZdX2Ja0jk12,B7UCGnyT8UEP4Sb1gqjHd
Supplier#000924119|S,QK,04ldItQcm7tuC4n
Supplier#000924150|iFSAGOKYWAC4i
Supplier#000924180|oxRJxf OKmd7Ie YI
Supplier#000924195|DRShlKFDy8SFHA,HgGQ49mCOGLD x,ik9s92
Supplier#000924235|tLe1cKxian Bl7fmgZUfLuPb15
Supplier#000924257|Y3Yi0b2lxM0UHqCAXG2l7YIyPMxai9CqC
Supplier#000924293|BRhCkasm1nJJTGzYSOZpTyCDYZn
Supplier#000924328|tSr8pXgZdRd
Supplier#000924342|CuEJ0Zhzeq,v0jzxueDkQfHMfo4Kq2,Tx
Supplier#000924377|dt7J3h54D3dPZ7ejoW0if7DEMIm3AFv
Supplier#000924399|VqJgwXLoe8QBn9VjslmNiySo7yI7wj8t2
Supplier#000924419|XpxR TzxZEEmhvy
Supplier#000924424|qRSa0BvHgC7ZpkhdY1L
Supplier#000924485|OTmMB1yqMG7bqJYCmrrB0 bHHpkqg6MVuK,m
Supplier#000924501|3GFU8OKcQvNPoBbZ
Supplier#000924505|yPjv9Us6eY
Supplier#000924506|raIf8M28tkyTcGHNYe45hpZ
Supplier#000924520|4CFzTbXSaujCpDUxxuuwswNxzFuzmZW
Supplier#000924548|p0XYNwaapC1CaX,wSb6hZgomKDCfZtAOIS4X
Supplier#000924693|c4gnIN1UWPun0YrlYhGMrT
Supplier#000924703|zKgZ3ThNujOINAUDrmEO2cL1Lt0ClsxRBRJEIOk
Supplier#000924870|PDca ARLXMrea1cPEf 4MsGaa7mboVKXqbzx
Supplier#000924922|AF6aUe9lscte PzTCel1gv5OIrYgB2cXI
Supplier#000924998|UXmnBaDfc0UjRrfORtjqLYv5JdwedB
Supplier#000925033|VyHEy9M1MO6md7g7sx
Supplier#000925149|CSXOzEAHQvIHdgeoSkY391mNtjs4PfJuxVNcC
Supplier#000925167|KGogfms12o70S8W0xWzjyDjy0xRRhMWQAr8FzK
Supplier#000925207|KNBCNUQiXZh64Tbr
Supplier#000925288|5aE lIciP9he4n1S
Supplier#000925377|AZ01,fxKCzD
Supplier#000925391|xmv2AOXgSL2md417BicTY jCzEha6CBKr
Supplier#000925403|Nqf0YlV1ha NVcZY
Supplier#000925443|aFKqciZAp3mE23RHTPGoa
Supplier#000925456|zUWR,Ki3HOprHkQ2EavdB rzOlq ttERV40R5x
Supplier#000925464|CHapGwb88uIS0sD6qzDkp1mFAVi4YiDtYNyuS
Supplier#000925494|bpdpHvKccgPj8BOXv8gyy8VCVIdmj6LF J2zAkv
Supplier#000925572|eKw1JntdXe4rlNAG1Q
Supplier#000925585|KMmfiMftBZH6laALleHWrCMEqyj 
Supplier#000925666|1sd CvoS4mUuYGnK
Supplier#000925686|R8OiMKZmO,gDPn8lcNYCcF08idn5AQgZd
Supplier#000925900|fIIw4O0Z2GOy0Go6GJr6 ZPYrJ
Supplier#000925924|8bixNW2AG2amwd2ltoEDU5YlbIfkuNGmCmSu NT
Supplier#000925940|sjR1gFWDrlZS6qdHfg33NJ5vbstXphb1jkPskmeZ
Supplier#000925943|06aOU,pGvEWYM,
Supplier#000926000|VmV1MEVk4IRVLgbJeGuv1czFLRSAZQnMGb8dpGjP
Supplier#000926149|yWCvQb82K345JnPB5O51OUYFp9JhByb1G
Supplier#000926198|kgzKx8RfjeC5bBwm4IE8SWdV,2AwxhTgrNR
Supplier#000926228|euLQhQfecXvvuMIwwtZrBE0SK3pFbn6fmESesjeb
Supplier#000926295|XTpv11hO7u7oTCibU16CC4cr
Supplier#000926333|U2RMagmICCseGQHtLpF3Uj1
Supplier#000926354|KZwUwyAS3wd2wVnpevN
Supplier#000926428|wtGKFVifZe
Supplier#000926547|zisugQ39nFVBbczgelXj4JdE8TFUh,mjD,QUxKL
Supplier#000926612|9zzug0Kv987OGHQ9uVx
Supplier#000926673|ZhAk9C0gaXBRdNCb0UjPKLruj0
Supplier#000926761|Baw,ym2WniP1zg
Supplier#000926787|JIYoNPGJRUNkMtj7W64Ke5aRvAtvh7TCct
Supplier#000926908|aPSrYRDxuy
Supplier#000926928|ygWfUA,Ki5OhtUZQAHS
Supplier#000926934|X2OKO8Z56dsZW9
Supplier#000926964|AW,5dP5OnyCqTEnHxguSl
Supplier#000926972|4Fsa7RbDG87tV5U6bNU,uk,BvyclZSYwbLhjkUv3
Supplier#000927039|yRha1wm3mNce7aYcDsJFoTVvbCSBvGITkoUz
Supplier#000927044|uqh4OtuWTBSqSaL
Supplier#000927045|lVOlosfpO7NezE9FU
Supplier#000927249|CkW1vQ6u1OoFg97,fBRgG8JRMUO dpSFOYWX5Vb
Supplier#000927441|q3S59UHrXx5KDe5vhxG60GNJeD R
Supplier#000927462|3lHyx358Ct,cyVdmaXG6xuX3Y6BM
Supplier#000927467|vzOTAlHFFDDbsMs7
Supplier#000927530|HXrWHHvtDH5PGpQkST0HUT2ltk
Supplier#000927647|WcU0zvuKI,kuJe5Dtoe
Supplier#000927687|rQsnvd,dl7GVecl5nex,Mtc2JI6qn2,
Supplier#000927829|Ho5Fwe7jHbWZ8f
Supplier#000927863|iKcHbnMg54OgeS1jZo2d27eHJqS
Supplier#000927910|KLzoQTLin4v4t01n 0iuzb9
Supplier#000928089|nXAPQ9Cdo6iRvu0mGzY8wI9 t  8N0X QDIUy
Supplier#000928097|cwN,D80yC7d1diuLSQoZYq3GIiwof58r1
Supplier#000928207|3L4fesVxDo0WQxWyLmnPzlwpxzrUVLpAL
Supplier#000928428|kFQHSSlT,vTsO 0ILv31iTH9Y8UKDZ5x2UZN
Supplier#000928568|rC4TxFAb4c3
Supplier#000928593|LTO8UTOUMT1Az4U6obrrD4z8
Supplier#000928623|IhAbR,D9FryFB9q5UE8gzF8MgsHr
Supplier#000928664|EC8sEIhxrrqQJ,nuE7 xR6qkkjQU
Supplier#000928812|IIDxHusUaQ5PyO068mWvStBKp28FuzJay8870E
Supplier#000928837|hzt7Zw1oxp GLGbCfZXggFOYWb4q9 
Supplier#000928850|Oc1Qgk46ej11jrq
Supplier#000928914|kd0VP8AAcHgKSwt0codzXoRae
Supplier#000928995|fTU2 OMtIRJMYBtvwaEzrKl6fQ
Supplier#000929006|T3OZwwCYib5lcOwKgLFzxHUCL JowZT
Supplier#000929083|R1lgzEdk2lzJ6aj2aBH2tliodQaZR kEa
Supplier#000929087|UMC2AsTtsjnycGo2NfES5qrKLLSs6SH8N7,1
Supplier#000929119|376oTUhyH,Pb6u8Mi6Fn6KDqLHLB,ykSVrIOWg,
Supplier#000929139|f4mnzq4Mz7LgTF1o
Supplier#000929264|HvuG6Wyfl3cPnA,aS7hKM0
Supplier#000929267|fFp0Z45yirQ
Supplier#000929269| iq6G410ywU0mN0LO,N 97Hicqy
Supplier#000929271|1b6NL6hPNOkyN
Supplier#000929371|W77fRD,JnVyi4RJeTrwTbl8UdCh
Supplier#000929417|EY5jWmgZ2jcAPFMChfm 3
Supplier#000929475|5UECayyaFOqQMQ5y7ZMI39EKtgE3ta
Supplier#000929479|o5V31wwnaEF4nzxQK40dGuFueC8
Supplier#000929491|N3d2LJurOikAuQ,z
Supplier#000929532|,U V9swQMQ
Supplier#000929572|CSrAQ6aBUUax j4lbWqKv
Supplier#000929626|F49b,CHzW6pYjr2CJqmi7B45YiNOUZrfne, R
Supplier#000929634|VcqfkhRKEqLt
Supplier#000929685|YCqVq6TLAy1Ln
Supplier#000929795|kYTGtO8HVLRBSs4sMQeUTu7bDgjXp,faxFQEg4FL
Supplier#000929834|McpoG IB1jGH5tanyk3t1W
Supplier#000929846|Dyv,SFyWO2M26pj3OX1z6qZ4lC5QwdUpglDTjX6B
Supplier#000929861|dQE91,Cg8e5GN5rlydZdbiLk
Supplier#000929895|5DZ1aladAd
Supplier#000929982|hCnJQic8Wzohg XiG0
Supplier#000930034|k g0smRJZ7vo,0
Supplier#000930137|WI,lj22MfQa5cl,K3unlTgzm6SGy6c3e
Supplier#000930157|1 NSuFZe,cEr RMFbkpME 
Supplier#000930181|6qmp6b qbG0qgI2YPnKV5MgqJZO7EN50u2
Supplier#000930183|TV2KmbLKCsQcgI9C,kUaQIaTky
Supplier#000930219|4a9 JoUJwlaOpW61i7PpZN8 
Supplier#000930222|Kn8mPsseLvCSaxML1fIYzv
Supplier#000930258|oRT1xNlcTRMF
Supplier#000930317|AbWP4R pxB
Supplier#000930493|fzE,1XTxTMjPHbPmhpBHkYm
Supplier#000930545|r13J70BDrdYuf1kYa89iOSL0rUy9y
Supplier#000930594|fzMFDi8rVT8tpFRJcK2TJOPTmptRO altyHT
Supplier#000930746|lXofCIT7vVPyUf349zg4AWsXlZnuhRy3
Supplier#000930800|SJVGL7eCct 5CfryA xwa3WegOhRPZo
Supplier#000930801|t COH0hjsCkxi7U4YEgEORxUknKUEfyq0V4vtQ2
Supplier#000931057|WskZScRPHeb
Supplier#000931060|tBcSkbM4eG5lc6Y
Supplier#000931102|,m6YJrnYgK8hhzesBBbgFtP5nG
Supplier#000931107|YjL8Z3M57I5 iW
Supplier#000931123|ln0Mse0Gm98E2
Supplier#000931274|6A3RePA0BlHz8ALcojFC52N6m7p
Supplier#000931313|,H6Vod4eR2aMICHmh7 Mw7pM2AzXVT2WyP
Supplier#000931473|gMJwPc97q,OEW9ySisgu,wpRKhv
Supplier#000931579|Wf8 oLV9NS6
Supplier#000931628|zXn6obRpVMwyup
Supplier#000931660|LANjKIVkaRgG3WhWkf2HIAX6036dhwsUG56YI
Supplier#000931675|idxIRWuBGGZF
Supplier#000931676|HJsJrqqCV2
Supplier#000931725|lPdA875CfA5SGvBraa
Supplier#000931757|V9iVKmYBQN7ZP9s
Supplier#000931790|j0Hf7R5ZHDPPIAUfO5AvEAgm5nR8uoD
Supplier#000931806|h6eXbgHbqOW3hPw,V
Supplier#000931879|mZWKYOZLJSPJT0qMbcNurEyt
Supplier#000931885|Nt,06dWxqJRJ13UF
Supplier#000931950|eMOKkOV04n6jfdvp9uHdKpLwpoON6EFPg7S
Supplier#000931976|MvaWtFOo1svdypLB 0C1SO57Gn
Supplier#000931997|rY1tI7kBIyTVCDPPLlbo0m40aWCEPnfxKu3G
Supplier#000932054|KDToA3og1FKeqOKrSiIAeqlQpX0l
Supplier#000932243|OcIGn4fTFmFeVlmQur
Supplier#000932312|I NDmhd1UM
Supplier#000932333|O0T9bG nke,JrV6ZEb9rb
Supplier#000932386|NAUwX1zJOzNxH4AWm
Supplier#000932484|tWwg8karSDKqLYNBeVQSrceeJ,xvMoW
Supplier#000932632|OZL63R2SDAQXafdaqF4bxb
Supplier#000932634|JJA17RUbrNMP0j1WGsYClufTUggACw4m
Supplier#000932768| twSILONIbHjLUB2h,X8,
Supplier#000932789|R5RTuGwQ4yPZl0 h
Supplier#000932841|TxoEvLRBDHyfOOrbsLl07aPzhHh7mkgwPgW2
Supplier#000932927|Agnkvwx1DsXh3Dib3oQj6z
Supplier#000932949|8JyOqAFYyla0QKgStT70bgAYlavR1vtSJ
Supplier#000932951|6XhlVKXUpF2GU0UUbjErarmIVXgOrrzMzOxp
Supplier#000933067|67CUDZ5QdMaWKMB38lwiwJNbD
Supplier#000933089|58BTu7li wN
Supplier#000933109| nRuWGAAnyr27gw1X9DB RJ9WHqTJTV9DxvJr0T
Supplier#000933191|V7K5D,r2qVWM2RbYh2kt1zSyT19aEc
Supplier#000933206|PgVBjDHjef0lDmRevyTLeOMDfk
Supplier#000933234|TPtllj3AbTfv2KDrHnRoQif8JE
Supplier#000933323|BoQ GhUc,lT5fj8z,b
Supplier#000933335|rKisUIaxYPvl,
Supplier#000933392|Ajtc,Vn0 wzX2ufMCDnrJ
Supplier#000933399|H5gfSzg3a6ntFtUkN1UsS
Supplier#000933422|,ytMK7Id6BQgZTEEtNBL7n3eqtuBkwHg642Lj682
Supplier#000933432|xJuopA96IGWEXEfuuxSgBS
Supplier#000933435|,1G7D6jjQRSUVuCW IZDrfTNH4kpfAf
Supplier#000933436|zFyipCVfdkWYBezXlerhJsvj4hRF
Supplier#000933516|9O0rRRHQJKfPgoQ3R2DRCVZ2e,IdoM6q V
Supplier#000933565|HuWvy,PPXJrE5lCzWYYi
Supplier#000933566|s5tUqYKY4BH3UOxUpRc2E55zXVacdw843SC3s
Supplier#000933644|6sPAweGXIG
Supplier#000933657|,Xz,3i9yVDCBNszdhTHtgzFHP Ceq
Supplier#000933693|o7ysaM1Y2bWVmDPl19rijkVtllNB
Supplier#000933861|10n6h6z12tCMz ZRQTJNpp1hS
Supplier#000933886|IoD7rM5JZLL EUBt2KkInCH
Supplier#000933935|rmAzGxyyAdHwkhYWUhxfceZ Hu9,fxdBegIb
Supplier#000933987|kL1rkOVPE55HT7GWBXSzYiedUX,gA,qx4jj
Supplier#000934002|DW0KqDQBtLdT92KPS3LuvPP8vbN,B6
Supplier#000934155|bjdzlDm Ug
Supplier#000934220|wKTRHXh,J1xwWGq Imo6KilPADWC3i8CpGQqdKio
Supplier#000934234|TqY fN4rYN
Supplier#000934387|vxhUaYBJD6c OCMxFxmcamyyK2
Supplier#000934558|W2 XiePStuK3
Supplier#000934566| 0CTEhY1chlrZlJi0TXcXaen6
Supplier#000934624|xqJaQUUPyjycdOuCLkep
Supplier#000934643|Hb7KM Nd7b9slRjCxdTxG7NCLnaVqvTnOvj
Supplier#000934663|pqDqzBwEFBcCIV9nh
Supplier#000934670|tOWHis 1dmkv6nRrE8EHs6OtBHJumrlmOvH
Supplier#000934754|s9tDxummZ6,Cyv
Supplier#000934811|Risl9tKkUtIyTQTL8xje0cYyCyunNcF9hOZRJXs
Supplier#000934848|oBKNNfa4NGn
Supplier#000934880|HKIw rj5db9GIG
Supplier#000934941|xPa5SxLysJO2LG
Supplier#000934949|xuF55gOMli5h89l8wWpg
Supplier#000935075|xaOcZ8pcgjN mB193hNZ0Jfr2H3SX0ajAuJa39lx
Supplier#000935333|neGQzXX4F uT
Supplier#000935382|K5yX25UbsB
Supplier#000935405|rWlsxuI 2q7gtRpIcJWGYg7xg
Supplier#000935568|bTNy9,wWugVuhvFeAaDVeMMN91xLGQtT
Supplier#000935616|NSuIDpT7609FC,7
Supplier#000935743|17hp ,u8sCIXYScy eIY1ord
Supplier#000935805|sWyT0AP s1ewE9
Supplier#000935828|MPhJSUuSaqQUdLrE,9jj,
Supplier#000935984|E2SypOaj hxP
Supplier#000936078|gEk64SIqnodQ,DIh3HiEuOaJF
Supplier#000936121| a6U6uWW1X9WYwwUSPAMcX0w4XQUmOE53L35jVVZ
Supplier#000936132|2j963iQyO289i0JFGnscQT7
Supplier#000936155|BgdODhTYuvmN,bYEEYrpTZ0rZBt
Supplier#000936177|yGv3MMbuPc 
Supplier#000936258|bIAiX6sUGQwm0UqoxjbLS1vOD
Supplier#000936340|TsJ4jYpv2Zau
Supplier#000936369|kRKWWzNti7,g3d2
Supplier#000936455|LlVnxrM pe
Supplier#000936498|bABMfM8FaG
Supplier#000936629|IhuPdbmSVe1Zts4sZ62gn5OQpr91VZefh3RQdMz
Supplier#000936690|7LTOe3muXrSzJ4
Supplier#000936709|dtMF131Fx7
Supplier#000936773|sP6DvmvMmtm3tu79flveWuU16Jtzusaig
Supplier#000936786|JnmylWpIwKQKKOR9MR,eYdx7
Supplier#000936855|MHzl,dOZhRH3R2HAG,1
Supplier#000936904|tOl0JtsTtrKTRh4P0E IUMj
Supplier#000936906|J2rAfIqAwHsS62xyq7pLIR7Fj
Supplier#000936992|LUwNFsYquSiKUUlk6HEoaqFWGXeVY0YE
Supplier#000937004|fME9wPo,S6c79Cp hY9Rs
Supplier#000937063|Fmn Iv6XLDW38Sb,fXAUgs9MqoxoBw
Supplier#000937224|zjQAHx vh3ypHUBWTxVTr,FpiVIODjm,qA14
Supplier#000937225|i6GuXLpZ7rC0rkbpiU0wku94bBEQ
Supplier#000937259|chuqHQVL2syFCXpFTgkZRmcuWkN0,QEdsCRK
Supplier#000937492|kU131KJIB2HV
Supplier#000937581|FiReXTbtjvLomlJIYVED
Supplier#000937588|7IsR88o8HiW,Qb3cyzhrZMA
Supplier#000937607|oc,73KQ8 BulmdszHs QX5RGRaUeaPwl1dG
Supplier#000937626|jsP3ya4N0p7ewrsj7oFVl0yyelA2geK7nm
Supplier#000937654|zYMVRIvpm6aHi1 pU6jflL7TyLrxX,RmXKJeog
Supplier#000937662|R4xf2d2YRTildmC6Pc7Uf22Rhaflg4e
Supplier#000937717|nckIpaqRhbXbdCXkKSSr5zDeIfchV
Supplier#000937785|ppYlP1pkJNoVPHx
Supplier#000937809|LysrXDwC bPXB3YFQG
Supplier#000937826|z4jbkrEdYyTQSaUPO
Supplier#000937989|L3F6 2UYegW
Supplier#000938027|lyoKCK3skckZkkb
Supplier#000938155|zN tCHfjD7bTVlDTsNokmpUDUnjJTyj1t7uMr
Supplier#000938261|D3uxbre6s2SiMBwPAcrAT0r79eZ
Supplier#000938286|33kMB5lG7wmfE30enV2
Supplier#000938307|QhsgtJFaN8L
Supplier#000938360|Nqmjt,Qf 4uUCXa95xhR
Supplier#000938475|BsmZ2Z1IT3a2sUvXaSL pnmDrlol91zJ
Supplier#000938663|0A37X2rEXweCRxmaQ
Supplier#000938826|afhiaBpvH3s
Supplier#000938860|ddBHkNPhAbXaVGFyzbULKmv9TfY894mO6fXpb
Supplier#000938880|EVNLn9f2bf1tiTqayZQOSjUTzz
Supplier#000939158|7UcqDTHDKTXjuEAwW4nJkH fJMjLHWKsk
Supplier#000939161|rCUdWmmtl,LBkeszV85QXB6Dov2ovbbKNxsD
Supplier#000939204|r7NbGLoVlzuFTnfe5lx9MKbCfB9GYVyc
Supplier#000939205|r,yir90Xyz718WG5HqRO8X
Supplier#000939504|EuQvJNUZkFI
Supplier#000939521|KRN8lql0zTgcOHLoulS40P
Supplier#000939526|eK 1cBnDmM7ub3JtrfU47wJ2k6PL1omZXURL
Supplier#000939576|3Y3p6mAgtvmJWI
Supplier#000939592|weJ8Bs0xzX0N
Supplier#000939629|iaiGq6I6JsiVFyf E
Supplier#000939634|GgMoUEZgLnrJLV3cU
Supplier#000939637|3yB37I9OW29bSQAQNd
Supplier#000939687|3ym,PXC4RD4ejTfJpg,9
Supplier#000939690|DGrvuEgsugcqifFoloG
Supplier#000939757|tytqWZw03y2UeX301xFZh d4fZ7I6r6v6PYTodj
Supplier#000939812|OeYrkIpSHU
Supplier#000939836|2iUnx69G3aHktRaN1y
Supplier#000939839|7yH7NO,L,2W
Supplier#000939847|dsut5xuX ,gGM5
Supplier#000939927|TE95UDvhFShL7oZ2YjsL
Supplier#000939933|hdQ8cZ0Iczpr
Supplier#000939950|p KDh82Xzyc3fFbElam06X
Supplier#000940044| ux91HWsRGvR
Supplier#000940055|l YYBtjeOp0j
Supplier#000940066|8gLswa p3v
Supplier#000940093|8ecVHqHevAtEJbH1m77XEoBpLHjeKiFCgm
Supplier#000940208|1cKHKbUWrdZfxdzJCCmO67KZTYBI5zS
Supplier#000940212|eEoAeaRJFWVKdPiFbu6eWo3w5XQ3q Y
Supplier#000940380|jKG58ALdxcD
Supplier#000940408|3 LHX49a5e2jgFHg
Supplier#000940465|4nrQ5Pw1 h8lc9b9TW4rsPg8I3WSTkpTMAzFK
Supplier#000940536|Nyhgmyv1Kbc
Supplier#000940603|0,fsVCdEEgloM5DtZDF3BN J
Supplier#000940666|8qrAfz7D0JrjlCBozubzwTq4rK
Supplier#000940751|49fTbxejgtyM5EzfqfGWigNrowieFDkupeDrAB
Supplier#000940756|BRxIj0n4lpnJL
Supplier#000940795|rqEi9eTnU,1xFIOqP3T
Supplier#000940799|DHsSqdL9hn4feopVgi2DTViaLECyJvuVk5S0a6Sn
Supplier#000940822|fV9CjNqorfxptE
Supplier#000940825|rKTrYUiGhBZ
Supplier#000940942|VtTR7SOMBtYE
Supplier#000940994|,cWtYdKeBYIRbD2ey617li0rN
Supplier#000941165|vIYNE3SLG6XW3Heq KYkgcZmyX02BZH94rQPD
Supplier#000941253|8pu0xj4nI3UtC4Ysqoo7CS2OjN4mR
Supplier#000941383|z uBLs0dB8q7HxDp9a8CVdAwfSm
Supplier#000941527|X4UOYNwYh6LLCLmETMpVxbhW7MgzstZ
Supplier#000941547|28qzOpDLxnVBWEyR9z M0zGbQPZO
Supplier#000941569|p8,h0xqNpOZNe6UlBDnjXQABz0yPrGP3c0nATWuN
Supplier#000941600|v4FByBHZMlfl
Supplier#000941755|5Q zY3KJs9C91Qnne11 kYuD
Supplier#000941786|OleZrSRVCM28shFmlZL99ll
Supplier#000941793|Q,RPYzKMm4FiUwUj6iAI
Supplier#000941804|ASQCrWalOW30AX 2pHow4ouMP7DZvHZqk
Supplier#000941808|f6ov5Oh9MNXcwW7y
Supplier#000941917|BIXH4dpAWS5hWo0gNYOhHAjBAFfdyJ
Supplier#000942005|Alf6ZFzGAosmthf6KINMxOE8Y
Supplier#000942043|,7t,A2XqUVLBahYF16TBL
Supplier#000942123|,NYTlI kHy0
Supplier#000942154|ZrS3rICejkuY
Supplier#000942235|AW6D4LS5P0kpKMKV
Supplier#000942324|H6vRJlBiyB we2SgT6
Supplier#000942554|JMuPrPshZNFYyo,mvI57miZHHQC
Supplier#000942628|JO,Yb,6z,5pjYsOc
Supplier#000942741|htHu BvRHTcAyqao4iK,6
Supplier#000942750|uh39UefwVSEhVC 
Supplier#000942794|PsQyKDRu2A4bqPJd e55Ll1P
Supplier#000942798|BOF,jAyf2QL8,ZvAOhR
Supplier#000942924|8hhlCipCE2O4sDZiFK ITO5wcbaRl,4aC12,t,h
Supplier#000942982|6S,S IdqzIAZ3UIq1B3 emTQGT9gwiOOfNj4
Supplier#000943003|14PapEf7JB8 rLnkuFmK3PYGDIcHQM5tUEakr
Supplier#000943054|XbIYqiFmA2ZuSxvbE MRv
Supplier#000943092|kZjxAT,f4fszb5Ayj4tO,G lmWnplW
Supplier#000943132|XKordPdj0joRe
Supplier#000943165|UQLNuC7nT 9re,cyH
Supplier#000943259|F3tmCJkDDU,JoQsYmnN7zR8kWrk
Supplier#000943350|ezxw 9UBapxn GLpTor1 E
Supplier#000943395|g9 TLLETrmGzoVPuq,6gKmXRrc
Supplier#000943420|YDN2eo1t0,B3k5gSdVlzrDaGehAWPEAyPabSNwG
Supplier#000943457|slsuGFZZy7NjR8PQj2J,K2Awi1 IvE9
Supplier#000943557|JEzhBYRtEcQz8wteEQCxetqT BcH
Supplier#000943657|1Z8W9o6iL92m4xBXNPWQWlHAM6oJvxN
Supplier#000943717|O3x12X6FgsXE0yqIZ3qpY84bbwr7H
Supplier#000943728|whU6NIawFLFcoAECWyQmlFiD7RUAX
Supplier#000943990|LAwXQDbpiAAZVi1VA5ZfP,zJU
Supplier#000944009|TZcbkeaiZ9IOSi3AJBYg3mg5ytLc7iyM6C
Supplier#000944063|d7U nHgfipp3BA4mw2HHO9W5xoI6MqXENo
Supplier#000944103|fPBn2Igti5Zwb2N9tZtq
Supplier#000944317|Q6lD RcMZqZHyFpQWb,NC
Supplier#000944335|osgrsEpaWUyhjDv1NttgN,QSENNY48sN
Supplier#000944496|K8owoDtsyurG wCed60rl8RtRXG2Nn
Supplier#000944515|c5uno01zsW
Supplier#000944629|SASUbmwOQ90,JDgyPuaUp
Supplier#000944645|GyWfrwWatPQTexo0iF
Supplier#000944658|h1axvrhfeXqZAc,VoA84eEGiF0Kk3gE61V
Supplier#000944679|MwcoFdPIYS9JAaLIpQSH
Supplier#000944697|cbrBrmJjF7xsGx
Supplier#000944779|8goj9GPL50N1koE43vOKeJsuUR
Supplier#000944796|Em1U0xCuiZ
Supplier#000944822|MzwoNDUde2ETl znpaKs
Supplier#000944849|iYC5G5nd0io0 PPI7urnUzQ2KFCx,hV Ml1OV
Supplier#000944926|AFMYqAezYkYV5JKu4VkMc4GtENUloK5kRvxb
Supplier#000944969|J8DssOr6LxJHFEuDv4cg,r9LhxuiZVwu9
Supplier#000945010|WZBwaV6itUWrjZTzk9yMmiLYYfbxj
Supplier#000945152|zDAAjVwSYOF6yYWkS1
Supplier#000945171|DWkQ4H8NbgJT
Supplier#000945216|ZdF97RsRIU1sgRSUUHm9DSk
Supplier#000945253|eGTJ4EHpAPhDn,9 pdmwITLoDGYSd,CA zkm
Supplier#000945296|oNdM5a5Br,X
Supplier#000945427|O8ZXO4IQxg3kbuBtGXHZ1aSNdCAANC
Supplier#000945461|A49u2kifwUTPhe12qgGcWpyxOnW4
Supplier#000945514|nLCi8rN86iiNKI9CAWvcPSdpl,tT9h,C6
Supplier#000945704|BKd H,Talq7rUuIiAYUca
Supplier#000945880|weWvwTPrVvjspxFxl
Supplier#000945986|ARwDUvxsbZagtKKLgYFnenRYhOW7f9
Supplier#000945991|VCUo1BHq4NifNZA
Supplier#000945993|lY2QNNVRr8vJ4Obww7uhKg 5XDuBQpN8Mbb7mSk
Supplier#000946020|wovt43ZmssUXZj
Supplier#000946049|wJWvOSWKY6xOeS1lsRgfPF79iCvVXoFF1A m3DoS
Supplier#000946064|n23dU5owohqEhuVxvgH Nn1vyWebx0JAU
Supplier#000946070|zpCZC35AsHJJfd5rUOtp6fECzsRUY,IK
Supplier#000946151|hoTpixSD aw
Supplier#000946152|oJop0RqRGafF,v1C5D6UDRo9W
Supplier#000946406|yNTG425sex6hHKmJBUh6D3AJ
Supplier#000946459|Bg,M2hFqrlJWdRiqgX4sReQGl6LbDEM9
Supplier#000946602|aRJ1IblfQxPY,c GE0Nh5UW
Supplier#000946611|ewNchepCyQNidnlIIWz121rm3vPCgQSy79waois
Supplier#000946687|sUqHjS9ubRoRJrZ7i7H fPzHXo8FMpV4VJ,wns
Supplier#000946786|tZaiwkIj04OwsSHQ9Dwk5 Gg4vydwTxGq3jV
Supplier#000946887|iIJk5jmMQ61viNizvbkkI68m,6ioFb,ROeBeyE
Supplier#000946942|3fljEhJxIjwnWNo54n4Bz4
Supplier#000946958|FeT,STze7D8mJ02IfNac68Tg
Supplier#000947020|9FV5A,BdKP,fRuqrsuTqkFT2ABKHIohg319gHw
Supplier#000947037|g3yqErL2 ROGSfOD
Supplier#000947132|gB0,c6bWQRAZr6bJRat72RAdYdZddXRX7gOt
Supplier#000947193|bAA8DLV35CQsR7y
Supplier#000947201|s6RJHzWj12TxRoBi1Sn8RGKMMKkyxZkX
Supplier#000947221|x80P9XyVeSADHLI9Cj
Supplier#000947233|zXuBiUFF8TjbzYGu1GwLxde2kCSWxjy7
Supplier#000947270|WCGm5EZZp7Tc
Supplier#000947319|LMZVOboTW5AUhiLk3Cqg nl5XVBuJs,0V
Supplier#000947372|prgFDni80MYOa0pS4enW1ZtMekg5Q
Supplier#000947414|cgVQAm6JkLgr3mh2CC
Supplier#000947463|Fn1qU59Gtw3XpHgNmBfYxrBxbtb2O TPc
Supplier#000947500|RHkhcNJajp5Y1CTBpcNh3DhmkZeDJAU5N7TiD
Supplier#000947543|J0EAUUyWPbpT31UWudy5IsK2rC
Supplier#000947683|HGcHat2zRsh2mGT2HFCZpZgWyBr
Supplier#000947851| uv90XXgEXHENyT
Supplier#000947855|lOlMRTXpknn,YFKxf9YXTs96teGVrUMoEdi
Supplier#000947871|KExud0elnbJNb5s31
Supplier#000947900|kmr4Pq2ZERHBEy7HQFrszEQeBbJJF2
Supplier#000948084|JDsFMlC662wUYNgnu3tTfnnWlQ
Supplier#000948158|paeQe437qVG0OLuJkNzwfTrPl
Supplier#000948187|QVZqnLt71K72
Supplier#000948189|qpb9KhoXfjzX6U,7b6fJQRe
Supplier#000948394|7Q1YzK7xGKSyO6d7M5aRNdxLjqCBy
Supplier#000948492|EIrJ7fOFKNF9Ng4KR1yjrlblddV
Supplier#000948511|YJdHUf8AaaIHjswopYTEh0i3Iv93ITWsKlZz6kw
Supplier#000948530|GVoR5CSj9ecUH0Ka
Supplier#000948572|3U9cTwKxU,jX0cs7opbnx2
Supplier#000948579|RVBG6k5AUAEhlUOadb2lY
Supplier#000948651|eTnvl1aESxOe4
Supplier#000948663|FPWxYfUZ q42A0B8
Supplier#000948807|Iwe3F6pGnQzt8
Supplier#000948836|7Z,YHWQcFdHMyi54uyF8WV22rPc
Supplier#000948964|IOap0DDbAh
Supplier#000948975|wq6,CfooIGxx3tq6kl84yQblDS,jnjYDA4fv3
Supplier#000949019|Zjn7uhUWVvztV6
Supplier#000949044|fngYFZT4kX
Supplier#000949078|eRH7LFNfiRnsYLMPZxnLDEQsOlF3dqhzvXq3
Supplier#000949112|45Fyvznko68NMc
Supplier#000949168|aWxOYBVQhCsuI
Supplier#000949180|AX5k4OqzATAPfTdrRP2Jk4Y4D7KR0IkLcBWabz
Supplier#000949183|9xCDg1uHxqs8W
Supplier#000949188|bJbv2xc8,a3Za18,i
Supplier#000949244|MnzfnXINhQAhYtjUHf6w,Ci
Supplier#000949287|zlQ n64FN9tkn4mmNT7kplGhzktYaSNpq
Supplier#000949365|rEQDlzqfwnga3LjZkSdKn3zXx
Supplier#000949457|TlF6YUrkpwBhA5pl2J,8YCzilzHf9XrjWTv
Supplier#000949475|8SBWO8YlqFig WGOYJIChFA8rr7WpHh
Supplier#000949490|R0JEUUnvNVLGTcxM7BUZ
Supplier#000949604|sM 9fRbMnrM6sQ
Supplier#000949641|IpDKQpzQqKWkuAL2K5,0XP,VS0DBfBSvfDb5
Supplier#000949726|bIg5Srh6B6og5UZncfj
Supplier#000949728|xvz1uqdDfF
Supplier#000949759|QA8jQ3D3QO f7bNin5r
Supplier#000949787|iMBEdo3k4E
Supplier#000949848|k0fjnHLp9XWF0c9dT34M
Supplier#000949992|4gd2zJbNAoT8wtFXYUyEwES d4GMhd5
Supplier#000949996|u47m5EByqM4WgQLlT5
Supplier#000950220|m516tw9v6njrPtD0CENJpaZcScpqoK
Supplier#000950284|Ez5GxMAh0V qkbu
Supplier#000950286|uMk94v29JHmOF79PAfUXlPiIs6GDDVnBah5eBrRu
Supplier#000950287|vqpmncHRGVrTdCi2qoJTjPrbs6w1RZ,
Supplier#000950396|1bLwuCGpaGJw8uTiY5dMDzvnAs
Supplier#000950399|UOOHAv4Ypquox
Supplier#000950403|ozr2A1UzhxiOeDabbU6b
Supplier#000950435|V8ykCr1eh1tljUg2iA4TYVxqWMv02Pk lgW
Supplier#000950449|wdXUuCaXN1a84mDh6SlVtbcT2i
Supplier#000950579|okLXg7aQP2tOIO,i4z1BHtTvw
Supplier#000950617|g8QsZir745
Supplier#000950708|NxjfLRI9h310yed9rJ2z5toIwSbWLIPK 6bSg4s
Supplier#000950748|hmljmxM6bKjGNvdGv4Qnv,lKME8iT7
Supplier#000950753|gcHgjZx354SAbybAv,hYG WT,G
Supplier#000950802|QCtoRhT3bimqGCmxNhUdkhC
Supplier#000950927|1e8HVJtoyqbez6WFwubQqvhUokhbwD,FJKp
Supplier#000951066|BOB2iTxQsFC9gI
Supplier#000951094|Wkqrk TFuFO9GfsrzmdoQQJtq,wRS
Supplier#000951106|kv9ji8sVwypXJiMMCNAJRdBg6tEW
Supplier#000951163|,dM39GFdNXCW0zBz
Supplier#000951311|VgL0gUcB2RkT2ZzoffB
Supplier#000951335|LcNiTt1NXcEVnPIpXAPkmIio,9G1p4deB68
Supplier#000951450|hHbcS,ejiwl13UAfXg8
Supplier#000951461|pW4oiE47RLB8h
Supplier#000951478|Jqt9iZ7icNab
Supplier#000951545|28n B3hYPmnm65Idbp6mZHbYDdrbcrqCjcrl
Supplier#000951562|3hNEHR,nfhGqWBsB9oYNq,Zgk8G
Supplier#000951572|8eLRsubaMJXf9DKGLQknMo,Mx FYXe
Supplier#000951579|sz,TSsYNUnwJwQasDhAFQxfUyiBUsB cOp
Supplier#000951623|tkZmxx9F7o0 Ad3,Wc3A7BrVGLbN
Supplier#000951637|CBqupsUds2uBy50ady1Kh
Supplier#000951682|1KuA5MSaFQ
Supplier#000951690|JqGCtdsNVuLi9kwgVpkaDhewPv4P4VLs566a7Y0D
Supplier#000951726|QFO0p1ML0zRZk6t0c0
Supplier#000951730|3DW4TArh6nEYvbLfRM
Supplier#000951742|PwhPmUvXyUw 
Supplier#000951781|iVG0SyVlblTu
Supplier#000951810|kcU9cxFcaV9PL
Supplier#000951839|YCqGodLJsMM4NU
Supplier#000951878|qHv9F1O5yzehnwdE8CZIJubnlgC
Supplier#000951897|0Qb2XTabLxMRh5Nkx4k8Yo6
Supplier#000951920|IDSJaRgukqj4mnRP52 HPN3xFD9kGfX0DTSCTb
Supplier#000951978|Og903X3o0rGQLJ,nGsrhb2W7,ChQ
Supplier#000952041|Cb2DtgDQkXWRq
Supplier#000952242|4pP0bKXvZ3wv4ThTIF
Supplier#000952364|OPvMbDeusODgi6VZD9A860 6kjaho
Supplier#000952365|HpILo1uMyvJi
Supplier#000952415|tCVkRQseIJQZO
Supplier#000952459|QoGtCFg2Iyw9zHw,Jg2j
Supplier#000952486|EMBgQFHORr9Xg2mp9wJHIs1XCM
Supplier#000952558|mmPpn8om2Ywjn2PF
Supplier#000952633|ySXRIwsqFUwaN6MYVyvHSY 
Supplier#000952659|FNjLzFUqtzL6o33V
Supplier#000952777|XFVVwPNw5g6gXBnv1zoO1qqlOlvz9XBT
Supplier#000952847|PsDGO8,zb70minI
Supplier#000952881|HNO 0pW,s2Zz3od
Supplier#000952941|JjGNhXN3bjjbNhY
Supplier#000952983|oB,otluOAe8PtLEgOyAR9oZlYKqOKlYlLCXg,k
Supplier#000953013|I0B9Qbj2tFdZQ6KZx
Supplier#000953051|5k588rVpG2FaWxk7,
Supplier#000953156|88W1ztMheegde
Supplier#000953204|y3Jawrkw4vBSf3odafXXmiZLJ
Supplier#000953243|xz6jKz9mu146za8Be96ahGjxj7y5
Supplier#000953424|uhSUoN99y37FzhWAa7G,ARD
Supplier#000953533|plaYzqrP inD543IK
Supplier#000953699|i8JxIM5ZoN
Supplier#000953763|I4scv82mwWnR5VFsz3mYD8f,F
Supplier#000953973|OQRQUtnEkJ7pbWK,oHHt22kY3K
Supplier#000954026|BxhNQVEaoAr40mIcD8HHpXJdVoYPyHqZu1JZ
Supplier#000954045|1qqUdQl 5wyctamBr2UjnVoICcX4E0lMn
Supplier#000954055|L6W6uJxDbHoeJ,y8504cld0MJ9vEI6YZJE
Supplier#000954082|KvTNvhFiiGT
Supplier#000954179|jze70dcjZEKXDxCsD 8OoOPbgfZrnhbNLNxs
Supplier#000954180|g1iJxEi5Z0Gbw
Supplier#000954219|jvjpsyIZcUNIBD,rxZe0ERT4t
Supplier#000954272|GyjYm0RPmYAPgfQuavaWn2RYZVzAUymlQ
Supplier#000954296|8FPTSfaycGuZHuDK46QmTV1e
Supplier#000954348|6CPcYCf4cNsJuJZaQN6wngyeorRP5hec
Supplier#000954360|bqHB71bbo2UMQtqsvYli6h775R5o5f 3
Supplier#000954468|DA2VXKx YImlk3
Supplier#000954560|iRPkiZfn2rFjvC9J7vexV1
Supplier#000954564|OUlI8mbUiWtMfA
Supplier#000954614|iWgJ57UWuTzag24kN,yGWPNsOeoCCe
Supplier#000954635|fqRK5luvUoAck
Supplier#000954750|A0hzQPrH70EMUA taoCt9,vVf
Supplier#000954866|3u3yXrr5YiKKwsChImrLrG8DvKU,Z eJh,rF
Supplier#000954967|6vv,d4VsAsNCiaKWocwSys lCQJYlh
Supplier#000954973|hqAJXmsiyIyKgp7BlLWVuwPiy2BSqXTf YOsy4VH
Supplier#000954982|5,CNVoKAy4maT nb1x
Supplier#000954995|1InQGXPGzc2
Supplier#000955060|iJVlZAQfLIPuXepaqZHz3Z5USUM
Supplier#000955111|Vr,7sLiTzRB 
Supplier#000955114| ypUApB2y4fQIo702QGG2xtO2o
Supplier#000955221|ecD2igiv8LV3Kf
Supplier#000955307|Dm51 GAQ o1GPPMyRbPB4CskirFiASU308y
Supplier#000955397|XGCAGHK2p bjTvHI
Supplier#000955444|Mu NhLO7aS8LB83I4
Supplier#000955480|D32Ev0W4rg6ouERbU6D5Y
Supplier#000955533|ddB1c,yhoS
Supplier#000955537|QjpS EbAnfVkgAUcZxyBN
Supplier#000955668|1N7lRNgvJ e,HjHQ9bbFyg1usy4psfOlMWDMki
Supplier#000955678|8j2BsXdEA8Ul9GlBhgyQHXWvRlOYSX66L6dX
Supplier#000955693|Z53Ymh5hSUNBY
Supplier#000955716|yAoF1y0 uxOu42xzz
Supplier#000955760|IsmRmIl81rgdTP5qItk1g6Y5AzsOKZM
Supplier#000955835|Co4WzbLpXHkJReFfmU4zwZVKq5UMD
Supplier#000955883|PcIdiMdZodKjdVo98R
Supplier#000955890|t qxu0Sp8pYdSZIeELmnR4l0qZNEucNa4N52pE 
Supplier#000955978|NI,1yH c3VkfPqtX2ucI,OkBAf
Supplier#000955986|f39CwLnKU67947A7mOgyY7LrFXSSVtm ,Bf
Supplier#000956037|ppbUhmiQvZ
Supplier#000956051|RocqcMvcGNeuCuIz8Lf3pvgEttk
Supplier#000956140|Nl8Hj ye2FTJlTJ
Supplier#000956155|jcS3sR7YiVeFmM7TbAQMMZeTIHg4Ba
Supplier#000956205|QiFEaSJPx27HUu0Fs
Supplier#000956216|4f9axSwf,JDDY2yDvP7TWIqFdoRdeZ,k2n7cTi
Supplier#000956221|17eLeiKg9pYcIaf03z 4NS KpHpMWsABdFklya
Supplier#000956251|oS6bufVRSR8zPP6ihLjp
Supplier#000956254|C3R1cR8FqT3aRKwJp7SPT LTQppz
Supplier#000956548|C eCyv1KzGF6HhQjB5lTzP9MEry3aGpN1CtHX
Supplier#000956578|bAqYrMxmftz3X FpL6naU3aKU
Supplier#000956607|c06PaUunkRTRLyuvCpcW2PfrQyzDl6r,8dr
Supplier#000956673|br79vjyKXiafmC
Supplier#000956743|V,bHpt6T2zZF
Supplier#000956810|y8PMJpQGMrWIgJkb8aD0HZAWMYSLNoKzP0Wr1k
Supplier#000956843|1YbTBMq1bIfjr
Supplier#000956892|RKaIIoDpxLTmUhjpL I06Lrf0SPL0
Supplier#000956910|i96KcOHIRzmberQqA2D,5eIZG,pblw8G
Supplier#000957082|AYzXNuxY7Z96
Supplier#000957304|3QWDBwK S7m9PhjFk0lGcSK7p w4F1Ka,5fko
Supplier#000957384|PzX9wnGvZjIaNL0HIm6bihRRMYLOAV5oX
Supplier#000957438|L,vR87Ascw1gkA oZTD3vh0aCWLJd
Supplier#000957704|NRG,jUBWlUNMvoJ2q71zt420Vofvvu
Supplier#000957755|FwCsWhHLboofQvTXkmmK7Oh1mR
Supplier#000957760|XdxqxP8i9WK58V2kXny
Supplier#000957769|twVADmHtCXuZCBvQQ4co
Supplier#000957771|ikkDK6unK4NXrXNpgPftEaUz ppmUd
Supplier#000957784|C6aeHU,a,U62
Supplier#000957796|9RH6fbhXFDRK0
Supplier#000957826|tGVXjkNCly2ya3suMI23
Supplier#000957835|Bvx3NznKgWCu
Supplier#000957871|rpyMjrzZ,QEK54Pdsv0uUg 0j89cOUa7
Supplier#000957884|K3dRNFgfvTcRuwj2JB4S
Supplier#000957919|DDDt4fB2q2NJ4w4qinV2xHwUHWB9UN4QbaZGErD
Supplier#000957963|CtMsW9wk11,m0K1mSf7vX
Supplier#000958056|Fc55yVDWn GuNJ8PXiaS EvRL apMRIty7Ait
Supplier#000958063|HD9Y0uUpIVsF2HE
Supplier#000958354|G3J,jXR4o2R4Oz0tWTUTPF2lFfhTKW8
Supplier#000958362|9juYMp0Nv6ZG
Supplier#000958431|FAro4,VUPGI9JmiNFPMcp7dZK3idBTE2ZE
Supplier#000958441|MXSSKu3P5VbKV
Supplier#000958571|mPWJs4QIuEXW6l109 g
Supplier#000958575|KwAFsaeRwOb7YZRe7ByeM4J6v5pyItqB
Supplier#000958605|WJoKNLH98VdA6GNBtj
Supplier#000958621|jwqro69kd79iu UjHIcp,xaOp
Supplier#000958778|n3q,QcQAiuSpKc cZHPd5nW
Supplier#000958849|cr4CpgqXVy6 geAKHQv3eGNeuYwLtZJHrKT9l
Supplier#000958871|85sdiXp497WBQzu38YilePaN IgmR
Supplier#000959130|Dvvet3VDL8dQv6t2u9
Supplier#000959137|Cp 2mHV, XwJado 0RWEoYa yXETU8yqbdp
Supplier#000959265|0tS5AwLtAC7JDEvVIz4KkPE,l1qCZZeSuuIfkPVv
Supplier#000959287|BzwdZc9xwd
Supplier#000959309|Qb9rqeZ,8eX Dntx1WwE,iaH4J 
Supplier#000959323|TfIOu2SyKsUAwG9jHX
Supplier#000959448|RbwCvuf5QZUcxOAHjYjXg0Y8tfybcqA3aE
Supplier#000959484|L6x4tBvNhd6c5zVvLFCivXudKtetUY4
Supplier#000959526|i35CQnjuvEzbGe8CuxI5csGNQ5WPIfHS2AbhoHkI
Supplier#000959539|HVYVrOJYpq
Supplier#000959589|DZtU N2DKKQO
Supplier#000959683|KxMMQGDh5yQReqn25vOEpv
Supplier#000959741|ob22GktR9zI
Supplier#000959829|CUFGei8WeJyaW9hk
Supplier#000959850|IQhBVmMImqcWSd3kckpLTPF58rGxM8aeg36eIO
Supplier#000959963|6438TdLAs90RjZNiv9d9 ,ORrvUQfnjD9
Supplier#000960018|444JLOj4IgLhC6G5BzPlxkzKsNtv bV943sBk4TD
Supplier#000960052|MV0 FAF5InU7KF1z6YXY9d2iipl51ZTgNvehUE
Supplier#000960143|imbGU048MUWbgXjhlCZOq7,
Supplier#000960150|ZyGPKBBGnOgGzWf9kMlxi5t9srLkPRkHQRBC47
Supplier#000960226|JuTNFymaeo7E
Supplier#000960312|HdVstXmvWi7a,C4aSOVw2wm9PChOO3
Supplier#000960331|oh5Ze3hkqhY750mIaD1KC
Supplier#000960334|CykwficbNLtD3p8BAN8H7NGsTuUMIP9uFay,cenu
Supplier#000960358|svmukulm JeitAb0KpIptq41ySPWI60yPU8
Supplier#000960470|hDd3wx36LGhy26z4zO37DVVl
Supplier#000960691|Ci6fzt1ZXhd8J3ywgG6,nZS9NCIoa,4rMv0SMQ
Supplier#000960717|DVj tsk5FF,lSqhyLFWAXSGpo
Supplier#000960738|hQ2fqUQLL  glF1LqHPjklxXNq
Supplier#000960762|xW61t3cP2e3Z3n5ea
Supplier#000960860|RFANKFEl2e6JH38URV
Supplier#000960910|cuHhUegEQl2Rw V6
Supplier#000960941|0hkrBfvUBfSTS2LOiPy2IdLi5GDqO,POJnn2
Supplier#000961101|KqPl0KBkTxS27GdZeX6P6wXOafnclfj
Supplier#000961111|2PqXbrekACnymyTJRoc55J5jTgj73t37fN
Supplier#000961128|c8HNnQPoy078nA6bIe
Supplier#000961333|O29CERIVSAkass,L5mC5u8
Supplier#000961354|swn28Yy3GAS7dLdsl96J24qYfG6n77del
Supplier#000961495|sye9YexQ82kxyuur6pWAGzyXfkb2nzsRCX
Supplier#000961503|YuUS6,KIo1E5gm19eQqV3ikes85cLOLulPOhR
Supplier#000961556|V6ZmBLP6gqwo3LWONm88aUMpa93nYSHsS
Supplier#000961611|Lt8Ep pWI07WO9t
Supplier#000961817|VPOPVKwam2aooyarXIKaUAiaUIdsoY4
Supplier#000961980|z0Qd,KAyr8l voTbSX9DOTWddBIXE6xwC6Nj
Supplier#000962101|OTm2SI6t8cJA7j03dZIs93hFHP8fzfjHh
Supplier#000962128|l0HnIA 9ACtZzPcG8 j,NixRF6taxj6Pq0FzBA
Supplier#000962302|AzC,PGKIHJqu,wwgY8
Supplier#000962351|uYtCbxyQHE4nTvY0jJ9,hz
Supplier#000962431|BoDtmXdho,j6zhZKw8
Supplier#000962479|HO,SFbUrlni 1gZ5Hsby
Supplier#000962581|owKPZeXuCc8nmJkOpfNniaXF
Supplier#000962611|skOOnkKTE NMdOOtDbCe3KDvjyxp
Supplier#000962692|8pPO9IkL37C0b7GCjasDsRymWfB3q
Supplier#000962726|S2R10iRBn ,PQqOiKFIdPT NjH
Supplier#000962821|8DC2vY5nPDDBrseqET
Supplier#000962873|rJcwqyCMIYK9210oi8sf0Uf4 IQ0E
Supplier#000962891|bt4aVr 6oFOZ3AvhYsTYJOqX
Supplier#000962913|3OE7AHxrMXUvEOolxPmz2nrVYX9YB
Supplier#000962997|2L9kzoyzc1Nbm88S4JU78hVN6xmAzz
Supplier#000963005|BvsNaH3Eo5 v56anTxc41yjlRNw9Xk8iZA,3N9
Supplier#000963074|59mkd5oD2qTS7UDr
Supplier#000963201|TSYGf1Lq5z,nPOz C5,Xtl
Supplier#000963267|3oWgZZPAof3ySQ2n4cagThbCzBb0
Supplier#000963365|4oe8BndgSUs6 1t1ojK5NO399Wuh7F4
Supplier#000963539|26ZTujOwV2h5YWjFlJAAriTGlmm
Supplier#000963543|,bPT34iQgYQiqof T4xjonu9
Supplier#000963708|8G1WoqJwPPCjTY9W
Supplier#000963763|wQc6XwuQk0TyqCvpq
Supplier#000963787|FqCK7co7oEB5uUWLQecMAJ2d3xRh7mcZ1xhEuJ
Supplier#000963871|1WyyXeUQ0k,I19Ewciy1nCeoi8DZAoK
Supplier#000963924|hQtNEwicT3Siazpl
Supplier#000963942|FDLigr81yJk38nCE6t3FZbVfMeAqU8veyOtLD8x8
Supplier#000964010|HnI6m a PW4Df
Supplier#000964011|nxio5LBPCIzxGCP,mRmwvUctg3
Supplier#000964056|3SDJ,iPfHLh0DIOSjr i1LT,rt96gBzB
Supplier#000964081|EYWziMXRnrJsevmTu
Supplier#000964121|GKf71U0HSl0vq7jW
Supplier#000964185|XT4vwWj3Y0kB
Supplier#000964186|uaisDYrVArvA1l1kKojTqtL5GEDSTPd
Supplier#000964200|I7ww6v45j1Y ooUjZduNygwCtT6i8MD
Supplier#000964207|2csHHDUquah6fFV7cPyEUg
Supplier#000964430|HFNIhSEBkgI8UNiH4rVNGwErc7f,
Supplier#000964436|oh3mH0a5QilE3tMZGpD5KG
Supplier#000964486|pkQnae3XNTt,JS8ACnl vEnIC4qetWP3s
Supplier#000964501|JCudWeng gWTY4xe
Supplier#000964510|T5B4gOifKBgrg
Supplier#000964521|Nkn6uDdfnpPL,rAUID5r18F7Aa4s7Zfq7rjHYTRQ
Supplier#000964523|IFoViWNPzy CCY
Supplier#000964526|jcquT92jLUGXmmVDPm 
Supplier#000964539|c05hLKGMTkdGi,9
Supplier#000964561|etipRQORYFaTz4q,THEzXFAbsNAGhCtSbek 
Supplier#000964616|IviAcEQ,rkk5sp4VcQtPHWfZ5MD1ausmSOqu3yc
Supplier#000964674|0ZpBZ9KDInyeL
Supplier#000964679|2MaY6UbemEZOh
Supplier#000964715|o8FSzCpVoIBFqgEdK amOA QNNl,riHsImPWe8
Supplier#000964730|o2n8g87Ip3g6Blj8TM7cti8WeHlyY9YBG4,Zn0o
Supplier#000964755|gy6WEuFbMvSBVIHFaLUdPPXnU7RgB0UyIh00 
Supplier#000964766|A4GrXX5Yb7In
Supplier#000964770|rOsMAF133t
Supplier#000964792|6e5Rq8VPkLJFb
Supplier#000964914|whaHs4yTYgYCS8G5mq7BE2pn j 3MVzGJvD
Supplier#000965024|OLD4obfAHEE
Supplier#000965039|iRHq1iIuSaFx
Supplier#000965060|e0g V6eCB5ze
Supplier#000965113|5N7YQtFK66BGMelrLIor2P3oSyCkhfLInYdBMIuK
Supplier#000965116|GdUm8LxMaPGDjkUwBtL3VxCIGKsTCo BZoh1lY
Supplier#000965132|J1owvokF5K
Supplier#000965157|Y76AgU2hGYGZb9Ie PD7V h4MqpLzp,GuVXM
Supplier#000965191|O9LEPPos 0gVOqy435RJgHBCWuhHxtg
Supplier#000965193|HZ,PfHJzdCFJRxpG8lG9M mWh2udAU4i9PqR8z
Supplier#000965311|8MyqzXIfwfM0A,s3XFgXSH
Supplier#000965339|RiHttLo5rwu Az
Supplier#000965417|oFoEWIWvbMJ4QJ2meDOnE
Supplier#000965452|DPtsviJzrHQge2UIXyKR
Supplier#000965515|T0UZ1UNiJF6GM9zbRDjsvUDbEN9
Supplier#000965586|3kaadePiqC6me3Flh
Supplier#000965592|Jev3fkFeZsly
Supplier#000965610|De0PYUA0DzyxtOvoyde3EcV
Supplier#000965650|bdN5fnvv3TJ0 2tkDSZbuMU2GjiIh7d7ubW
Supplier#000965675|FknZTcjMu13Pz 
Supplier#000965686|m0Jrss8reOSm4SgP dpIeFWWSHJ9Lrtq2
Supplier#000965720|wiq57spHVtRZ8xw1jHYuRCPWq
Supplier#000965722|6f O3SMOLq8m
Supplier#000965746|JK12,3nqoIEJpNAVn 2nkH0uzFYO
Supplier#000965766|lMgoTbN9sGeUjdJ2CmzEbgz63M
Supplier#000965785|F6dGXNTeZQBVuSELzHnEQ
Supplier#000965865|rNTIfqI,rryTESkfgWnzroz9wPlvFH
Supplier#000965945|JAnrPjWMf,KQ809Polh363A7YLmf
Supplier#000966045|SADvWZ1HsLTwTJYvd1WyX8UVTKNnOMxSbIEodv7
Supplier#000966111|U1uUPF50YvSmcycDo3rC
Supplier#000966114|VFFprhqDkMY470xiHy2 kJn nXK,h
Supplier#000966226|OiDJcUAunEkIKykK2xuLwxi
Supplier#000966548|T81tKc81mIKta2MX26aK1THU3kjDSAAOBTO
Supplier#000966590|HUVYSm13SAv,iV
Supplier#000966693|f2e2r0yEOzbPuvgXfjlWH8
Supplier#000966706|xnOVUEe 71,KZVEOoDP,rQ5qmQHcNtO8dAE
Supplier#000966728|dX7AMmsi8c0Gfzk 
Supplier#000966747|OiXu8ctFGQRxkqtY 
Supplier#000966888|nAAroREPFPn9mEplDNRT9kXEXD
Supplier#000966979|JmILvB4BmLLOYCYpYwoaXZlSGYh0Ji
Supplier#000967053|,unQVw 7FkiOZE0
Supplier#000967150|a1rBGg,b1S2IcOowk2dIEQisVij
Supplier#000967276|CpEvBts3M0EZw,hBywIZxBsXwq
Supplier#000967449|8O5daxbOIOCFir0mAM2,9K3GM67gyyeXQ
Supplier#000967509|MdGH5g7F8nWBkGywgRLu1XzTI92zAw396j 
Supplier#000967535|wjtDOQrEC5y39NJ6KWCMbObTIeADyYwV5f
Supplier#000967630|d9BoTkAV832CogqvIJJ4j
Supplier#000967673|uttVH8aAeHki50E1jbHktfGate1Bxu W678,P,H
Supplier#000967804|nV9iLuaVDKJFi2wtkfPU0,3z
Supplier#000967866|TKvWinWhe6vuU5gCXNTX5s
Supplier#000967887|6jI4t05Lj,B1MRrIkm4bQ8l2zTq0YT
Supplier#000967899|BBIH5gaJWwJH2nzZAF5T HoPndcr1Z 
Supplier#000967957|Mvjcn9EUjwvUx
Supplier#000968047|ThZNsCY41eWybZXsFY9IqTiwj op
Supplier#000968137|voRZNUmlWmbWFASaMmG59Z
Supplier#000968146|UcHt3fdE2F6MhjsrlNuaFSlPqkF9r
Supplier#000968158|GSZdqIKcUdlD,1DlJPHzsfK9gVvYkIKe3yrQd
Supplier#000968240|wlVop,Ow,sAtN1GeMNFynnqVjAZFxgR1kt
Supplier#000968241|5yeS onm9zs jgHg933JWzMJyVufpEZyXL
Supplier#000968266|lqUnXnULACXkBbJ1P3ZC1ZdrqeD
Supplier#000968273|E1 5F29FSq3wDre9eRD
Supplier#000968351|0OSG8xjL9U4MkHL3Nv18HWb1
Supplier#000968386|3OZraXFd8VyB6Z2eFHS2P1,LLsvPSflfFUbWDt3j
Supplier#000968390|9f10eVtI4CeS706g3N
Supplier#000968528|CkDGMpLWETbBw
Supplier#000968558|DbQQfifXw1uXcGMVcrk8PtmOGYlHgV6SRHQ
Supplier#000968574|XS73mwnM8edJgsxfpkG4sTHTbamninh5TLnPwI
Supplier#000968604|K7ne41dJpn1GoPz
Supplier#000968653|88f6OqiuJFdZN
Supplier#000968677|n,AxMljx,Hw5o2t
Supplier#000968866|b4ifkD72hUh8u3DXO9tCVrzWoccPm,0yHz0RGi3
Supplier#000968889|kae1r1WNItiY
Supplier#000968895|DxUfXo4GbOlw9rZAC8tb
Supplier#000968911|AR8Rcj2Metg4hKgO MFH8yO0lp73t6TX5tRg,
Supplier#000968998|,mPowfRXtlU55m
Supplier#000969009|igm2kNccyPE3JMZv1ZQN
Supplier#000969014|Ix RpSubN9jejAo
Supplier#000969024|V,Bm lslrIpA,rALhO
Supplier#000969038|g0lc,6DPvZAXcQm64SqIfqhNDxE,UE
Supplier#000969072|OzJNKQ4VwNEu9OvDraZLg3qAk
Supplier#000969076|v8cJ4ib6PYcsV1XT7ZpqIN29qtRdXX
Supplier#000969093|jJtuJErDf2,EJ2nobiFd3xAbrjf8E,z2CN9
Supplier#000969114|5jORdbvlpNOAHpr0E
Supplier#000969138|Quy3tCDckcKKV1c2
Supplier#000969255|p4SI,F0yo XspbBBrY8WUanX
Supplier#000969423|KMDRJb7qee
Supplier#000969446|KuCnlcMR0I4sHJWoiWnzVxliw,1T
Supplier#000969447|gSuRS3VZy4zHUQZYox2Y7Qve
Supplier#000969514|e4Y2B,,rNhBqZmk
Supplier#000969735|gyoTqCb9Ocr24LaejmPjB
Supplier#000969790|kjRvXIu7Ifmoe7hepph0ODG
Supplier#000969824|AEkfeaaKSpTUi1XFl
Supplier#000969829|fLDhrOChAPFFERD7c0TCNgGUzx
Supplier#000969880|QaFQO38,kg2F
Supplier#000969911|7112TD18ppTsvalXq
Supplier#000969951|KIwbfcF6XnQvITDA ZO48SQ
Supplier#000969982|ycotFf50Y8VMqwbF
Supplier#000970040|ZTo7BHHnpuAeluoa2 o5RnLu
Supplier#000970081|ljSiaD1OTvcFHvX8JV8
Supplier#000970084|CvsotsLIyZ56buesACOl
Supplier#000970217|O qb2YaMK3gqKpQ1amMV
Supplier#000970236|mON4nt28UG8xUIBI4CrvC23N
Supplier#000970251|o fSvplmp CvaTX4MLb1 gyOS8dGEZ
Supplier#000970262|q7BIV0NyPrNjSp3aOEbY1ZRd,IOlu
Supplier#000970307| Nnep6Ur9d2GFWDBC73dD3I5JEoiWrGE1pJ5
Supplier#000970355|oDJL934EAr8A 2VFbhkUAM9HU
Supplier#000970553|4 OCWaa1misFgakQ1QtiA Kgn
Supplier#000970597|cmv4DWPT3O7kf025WCQc6Q97mrxiBL m4anRLYXk
Supplier#000970646|8DMWAqnvAP8iUfxOO5clYVx9qeoYFXq
Supplier#000970652|q3SX4ICttaAHzd,XBfp18mThcM TzGX
Supplier#000970707|YIGdJp6JjbQvcKCyAU
Supplier#000970788|cZGqBQcnhFJ5EzQCtsWy8MyKDbXhjteydcNVFiR 
Supplier#000970962|BCv0oPmjKEJ094
Supplier#000971022|xCiLmcO3Ez9qR OIk
Supplier#000971158|r,0rnVPbxSEmLDGe,8NrXCemc
Supplier#000971232|bJUwKAA9mE5EFKSPb7C6YeIf9R4LK
Supplier#000971239|,YU12YD0u2XH0VmhHnesGnBK1b
Supplier#000971258|lf ab7 MN3tGYQ
Supplier#000971348|kcXcSR23jCWXs4WR
Supplier#000971358|uz73ewMKPkWMJIC9bSnq,nbqL
Supplier#000971415|,qjC5krftk 4aZaRpL69j3hhdd7QkMx5P7
Supplier#000971469|Ys2qaeE,UW9jxTVHiCL
Supplier#000971716|iPRQMD2peR1,YhY2qKHUjRslk0uQadJEnvo,tbXl
Supplier#000971745|nlRSRjTyt4sbHNFgSHKAUkwJhPAcGb2cqSXOqd
Supplier#000971759|KK0ZIFVRQS nzDwiGYvUERLYTgSqDz gyB
Supplier#000971770|Ia5N8RVUFnT 8g4gL7XD97do4bicrLtzQRPxV
Supplier#000971856|L4dP2romlrffBD3jLDhqc0y
Supplier#000971952|LSx2Pr2Qc4u2bX48rORl7TkV
Supplier#000971953|m4RmhJdIg6APGhdvTVavzh6IHsjCa
Supplier#000972011|9HQ2oxtpxhMAkApLk62oYOK
Supplier#000972036|aGiQoLZ1Wiuf25c
Supplier#000972063|SFIvou0hiL3B
Supplier#000972108|aJmwgnvKJw dhUiqc,mY8SgI
Supplier#000972126|iJhY8L4dUjuWmojs nIxWRw8hPvQHitLMkXQ
Supplier#000972155|DbTlyyTOkvHA15iC
Supplier#000972178|ZCeVf8Dwm4wi7iOrSaTpX1tII3eCyWoEnEZSq
Supplier#000972192|TOWRkDuNkBqy5ktpfbV5LONtLpyO9wBe9YJcVm2
Supplier#000972214|BnrLk9wdzUYaMJd3NMNPznbK2mCgiO2A990VEnN
Supplier#000972227|JkzvZEQjQfb,EHTrfa6nzCmGi3TC0S66IC4yknOm
Supplier#000972234|09F8SQcxN2rMGHwXAXqRCocuu, h6bSK5Nshc
Supplier#000972249|Re8CpRPJyN
Supplier#000972369|Jnlk8wW3TjGN
Supplier#000972408|MAT5sdt4gdwld
Supplier#000972472|AN2I1LiJSrQIVt6h3nBq
Supplier#000972570|nBKq7EFZ90IJGCXcxOcpJ6fIMqUFpuWl8gC
Supplier#000972642|NdsMhEBADeqL2G492Pw36aq0
Supplier#000972723|SiYA8zPv3D
Supplier#000972754|9uqoHfAwf,B4iQ1DnNsfuymKgljP73VNYSUvd15o
Supplier#000973081|vZRT6J9hIYlafOV96xi
Supplier#000973096|QS3TYESS0dp7Of
Supplier#000973147|aXnl9YQP1cgT0s
Supplier#000973240|8oOWJ R1Mq rut1l7k
Supplier#000973366|Th0sm LidkOwbUJHaf
Supplier#000973399|zS,LGxrhkgilfIWbxtlAIlKVBGAEAbogwccm 
Supplier#000973648|89ap2ciuRsV1S
Supplier#000973674|5qZq6DtJVlKpy,LSBjzYdI,M22LOgn
Supplier#000973741|sr14EIz9jvmWY
Supplier#000973979|ZveaL,JFAdZVmUuTGmNDdcpz,
Supplier#000973989|KJS,uEMe4nIJa4owpItJeW0YWfh,YjPv5NW
Supplier#000973996|plI8rCcbUbTFqGj
Supplier#000974021|CvLgSRDXJh,t8R,5
Supplier#000974064|ApwhN6 qjjF4U fgeP7xqc9zbfkn3VYy
Supplier#000974072|Vq nH5dltx6qqGtXjSzO3okifUnQ jBujXI7D6
Supplier#000974142|X4OcuezkUNFmH3Gl1KPmlt4DN4nKFT69fWv
Supplier#000974230|81 qFBKyDA4J,WU0gpqVz TsEMM2cwBUpIVkvz
Supplier#000974284|F,03NGeaVQd
Supplier#000974285|d4yfi3kXVHHTOPFo,FAiuqCXyoY
Supplier#000974289|re013mn9yX
Supplier#000974635|L91ZguTzwetAZJ8
Supplier#000974656|9YRD2B8LSSvyw
Supplier#000974687|E3gQqKSFbmS1hCi7NWD5fhwG0fTbCw
Supplier#000974771|Vf8jZS49rhZCpHJ,zcYdrbVI1G
Supplier#000974776|9qbH1FMWCTaVF2,9meimCXkQbsSPfx,q
Supplier#000974818|xDKtgBgS7Osd 0mW
Supplier#000974902|A0D09s0Ha3Y
Supplier#000974904|AvmdviFYdG2
Supplier#000975007|JCO6s6k0u,hKq wToMEWehWDmor
Supplier#000975095|lYA7,0kc1zgdl8e9W6
Supplier#000975121|EK5e,pRx6dPRgzIRGEv
Supplier#000975134|AGYcBl9XpmahN1RE4S
Supplier#000975162|cURDpCKyCTDr4lo0kMZ4DfS702b Xgpm9,gvr
Supplier#000975184|qk5DIaiMcURJky8
Supplier#000975198|,amz5cGqj5Bw,1J0O5ddvpgID7
Supplier#000975207|Ehbe2gC3Oo27QU7QC5FzaltF1dQsXPginSJj1
Supplier#000975237|I8o01cwj2aC0Dfzu3Qj
Supplier#000975316|22cm8KAAMVWeo6
Supplier#000975327|trS29XG8Ff6O6f2
Supplier#000975365|vFb2Sdt,4u2TaPLMNYjkf8t87uBrpYYaj
Supplier#000975367|DuKViBVfa0Uawp37,7fuIZaVlM1lpvZC1
Supplier#000975386|Av1gOpjbTPrOgwcPdJsHiCFHFZ
Supplier#000975486|uuG6m2,a3PqaHUHn7uXxnGt8f
Supplier#000975496|vLN9iRZoL9l rL2R5tnXtw
Supplier#000975538|DMca5n3TwUq
Supplier#000975611|KROwlbmChrnnJOJLQSkhwL2k0Rwcwfrx3
Supplier#000975832|zsZKYJBVS1AVb,2od2ivwm52Ue
Supplier#000975906|tBZjNBIzssedpBff
Supplier#000975939|GjAWlBCd2iSdn63AERV
Supplier#000975943|4xVy4uCZPHFcHCcUXG7bYH,BfBwN
Supplier#000975953|3WUpltU,U5cP4W1ZWyI0EhJMTTjoK9w 7pUY12
Supplier#000976063|LHoQe59cEA,9zOzg2glRDwXA6jKnQm8i
Supplier#000976071|UKJsuCpvTavwVYTuuDfb3HneRNOKJSd
Supplier#000976097|u5 drPYm,6KI0DDpuCjz4UqzPZMZF
Supplier#000976108|R6M1oVXV6TSfezxLNzNDlD
Supplier#000976131|aG1JWk6HUOolIG
Supplier#000976159|2SCqp4vzpuxeMQ8E7ni
Supplier#000976415|KcayQTMj tcvb6F5oDNXb,89kr42
Supplier#000976433|nx7JHuS8U2W
Supplier#000976548|ZPK96ObWJEqgmTxL
Supplier#000976567|t,La2QpA7pfquKmd1TqdSh0IcZle ZR9GNq
Supplier#000976580|AZbBw8BtjcQk51bjVst9HzfjlewzqLhpvxdwkw
Supplier#000976587|6r5aJLsbmq0PEoRiomc4i 0971
Supplier#000976649|Ju3d444Pc0gLiX XZUwlqCY
Supplier#000976751|VOY2siS6Re8Ot4zyZr
Supplier#000976852|K1GsCiGjCqZO7w8WHuzG1g
Supplier#000976876|UQFb0w5FvT77aA1e,e25hUSI
Supplier#000976881|BAde27s7iykQAv3Lnf
Supplier#000976889|P4zO9d1100DUwb4FXVHGFccHx7DcSr8XSkXmhe
Supplier#000976924|mKB7MAooe4WxsAs01dC
Supplier#000977108|UrGUxHkBYMJe0rCksm
Supplier#000977139|jLQGII rMjH
Supplier#000977185|e7E3x4JAx34tvTE4o8cN7BBGf9lw 3xNdBCL2
Supplier#000977274|axU2UQVMeDz3fn1xoDNXyWYakP3rdc9v2Y
Supplier#000977348|EfmKKlOyVV42j9 jK1A5JJEGZ
Supplier#000977363|3n09VP8 YijO4tAP8TnRXW
Supplier#000977371|gom,M1QUdO6Xed8Ul3ebt,Cfn457f82
Supplier#000977426|w8,om9RfGWkEgeqHQfQmnxqiUYdHNi8J0VYiK
Supplier#000977580|3sLwJFLigsYo JVnLkmrQsB 3lBqI0Yi5 mbXNF
Supplier#000977881|acTjb0FZ8hT56
Supplier#000977893|5NVsq1NOgwwzieudzCFV,vdTd N8x  
Supplier#000977948|LleydJ8Lzm1
Supplier#000977975|uBlOuT8BIW2uy
Supplier#000978044|0E dDVa8h4w7 TI2XFkxiNUnWvb382YVVVfy6e7V
Supplier#000978148|csJUqd7GiIz0LS2WEtwZBZEb,cDNXd
Supplier#000978183|6ZaU8jAPKtkqIpUnEm
Supplier#000978194|SiWzEcTiDpj5uQ z5Z
Supplier#000978224|aNbjim2vWGXNtjix9DQQZwo2mpwRObbqNJt6
Supplier#000978338|d0HJOLXDAEiOD rXIKmNh86dO7e 4
Supplier#000978350|oE4FdmRbFzhhGdrUW1u hYle
Supplier#000978445|dnKl3vqP82G0jXp8ek ESD8V
Supplier#000978507|KUVpG6TcWzMNrNfFWHw5jnySeNpixqAcKCrWY
Supplier#000978522|33NgG,qW64xrEuSEAThhQexzK uXGoiKX
Supplier#000978555|avl D2bD6uoMAvuUg8TUTo9
Supplier#000978607|bOBmF0u5CmNU5
Supplier#000978630|5miskHxylg
Supplier#000978683|Dn1t27bxijz,F5 M3jtdbh0T8CJ
Supplier#000978795|vlKVoJKM EJCC3UOiKpAelJia
Supplier#000978864|xbZ1pbS0LkGdlNc9JSwQG O8bLGxvQIPC
Supplier#000978911|Vr6xboI6xxNSNDXA 
Supplier#000978956| 7P1oXHHt4r6b6jl02dVVZz9
Supplier#000978983|piwWgn,UrVCAIpRNdIiqPPVvB5c
Supplier#000978986|vtMkm6vN8EtJ023B
Supplier#000979029|QHn7X27WwOk1M2bgWbn33CLXYlY
Supplier#000979031|eHYT17hAgmEKJFsdHtpprS,3JFJNTrxdUhvHe9
Supplier#000979037|r RZQCmkHcdKUkaPgp6S8NbkLINny4sd2muJGj
Supplier#000979039|ys,oxWAsYELWEv7236Y
Supplier#000979237|fPZcFry64S8eUgmg1GyJXHkfjK z
Supplier#000979270|cm6H9BRDRr
Supplier#000979312|akEquU5EnC
Supplier#000979314|A,M0aOuI8jK3KvkpiXZpgl0aw8o9tz1vr9W
Supplier#000979411|Rvbw6YClGHfpHWDx,j7k5pbjc
Supplier#000979472|GYLpLd7j9Z8z8VWcZYqvbWi8zvaLxn XdKww
Supplier#000979516|uH,sD,9RqmNBP3 arOGCVEt
Supplier#000979566|9ac0qyOUTChPakgfSv wn0vGgXRlrbIqc9UnhTrt
Supplier#000979716|8tQarkkNrVN4P
Supplier#000979775|tWWe574TrlYNYvba2ctSAZ
Supplier#000979851|I5pDYh BkVqtWrTl7CrJMSPXkf9twM
Supplier#000979918|6jzEfaBCPDzsk
Supplier#000980013|11IioRoyGncVDjFPT
Supplier#000980049|iNc7ynkAJgK,1aUjZ5iUOxFuZZkhNBLJm 
Supplier#000980057|j6H5ZGzE,70WiV
Supplier#000980169|PQQO6nQ40oYonQWDNphWHsYbnNfQQ5as1NW9V6
Supplier#000980178|3A 0YpIV5xQ0AXoceWrc
Supplier#000980349|G87Ov9iQmCX6J2tzGs
Supplier#000980467|cxtdUp8R2ZWljltRMw
Supplier#000980562|DHvTKkr,btMpsYSo2NID UaKeAPen5Y
Supplier#000980608|JHeTxXyZrQBx666nburHTsThySQz,5d4htRm
Supplier#000980613|TGAXDycyc,MK6DPylE3gnMjsIYD6
Supplier#000980684|apkN5Gpo9xCDVBBoyWKQjPYWY3yJBewsI5syakx
Supplier#000980700|rY4YXVOrxbHoqeUCU
Supplier#000980719|9DspnUXIHrYeenXJIT
Supplier#000980778|StFukfY5y0XG
Supplier#000980832|CXQ5 dEXpVt9D4PV28bG
Supplier#000980932|5wRtdopwjqjwBwTVaEvU0
Supplier#000980947|3zthyRGtBn2
Supplier#000981055|ancSRnLkfo9j jwuvtxNlwL7MicUi
Supplier#000981156|RI9TAkaA,X24SSsSt0thJOtAob SRmjL
Supplier#000981179|JZPccMS0IXOq
Supplier#000981223|sFJCfPW8fapBhOdg8Sik6
Supplier#000981243|7f UmYyVqCtbJ4dU0ZVigsqOW9AL VnjEhbSg
Supplier#000981393|18pGBGa7jdUR,Zlfp Oirltq SHzdw
Supplier#000981447|LeDcnf8RoQo5HJfBZQVI488QSH1YDwb6
Supplier#000981488|y,y3g4kmqjF7GpHpZBaaOD81DAPe32txfEug2pG
Supplier#000981496|GFiM7zb0txnilq7Wx6ck5OP6RtefjVHiq
Supplier#000981556|LNtiI MSdcIVRMetqLc7RYJYBgUKTtufw
Supplier#000981605|5LAbhHdMBVLi16rzKxY
Supplier#000981617|iCGEQLioXkCvwfX4OcucKQONepxwb1nGu9Qt
Supplier#000981642|Hxa4q,rjDWsPp8lP9mPhYnEA9fxdkYE 
Supplier#000981649|gQbBlMAbIugvCZFDSZOxtG03q
Supplier#000981650|MIkSCmIYwMIeeI7
Supplier#000981737|sRgQ,rK5sXRgBCP YgMaKbltf40WAvFkaEvVrOl
Supplier#000981766|0jwyrdqsf2edzIACxzTsrYbU7maIOVM
Supplier#000981812|aPEeD2VX6wwuD 18yt1WnlFNXs4fbsAb
Supplier#000981822|oRvj97AXgv7ePkr25 tSqWyIPpesK 1
Supplier#000981842|qZmbJ,QrZDS0W1 QJrLPf9B2rlR1K61c
Supplier#000981865|z0vF6pJ4QZR NGzxzBJ0kIRe
Supplier#000981982|iXHW8HB6nR3pp7INTYsMDP90Jt
Supplier#000982017|9LTFGNxEtbHA 4nR
Supplier#000982020|41CkmDD4iZSs8,W,zg40fNnpuVT5QoHOvtuI
Supplier#000982077|szoQjaLZ2DFtlIBq9svb8vDoIp4
Supplier#000982150|kJjCXXW HRvRSnPKG2cERkFkp x6S0qO
Supplier#000982260|UwAF,Lkux8snpyeBkoOFoo5TqaS0d
Supplier#000982273|73fomAaRnRw
Supplier#000982470|SQIxqEMpdcKrUGjKTwS
Supplier#000982491|CdbV U1wmEZIdQjbqxAWmNtDVq fBoIju2z1j
Supplier#000982589|9QBlkCM98Rex0,m5cgxXWIjy0tr
Supplier#000982662|br3oP aiGoZvgKerFSls0cycOsRVAwlK
Supplier#000982694|fuBKojxawXqYIFyGVnb0hK
Supplier#000982710|0V,oxVjlRGISrm9kq,Ly
Supplier#000982754|noxVoQK2kL8CttvPvabNlPCMhZntfZTj,FdTKV
Supplier#000982959|AzCuGtvKAQ1wFqaHTWewmBwgNWWNwd5oiwv53
Supplier#000982997|oG15DgSyW,k7p0JZHc3EIuPX6
Supplier#000983083|re05Zed9ZjVUFz LN9ojqXFOG8z
Supplier#000983099|niV1KdOFMuMmGu5OAAbWdFDXvSRvpHkYZXrX1
Supplier#000983154|U0u83 TS1AkW
Supplier#000983156|2w4l6COOg74fNkfA,fkrj20PyqcoQ5e5u
Supplier#000983165|jWDuodBDdmU
Supplier#000983167|IJLjlRjSxTiSU354vyg4Al7gjs8L
Supplier#000983170|eC,7 mkjiK8W2fKccN8oferPFpmPoILlxrgFelg
Supplier#000983262|6lv1qLcraY88KHX7
Supplier#000983293|9xBedlq7AQ8DgYA9km
Supplier#000983306|PJrPqqdxu,NA7zC0TfuSxRVqDsw,kQT,sMrw
Supplier#000983331|aGI7IoDvG4DUv,ULCjiiug
Supplier#000983367|ybkDw4atbWgjWlY06V
Supplier#000983414|yjuFlTJpX4GSw
Supplier#000983447|Y RKmfSuALy Vb3Fsb2JsMfcZ4EY120nBy
Supplier#000983454|YXcwZ7PqEV,bD0j6MxU9GKxiyY4
Supplier#000983489|ZbrKYRZxcMzTYKh9d9 bWaoI0P6oBcXkx4NHTZ
Supplier#000983498|UeLcdeKiege
Supplier#000983540|duj1jEbvwWNNEsgC
Supplier#000983561|IMdaFDORCwI9HE2 aB9iTlu5m9
Supplier#000983600|V1OJ3pCQqRB2WQ1l6
Supplier#000983615|6LYHholtcShXlGDex2fe9Vtu
Supplier#000983701|egcetT1POUsco lJNBd45gd6hxIQ1
Supplier#000983753|qyKk6xzNfMRgcAEWBqSA
Supplier#000983774|Odjv2UdaKEM23 v1c8rOxY83pVhfB7lvzRaMmRxX
Supplier#000983911|EtQ2nZAUAExbvSvU16t
Supplier#000983916|go7v5qmIaJYtkbZsV
Supplier#000984052|ZUEXShTQwpqE9A,HBm8Qej7D 565lyTaX
Supplier#000984177|UO9dzG2pbjYa9tkyXnjMABoQmOBSftvg
Supplier#000984185|LFcK6uFFCkijQPXulqpmDwTiGVYZQGHtLF
Supplier#000984331|87hXpOS Mx5PS
Supplier#000984536|LxIjLMwSo8uJUpVwUn6DuhXIxaveKCl9n5
Supplier#000984551|jCWCAbQ9opb9CYlaemNBoLuEKN9KbR2iKb4w
Supplier#000984569|K4UJSH1aeWJXZF
Supplier#000984616|yu9 3KRJP9w1BXRD hAy28DEF8miDpSXHEy
Supplier#000984651|3dPpCosdsHdSje 
Supplier#000984669|yTCprEtITA710Gf8NxhALoKZtas9e7Ch,gk
Supplier#000984688|ju3Tp4Z5ofHDG70MS7kxCy2vGo2ck 
Supplier#000984716|DL S9lErmxD7,Q9ZBCi05
Supplier#000984782|39MudU7WVayphXScv7YPFMeUtD6hnwuMxcZBU5Ub
Supplier#000984807|wh4OGLYcCKEBGYvY
Supplier#000984959|p1,NnMU44e79qzgXGcB2ioydYgpm,IPj
Supplier#000985006|gXdn 4l8edY
Supplier#000985055|fpS4ae00K3BtQEG7UGmSybywBrp1LEPjVZ1t
Supplier#000985057|vi8ch CFk8qES3GU,
Supplier#000985058|EzKHEfRSX FA2JIOfHElU, ySp06yp1jdn8uUV 6
Supplier#000985110|AdBMOumSEAfFH6l9M5VhW
Supplier#000985159|NAzUPImmMRcIxApxrwRdWcmZ xyqTL
Supplier#000985252|Y2cY8XHnBXBUpq0I
Supplier#000985287|ccJpN840M0RbS744n5IHSOFqOqjmwwXc,0fMT
Supplier#000985348|eXypQOFOB7
Supplier#000985387|ECQ8l4DWT3POhNrpiXyLy316D
Supplier#000985388|I2VO662qfEZ6rYc5r1qmrA
Supplier#000985412|oKa NMDs0Ta8jwY,P2,H5yA,vpdnpO53Wt9bBz
Supplier#000985424|OwDEy MUdzUE5,nEAVATOyNXHIkdYf fPQ
Supplier#000985452|ydV8e8NOJ5mrJw7eSa0zLZC 1
Supplier#000985468|dDNzoIpo4vSP4 Se6lKyd7hdWOpT8p3dWjGp 
Supplier#000985498|zsSr9pWCYPj8r0zORsk4EgTAm2FopQut5qtkFXfI
Supplier#000985502|AxoGCm6nQMmu25PYaJcnu5YLdeyAUNFKXKLkv6U
Supplier#000985541|GEKlK2UCkS8CKS8uM7TBL9f1s9f6N8V
Supplier#000985619|c1z09c29HJPUsT
Supplier#000985623|wtUjKhsMmiJmPh
Supplier#000985713|3M5ZZr5hsz Szak1QihxhntC4yS6gm5Hv
Supplier#000985720|cHTE8ueoBKm3Yz7kfQQNdN7Lm0sdcSDJMsC
Supplier#000985774|h7CseIrzzW0VYIQV0a
Supplier#000985831|KvTvRRojIJsEwZVtFvKQEg5 b7ghxLdWqULX
Supplier#000985846|xsJtgBX0gJsSADKwT0Lc4KMSkFC
Supplier#000985884|oA6,9xfYpq
Supplier#000985905|xXhNOLxD6ptPQXsMzwpIINfQ56g
Supplier#000985927|sRA0O7lTjwhwJI4sjnf4awILu
Supplier#000985941| ,zV4ra52Kmi
Supplier#000985954|vNuWhocqirkCB
Supplier#000985979|aPAXHI3xJr1kiGkrR2mOwix6ySgZfuimXCPlR
Supplier#000985995|QzEE3cPWwJ9k3XaDqsa
Supplier#000986042|FfA58UGLSMtAjiFQNdlIIispucvLkGB
Supplier#000986068|hRxlJ86MGnbcZEBqAGao8YFWsXSodVpu7,hylV3
Supplier#000986069|7zFBFonEKfDXSnEYYgAXbnYau01dTfi40
Supplier#000986093|QoUzKA BOW
Supplier#000986102|keCLyVBsccMrEHo
Supplier#000986154|19TGLd67 iqvF39
Supplier#000986242|nLnSsEsp,gfKHO
Supplier#000986291|Qt,IoJTLQl
Supplier#000986303|xO0CSBam4BYbSo,WZz4q9Fv5 eDNXuKLujJ2vdO
Supplier#000986337|XUXKn,DhzMLqxIBo,RyXfIVmBz9XicYoGM1xWzUs
Supplier#000986360|zOyjBDSdpmJg79TCcQhxLm1EhRPUyGEzx
Supplier#000986400|7cfwV0SPPC7HkA
Supplier#000986441|PvOuZiaAAb9eG1VXd
Supplier#000986595| j OvUgc3v9AB9,spxNNZH
Supplier#000986692|XlhOLpwnfDchTArDrDrTziHmwq U8CRP66
Supplier#000986725|iVR8BWn2cwp2l3UHx 9pPm7nwvIPcmRehB1A3d
Supplier#000986940|GDbgFi4zv,XhUMQ
Supplier#000986941|ea3HvgwKMDPmW
Supplier#000987014|ByQh8RRd34WzWGDQCjBD,rYF
Supplier#000987055|qeSNapt 4OqNv2QnOIEyPw9WTTA5,PfWqlz2
Supplier#000987061|egZA4Fij,f6M6zTof66b6WIgJZXRbDD92c
Supplier#000987090|GfCOqBl17DaYcLbCucqvCdS2owCjMnGJBmlq3Ckz
Supplier#000987108|SRhImwdqHcgAdny
Supplier#000987316|ewKDibsNi9bp0X 
Supplier#000987355|a9NiAkF1JC5QbRCd,ss6z
Supplier#000987402|zQhUN9s2WvHYFY8BUEtWSwjB
Supplier#000987424|BtanSskxXzxbYh
Supplier#000987568|Tlmf28z6Pc tJz66zjZf8qz,NdgxGfvvy
Supplier#000987572|bico7ziR1yz Y
Supplier#000987578|1h8tl23EAkSAnZD,rkAiWsYp6wgNobhk7RpNF
Supplier#000987613|T4a PoO3i3Lz  Wb9DX0mBZhMeY6eDtOO
Supplier#000987664|RFMebFuDllMc
Supplier#000987692|hjoTkVXEQxbyRrhTj4eE6A
Supplier#000987810|EhE2 DHmANSwwGKKBiCa8jT6ky
Supplier#000987830|NNUbQ,e4R8fhUhJOlsmtHUsHLrNLpEOu6rHD
Supplier#000987856|EYilsPgTBs5,51BL4SaE7CY4zXzDfHKQ
Supplier#000987952|5L3mtYE5Ob5CailrVqwlZIwWP5
Supplier#000987998|Yn9iDewJrQ zch465bT,7C
Supplier#000988038|0oHkKv2ghzYvWa7Bn2f7p4ZRYRXNAJdA7
Supplier#000988114|Pq9zyhhvZW7,J5nmOYQyjnOT9hcCTzo73XC
Supplier#000988323|WfKmlbPVh6,VmHb5bqSIRDiV
Supplier#000988326|9wrj1SqjrlbaM8QrTAAhfr
Supplier#000988376|m46iO1gsSk8uLrGppPl6EVONbUUF
Supplier#000988382|AjJ5O4,m3 7V99JlsT8BL
Supplier#000988394|dAjeA02eTfZCGHPCOcP1U31fOggyvHsJmsd3g
Supplier#000988427|q0Zz7LPoLRjm47tIcT6GhfdgrGFw4YUTzuGEmL
Supplier#000988535|FYZSFYMJSjEK
Supplier#000988549|xSk9SYDZ6NobNG63m76kt
Supplier#000988576|wIz77wRYNhJJMgv Gw
Supplier#000988578|OtMEn0B4Yq0Zl1scDbL rKAYDU
Supplier#000988670|itmBB FwjxGh6Cao27xxNFYZY
Supplier#000988751|wZfn1I1y 0,aEzUbp3h,dm7inpsm7mkjTm bIkrP
Supplier#000988877|sHwwwaENEUNLjNd
Supplier#000988929|pZIIQQZo4U52rXK7eZu QnFA1Yr
Supplier#000988971|ErfJDfXym7WiRMMNByEpO5QZGJC2D0Jr88
Supplier#000988985|XZYgSmEo59Lvfb
Supplier#000989099|ZbX7BpeDeKQ q
Supplier#000989222|q2snvBOT34c5OVo92mXTIS9ZJwC2i4H6fIta3y
Supplier#000989248|laBJGeCxCpvWZGqmYQqk03,fljtGQofopCT0XFUM
Supplier#000989281|D0E2tF0yvwYkpsTGfd,D
Supplier#000989310|3Ji4iBSTfAiAevKOPtJ
Supplier#000989318|1YgnOHS6Ayt79KZ6e43eTvd97vRGS
Supplier#000989339|tTb lDLkHh5RE,edOP
Supplier#000989377|HLSA0KLgmp3PFbAx57orGeRH
Supplier#000989386|07wZxqjdy woyjjPveFKSG15VoH YY9b
Supplier#000989424|pDW9OUyGaQedlM7TwZSGyAD1UrQn9sBTaix9
Supplier#000989451|VZt,iIhKqphMgQXTwU677q
Supplier#000989505|UPViZXtlmqlFCvvPFpD
Supplier#000989600|lKreCZ0Em,uoYHi3exGsoIJwD9
Supplier#000989627|sS2jW8dFl6iRoZx5LjK6hTNGM0rlZzdw
Supplier#000989663|,fyN5ZMh0qQ2oYZbFeQCQUxsbbulbMj
Supplier#000989694|wUALAGcuLWd faRs
Supplier#000989747|2xGsehGGCdIiGZKg3VqP07G266qU6DEHNdGmoDX
Supplier#000989803|uoIXNxjPM Z3JumjRg
Supplier#000989908|v 6ExCamXLTDWwSJTFdEj9kU41whpC9PI2uxukdr
Supplier#000990003|PsLT34tqWI4t3wdRt3Gs84frJQ
Supplier#000990006|7tO72lqvpfNpS7KRRiBVQj0yuE
Supplier#000990051|oHViE3 qOB9sK48
Supplier#000990116|tM Vbx8Oe3sl,
Supplier#000990255|ANNBN5S,zEJgmnHtPYmCQQm40QFdaTePEb2J
Supplier#000990409|CwQIPDa6,LiHdH9gTz,U8y6CyBBF agk
Supplier#000990457|6fm8Mail77pbhBmjY
Supplier#000990466|HFLUEvrpr,rAZNO8UihgFZjTI8vD6v6C2N6Zv b,
Supplier#000990468|ektcOZaBBc2O6NGLD2nO1ToQC2ttn
Supplier#000990501|3jocrlIL0g30cSSQ,tLYIN l3ZaYLmcba
Supplier#000990659|gC5gyrq3NJQ1duqkTpKMEGgQni6MKzIzA6lrB1M
Supplier#000990687|xtMiHHsYVQReRue1
Supplier#000990723|CSoXmfbLBcIBkQkSqZQZav,qgcmbm
Supplier#000990833|0C9cFh4wKsJ0Y
Supplier#000990856|yi0ZIKU1ZQMduAP9 JxsJJjbtjCeF4yMIzIUME9
Supplier#000990874|G owspf5lXqzaj4o6mT4
Supplier#000990944|I,tvV8S3Zt4g0Dkt
Supplier#000990945|EAOhjfmw2E3eJXg0i
Supplier#000990965|8 j0dh8NhbUTk3GMlCyRaw29XTm8LEvuJ
Supplier#000991106|YIkeZfCIyz
Supplier#000991176|R09Jj4aW0VbkfK82wRuIX3jV0
Supplier#000991187|jHZemBovMS,eM
Supplier#000991202|B457cIHS4nu9WZ
Supplier#000991206|nC6xgCC8gABTm7LhvAasRvPVv6sl
Supplier#000991343|r5QxrlCvWgfrfGSMGRvXo6thhMDOLZ2
Supplier#000991486|GY0bBWJ0FmQKuBNPGxknfhSpft
Supplier#000991549|JZ21CvGxQ3aruvtjoHJPuew8iT6P6SU9UtuEfh
Supplier#000991560|5jhPFBqDF4sStrny360JwI6RqZuj
Supplier#000991588|AwNF96A7R3Xbq0UeGPsqws0d7,yVKDprRSZDXgR
Supplier#000991629|5zu42HO9NA2NzIlukBfKCH6oE34F6UHx
Supplier#000991710|W,uyFDKxV5eVvOcd6J0Dqbs9lX0R6yXbIiO
Supplier#000991730|vqwislR7Z,s1a,iJ3Zw7aM09zBVED
Supplier#000991839|EvfulKLXRT0TxeBQfRxMk6PHKt9zAx,s4MbXQj
Supplier#000991921|efE9YHvrHKnVtDX7C87CeHlB2hfbayRTidui ar
Supplier#000992030|Hcq0VyFUv1c3cwwI3oX CzMhGhHYH8CKKXnCoZt
Supplier#000992049|8rgkdVE1A22Yvl95DiVHAeoM,6msh0C
Supplier#000992070|Z8xuHKEUg2,RXj Bx
Supplier#000992101|lYiwYodAiHdMqE
Supplier#000992158|C20H KnHZuVObRxc3E
Supplier#000992300|f28GAQS,aw0ZsbD91t nfcj0BP1MKoaJhPCvi
Supplier#000992301|K3j8s4yT47ngQpjeEnL Ez8hq
Supplier#000992423| AqQW65Xo8ATr9dWgzUDh3JrxmzoqRLiEAao
Supplier#000992452|,CvdddEWGiFPYWeXs
Supplier#000992576|nI3owRJUQdIX
Supplier#000992688| uhRjnAKChTrV0s02GMODMnrUBJB032
Supplier#000992697|ooqXaNpQOZKj3du0jLvQtfd4Bujk
Supplier#000992795|6 wKzHEAghW1Afrzxq5ossuTQkDY2
Supplier#000992808|80ZOI fivFPaPKYMl1Inc UVKlFdzkF
Supplier#000992821|HcCG6WYL2Ctqi
Supplier#000992845|3iq2St,T3qy7sGOtoY kibtOQ4fYNr
Supplier#000992867|QmgLoNCpnD,at9pHmJb20Z5VkjmpQzw
Supplier#000992906|j6g7uMuyk21kUFvigRLUcqISa1l
Supplier#000992919|QHgd0rfFsqrJRos6Dlb3T
Supplier#000992977|IC0FLYVU8DWPAyVtzFWhbR2 
Supplier#000993015|bo89UEy3Sc5kX2eh3UHB
Supplier#000993090|h9iWdlAWpbV16
Supplier#000993106|MUCn4eQJKnYsoOS43pqmPRKCHXE
Supplier#000993126|T1iUpYaEIheVUm
Supplier#000993127|zgMXviiIGfzeo1vo2h1zTI3xxib1nLU3UQH83FrX
Supplier#000993136|HhnKmbA 9LU7rAx28NQFPpqZhh8
Supplier#000993163|rdJ2Nxd4QDAAT 7Oz
Supplier#000993211|ctI5MKrb i8OsRqGIP4
Supplier#000993212|C55xA9b1,hN6hdXpE970bxiRlWQ1UzjvRil
Supplier#000993213|LljTYCDNucMH23FQaUU44G8k,KyyM0XydBh4o
Supplier#000993244|1NgaoTiYXJadC4aueJj1n lgy0nZfLpt71Oj
Supplier#000993249|gDOp250b57iH,bvn
Supplier#000993325|xgKxOyLp1xSIkjSGPmAOKJxcnX RIqMTqn, aM
Supplier#000993336|XhByy8CKNGrXaQqda0d16rQ YpXr9kZG
Supplier#000993351|6ytvRa2 40XcLiJfXkLZB4mb5vuehB
Supplier#000993366|LYeF7GkT,ztGUvsR31 YChmiYVfDnt0ZAa
Supplier#000993401|Gi63ytpeEr64Y3CcdWo,494 FudCW t6
Supplier#000993475|4hr9 jTsnC3j3x,zPXD03e7X1dOQbhTVntX
Supplier#000993490|Dvix6a8G,fkkCmqF,3KD WZ1vkCaQ1mNlRL2dl
Supplier#000993554|gA8KTSYIRxoQcxDaZhMB2YmBnm
Supplier#000993555|LYCzDao8kzgKZzWm6DLAA5pN45Z5qdYCIl
Supplier#000993631|EOpg0Vd4Ejmvui5YhS4STnbhuDFC1MncDnw
Supplier#000993642|z4arRpHIMlk,wmNUYfMRwI3o,W
Supplier#000993647|Ah1xOXMJl QaWK
Supplier#000993685|OvXmM3H1E0R5kV
Supplier#000993711|tNVhDIEkAUhrjiTfVqGeYjMCHrgJ6
Supplier#000993961|dehBflhAPapMACR09dLm57OadM96PeYYH
Supplier#000993969|H3Gw2GpjbiU9Sjm
Supplier#000994014|ND3Ioze7mwp8X3fRTYzjsenhaRHeFl
Supplier#000994083|EcpwhC35UhTkOu o2HTkTgwPNN3I4VkOWkE
Supplier#000994186|cGsrZOlf7q3Oxdz
Supplier#000994192|JCEsls6VQmlbIHBB0Sb
Supplier#000994222|qOZVGF7I2e70PmDtV5NZcjUJ
Supplier#000994245|iI1NTb3qupoGOa0oA,8mtD
Supplier#000994412|e1DrPwDlF2FIXmX8EUxJ
Supplier#000994452|DAtP8TR,59cTv46btof7YWgvo7,JoVLWZqQ  X4
Supplier#000994465|PDNaGF1USulQuwC G513yVJViWm9RYzryjm
Supplier#000994495|W3kq 3,eaVSweAlc
Supplier#000994521|wseVQw,rCd95,CKBpsBI7x2HaU739OnKc
Supplier#000994547|X3mPL8vxd2P
Supplier#000994599|S5rbgqcuSC
Supplier#000994661|jDurDWxA88m
Supplier#000994681|8LBUYA0DKyfQHO8C1c21BCTzACNyENo4oKW
Supplier#000994778|iLZu2u5QMlnKGGg
Supplier#000994797|53TqaQ HPnA4TAfXERCz3eX1S8waIuAgUwBZ
Supplier#000994809|VlAQPtrrxzYu
Supplier#000994946|NLA0z0vHXKMkZ5H2CZMkgyTLgR
Supplier#000994991|B,o6laXyd1,xvic0Vhmc2HkTJ7uR09acp
Supplier#000994992|hVoiQ5IFbLCrzW7sDzlDetd0QGIM
Supplier#000995008|F 9OpW,Qm7LFzZ
Supplier#000995077|txx8mvIkroqjMrK GsLAO1MW
Supplier#000995095|01bKtJwNQeTCFzfL,bevIffL6,XyOAnbVv3
Supplier#000995118|8DIuOUK1w6NG5G4tqDxf
Supplier#000995193|L1XzME6KDkJsQElat
Supplier#000995217|V0e330,bl2vqbZ9
Supplier#000995290|hSzxA3r5hgVe0CRNa8JXs
Supplier#000995301|m7V41kxsUKaFKLmwjBOqUD
Supplier#000995627|4 95QKXqirlf2z2Jl5xZ0wa
Supplier#000995726|YafZjRZ32YQgHzDVqPXPor3Ffto8FH
Supplier#000995740|XsYmxqeSzkrM WlajIQf,0ZaxaxO
Supplier#000995889|DmoJic2qYhSZN,kj5oAYlTknyIihHr
Supplier#000995989|FkL1SUbZTIiYxicUnyjmUwHC  wLq
Supplier#000995997|W6 e,oJlH9eM3Yqf4KDo5GYvMkgWX0
Supplier#000996001|5iJJJDWcXK8xWCF2gSZr2LfvpVabxs 
Supplier#000996053|CMqb43Zn ilAziex4sZFG
Supplier#000996062|ZvciYedvgQcZ
Supplier#000996073|MCSGnayFr1KKIZ7JHg
Supplier#000996240|TeGqcjFdfMj5uciCy,K8rZnnOf77
Supplier#000996257|dKFQHkkfF1j
Supplier#000996362|Q3iF9PzEHZ1FWl,hGmAowHVAU4SUokGuC2oW
Supplier#000996381|jbdPFPWeLO W
Supplier#000996417|IG3Zmgy8U2pqoLE
Supplier#000996444|FxiSNmZ1yliHpP
Supplier#000996474|AVpF6ChyWEwGYAh0ZBD87Yvhw
Supplier#000996491|DxXWXO5wjySjfgKSFA hhN
Supplier#000996500|bwhQy Ek7kViI,ePoZfXIPz87tt
Supplier#000996510|wc4YsCvIoD175jMtUPy9YZpM
Supplier#000996540|iqrDC,VhREE5msIWGyHJaHU8OqoTAB
Supplier#000996580|P83W9LwYPM
Supplier#000996613|F8K2vH67D7
Supplier#000996673|5j7th BxCPitjESQg
Supplier#000996752|XtQ3KPk8eo5igHB8GVCKiwixr9cq23
Supplier#000996886|ybyq7Ep0693F
Supplier#000996905|2DcIGiTxeFki2zdonjIG0RuT5M2QGOBTDRVCTAFy
Supplier#000997107|SCJoW4jAWq6LI
Supplier#000997140|xxQxkX7OJ1xqAODftjB2Tcu,oON3k4DP
Supplier#000997174|IqSoxDw419ASh7T42oA,BC5
Supplier#000997184|p,JFGeh6qzTT
Supplier#000997226|7vX6XjvdR3TShghWK 5am0zQYZcKWTjvRDf4g
Supplier#000997251|rvu MSdd3yMAK3TAmB6vL7L1Zda34ZYnHpp
Supplier#000997295|AwQluccWmTEjYhcT9KV,ZgaQpbT
Supplier#000997322|O4lO6sPqzhu2YnH2Hiu6
Supplier#000997406|WgoPE951gVINHb4q9OvsIZC
Supplier#000997679|cICh7XQ9i IBNmrgDg3ZtVS3a1Clg
Supplier#000997708|V99z1eu6UOIlEioF7,A8WPMyKdg0bmPHrK
Supplier#000997750|Y9 ZlZrL8xbPYC2vObqd7FWhnrYG9Br8eSUTt5
Supplier#000997838|hNuKdYzuYKZ3M UjZ6gBMVgngQPPrd yr
Supplier#000997925|sbrqHUYnnfFsVm3ctUeR,yti2v
Supplier#000998007|a AfUXHShHPkSV8pKRmqIYj1
Supplier#000998032|a7uHnq0DnvVD1bQQYqryEHx6fnreWVCFN9nZjioc
Supplier#000998078|qvvWU6lJaRc3zcV
Supplier#000998195|792ChOFyzxkQhAXcg7JxUYDNk6Gj Zr
Supplier#000998219|PW5jW3buWin 
Supplier#000998255|277i nA69gRoW
Supplier#000998275|EQbs1ExMDgQPSA3
Supplier#000998289|aOHcvw0G80vgem
Supplier#000998312|KvW0Ip588fZ3Z2vcb3T4J,F9r9V,U8atUYRhn
Supplier#000998363|XORqXW6,KLodLA9IB4npRwcVUrT4
Supplier#000998385|CP,UrJzfCrpVGBurOKl1VRBXQrxq0,8P
Supplier#000998481|11EcLU97C73 P7LhKAXlN,rqqnm9Jkfpdp
Supplier#000998531|YOmA Xv 9e,rWfOfzM1smJqWl6YZBBAZ
Supplier#000998538|ATP4lv PrBtkoa
Supplier#000998594|fGkPQgrAx,N5nG
Supplier#000998612|tjB13i VModvabsr57KSw wIPmTg4rEdWHXW,T
Supplier#000998641|iHt2Psin3OdpDoT0iLnc5k58NBgrGD1Tv3 ,hHCi
Supplier#000998649|ANYkr14FJu3r1DJcdA
Supplier#000998806|gOFxS4qRJFP QhQpVjcvXS9
Supplier#000999018|slwagW9sMR2iMoMXEOQvB9
Supplier#000999053|BO2cfJoSPzXqUXfHsdb1WABTBsQKuqOWRz0D8dK
Supplier#000999060|wCUXsBXNZXZo6QeVs5xqtRDuB12MUSI06WyuFvCc
Supplier#000999102|,zjmsgHdGALCuoShpmhYMU4gnhv
Supplier#000999326|10s RhO7Qq7EBjP,hO88v1
Supplier#000999337|6Dk6N9zHiq83,LzYKcYkTz3vjwDZv0fEWTd2T
Supplier#000999483|46U4130zIGVBu26siUOPPs
Supplier#000999500|ZETFK,Oi4CXJeDo
Supplier#000999508|cfEcgXNfxDpV8WNrwtx8mt
Supplier#000999655|MwXRGfSYcFrnO9O7pbgjauGvYZeXgafaWUBFQWu
Supplier#000999661|lFmYJRd5aNd0Pv
Supplier#000999675|nWAcdOH5XAkcPX6azbJcBF
Supplier#000999771|p3pFsse6p0 oSMZsj
Supplier#000999776|KYAE,X0SL3Hdj,je0HekK2H5t2Y0M0cjnM7
Supplier#000999808|sYVM04,nNQcrKT,ND
Supplier#000999859|SWn1vS CPxCE,41H,5C6N2kn4Q
